timestamp, name, utilization.gpu [%], utilization.memory [%], memory.used [MiB], memory.total [MiB], power.draw [W], temperature.gpu
2026/08/14 00:03:52.495, NVIDIA GeForce RTX 4090, 0 %, 0 %, 1 MiB, 49140 MiB, 41.89 W, 46
2026/08/14 00:03:53.504, NVIDIA GeForce RTX 4090, 0 %, 0 %, 1 MiB, 49140 MiB, 36.50 W, 46
2026/08/14 00:03:54.505, NVIDIA GeForce RTX 4090, 0 %, 0 %, 1 MiB, 49140 MiB, 35.66 W, 46
2026/08/14 00:03:55.505, NVIDIA GeForce RTX 4090, 0 %, 0 %, 1 MiB, 49140 MiB, 35.12 W, 45
2026/08/14 00:03:56.505, NVIDIA GeForce RTX 4090, 0 %, 0 %, 1 MiB, 49140 MiB, 34.50 W, 45
2026/08/14 00:03:57.505, NVIDIA GeForce RTX 4090, 0 %, 0 %, 4 MiB, 49140 MiB, 33.93 W, 45
2026/08/14 00:03:58.506, NVIDIA GeForce RTX 4090, 0 %, 0 %, 4 MiB, 49140 MiB, 34.06 W, 45
2026/08/14 00:03:59.506, NVIDIA GeForce RTX 4090, 0 %, 0 %, 4 MiB, 49140 MiB, 33.73 W, 44
2026/08/14 00:04:00.506, NVIDIA GeForce RTX 4090, 0 %, 0 %, 4 MiB, 49140 MiB, 33.60 W, 44
2026/08/14 00:04:01.507, NVIDIA GeForce RTX 4090, 0 %, 0 %, 4 MiB, 49140 MiB, 33.10 W, 44
2026/08/14 00:04:02.507, NVIDIA GeForce RTX 4090, 0 %, 0 %, 4 MiB, 49140 MiB, 32.47 W, 44
2026/08/14 00:04:03.507, NVIDIA GeForce RTX 4090, 0 %, 0 %, 4 MiB, 49140 MiB, 32.28 W, 44
2026/08/14 00:04:04.508, NVIDIA GeForce RTX 4090, 0 %, 0 %, 4 MiB, 49140 MiB, 31.98 W, 44
2026/08/14 00:04:05.508, NVIDIA GeForce RTX 4090, 0 %, 0 %, 4 MiB, 49140 MiB, 31.69 W, 43
2026/08/14 00:04:06.508, NVIDIA GeForce RTX 4090, 0 %, 0 %, 4 MiB, 49140 MiB, 31.54 W, 43
2026/08/14 00:04:07.509, NVIDIA GeForce RTX 4090, 0 %, 0 %, 4 MiB, 49140 MiB, 31.17 W, 43
2026/08/14 00:04:08.509, NVIDIA GeForce RTX 4090, 0 %, 0 %, 4 MiB, 49140 MiB, 31.01 W, 43
2026/08/14 00:04:09.509, NVIDIA GeForce RTX 4090, 0 %, 0 %, 4 MiB, 49140 MiB, 31.05 W, 43
2026/08/14 00:04:10.509, NVIDIA GeForce RTX 4090, 0 %, 0 %, 4 MiB, 49140 MiB, 30.88 W, 43
2026/08/14 00:04:11.509, NVIDIA GeForce RTX 4090, 0 %, 0 %, 4 MiB, 49140 MiB, 30.43 W, 43
2026/08/14 00:04:12.510, NVIDIA GeForce RTX 4090, 0 %, 0 %, 4 MiB, 49140 MiB, 30.36 W, 43
2026/08/14 00:04:13.510, NVIDIA GeForce RTX 4090, 0 %, 0 %, 4 MiB, 49140 MiB, 30.41 W, 42
2026/08/14 00:04:14.510, NVIDIA GeForce RTX 4090, 0 %, 0 %, 4 MiB, 49140 MiB, 30.23 W, 42
2026/08/14 00:04:15.510, NVIDIA GeForce RTX 4090, 0 %, 0 %, 4 MiB, 49140 MiB, 30.27 W, 42
2026/08/14 00:04:16.510, NVIDIA GeForce RTX 4090, 0 %, 0 %, 4 MiB, 49140 MiB, 30.29 W, 42
2026/08/14 00:04:17.511, NVIDIA GeForce RTX 4090, 0 %, 0 %, 4 MiB, 49140 MiB, 30.30 W, 42
2026/08/14 00:04:18.511, NVIDIA GeForce RTX 4090, 0 %, 0 %, 4 MiB, 49140 MiB, 30.16 W, 42
2026/08/14 00:04:19.511, NVIDIA GeForce RTX 4090, 0 %, 0 %, 4 MiB, 49140 MiB, 29.88 W, 42
2026/08/14 00:04:20.511, NVIDIA GeForce RTX 4090, 0 %, 0 %, 4 MiB, 49140 MiB, 30.11 W, 42
2026/08/14 00:04:21.512, NVIDIA GeForce RTX 4090, 0 %, 0 %, 4 MiB, 49140 MiB, 30.23 W, 42
2026/08/14 00:04:22.512, NVIDIA GeForce RTX 4090, 0 %, 0 %, 4 MiB, 49140 MiB, 29.71 W, 42
2026/08/14 00:04:23.512, NVIDIA GeForce RTX 4090, 0 %, 0 %, 4 MiB, 49140 MiB, 29.67 W, 42
2026/08/14 00:04:24.512, NVIDIA GeForce RTX 4090, 0 %, 0 %, 4 MiB, 49140 MiB, 29.74 W, 41
2026/08/14 00:04:25.513, NVIDIA GeForce RTX 4090, 0 %, 0 %, 4 MiB, 49140 MiB, 29.34 W, 41
2026/08/14 00:04:26.513, NVIDIA GeForce RTX 4090, 0 %, 0 %, 4 MiB, 49140 MiB, 29.39 W, 41
2026/08/14 00:04:27.513, NVIDIA GeForce RTX 4090, 0 %, 0 %, 4 MiB, 49140 MiB, 29.52 W, 41
2026/08/14 00:04:28.513, NVIDIA GeForce RTX 4090, 0 %, 0 %, 4 MiB, 49140 MiB, 29.28 W, 41
2026/08/14 00:04:29.513, NVIDIA GeForce RTX 4090, 0 %, 0 %, 4 MiB, 49140 MiB, 29.04 W, 41
2026/08/14 00:04:30.514, NVIDIA GeForce RTX 4090, 0 %, 0 %, 4 MiB, 49140 MiB, 29.14 W, 41
2026/08/14 00:04:31.514, NVIDIA GeForce RTX 4090, 0 %, 0 %, 4 MiB, 49140 MiB, 29.37 W, 41
2026/08/14 00:04:32.514, NVIDIA GeForce RTX 4090, 0 %, 0 %, 4 MiB, 49140 MiB, 29.31 W, 41
2026/08/14 00:04:33.514, NVIDIA GeForce RTX 4090, 0 %, 0 %, 4 MiB, 49140 MiB, 29.25 W, 41
2026/08/14 00:04:34.515, NVIDIA GeForce RTX 4090, 0 %, 0 %, 4 MiB, 49140 MiB, 29.08 W, 41
2026/08/14 00:04:35.515, NVIDIA GeForce RTX 4090, 0 %, 0 %, 4 MiB, 49140 MiB, 28.72 W, 41
2026/08/14 00:04:36.515, NVIDIA GeForce RTX 4090, 0 %, 0 %, 4 MiB, 49140 MiB, 28.63 W, 41
2026/08/14 00:04:37.515, NVIDIA GeForce RTX 4090, 0 %, 0 %, 4 MiB, 49140 MiB, 28.78 W, 41
2026/08/14 00:04:38.516, NVIDIA GeForce RTX 4090, 0 %, 0 %, 4 MiB, 49140 MiB, 28.83 W, 41
2026/08/14 00:04:39.516, NVIDIA GeForce RTX 4090, 0 %, 0 %, 4 MiB, 49140 MiB, 28.91 W, 40
2026/08/14 00:04:40.516, NVIDIA GeForce RTX 4090, 0 %, 0 %, 2364 MiB, 49140 MiB, 29.23 W, 40
2026/08/14 00:04:41.516, NVIDIA GeForce RTX 4090, 59 %, 1 %, 9654 MiB, 49140 MiB, 77.02 W, 42
2026/08/14 00:04:42.517, NVIDIA GeForce RTX 4090, 69 %, 1 %, 17258 MiB, 49140 MiB, 91.28 W, 43
2026/08/14 00:04:43.517, NVIDIA GeForce RTX 4090, 40 %, 13 %, 19200 MiB, 49140 MiB, 185.61 W, 52
2026/08/14 00:04:44.517, NVIDIA GeForce RTX 4090, 40 %, 16 %, 19202 MiB, 49140 MiB, 256.75 W, 53
2026/08/14 00:04:45.518, NVIDIA GeForce RTX 4090, 66 %, 37 %, 19204 MiB, 49140 MiB, 273.82 W, 53
2026/08/14 00:04:46.518, NVIDIA GeForce RTX 4090, 76 %, 45 %, 19204 MiB, 49140 MiB, 273.53 W, 57
2026/08/14 00:04:47.518, NVIDIA GeForce RTX 4090, 79 %, 38 %, 19204 MiB, 49140 MiB, 276.64 W, 56
2026/08/14 00:04:48.519, NVIDIA GeForce RTX 4090, 37 %, 13 %, 19204 MiB, 49140 MiB, 268.62 W, 53
2026/08/14 00:04:49.519, NVIDIA GeForce RTX 4090, 33 %, 11 %, 19206 MiB, 49140 MiB, 263.96 W, 55
2026/08/14 00:04:50.519, NVIDIA GeForce RTX 4090, 39 %, 15 %, 19206 MiB, 49140 MiB, 265.70 W, 54
2026/08/14 00:04:51.519, NVIDIA GeForce RTX 4090, 68 %, 38 %, 19206 MiB, 49140 MiB, 280.99 W, 56
2026/08/14 00:04:52.519, NVIDIA GeForce RTX 4090, 88 %, 47 %, 19206 MiB, 49140 MiB, 289.80 W, 60
2026/08/14 00:04:53.520, NVIDIA GeForce RTX 4090, 23 %, 9 %, 19206 MiB, 49140 MiB, 274.76 W, 55
2026/08/14 00:04:54.520, NVIDIA GeForce RTX 4090, 39 %, 14 %, 19206 MiB, 49140 MiB, 259.05 W, 54
2026/08/14 00:04:55.520, NVIDIA GeForce RTX 4090, 32 %, 11 %, 19206 MiB, 49140 MiB, 270.09 W, 56
2026/08/14 00:04:56.520, NVIDIA GeForce RTX 4090, 52 %, 21 %, 19206 MiB, 49140 MiB, 277.55 W, 56
2026/08/14 00:04:57.520, NVIDIA GeForce RTX 4090, 92 %, 53 %, 19206 MiB, 49140 MiB, 291.42 W, 57
2026/08/14 00:04:58.583, NVIDIA GeForce RTX 4090, 72 %, 36 %, 19206 MiB, 49140 MiB, 289.20 W, 58
2026/08/14 00:04:59.584, NVIDIA GeForce RTX 4090, 39 %, 15 %, 19206 MiB, 49140 MiB, 272.86 W, 57
2026/08/14 00:05:00.584, NVIDIA GeForce RTX 4090, 36 %, 12 %, 19206 MiB, 49140 MiB, 272.40 W, 54
2026/08/14 00:05:01.584, NVIDIA GeForce RTX 4090, 39 %, 14 %, 19206 MiB, 49140 MiB, 269.75 W, 56
2026/08/14 00:05:02.584, NVIDIA GeForce RTX 4090, 50 %, 20 %, 19206 MiB, 49140 MiB, 271.98 W, 56
2026/08/14 00:05:03.584, NVIDIA GeForce RTX 4090, 67 %, 38 %, 19206 MiB, 49140 MiB, 277.15 W, 57
2026/08/14 00:05:04.584, NVIDIA GeForce RTX 4090, 80 %, 43 %, 19206 MiB, 49140 MiB, 296.85 W, 56
2026/08/14 00:05:05.585, NVIDIA GeForce RTX 4090, 48 %, 23 %, 19206 MiB, 49140 MiB, 278.92 W, 56
2026/08/14 00:05:06.585, NVIDIA GeForce RTX 4090, 26 %, 9 %, 19206 MiB, 49140 MiB, 266.01 W, 59
2026/08/14 00:05:07.585, NVIDIA GeForce RTX 4090, 37 %, 13 %, 19206 MiB, 49140 MiB, 261.19 W, 57
2026/08/14 00:05:08.585, NVIDIA GeForce RTX 4090, 35 %, 12 %, 19206 MiB, 49140 MiB, 263.00 W, 57
2026/08/14 00:05:09.585, NVIDIA GeForce RTX 4090, 41 %, 15 %, 19206 MiB, 49140 MiB, 270.85 W, 57
2026/08/14 00:05:10.585, NVIDIA GeForce RTX 4090, 53 %, 21 %, 19206 MiB, 49140 MiB, 272.32 W, 56
2026/08/14 00:05:11.586, NVIDIA GeForce RTX 4090, 76 %, 46 %, 19206 MiB, 49140 MiB, 290.42 W, 64
2026/08/14 00:05:12.586, NVIDIA GeForce RTX 4090, 28 %, 15 %, 19206 MiB, 49140 MiB, 293.91 W, 56
2026/08/14 00:05:13.586, NVIDIA GeForce RTX 4090, 34 %, 13 %, 19206 MiB, 49140 MiB, 265.75 W, 56
2026/08/14 00:05:14.587, NVIDIA GeForce RTX 4090, 37 %, 13 %, 19206 MiB, 49140 MiB, 271.13 W, 55
2026/08/14 00:05:15.587, NVIDIA GeForce RTX 4090, 40 %, 15 %, 19206 MiB, 49140 MiB, 278.44 W, 55
2026/08/14 00:05:16.587, NVIDIA GeForce RTX 4090, 67 %, 38 %, 19206 MiB, 49140 MiB, 283.64 W, 58
2026/08/14 00:05:17.587, NVIDIA GeForce RTX 4090, 80 %, 43 %, 19206 MiB, 49140 MiB, 297.41 W, 58
2026/08/14 00:05:18.588, NVIDIA GeForce RTX 4090, 40 %, 19 %, 19206 MiB, 49140 MiB, 281.34 W, 57
2026/08/14 00:05:19.588, NVIDIA GeForce RTX 4090, 40 %, 14 %, 19206 MiB, 49140 MiB, 268.15 W, 56
2026/08/14 00:05:20.588, NVIDIA GeForce RTX 4090, 35 %, 12 %, 19206 MiB, 49140 MiB, 272.44 W, 56
2026/08/14 00:05:21.589, NVIDIA GeForce RTX 4090, 39 %, 15 %, 19206 MiB, 49140 MiB, 275.26 W, 56
2026/08/14 00:05:22.589, NVIDIA GeForce RTX 4090, 74 %, 44 %, 19206 MiB, 49140 MiB, 296.29 W, 66
2026/08/14 00:05:23.589, NVIDIA GeForce RTX 4090, 52 %, 24 %, 19206 MiB, 49140 MiB, 285.60 W, 62
2026/08/14 00:05:24.589, NVIDIA GeForce RTX 4090, 48 %, 23 %, 19206 MiB, 49140 MiB, 274.30 W, 57
2026/08/14 00:05:25.590, NVIDIA GeForce RTX 4090, 26 %, 9 %, 19206 MiB, 49140 MiB, 269.49 W, 56
2026/08/14 00:05:26.590, NVIDIA GeForce RTX 4090, 100 %, 54 %, 19206 MiB, 49140 MiB, 316.96 W, 66
2026/08/14 00:05:27.590, NVIDIA GeForce RTX 4090, 65 %, 32 %, 19206 MiB, 49140 MiB, 306.54 W, 59
2026/08/14 00:05:28.590, NVIDIA GeForce RTX 4090, 73 %, 43 %, 19206 MiB, 49140 MiB, 294.99 W, 64
2026/08/14 00:05:29.591, NVIDIA GeForce RTX 4090, 43 %, 20 %, 19206 MiB, 49140 MiB, 293.85 W, 58
2026/08/14 00:05:30.591, NVIDIA GeForce RTX 4090, 34 %, 12 %, 19206 MiB, 49140 MiB, 284.54 W, 57
2026/08/14 00:05:31.591, NVIDIA GeForce RTX 4090, 40 %, 13 %, 19206 MiB, 49140 MiB, 273.40 W, 60
2026/08/14 00:05:32.592, NVIDIA GeForce RTX 4090, 58 %, 28 %, 19206 MiB, 49140 MiB, 282.31 W, 59
2026/08/14 00:05:33.592, NVIDIA GeForce RTX 4090, 99 %, 57 %, 19206 MiB, 49140 MiB, 290.10 W, 63
2026/08/14 00:05:34.592, NVIDIA GeForce RTX 4090, 82 %, 42 %, 19206 MiB, 49140 MiB, 301.10 W, 59
2026/08/14 00:05:35.592, NVIDIA GeForce RTX 4090, 54 %, 20 %, 19206 MiB, 49140 MiB, 286.24 W, 58
2026/08/14 00:05:36.593, NVIDIA GeForce RTX 4090, 32 %, 11 %, 19206 MiB, 49140 MiB, 267.10 W, 56
2026/08/14 00:05:37.593, NVIDIA GeForce RTX 4090, 32 %, 11 %, 19206 MiB, 49140 MiB, 278.74 W, 57
2026/08/14 00:05:38.593, NVIDIA GeForce RTX 4090, 43 %, 15 %, 19206 MiB, 49140 MiB, 270.46 W, 57
2026/08/14 00:05:39.594, NVIDIA GeForce RTX 4090, 58 %, 28 %, 19206 MiB, 49140 MiB, 279.61 W, 59
2026/08/14 00:05:40.594, NVIDIA GeForce RTX 4090, 72 %, 43 %, 19206 MiB, 49140 MiB, 289.94 W, 62
2026/08/14 00:05:41.594, NVIDIA GeForce RTX 4090, 73 %, 39 %, 19206 MiB, 49140 MiB, 283.31 W, 61
2026/08/14 00:05:42.595, NVIDIA GeForce RTX 4090, 27 %, 11 %, 19206 MiB, 49140 MiB, 278.93 W, 57
2026/08/14 00:05:43.595, NVIDIA GeForce RTX 4090, 28 %, 10 %, 19206 MiB, 49140 MiB, 263.84 W, 57
2026/08/14 00:05:44.596, NVIDIA GeForce RTX 4090, 34 %, 12 %, 19206 MiB, 49140 MiB, 269.97 W, 57
2026/08/14 00:05:45.597, NVIDIA GeForce RTX 4090, 34 %, 11 %, 19206 MiB, 49140 MiB, 266.07 W, 57
2026/08/14 00:05:46.597, NVIDIA GeForce RTX 4090, 37 %, 13 %, 19206 MiB, 49140 MiB, 271.00 W, 57
2026/08/14 00:05:47.597, NVIDIA GeForce RTX 4090, 63 %, 32 %, 19206 MiB, 49140 MiB, 284.20 W, 60
2026/08/14 00:05:48.597, NVIDIA GeForce RTX 4090, 72 %, 43 %, 19206 MiB, 49140 MiB, 291.37 W, 62
2026/08/14 00:05:49.598, NVIDIA GeForce RTX 4090, 57 %, 29 %, 19206 MiB, 49140 MiB, 279.17 W, 58
2026/08/14 00:05:50.598, NVIDIA GeForce RTX 4090, 50 %, 24 %, 19206 MiB, 49140 MiB, 276.80 W, 59
2026/08/14 00:05:51.598, NVIDIA GeForce RTX 4090, 36 %, 13 %, 19206 MiB, 49140 MiB, 272.81 W, 58
2026/08/14 00:05:52.598, NVIDIA GeForce RTX 4090, 36 %, 13 %, 19206 MiB, 49140 MiB, 267.73 W, 57
2026/08/14 00:05:53.598, NVIDIA GeForce RTX 4090, 35 %, 12 %, 19206 MiB, 49140 MiB, 269.97 W, 57
2026/08/14 00:05:54.599, NVIDIA GeForce RTX 4090, 45 %, 16 %, 19206 MiB, 49140 MiB, 273.28 W, 58
2026/08/14 00:05:55.599, NVIDIA GeForce RTX 4090, 63 %, 31 %, 19206 MiB, 49140 MiB, 284.13 W, 60
2026/08/14 00:05:56.599, NVIDIA GeForce RTX 4090, 72 %, 43 %, 19206 MiB, 49140 MiB, 292.93 W, 63
2026/08/14 00:05:57.599, NVIDIA GeForce RTX 4090, 86 %, 45 %, 19206 MiB, 49140 MiB, 291.54 W, 60
2026/08/14 00:05:58.599, NVIDIA GeForce RTX 4090, 29 %, 12 %, 19206 MiB, 49140 MiB, 280.80 W, 58
2026/08/14 00:05:59.600, NVIDIA GeForce RTX 4090, 40 %, 14 %, 19206 MiB, 49140 MiB, 268.09 W, 58
2026/08/14 00:06:00.600, NVIDIA GeForce RTX 4090, 35 %, 12 %, 19206 MiB, 49140 MiB, 278.75 W, 58
2026/08/14 00:06:01.600, NVIDIA GeForce RTX 4090, 44 %, 16 %, 19206 MiB, 49140 MiB, 274.42 W, 58
2026/08/14 00:06:02.600, NVIDIA GeForce RTX 4090, 53 %, 21 %, 19206 MiB, 49140 MiB, 276.79 W, 59
2026/08/14 00:06:03.601, NVIDIA GeForce RTX 4090, 73 %, 42 %, 19206 MiB, 49140 MiB, 290.13 W, 66
2026/08/14 00:06:04.601, NVIDIA GeForce RTX 4090, 82 %, 45 %, 19206 MiB, 49140 MiB, 294.74 W, 60
2026/08/14 00:06:05.601, NVIDIA GeForce RTX 4090, 31 %, 12 %, 19206 MiB, 49140 MiB, 291.73 W, 58
2026/08/14 00:06:06.601, NVIDIA GeForce RTX 4090, 34 %, 13 %, 19206 MiB, 49140 MiB, 262.29 W, 58
2026/08/14 00:06:07.601, NVIDIA GeForce RTX 4090, 37 %, 13 %, 19206 MiB, 49140 MiB, 276.22 W, 58
2026/08/14 00:06:08.602, NVIDIA GeForce RTX 4090, 45 %, 16 %, 19206 MiB, 49140 MiB, 282.03 W, 58
2026/08/14 00:06:09.602, NVIDIA GeForce RTX 4090, 53 %, 21 %, 19206 MiB, 49140 MiB, 277.34 W, 59
2026/08/14 00:06:10.602, NVIDIA GeForce RTX 4090, 61 %, 36 %, 19206 MiB, 49140 MiB, 274.38 W, 61
2026/08/14 00:06:11.602, NVIDIA GeForce RTX 4090, 0 %, 0 %, 19206 MiB, 49140 MiB, 303.86 W, 55
2026/08/14 00:06:12.602, NVIDIA GeForce RTX 4090, 0 %, 0 %, 19206 MiB, 49140 MiB, 105.68 W, 54
2026/08/14 00:06:13.602, NVIDIA GeForce RTX 4090, 91 %, 42 %, 19206 MiB, 49140 MiB, 117.40 W, 62
2026/08/14 00:06:14.603, NVIDIA GeForce RTX 4090, 49 %, 19 %, 19206 MiB, 49140 MiB, 299.19 W, 58
2026/08/14 00:06:15.603, NVIDIA GeForce RTX 4090, 35 %, 13 %, 19206 MiB, 49140 MiB, 264.11 W, 57
2026/08/14 00:06:16.603, NVIDIA GeForce RTX 4090, 32 %, 11 %, 19206 MiB, 49140 MiB, 263.72 W, 57
2026/08/14 00:06:17.603, NVIDIA GeForce RTX 4090, 21 %, 8 %, 19206 MiB, 49140 MiB, 253.73 W, 57
2026/08/14 00:06:18.604, NVIDIA GeForce RTX 4090, 33 %, 12 %, 19206 MiB, 49140 MiB, 264.78 W, 57
2026/08/14 00:06:19.605, NVIDIA GeForce RTX 4090, 25 %, 9 %, 19206 MiB, 49140 MiB, 252.49 W, 56
2026/08/14 00:06:20.605, NVIDIA GeForce RTX 4090, 36 %, 13 %, 19206 MiB, 49140 MiB, 256.72 W, 57
2026/08/14 00:06:21.605, NVIDIA GeForce RTX 4090, 37 %, 13 %, 19206 MiB, 49140 MiB, 265.40 W, 58
2026/08/14 00:06:22.606, NVIDIA GeForce RTX 4090, 43 %, 14 %, 19206 MiB, 49140 MiB, 263.68 W, 58
2026/08/14 00:06:23.606, NVIDIA GeForce RTX 4090, 20 %, 7 %, 19206 MiB, 49140 MiB, 256.80 W, 56
2026/08/14 00:06:24.607, NVIDIA GeForce RTX 4090, 31 %, 11 %, 19206 MiB, 49140 MiB, 257.92 W, 57
2026/08/14 00:06:25.607, NVIDIA GeForce RTX 4090, 30 %, 10 %, 19206 MiB, 49140 MiB, 257.19 W, 57
2026/08/14 00:06:26.607, NVIDIA GeForce RTX 4090, 29 %, 10 %, 19206 MiB, 49140 MiB, 253.47 W, 57
2026/08/14 00:06:27.607, NVIDIA GeForce RTX 4090, 38 %, 14 %, 19206 MiB, 49140 MiB, 255.38 W, 58
2026/08/14 00:06:28.608, NVIDIA GeForce RTX 4090, 18 %, 6 %, 19206 MiB, 49140 MiB, 259.33 W, 56
2026/08/14 00:06:29.608, NVIDIA GeForce RTX 4090, 40 %, 13 %, 19206 MiB, 49140 MiB, 273.18 W, 58
2026/08/14 00:06:30.608, NVIDIA GeForce RTX 4090, 40 %, 15 %, 19206 MiB, 49140 MiB, 273.91 W, 58
2026/08/14 00:06:31.608, NVIDIA GeForce RTX 4090, 55 %, 28 %, 19206 MiB, 49140 MiB, 274.32 W, 61
2026/08/14 00:06:32.608, NVIDIA GeForce RTX 4090, 73 %, 41 %, 19206 MiB, 49140 MiB, 283.24 W, 64
2026/08/14 00:06:33.609, NVIDIA GeForce RTX 4090, 72 %, 43 %, 19206 MiB, 49140 MiB, 278.76 W, 66
2026/08/14 00:06:34.609, NVIDIA GeForce RTX 4090, 37 %, 18 %, 19206 MiB, 49140 MiB, 293.34 W, 58
2026/08/14 00:06:35.609, NVIDIA GeForce RTX 4090, 33 %, 12 %, 19206 MiB, 49140 MiB, 274.20 W, 58
2026/08/14 00:06:36.609, NVIDIA GeForce RTX 4090, 37 %, 13 %, 19206 MiB, 49140 MiB, 268.68 W, 58
2026/08/14 00:06:37.610, NVIDIA GeForce RTX 4090, 34 %, 11 %, 19206 MiB, 49140 MiB, 266.30 W, 58
2026/08/14 00:06:38.610, NVIDIA GeForce RTX 4090, 44 %, 15 %, 19206 MiB, 49140 MiB, 272.70 W, 58
2026/08/14 00:06:39.610, NVIDIA GeForce RTX 4090, 48 %, 19 %, 19206 MiB, 49140 MiB, 275.95 W, 60
2026/08/14 00:06:40.610, NVIDIA GeForce RTX 4090, 60 %, 34 %, 19206 MiB, 49140 MiB, 277.35 W, 62
2026/08/14 00:06:41.611, NVIDIA GeForce RTX 4090, 72 %, 43 %, 19206 MiB, 49140 MiB, 281.87 W, 65
2026/08/14 00:06:42.611, NVIDIA GeForce RTX 4090, 88 %, 48 %, 19206 MiB, 49140 MiB, 294.06 W, 61
2026/08/14 00:06:43.611, NVIDIA GeForce RTX 4090, 39 %, 15 %, 19206 MiB, 49140 MiB, 294.54 W, 59
2026/08/14 00:06:44.612, NVIDIA GeForce RTX 4090, 34 %, 11 %, 19206 MiB, 49140 MiB, 283.63 W, 58
2026/08/14 00:06:45.612, NVIDIA GeForce RTX 4090, 39 %, 15 %, 19206 MiB, 49140 MiB, 279.83 W, 58
2026/08/14 00:06:46.612, NVIDIA GeForce RTX 4090, 61 %, 34 %, 19206 MiB, 49140 MiB, 280.09 W, 63
2026/08/14 00:06:47.613, NVIDIA GeForce RTX 4090, 73 %, 44 %, 19206 MiB, 49140 MiB, 285.09 W, 67
2026/08/14 00:06:48.613, NVIDIA GeForce RTX 4090, 92 %, 48 %, 19206 MiB, 49140 MiB, 291.85 W, 61
2026/08/14 00:06:49.613, NVIDIA GeForce RTX 4090, 54 %, 21 %, 19206 MiB, 49140 MiB, 288.65 W, 60
2026/08/14 00:06:50.613, NVIDIA GeForce RTX 4090, 39 %, 14 %, 19206 MiB, 49140 MiB, 287.00 W, 59
2026/08/14 00:06:51.613, NVIDIA GeForce RTX 4090, 40 %, 13 %, 19206 MiB, 49140 MiB, 271.02 W, 59
2026/08/14 00:06:52.614, NVIDIA GeForce RTX 4090, 54 %, 27 %, 19206 MiB, 49140 MiB, 283.88 W, 62
2026/08/14 00:06:53.614, NVIDIA GeForce RTX 4090, 82 %, 43 %, 19206 MiB, 49140 MiB, 311.80 W, 64
2026/08/14 00:06:54.614, NVIDIA GeForce RTX 4090, 43 %, 15 %, 19206 MiB, 49140 MiB, 296.91 W, 59
2026/08/14 00:06:55.614, NVIDIA GeForce RTX 4090, 36 %, 13 %, 19206 MiB, 49140 MiB, 273.49 W, 59
2026/08/14 00:06:56.615, NVIDIA GeForce RTX 4090, 29 %, 10 %, 19206 MiB, 49140 MiB, 270.74 W, 58
2026/08/14 00:06:57.615, NVIDIA GeForce RTX 4090, 40 %, 15 %, 19206 MiB, 49140 MiB, 276.96 W, 59
2026/08/14 00:06:58.615, NVIDIA GeForce RTX 4090, 61 %, 34 %, 19206 MiB, 49140 MiB, 283.40 W, 63
2026/08/14 00:06:59.615, NVIDIA GeForce RTX 4090, 38 %, 15 %, 19206 MiB, 49140 MiB, 369.37 W, 60
2026/08/14 00:07:00.615, NVIDIA GeForce RTX 4090, 24 %, 8 %, 19206 MiB, 49140 MiB, 264.95 W, 58
2026/08/14 00:07:01.683, NVIDIA GeForce RTX 4090, 93 %, 53 %, 19206 MiB, 49140 MiB, 298.36 W, 62
2026/08/14 00:07:02.684, NVIDIA GeForce RTX 4090, 51 %, 25 %, 19206 MiB, 49140 MiB, 288.54 W, 61
2026/08/14 00:07:03.684, NVIDIA GeForce RTX 4090, 39 %, 14 %, 19206 MiB, 49140 MiB, 278.05 W, 59
2026/08/14 00:07:04.684, NVIDIA GeForce RTX 4090, 42 %, 15 %, 19206 MiB, 49140 MiB, 268.72 W, 59
2026/08/14 00:07:05.684, NVIDIA GeForce RTX 4090, 47 %, 15 %, 19206 MiB, 49140 MiB, 279.62 W, 59
2026/08/14 00:07:06.685, NVIDIA GeForce RTX 4090, 51 %, 21 %, 19206 MiB, 49140 MiB, 282.46 W, 60
2026/08/14 00:07:07.685, NVIDIA GeForce RTX 4090, 54 %, 31 %, 19206 MiB, 49140 MiB, 282.42 W, 63
2026/08/14 00:07:08.685, NVIDIA GeForce RTX 4090, 92 %, 53 %, 19206 MiB, 49140 MiB, 299.20 W, 63
2026/08/14 00:07:09.685, NVIDIA GeForce RTX 4090, 51 %, 24 %, 19206 MiB, 49140 MiB, 279.51 W, 61
2026/08/14 00:07:10.685, NVIDIA GeForce RTX 4090, 30 %, 10 %, 19206 MiB, 49140 MiB, 274.75 W, 58
2026/08/14 00:07:11.686, NVIDIA GeForce RTX 4090, 52 %, 19 %, 19206 MiB, 49140 MiB, 267.41 W, 59
2026/08/14 00:07:12.686, NVIDIA GeForce RTX 4090, 45 %, 15 %, 19206 MiB, 49140 MiB, 276.26 W, 59
2026/08/14 00:07:13.686, NVIDIA GeForce RTX 4090, 50 %, 20 %, 19206 MiB, 49140 MiB, 284.92 W, 61
2026/08/14 00:07:14.686, NVIDIA GeForce RTX 4090, 53 %, 30 %, 19206 MiB, 49140 MiB, 281.33 W, 65
2026/08/14 00:07:15.686, NVIDIA GeForce RTX 4090, 92 %, 53 %, 19206 MiB, 49140 MiB, 298.10 W, 63
2026/08/14 00:07:16.687, NVIDIA GeForce RTX 4090, 64 %, 30 %, 19206 MiB, 49140 MiB, 276.17 W, 60
2026/08/14 00:07:17.687, NVIDIA GeForce RTX 4090, 42 %, 15 %, 19206 MiB, 49140 MiB, 278.19 W, 59
2026/08/14 00:07:18.687, NVIDIA GeForce RTX 4090, 49 %, 17 %, 19206 MiB, 49140 MiB, 270.45 W, 59
2026/08/14 00:07:19.687, NVIDIA GeForce RTX 4090, 46 %, 16 %, 19206 MiB, 49140 MiB, 272.11 W, 60
2026/08/14 00:07:20.687, NVIDIA GeForce RTX 4090, 48 %, 19 %, 19206 MiB, 49140 MiB, 275.29 W, 60
2026/08/14 00:07:21.687, NVIDIA GeForce RTX 4090, 53 %, 29 %, 19206 MiB, 49140 MiB, 281.43 W, 65
2026/08/14 00:07:22.688, NVIDIA GeForce RTX 4090, 92 %, 53 %, 19206 MiB, 49140 MiB, 309.62 W, 65
2026/08/14 00:07:23.688, NVIDIA GeForce RTX 4090, 44 %, 16 %, 19206 MiB, 49140 MiB, 290.44 W, 60
2026/08/14 00:07:24.688, NVIDIA GeForce RTX 4090, 35 %, 12 %, 19206 MiB, 49140 MiB, 265.66 W, 59
2026/08/14 00:07:25.688, NVIDIA GeForce RTX 4090, 49 %, 16 %, 19206 MiB, 49140 MiB, 269.96 W, 59
2026/08/14 00:07:26.688, NVIDIA GeForce RTX 4090, 46 %, 16 %, 19206 MiB, 49140 MiB, 271.57 W, 60
2026/08/14 00:07:27.688, NVIDIA GeForce RTX 4090, 44 %, 18 %, 19206 MiB, 49140 MiB, 278.07 W, 61
2026/08/14 00:07:28.689, NVIDIA GeForce RTX 4090, 72 %, 43 %, 19206 MiB, 49140 MiB, 281.84 W, 66
2026/08/14 00:07:29.689, NVIDIA GeForce RTX 4090, 70 %, 41 %, 19206 MiB, 49140 MiB, 291.52 W, 67
2026/08/14 00:07:30.689, NVIDIA GeForce RTX 4090, 27 %, 9 %, 19206 MiB, 49140 MiB, 294.68 W, 60
2026/08/14 00:07:31.689, NVIDIA GeForce RTX 4090, 36 %, 12 %, 19206 MiB, 49140 MiB, 271.37 W, 59
2026/08/14 00:07:32.689, NVIDIA GeForce RTX 4090, 49 %, 17 %, 19206 MiB, 49140 MiB, 274.68 W, 59
2026/08/14 00:07:33.690, NVIDIA GeForce RTX 4090, 44 %, 16 %, 19206 MiB, 49140 MiB, 271.74 W, 60
2026/08/14 00:07:34.690, NVIDIA GeForce RTX 4090, 74 %, 43 %, 19206 MiB, 49140 MiB, 288.19 W, 66
2026/08/14 00:07:35.690, NVIDIA GeForce RTX 4090, 57 %, 29 %, 19206 MiB, 49140 MiB, 307.34 W, 64
2026/08/14 00:07:36.690, NVIDIA GeForce RTX 4090, 49 %, 22 %, 19206 MiB, 49140 MiB, 279.20 W, 60
2026/08/14 00:07:37.690, NVIDIA GeForce RTX 4090, 37 %, 13 %, 19206 MiB, 49140 MiB, 268.41 W, 59
2026/08/14 00:07:38.691, NVIDIA GeForce RTX 4090, 35 %, 12 %, 19206 MiB, 49140 MiB, 266.79 W, 59
2026/08/14 00:07:39.691, NVIDIA GeForce RTX 4090, 44 %, 17 %, 19206 MiB, 49140 MiB, 278.91 W, 60
2026/08/14 00:07:40.691, NVIDIA GeForce RTX 4090, 59 %, 31 %, 19206 MiB, 49140 MiB, 283.16 W, 62
2026/08/14 00:07:41.691, NVIDIA GeForce RTX 4090, 69 %, 38 %, 19206 MiB, 49140 MiB, 302.64 W, 65
2026/08/14 00:07:42.691, NVIDIA GeForce RTX 4090, 100 %, 54 %, 19206 MiB, 49140 MiB, 313.14 W, 68
2026/08/14 00:07:43.691, NVIDIA GeForce RTX 4090, 0 %, 0 %, 19206 MiB, 49140 MiB, 245.65 W, 56
2026/08/14 00:07:44.691, NVIDIA GeForce RTX 4090, 0 %, 0 %, 19206 MiB, 49140 MiB, 105.96 W, 54
2026/08/14 00:07:45.692, NVIDIA GeForce RTX 4090, 48 %, 18 %, 19206 MiB, 49140 MiB, 157.39 W, 60
2026/08/14 00:07:46.692, NVIDIA GeForce RTX 4090, 35 %, 13 %, 19206 MiB, 49140 MiB, 262.83 W, 59
2026/08/14 00:07:47.693, NVIDIA GeForce RTX 4090, 37 %, 15 %, 19206 MiB, 49140 MiB, 263.62 W, 59
2026/08/14 00:07:48.693, NVIDIA GeForce RTX 4090, 34 %, 12 %, 19206 MiB, 49140 MiB, 277.26 W, 59
2026/08/14 00:07:49.694, NVIDIA GeForce RTX 4090, 40 %, 14 %, 19206 MiB, 49140 MiB, 271.40 W, 59
2026/08/14 00:07:50.694, NVIDIA GeForce RTX 4090, 46 %, 18 %, 19206 MiB, 49140 MiB, 277.82 W, 60
2026/08/14 00:07:51.694, NVIDIA GeForce RTX 4090, 73 %, 45 %, 19206 MiB, 49140 MiB, 292.36 W, 67
2026/08/14 00:07:52.694, NVIDIA GeForce RTX 4090, 88 %, 47 %, 19206 MiB, 49140 MiB, 291.12 W, 67
2026/08/14 00:07:53.695, NVIDIA GeForce RTX 4090, 61 %, 28 %, 19206 MiB, 49140 MiB, 288.90 W, 64
2026/08/14 00:07:54.695, NVIDIA GeForce RTX 4090, 38 %, 14 %, 19206 MiB, 49140 MiB, 282.18 W, 60
2026/08/14 00:07:55.695, NVIDIA GeForce RTX 4090, 24 %, 8 %, 19206 MiB, 49140 MiB, 271.46 W, 59
2026/08/14 00:07:56.695, NVIDIA GeForce RTX 4090, 50 %, 19 %, 19206 MiB, 49140 MiB, 279.76 W, 60
2026/08/14 00:07:57.695, NVIDIA GeForce RTX 4090, 74 %, 45 %, 19206 MiB, 49140 MiB, 298.29 W, 67
2026/08/14 00:07:58.696, NVIDIA GeForce RTX 4090, 88 %, 48 %, 19206 MiB, 49140 MiB, 292.97 W, 67
2026/08/14 00:07:59.696, NVIDIA GeForce RTX 4090, 55 %, 21 %, 19206 MiB, 49140 MiB, 291.35 W, 62
2026/08/14 00:08:00.696, NVIDIA GeForce RTX 4090, 39 %, 14 %, 19206 MiB, 49140 MiB, 274.55 W, 60
2026/08/14 00:08:01.696, NVIDIA GeForce RTX 4090, 44 %, 15 %, 19206 MiB, 49140 MiB, 275.57 W, 60
2026/08/14 00:08:02.697, NVIDIA GeForce RTX 4090, 52 %, 21 %, 19206 MiB, 49140 MiB, 278.48 W, 61
2026/08/14 00:08:03.697, NVIDIA GeForce RTX 4090, 60 %, 31 %, 19206 MiB, 49140 MiB, 279.72 W, 63
2026/08/14 00:08:04.697, NVIDIA GeForce RTX 4090, 93 %, 55 %, 19206 MiB, 49140 MiB, 295.63 W, 66
2026/08/14 00:08:05.697, NVIDIA GeForce RTX 4090, 62 %, 29 %, 19206 MiB, 49140 MiB, 299.14 W, 65
2026/08/14 00:08:06.698, NVIDIA GeForce RTX 4090, 39 %, 14 %, 19206 MiB, 49140 MiB, 281.13 W, 60
2026/08/14 00:08:07.698, NVIDIA GeForce RTX 4090, 34 %, 12 %, 19206 MiB, 49140 MiB, 272.83 W, 58
2026/08/14 00:08:08.698, NVIDIA GeForce RTX 4090, 47 %, 18 %, 19206 MiB, 49140 MiB, 275.42 W, 60
2026/08/14 00:08:09.698, NVIDIA GeForce RTX 4090, 49 %, 22 %, 19206 MiB, 49140 MiB, 273.38 W, 60
2026/08/14 00:08:10.698, NVIDIA GeForce RTX 4090, 58 %, 29 %, 19206 MiB, 49140 MiB, 269.81 W, 62
2026/08/14 00:08:11.698, NVIDIA GeForce RTX 4090, 94 %, 55 %, 19206 MiB, 49140 MiB, 299.90 W, 65
2026/08/14 00:08:12.699, NVIDIA GeForce RTX 4090, 53 %, 26 %, 19206 MiB, 49140 MiB, 288.07 W, 65
2026/08/14 00:08:13.699, NVIDIA GeForce RTX 4090, 27 %, 10 %, 19206 MiB, 49140 MiB, 274.00 W, 60
2026/08/14 00:08:14.699, NVIDIA GeForce RTX 4090, 44 %, 15 %, 19206 MiB, 49140 MiB, 271.40 W, 60
2026/08/14 00:08:15.699, NVIDIA GeForce RTX 4090, 43 %, 15 %, 19206 MiB, 49140 MiB, 276.37 W, 60
2026/08/14 00:08:16.699, NVIDIA GeForce RTX 4090, 69 %, 27 %, 19206 MiB, 49140 MiB, 278.45 W, 66
2026/08/14 00:08:17.700, NVIDIA GeForce RTX 4090, 74 %, 44 %, 19206 MiB, 49140 MiB, 299.03 W, 66
2026/08/14 00:08:18.700, NVIDIA GeForce RTX 4090, 94 %, 54 %, 19206 MiB, 49140 MiB, 280.47 W, 65
2026/08/14 00:08:19.701, NVIDIA GeForce RTX 4090, 59 %, 28 %, 19206 MiB, 49140 MiB, 291.24 W, 66
2026/08/14 00:08:20.702, NVIDIA GeForce RTX 4090, 41 %, 15 %, 19206 MiB, 49140 MiB, 281.63 W, 61
2026/08/14 00:08:21.702, NVIDIA GeForce RTX 4090, 39 %, 14 %, 19206 MiB, 49140 MiB, 257.38 W, 59
2026/08/14 00:08:22.702, NVIDIA GeForce RTX 4090, 50 %, 18 %, 19206 MiB, 49140 MiB, 286.46 W, 61
2026/08/14 00:08:23.702, NVIDIA GeForce RTX 4090, 74 %, 41 %, 19206 MiB, 49140 MiB, 292.89 W, 66
2026/08/14 00:08:24.702, NVIDIA GeForce RTX 4090, 90 %, 47 %, 19206 MiB, 49140 MiB, 304.71 W, 68
2026/08/14 00:08:25.702, NVIDIA GeForce RTX 4090, 38 %, 13 %, 19206 MiB, 49140 MiB, 298.65 W, 62
2026/08/14 00:08:26.703, NVIDIA GeForce RTX 4090, 44 %, 15 %, 19206 MiB, 49140 MiB, 276.56 W, 61
2026/08/14 00:08:27.703, NVIDIA GeForce RTX 4090, 39 %, 14 %, 19206 MiB, 49140 MiB, 277.64 W, 60
2026/08/14 00:08:28.703, NVIDIA GeForce RTX 4090, 45 %, 17 %, 19206 MiB, 49140 MiB, 277.36 W, 61
2026/08/14 00:08:29.703, NVIDIA GeForce RTX 4090, 62 %, 28 %, 19206 MiB, 49140 MiB, 371.25 W, 68
2026/08/14 00:08:30.703, NVIDIA GeForce RTX 4090, 42 %, 15 %, 19206 MiB, 49140 MiB, 278.28 W, 62
2026/08/14 00:08:31.703, NVIDIA GeForce RTX 4090, 43 %, 15 %, 19206 MiB, 49140 MiB, 278.88 W, 61
2026/08/14 00:08:32.703, NVIDIA GeForce RTX 4090, 47 %, 17 %, 19206 MiB, 49140 MiB, 274.66 W, 61
2026/08/14 00:08:33.703, NVIDIA GeForce RTX 4090, 59 %, 29 %, 19206 MiB, 49140 MiB, 286.14 W, 65
2026/08/14 00:08:34.704, NVIDIA GeForce RTX 4090, 93 %, 52 %, 19206 MiB, 49140 MiB, 304.34 W, 66
2026/08/14 00:08:35.704, NVIDIA GeForce RTX 4090, 59 %, 28 %, 19206 MiB, 49140 MiB, 298.30 W, 67
2026/08/14 00:08:36.704, NVIDIA GeForce RTX 4090, 46 %, 16 %, 19206 MiB, 49140 MiB, 286.14 W, 62
2026/08/14 00:08:37.704, NVIDIA GeForce RTX 4090, 37 %, 12 %, 19206 MiB, 49140 MiB, 266.30 W, 59
2026/08/14 00:08:38.705, NVIDIA GeForce RTX 4090, 48 %, 19 %, 19206 MiB, 49140 MiB, 276.26 W, 61
2026/08/14 00:08:39.705, NVIDIA GeForce RTX 4090, 73 %, 41 %, 19206 MiB, 49140 MiB, 288.40 W, 66
2026/08/14 00:08:40.709, NVIDIA GeForce RTX 4090, 90 %, 45 %, 19206 MiB, 49140 MiB, 309.47 W, 68
2026/08/14 00:08:41.710, NVIDIA GeForce RTX 4090, 37 %, 13 %, 19206 MiB, 49140 MiB, 279.48 W, 61
2026/08/14 00:08:42.710, NVIDIA GeForce RTX 4090, 41 %, 14 %, 19206 MiB, 49140 MiB, 276.55 W, 61
2026/08/14 00:08:43.710, NVIDIA GeForce RTX 4090, 46 %, 24 %, 19206 MiB, 49140 MiB, 291.74 W, 62
2026/08/14 00:08:44.710, NVIDIA GeForce RTX 4090, 75 %, 43 %, 19206 MiB, 49140 MiB, 280.22 W, 67
2026/08/14 00:08:45.711, NVIDIA GeForce RTX 4090, 58 %, 33 %, 19206 MiB, 49140 MiB, 294.88 W, 68
2026/08/14 00:08:46.711, NVIDIA GeForce RTX 4090, 31 %, 11 %, 19206 MiB, 49140 MiB, 284.49 W, 60
2026/08/14 00:08:47.711, NVIDIA GeForce RTX 4090, 31 %, 12 %, 19206 MiB, 49140 MiB, 271.33 W, 60
2026/08/14 00:08:48.711, NVIDIA GeForce RTX 4090, 43 %, 14 %, 19206 MiB, 49140 MiB, 272.51 W, 61
2026/08/14 00:08:49.712, NVIDIA GeForce RTX 4090, 49 %, 19 %, 19206 MiB, 49140 MiB, 278.77 W, 65
2026/08/14 00:08:50.712, NVIDIA GeForce RTX 4090, 74 %, 40 %, 19206 MiB, 49140 MiB, 285.07 W, 66
2026/08/14 00:08:51.712, NVIDIA GeForce RTX 4090, 86 %, 50 %, 19206 MiB, 49140 MiB, 304.04 W, 67
2026/08/14 00:08:52.783, NVIDIA GeForce RTX 4090, 58 %, 22 %, 19206 MiB, 49140 MiB, 296.05 W, 61
2026/08/14 00:08:53.784, NVIDIA GeForce RTX 4090, 34 %, 12 %, 19206 MiB, 49140 MiB, 274.90 W, 61
2026/08/14 00:08:54.784, NVIDIA GeForce RTX 4090, 43 %, 15 %, 19206 MiB, 49140 MiB, 280.96 W, 62
2026/08/14 00:08:55.784, NVIDIA GeForce RTX 4090, 51 %, 21 %, 19206 MiB, 49140 MiB, 278.32 W, 67
2026/08/14 00:08:56.784, NVIDIA GeForce RTX 4090, 76 %, 40 %, 19206 MiB, 49140 MiB, 281.58 W, 66
2026/08/14 00:08:57.785, NVIDIA GeForce RTX 4090, 90 %, 48 %, 19206 MiB, 49140 MiB, 302.79 W, 67
2026/08/14 00:08:58.785, NVIDIA GeForce RTX 4090, 59 %, 27 %, 19206 MiB, 49140 MiB, 278.13 W, 63
2026/08/14 00:08:59.785, NVIDIA GeForce RTX 4090, 41 %, 15 %, 19206 MiB, 49140 MiB, 280.61 W, 61
2026/08/14 00:09:00.785, NVIDIA GeForce RTX 4090, 29 %, 10 %, 19206 MiB, 49140 MiB, 266.82 W, 61
2026/08/14 00:09:01.786, NVIDIA GeForce RTX 4090, 70 %, 29 %, 19206 MiB, 49140 MiB, 299.18 W, 67
2026/08/14 00:09:02.786, NVIDIA GeForce RTX 4090, 74 %, 43 %, 19206 MiB, 49140 MiB, 300.32 W, 67
2026/08/14 00:09:03.786, NVIDIA GeForce RTX 4090, 91 %, 49 %, 19206 MiB, 49140 MiB, 293.74 W, 67
2026/08/14 00:09:04.786, NVIDIA GeForce RTX 4090, 44 %, 17 %, 19206 MiB, 49140 MiB, 297.79 W, 63
2026/08/14 00:09:05.787, NVIDIA GeForce RTX 4090, 43 %, 15 %, 19206 MiB, 49140 MiB, 282.82 W, 62
2026/08/14 00:09:06.787, NVIDIA GeForce RTX 4090, 50 %, 20 %, 19206 MiB, 49140 MiB, 279.09 W, 66
2026/08/14 00:09:07.787, NVIDIA GeForce RTX 4090, 99 %, 56 %, 19206 MiB, 49140 MiB, 294.34 W, 66
2026/08/14 00:09:08.787, NVIDIA GeForce RTX 4090, 55 %, 32 %, 19206 MiB, 49140 MiB, 299.78 W, 67
2026/08/14 00:09:09.788, NVIDIA GeForce RTX 4090, 54 %, 21 %, 19206 MiB, 49140 MiB, 277.35 W, 62
2026/08/14 00:09:10.788, NVIDIA GeForce RTX 4090, 43 %, 15 %, 19206 MiB, 49140 MiB, 284.51 W, 62
2026/08/14 00:09:11.788, NVIDIA GeForce RTX 4090, 51 %, 21 %, 19206 MiB, 49140 MiB, 289.45 W, 67
2026/08/14 00:09:12.788, NVIDIA GeForce RTX 4090, 0 %, 0 %, 19206 MiB, 49140 MiB, 324.59 W, 57
2026/08/14 00:09:13.788, NVIDIA GeForce RTX 4090, 0 %, 0 %, 19206 MiB, 49140 MiB, 106.34 W, 55
2026/08/14 00:09:14.789, NVIDIA GeForce RTX 4090, 5 %, 0 %, 19206 MiB, 49140 MiB, 99.93 W, 53
2026/08/14 00:09:15.789, NVIDIA GeForce RTX 4090, 59 %, 30 %, 19206 MiB, 49140 MiB, 233.18 W, 65
2026/08/14 00:09:16.789, NVIDIA GeForce RTX 4090, 72 %, 40 %, 19206 MiB, 49140 MiB, 286.11 W, 65
2026/08/14 00:09:17.789, NVIDIA GeForce RTX 4090, 89 %, 51 %, 19206 MiB, 49140 MiB, 290.10 W, 66
2026/08/14 00:09:18.790, NVIDIA GeForce RTX 4090, 63 %, 28 %, 19206 MiB, 49140 MiB, 288.38 W, 63
2026/08/14 00:09:19.790, NVIDIA GeForce RTX 4090, 51 %, 18 %, 19206 MiB, 49140 MiB, 283.68 W, 60
2026/08/14 00:09:20.790, NVIDIA GeForce RTX 4090, 29 %, 9 %, 19206 MiB, 49140 MiB, 270.86 W, 66
2026/08/14 00:09:21.790, NVIDIA GeForce RTX 4090, 40 %, 13 %, 19206 MiB, 49140 MiB, 266.37 W, 65
2026/08/14 00:09:22.791, NVIDIA GeForce RTX 4090, 43 %, 17 %, 19206 MiB, 49140 MiB, 278.28 W, 65
2026/08/14 00:09:23.791, NVIDIA GeForce RTX 4090, 74 %, 42 %, 19206 MiB, 49140 MiB, 298.14 W, 65
2026/08/14 00:09:24.791, NVIDIA GeForce RTX 4090, 85 %, 42 %, 19206 MiB, 49140 MiB, 309.64 W, 62
2026/08/14 00:09:25.791, NVIDIA GeForce RTX 4090, 45 %, 17 %, 19206 MiB, 49140 MiB, 283.94 W, 61
2026/08/14 00:09:26.792, NVIDIA GeForce RTX 4090, 46 %, 16 %, 19206 MiB, 49140 MiB, 280.92 W, 61
2026/08/14 00:09:27.792, NVIDIA GeForce RTX 4090, 39 %, 13 %, 19206 MiB, 49140 MiB, 271.67 W, 63
2026/08/14 00:09:28.792, NVIDIA GeForce RTX 4090, 57 %, 22 %, 19206 MiB, 49140 MiB, 273.90 W, 65
2026/08/14 00:09:29.793, NVIDIA GeForce RTX 4090, 74 %, 40 %, 19206 MiB, 49140 MiB, 289.99 W, 66
2026/08/14 00:09:30.793, NVIDIA GeForce RTX 4090, 93 %, 52 %, 19206 MiB, 49140 MiB, 306.04 W, 66
2026/08/14 00:09:31.793, NVIDIA GeForce RTX 4090, 86 %, 43 %, 19206 MiB, 49140 MiB, 289.46 W, 60
2026/08/14 00:09:32.794, NVIDIA GeForce RTX 4090, 50 %, 18 %, 19206 MiB, 49140 MiB, 283.24 W, 61
2026/08/14 00:09:33.794, NVIDIA GeForce RTX 4090, 45 %, 16 %, 19206 MiB, 49140 MiB, 280.12 W, 61
2026/08/14 00:09:34.794, NVIDIA GeForce RTX 4090, 51 %, 20 %, 19206 MiB, 49140 MiB, 281.98 W, 65
2026/08/14 00:09:35.795, NVIDIA GeForce RTX 4090, 66 %, 33 %, 19206 MiB, 49140 MiB, 276.52 W, 65
2026/08/14 00:09:36.795, NVIDIA GeForce RTX 4090, 73 %, 40 %, 19206 MiB, 49140 MiB, 287.24 W, 65
2026/08/14 00:09:37.795, NVIDIA GeForce RTX 4090, 85 %, 42 %, 19206 MiB, 49140 MiB, 305.10 W, 65
2026/08/14 00:09:38.796, NVIDIA GeForce RTX 4090, 30 %, 10 %, 19206 MiB, 49140 MiB, 286.59 W, 61
2026/08/14 00:09:39.796, NVIDIA GeForce RTX 4090, 49 %, 17 %, 19206 MiB, 49140 MiB, 274.06 W, 63
2026/08/14 00:09:40.796, NVIDIA GeForce RTX 4090, 50 %, 19 %, 19206 MiB, 49140 MiB, 280.93 W, 64
2026/08/14 00:09:41.796, NVIDIA GeForce RTX 4090, 74 %, 41 %, 19206 MiB, 49140 MiB, 289.49 W, 66
2026/08/14 00:09:42.796, NVIDIA GeForce RTX 4090, 93 %, 54 %, 19206 MiB, 49140 MiB, 304.99 W, 66
2026/08/14 00:09:43.797, NVIDIA GeForce RTX 4090, 57 %, 25 %, 19206 MiB, 49140 MiB, 294.38 W, 62
2026/08/14 00:09:44.797, NVIDIA GeForce RTX 4090, 34 %, 12 %, 19206 MiB, 49140 MiB, 273.66 W, 61
2026/08/14 00:09:45.797, NVIDIA GeForce RTX 4090, 28 %, 9 %, 19206 MiB, 49140 MiB, 267.87 W, 61
2026/08/14 00:09:46.797, NVIDIA GeForce RTX 4090, 51 %, 19 %, 19206 MiB, 49140 MiB, 273.44 W, 65
2026/08/14 00:09:47.797, NVIDIA GeForce RTX 4090, 60 %, 29 %, 19206 MiB, 49140 MiB, 284.30 W, 65
2026/08/14 00:09:48.798, NVIDIA GeForce RTX 4090, 97 %, 54 %, 19206 MiB, 49140 MiB, 304.15 W, 66
2026/08/14 00:09:49.798, NVIDIA GeForce RTX 4090, 72 %, 35 %, 19206 MiB, 49140 MiB, 297.55 W, 62
2026/08/14 00:09:50.798, NVIDIA GeForce RTX 4090, 36 %, 13 %, 19206 MiB, 49140 MiB, 274.55 W, 65
2026/08/14 00:09:51.799, NVIDIA GeForce RTX 4090, 43 %, 15 %, 19206 MiB, 49140 MiB, 276.01 W, 62
2026/08/14 00:09:52.799, NVIDIA GeForce RTX 4090, 47 %, 16 %, 19206 MiB, 49140 MiB, 277.85 W, 64
2026/08/14 00:09:53.799, NVIDIA GeForce RTX 4090, 63 %, 31 %, 19206 MiB, 49140 MiB, 283.63 W, 65
2026/08/14 00:09:54.800, NVIDIA GeForce RTX 4090, 95 %, 52 %, 19206 MiB, 49140 MiB, 303.23 W, 67
2026/08/14 00:09:55.800, NVIDIA GeForce RTX 4090, 56 %, 26 %, 19206 MiB, 49140 MiB, 299.75 W, 65
2026/08/14 00:09:56.800, NVIDIA GeForce RTX 4090, 47 %, 16 %, 19206 MiB, 49140 MiB, 284.58 W, 64
2026/08/14 00:09:57.801, NVIDIA GeForce RTX 4090, 41 %, 13 %, 19206 MiB, 49140 MiB, 281.99 W, 65
2026/08/14 00:09:58.801, NVIDIA GeForce RTX 4090, 96 %, 51 %, 19206 MiB, 49140 MiB, 364.88 W, 65
2026/08/14 00:09:59.801, NVIDIA GeForce RTX 4090, 53 %, 26 %, 19206 MiB, 49140 MiB, 291.25 W, 67
2026/08/14 00:10:00.802, NVIDIA GeForce RTX 4090, 49 %, 18 %, 19206 MiB, 49140 MiB, 284.87 W, 63
2026/08/14 00:10:01.802, NVIDIA GeForce RTX 4090, 44 %, 15 %, 19206 MiB, 49140 MiB, 276.32 W, 63
2026/08/14 00:10:02.802, NVIDIA GeForce RTX 4090, 50 %, 17 %, 19206 MiB, 49140 MiB, 277.48 W, 66
2026/08/14 00:10:03.803, NVIDIA GeForce RTX 4090, 65 %, 30 %, 19206 MiB, 49140 MiB, 284.66 W, 66
2026/08/14 00:10:04.803, NVIDIA GeForce RTX 4090, 74 %, 43 %, 19206 MiB, 49140 MiB, 284.86 W, 64
2026/08/14 00:10:05.803, NVIDIA GeForce RTX 4090, 57 %, 28 %, 19206 MiB, 49140 MiB, 299.63 W, 66
2026/08/14 00:10:06.804, NVIDIA GeForce RTX 4090, 33 %, 13 %, 19206 MiB, 49140 MiB, 278.73 W, 61
2026/08/14 00:10:07.804, NVIDIA GeForce RTX 4090, 44 %, 16 %, 19206 MiB, 49140 MiB, 269.85 W, 65
2026/08/14 00:10:08.804, NVIDIA GeForce RTX 4090, 41 %, 13 %, 19206 MiB, 49140 MiB, 275.93 W, 65
2026/08/14 00:10:09.805, NVIDIA GeForce RTX 4090, 47 %, 18 %, 19206 MiB, 49140 MiB, 279.38 W, 65
2026/08/14 00:10:10.806, NVIDIA GeForce RTX 4090, 94 %, 54 %, 19206 MiB, 49140 MiB, 307.42 W, 68
2026/08/14 00:10:11.806, NVIDIA GeForce RTX 4090, 55 %, 27 %, 19206 MiB, 49140 MiB, 277.52 W, 66
2026/08/14 00:10:12.806, NVIDIA GeForce RTX 4090, 42 %, 15 %, 19206 MiB, 49140 MiB, 286.03 W, 66
2026/08/14 00:10:13.807, NVIDIA GeForce RTX 4090, 43 %, 15 %, 19206 MiB, 49140 MiB, 271.36 W, 64
2026/08/14 00:10:14.807, NVIDIA GeForce RTX 4090, 54 %, 19 %, 19206 MiB, 49140 MiB, 277.02 W, 65
2026/08/14 00:10:15.807, NVIDIA GeForce RTX 4090, 60 %, 28 %, 19206 MiB, 49140 MiB, 286.20 W, 65
2026/08/14 00:10:16.807, NVIDIA GeForce RTX 4090, 73 %, 42 %, 19206 MiB, 49140 MiB, 286.46 W, 64
2026/08/14 00:10:17.808, NVIDIA GeForce RTX 4090, 79 %, 38 %, 19206 MiB, 49140 MiB, 306.80 W, 63
2026/08/14 00:10:18.808, NVIDIA GeForce RTX 4090, 36 %, 14 %, 19206 MiB, 49140 MiB, 274.40 W, 66
2026/08/14 00:10:19.808, NVIDIA GeForce RTX 4090, 45 %, 15 %, 19206 MiB, 49140 MiB, 282.42 W, 66
2026/08/14 00:10:20.808, NVIDIA GeForce RTX 4090, 49 %, 18 %, 19206 MiB, 49140 MiB, 278.65 W, 64
2026/08/14 00:10:21.808, NVIDIA GeForce RTX 4090, 74 %, 39 %, 19206 MiB, 49140 MiB, 283.75 W, 66
2026/08/14 00:10:22.808, NVIDIA GeForce RTX 4090, 94 %, 54 %, 19206 MiB, 49140 MiB, 294.41 W, 65
2026/08/14 00:10:23.809, NVIDIA GeForce RTX 4090, 56 %, 27 %, 19206 MiB, 49140 MiB, 295.65 W, 66
2026/08/14 00:10:24.809, NVIDIA GeForce RTX 4090, 33 %, 12 %, 19206 MiB, 49140 MiB, 274.40 W, 64
2026/08/14 00:10:25.809, NVIDIA GeForce RTX 4090, 43 %, 15 %, 19206 MiB, 49140 MiB, 279.61 W, 65
2026/08/14 00:10:26.809, NVIDIA GeForce RTX 4090, 52 %, 19 %, 19206 MiB, 49140 MiB, 276.26 W, 66
2026/08/14 00:10:27.809, NVIDIA GeForce RTX 4090, 60 %, 28 %, 19206 MiB, 49140 MiB, 278.41 W, 65
2026/08/14 00:10:28.883, NVIDIA GeForce RTX 4090, 96 %, 55 %, 19206 MiB, 49140 MiB, 302.98 W, 66
2026/08/14 00:10:29.883, NVIDIA GeForce RTX 4090, 73 %, 38 %, 19206 MiB, 49140 MiB, 284.94 W, 67
2026/08/14 00:10:30.884, NVIDIA GeForce RTX 4090, 39 %, 14 %, 19206 MiB, 49140 MiB, 282.17 W, 61
2026/08/14 00:10:31.884, NVIDIA GeForce RTX 4090, 51 %, 18 %, 19206 MiB, 49140 MiB, 270.13 W, 66
2026/08/14 00:10:32.884, NVIDIA GeForce RTX 4090, 46 %, 16 %, 19206 MiB, 49140 MiB, 283.47 W, 65
2026/08/14 00:10:33.884, NVIDIA GeForce RTX 4090, 99 %, 59 %, 19206 MiB, 49140 MiB, 324.12 W, 65
2026/08/14 00:10:34.884, NVIDIA GeForce RTX 4090, 54 %, 26 %, 19206 MiB, 49140 MiB, 301.89 W, 66
2026/08/14 00:10:35.884, NVIDIA GeForce RTX 4090, 49 %, 18 %, 19206 MiB, 49140 MiB, 276.74 W, 65
2026/08/14 00:10:36.885, NVIDIA GeForce RTX 4090, 39 %, 13 %, 19206 MiB, 49140 MiB, 277.23 W, 65
2026/08/14 00:10:37.885, NVIDIA GeForce RTX 4090, 47 %, 18 %, 19206 MiB, 49140 MiB, 278.39 W, 65
2026/08/14 00:10:38.885, NVIDIA GeForce RTX 4090, 78 %, 46 %, 19206 MiB, 49140 MiB, 290.78 W, 63
2026/08/14 00:10:39.885, NVIDIA GeForce RTX 4090, 57 %, 28 %, 19206 MiB, 49140 MiB, 301.27 W, 64
2026/08/14 00:10:40.885, NVIDIA GeForce RTX 4090, 44 %, 17 %, 19206 MiB, 49140 MiB, 281.78 W, 65
2026/08/14 00:10:41.886, NVIDIA GeForce RTX 4090, 100 %, 52 %, 19206 MiB, 49140 MiB, 330.16 W, 67
2026/08/14 00:10:42.886, NVIDIA GeForce RTX 4090, 2 %, 0 %, 19206 MiB, 49140 MiB, 181.55 W, 53
2026/08/14 00:10:43.886, NVIDIA GeForce RTX 4090, 0 %, 0 %, 19206 MiB, 49140 MiB, 104.68 W, 52
2026/08/14 00:10:44.886, NVIDIA GeForce RTX 4090, 20 %, 7 %, 19206 MiB, 49140 MiB, 157.77 W, 62
2026/08/14 00:10:45.886, NVIDIA GeForce RTX 4090, 52 %, 18 %, 19206 MiB, 49140 MiB, 261.71 W, 63
2026/08/14 00:10:46.886, NVIDIA GeForce RTX 4090, 46 %, 16 %, 19206 MiB, 49140 MiB, 275.70 W, 64
2026/08/14 00:10:47.886, NVIDIA GeForce RTX 4090, 60 %, 26 %, 19206 MiB, 49140 MiB, 283.17 W, 63
2026/08/14 00:10:48.887, NVIDIA GeForce RTX 4090, 75 %, 43 %, 19206 MiB, 49140 MiB, 285.44 W, 62
2026/08/14 00:10:49.887, NVIDIA GeForce RTX 4090, 39 %, 15 %, 19206 MiB, 49140 MiB, 315.41 W, 65
2026/08/14 00:10:50.887, NVIDIA GeForce RTX 4090, 45 %, 16 %, 19206 MiB, 49140 MiB, 280.64 W, 64
2026/08/14 00:10:51.888, NVIDIA GeForce RTX 4090, 52 %, 19 %, 19206 MiB, 49140 MiB, 276.99 W, 64
2026/08/14 00:10:52.888, NVIDIA GeForce RTX 4090, 66 %, 31 %, 19206 MiB, 49140 MiB, 275.04 W, 63
2026/08/14 00:10:53.888, NVIDIA GeForce RTX 4090, 73 %, 42 %, 19206 MiB, 49140 MiB, 283.12 W, 62
2026/08/14 00:10:54.889, NVIDIA GeForce RTX 4090, 56 %, 27 %, 19206 MiB, 49140 MiB, 299.44 W, 62
2026/08/14 00:10:55.890, NVIDIA GeForce RTX 4090, 34 %, 13 %, 19206 MiB, 49140 MiB, 279.90 W, 61
2026/08/14 00:10:56.890, NVIDIA GeForce RTX 4090, 43 %, 15 %, 19206 MiB, 49140 MiB, 267.00 W, 64
2026/08/14 00:10:57.890, NVIDIA GeForce RTX 4090, 35 %, 12 %, 19206 MiB, 49140 MiB, 268.92 W, 63
2026/08/14 00:10:58.890, NVIDIA GeForce RTX 4090, 50 %, 19 %, 19206 MiB, 49140 MiB, 281.85 W, 64
2026/08/14 00:10:59.890, NVIDIA GeForce RTX 4090, 65 %, 31 %, 19206 MiB, 49140 MiB, 275.65 W, 63
2026/08/14 00:11:00.891, NVIDIA GeForce RTX 4090, 72 %, 41 %, 19206 MiB, 49140 MiB, 283.40 W, 61
2026/08/14 00:11:01.891, NVIDIA GeForce RTX 4090, 57 %, 28 %, 19206 MiB, 49140 MiB, 299.69 W, 62
2026/08/14 00:11:02.891, NVIDIA GeForce RTX 4090, 27 %, 10 %, 19206 MiB, 49140 MiB, 289.73 W, 61
2026/08/14 00:11:03.891, NVIDIA GeForce RTX 4090, 46 %, 16 %, 19206 MiB, 49140 MiB, 270.96 W, 64
2026/08/14 00:11:04.891, NVIDIA GeForce RTX 4090, 49 %, 18 %, 19206 MiB, 49140 MiB, 278.55 W, 62
2026/08/14 00:11:05.892, NVIDIA GeForce RTX 4090, 71 %, 36 %, 19206 MiB, 49140 MiB, 288.53 W, 62
2026/08/14 00:11:06.892, NVIDIA GeForce RTX 4090, 91 %, 54 %, 19206 MiB, 49140 MiB, 303.05 W, 62
2026/08/14 00:11:07.892, NVIDIA GeForce RTX 4090, 49 %, 23 %, 19206 MiB, 49140 MiB, 294.42 W, 64
2026/08/14 00:11:08.893, NVIDIA GeForce RTX 4090, 35 %, 12 %, 19206 MiB, 49140 MiB, 278.08 W, 62
2026/08/14 00:11:09.893, NVIDIA GeForce RTX 4090, 43 %, 14 %, 19206 MiB, 49140 MiB, 281.63 W, 62
2026/08/14 00:11:10.893, NVIDIA GeForce RTX 4090, 60 %, 28 %, 19206 MiB, 49140 MiB, 284.31 W, 62
2026/08/14 00:11:11.893, NVIDIA GeForce RTX 4090, 95 %, 58 %, 19206 MiB, 49140 MiB, 299.79 W, 61
2026/08/14 00:11:12.894, NVIDIA GeForce RTX 4090, 49 %, 24 %, 19206 MiB, 49140 MiB, 303.60 W, 64
2026/08/14 00:11:13.894, NVIDIA GeForce RTX 4090, 50 %, 17 %, 19206 MiB, 49140 MiB, 275.64 W, 63
2026/08/14 00:11:14.894, NVIDIA GeForce RTX 4090, 35 %, 12 %, 19206 MiB, 49140 MiB, 276.22 W, 62
2026/08/14 00:11:15.894, NVIDIA GeForce RTX 4090, 60 %, 22 %, 19206 MiB, 49140 MiB, 276.04 W, 62
2026/08/14 00:11:16.895, NVIDIA GeForce RTX 4090, 70 %, 40 %, 19206 MiB, 49140 MiB, 296.10 W, 61
2026/08/14 00:11:17.895, NVIDIA GeForce RTX 4090, 89 %, 53 %, 19206 MiB, 49140 MiB, 290.95 W, 65
2026/08/14 00:11:18.895, NVIDIA GeForce RTX 4090, 60 %, 33 %, 19206 MiB, 49140 MiB, 286.81 W, 62
2026/08/14 00:11:19.896, NVIDIA GeForce RTX 4090, 36 %, 14 %, 19206 MiB, 49140 MiB, 280.14 W, 62
2026/08/14 00:11:20.896, NVIDIA GeForce RTX 4090, 39 %, 14 %, 19206 MiB, 49140 MiB, 272.58 W, 64
2026/08/14 00:11:21.896, NVIDIA GeForce RTX 4090, 45 %, 16 %, 19206 MiB, 49140 MiB, 276.71 W, 63
2026/08/14 00:11:22.897, NVIDIA GeForce RTX 4090, 68 %, 33 %, 19206 MiB, 49140 MiB, 286.58 W, 62
2026/08/14 00:11:23.897, NVIDIA GeForce RTX 4090, 88 %, 45 %, 19206 MiB, 49140 MiB, 315.68 W, 65
2026/08/14 00:11:24.897, NVIDIA GeForce RTX 4090, 28 %, 11 %, 19206 MiB, 49140 MiB, 278.62 W, 63
2026/08/14 00:11:25.898, NVIDIA GeForce RTX 4090, 33 %, 11 %, 19206 MiB, 49140 MiB, 268.35 W, 63
2026/08/14 00:11:26.898, NVIDIA GeForce RTX 4090, 35 %, 12 %, 19206 MiB, 49140 MiB, 272.20 W, 62
2026/08/14 00:11:27.898, NVIDIA GeForce RTX 4090, 97 %, 48 %, 19206 MiB, 49140 MiB, 360.87 W, 66
2026/08/14 00:11:28.899, NVIDIA GeForce RTX 4090, 61 %, 30 %, 19206 MiB, 49140 MiB, 293.76 W, 62
2026/08/14 00:11:29.899, NVIDIA GeForce RTX 4090, 32 %, 13 %, 19206 MiB, 49140 MiB, 283.32 W, 63
2026/08/14 00:11:30.899, NVIDIA GeForce RTX 4090, 16 %, 6 %, 19206 MiB, 49140 MiB, 263.71 W, 61
2026/08/14 00:11:31.899, NVIDIA GeForce RTX 4090, 37 %, 13 %, 19206 MiB, 49140 MiB, 268.16 W, 64
2026/08/14 00:11:32.899, NVIDIA GeForce RTX 4090, 46 %, 17 %, 19206 MiB, 49140 MiB, 280.47 W, 62
2026/08/14 00:11:33.900, NVIDIA GeForce RTX 4090, 54 %, 22 %, 19206 MiB, 49140 MiB, 275.53 W, 62
2026/08/14 00:11:34.900, NVIDIA GeForce RTX 4090, 90 %, 56 %, 19206 MiB, 49140 MiB, 298.44 W, 63
2026/08/14 00:11:35.900, NVIDIA GeForce RTX 4090, 61 %, 34 %, 19206 MiB, 49140 MiB, 297.29 W, 62
2026/08/14 00:11:36.900, NVIDIA GeForce RTX 4090, 26 %, 9 %, 19206 MiB, 49140 MiB, 279.49 W, 62
2026/08/14 00:11:37.901, NVIDIA GeForce RTX 4090, 26 %, 9 %, 19206 MiB, 49140 MiB, 266.14 W, 63
2026/08/14 00:11:38.901, NVIDIA GeForce RTX 4090, 43 %, 15 %, 19206 MiB, 49140 MiB, 277.12 W, 63
2026/08/14 00:11:39.901, NVIDIA GeForce RTX 4090, 53 %, 22 %, 19206 MiB, 49140 MiB, 276.25 W, 62
2026/08/14 00:11:40.902, NVIDIA GeForce RTX 4090, 67 %, 37 %, 19206 MiB, 49140 MiB, 282.52 W, 62
2026/08/14 00:11:41.902, NVIDIA GeForce RTX 4090, 89 %, 47 %, 19206 MiB, 49140 MiB, 306.86 W, 65
2026/08/14 00:11:42.903, NVIDIA GeForce RTX 4090, 30 %, 12 %, 19206 MiB, 49140 MiB, 283.79 W, 64
2026/08/14 00:11:43.903, NVIDIA GeForce RTX 4090, 40 %, 14 %, 19206 MiB, 49140 MiB, 267.80 W, 61
2026/08/14 00:11:44.903, NVIDIA GeForce RTX 4090, 35 %, 12 %, 19206 MiB, 49140 MiB, 276.48 W, 62
2026/08/14 00:11:45.903, NVIDIA GeForce RTX 4090, 43 %, 15 %, 19206 MiB, 49140 MiB, 276.80 W, 62
2026/08/14 00:11:46.903, NVIDIA GeForce RTX 4090, 65 %, 32 %, 19206 MiB, 49140 MiB, 296.02 W, 63
2026/08/14 00:11:47.904, NVIDIA GeForce RTX 4090, 63 %, 32 %, 19206 MiB, 49140 MiB, 300.46 W, 62
2026/08/14 00:11:48.904, NVIDIA GeForce RTX 4090, 34 %, 13 %, 19206 MiB, 49140 MiB, 271.35 W, 64
2026/08/14 00:11:49.904, NVIDIA GeForce RTX 4090, 32 %, 11 %, 19206 MiB, 49140 MiB, 270.77 W, 62
2026/08/14 00:11:50.904, NVIDIA GeForce RTX 4090, 39 %, 13 %, 19206 MiB, 49140 MiB, 282.96 W, 63
2026/08/14 00:11:51.905, NVIDIA GeForce RTX 4090, 53 %, 21 %, 19206 MiB, 49140 MiB, 281.50 W, 63
2026/08/14 00:11:52.983, NVIDIA GeForce RTX 4090, 88 %, 53 %, 19206 MiB, 49140 MiB, 300.11 W, 65
2026/08/14 00:11:53.983, NVIDIA GeForce RTX 4090, 35 %, 14 %, 19206 MiB, 49140 MiB, 285.64 W, 64
2026/08/14 00:11:54.984, NVIDIA GeForce RTX 4090, 30 %, 10 %, 19206 MiB, 49140 MiB, 263.81 W, 64
2026/08/14 00:11:55.984, NVIDIA GeForce RTX 4090, 14 %, 4 %, 19206 MiB, 49140 MiB, 264.71 W, 62
2026/08/14 00:11:56.984, NVIDIA GeForce RTX 4090, 49 %, 17 %, 19206 MiB, 49140 MiB, 278.99 W, 63
2026/08/14 00:11:57.984, NVIDIA GeForce RTX 4090, 64 %, 25 %, 19206 MiB, 49140 MiB, 277.89 W, 62
2026/08/14 00:11:58.984, NVIDIA GeForce RTX 4090, 88 %, 53 %, 19206 MiB, 49140 MiB, 287.06 W, 64
2026/08/14 00:11:59.985, NVIDIA GeForce RTX 4090, 52 %, 25 %, 19206 MiB, 49140 MiB, 303.65 W, 62
2026/08/14 00:12:00.985, NVIDIA GeForce RTX 4090, 35 %, 12 %, 19206 MiB, 49140 MiB, 272.59 W, 64
2026/08/14 00:12:01.985, NVIDIA GeForce RTX 4090, 39 %, 13 %, 19206 MiB, 49140 MiB, 275.19 W, 64
2026/08/14 00:12:02.985, NVIDIA GeForce RTX 4090, 43 %, 15 %, 19206 MiB, 49140 MiB, 275.21 W, 62
2026/08/14 00:12:03.985, NVIDIA GeForce RTX 4090, 91 %, 54 %, 19206 MiB, 49140 MiB, 302.20 W, 66
2026/08/14 00:12:04.986, NVIDIA GeForce RTX 4090, 54 %, 26 %, 19206 MiB, 49140 MiB, 301.21 W, 62
2026/08/14 00:12:05.986, NVIDIA GeForce RTX 4090, 31 %, 11 %, 19206 MiB, 49140 MiB, 271.42 W, 63
2026/08/14 00:12:06.986, NVIDIA GeForce RTX 4090, 41 %, 14 %, 19206 MiB, 49140 MiB, 271.49 W, 62
2026/08/14 00:12:07.986, NVIDIA GeForce RTX 4090, 49 %, 17 %, 19206 MiB, 49140 MiB, 276.38 W, 63
2026/08/14 00:12:08.986, NVIDIA GeForce RTX 4090, 63 %, 25 %, 19206 MiB, 49140 MiB, 277.16 W, 62
2026/08/14 00:12:09.987, NVIDIA GeForce RTX 4090, 98 %, 58 %, 19206 MiB, 49140 MiB, 294.81 W, 63
2026/08/14 00:12:10.987, NVIDIA GeForce RTX 4090, 100 %, 54 %, 19206 MiB, 49140 MiB, 302.60 W, 64
2026/08/14 00:12:11.987, NVIDIA GeForce RTX 4090, 0 %, 0 %, 19206 MiB, 49140 MiB, 258.46 W, 54
2026/08/14 00:12:12.988, NVIDIA GeForce RTX 4090, 0 %, 0 %, 19206 MiB, 49140 MiB, 105.26 W, 53
2026/08/14 00:12:13.988, NVIDIA GeForce RTX 4090, 61 %, 29 %, 19206 MiB, 49140 MiB, 143.34 W, 59
2026/08/14 00:12:14.988, NVIDIA GeForce RTX 4090, 31 %, 12 %, 19206 MiB, 49140 MiB, 267.52 W, 62
2026/08/14 00:12:15.988, NVIDIA GeForce RTX 4090, 40 %, 14 %, 19206 MiB, 49140 MiB, 267.55 W, 61
2026/08/14 00:12:16.988, NVIDIA GeForce RTX 4090, 38 %, 13 %, 19206 MiB, 49140 MiB, 267.44 W, 61
2026/08/14 00:12:17.989, NVIDIA GeForce RTX 4090, 49 %, 17 %, 19206 MiB, 49140 MiB, 270.21 W, 61
2026/08/14 00:12:18.989, NVIDIA GeForce RTX 4090, 63 %, 25 %, 19206 MiB, 49140 MiB, 276.08 W, 61
2026/08/14 00:12:19.989, NVIDIA GeForce RTX 4090, 61 %, 24 %, 19206 MiB, 49140 MiB, 255.17 W, 61
2026/08/14 00:12:20.989, NVIDIA GeForce RTX 4090, 78 %, 38 %, 19206 MiB, 49140 MiB, 272.46 W, 62
2026/08/14 00:12:21.989, NVIDIA GeForce RTX 4090, 83 %, 46 %, 19206 MiB, 49140 MiB, 274.93 W, 60
2026/08/14 00:12:22.990, NVIDIA GeForce RTX 4090, 78 %, 44 %, 19206 MiB, 49140 MiB, 265.70 W, 61
2026/08/14 00:12:23.990, NVIDIA GeForce RTX 4090, 69 %, 37 %, 19206 MiB, 49140 MiB, 306.22 W, 64
2026/08/14 00:12:24.990, NVIDIA GeForce RTX 4090, 43 %, 17 %, 19206 MiB, 49140 MiB, 275.80 W, 63
2026/08/14 00:12:25.990, NVIDIA GeForce RTX 4090, 41 %, 15 %, 19206 MiB, 49140 MiB, 279.49 W, 60
2026/08/14 00:12:26.991, NVIDIA GeForce RTX 4090, 49 %, 17 %, 19206 MiB, 49140 MiB, 277.00 W, 62
2026/08/14 00:12:27.991, NVIDIA GeForce RTX 4090, 63 %, 25 %, 19206 MiB, 49140 MiB, 276.43 W, 62
2026/08/14 00:12:28.991, NVIDIA GeForce RTX 4090, 83 %, 46 %, 19206 MiB, 49140 MiB, 283.36 W, 62
2026/08/14 00:12:29.991, NVIDIA GeForce RTX 4090, 84 %, 50 %, 19206 MiB, 49140 MiB, 286.87 W, 63
2026/08/14 00:12:30.992, NVIDIA GeForce RTX 4090, 67 %, 34 %, 19206 MiB, 49140 MiB, 287.16 W, 65
2026/08/14 00:12:31.992, NVIDIA GeForce RTX 4090, 39 %, 15 %, 19206 MiB, 49140 MiB, 277.35 W, 63
2026/08/14 00:12:32.992, NVIDIA GeForce RTX 4090, 44 %, 16 %, 19206 MiB, 49140 MiB, 270.08 W, 62
2026/08/14 00:12:33.992, NVIDIA GeForce RTX 4090, 42 %, 15 %, 19206 MiB, 49140 MiB, 263.56 W, 60
2026/08/14 00:12:34.993, NVIDIA GeForce RTX 4090, 49 %, 17 %, 19206 MiB, 49140 MiB, 278.75 W, 62
2026/08/14 00:12:35.993, NVIDIA GeForce RTX 4090, 83 %, 40 %, 19206 MiB, 49140 MiB, 286.29 W, 61
2026/08/14 00:12:36.993, NVIDIA GeForce RTX 4090, 83 %, 51 %, 19206 MiB, 49140 MiB, 299.08 W, 62
2026/08/14 00:12:37.993, NVIDIA GeForce RTX 4090, 37 %, 16 %, 19206 MiB, 49140 MiB, 288.30 W, 66
2026/08/14 00:12:38.994, NVIDIA GeForce RTX 4090, 36 %, 13 %, 19206 MiB, 49140 MiB, 276.37 W, 63
2026/08/14 00:12:39.994, NVIDIA GeForce RTX 4090, 38 %, 13 %, 19206 MiB, 49140 MiB, 277.12 W, 62
2026/08/14 00:12:40.994, NVIDIA GeForce RTX 4090, 51 %, 18 %, 19206 MiB, 49140 MiB, 273.85 W, 62
2026/08/14 00:12:41.994, NVIDIA GeForce RTX 4090, 78 %, 38 %, 19206 MiB, 49140 MiB, 288.46 W, 62
2026/08/14 00:12:42.994, NVIDIA GeForce RTX 4090, 87 %, 54 %, 19206 MiB, 49140 MiB, 289.17 W, 62
2026/08/14 00:12:43.995, NVIDIA GeForce RTX 4090, 72 %, 38 %, 19206 MiB, 49140 MiB, 298.99 W, 65
2026/08/14 00:12:44.995, NVIDIA GeForce RTX 4090, 40 %, 15 %, 19206 MiB, 49140 MiB, 279.52 W, 62
2026/08/14 00:12:45.995, NVIDIA GeForce RTX 4090, 42 %, 15 %, 19206 MiB, 49140 MiB, 273.04 W, 60
2026/08/14 00:12:46.995, NVIDIA GeForce RTX 4090, 47 %, 18 %, 19206 MiB, 49140 MiB, 283.35 W, 61
2026/08/14 00:12:47.995, NVIDIA GeForce RTX 4090, 78 %, 44 %, 19206 MiB, 49140 MiB, 291.57 W, 61
2026/08/14 00:12:48.996, NVIDIA GeForce RTX 4090, 91 %, 57 %, 19206 MiB, 49140 MiB, 286.13 W, 62
2026/08/14 00:12:49.996, NVIDIA GeForce RTX 4090, 73 %, 38 %, 19206 MiB, 49140 MiB, 288.52 W, 65
2026/08/14 00:12:50.996, NVIDIA GeForce RTX 4090, 34 %, 14 %, 19206 MiB, 49140 MiB, 276.73 W, 62
2026/08/14 00:12:51.996, NVIDIA GeForce RTX 4090, 42 %, 15 %, 19206 MiB, 49140 MiB, 280.62 W, 61
2026/08/14 00:12:52.996, NVIDIA GeForce RTX 4090, 38 %, 13 %, 19206 MiB, 49140 MiB, 269.05 W, 61
2026/08/14 00:12:53.997, NVIDIA GeForce RTX 4090, 47 %, 18 %, 19206 MiB, 49140 MiB, 277.35 W, 61
2026/08/14 00:12:54.997, NVIDIA GeForce RTX 4090, 78 %, 38 %, 19206 MiB, 49140 MiB, 282.79 W, 61
2026/08/14 00:12:55.997, NVIDIA GeForce RTX 4090, 79 %, 50 %, 19206 MiB, 49140 MiB, 298.16 W, 62
2026/08/14 00:12:56.997, NVIDIA GeForce RTX 4090, 55 %, 26 %, 19206 MiB, 49140 MiB, 292.54 W, 59
2026/08/14 00:12:57.998, NVIDIA GeForce RTX 4090, 100 %, 57 %, 19206 MiB, 49140 MiB, 312.85 W, 66
2026/08/14 00:12:58.998, NVIDIA GeForce RTX 4090, 47 %, 18 %, 19206 MiB, 49140 MiB, 305.86 W, 61
2026/08/14 00:12:59.998, NVIDIA GeForce RTX 4090, 76 %, 46 %, 19206 MiB, 49140 MiB, 300.23 W, 61
2026/08/14 00:13:00.999, NVIDIA GeForce RTX 4090, 76 %, 40 %, 19206 MiB, 49140 MiB, 301.23 W, 65
2026/08/14 00:13:01.999, NVIDIA GeForce RTX 4090, 34 %, 14 %, 19206 MiB, 49140 MiB, 278.08 W, 60
2026/08/14 00:13:02.999, NVIDIA GeForce RTX 4090, 35 %, 12 %, 19206 MiB, 49140 MiB, 269.36 W, 60
2026/08/14 00:13:04.000, NVIDIA GeForce RTX 4090, 41 %, 14 %, 19206 MiB, 49140 MiB, 275.42 W, 60
2026/08/14 00:13:05.000, NVIDIA GeForce RTX 4090, 63 %, 25 %, 19206 MiB, 49140 MiB, 286.67 W, 60
2026/08/14 00:13:06.000, NVIDIA GeForce RTX 4090, 95 %, 53 %, 19206 MiB, 49140 MiB, 282.08 W, 59
2026/08/14 00:13:07.000, NVIDIA GeForce RTX 4090, 73 %, 46 %, 19206 MiB, 49140 MiB, 287.91 W, 61
2026/08/14 00:13:08.001, NVIDIA GeForce RTX 4090, 53 %, 25 %, 19206 MiB, 49140 MiB, 295.24 W, 59
2026/08/14 00:13:09.001, NVIDIA GeForce RTX 4090, 49 %, 17 %, 19206 MiB, 49140 MiB, 275.09 W, 61
2026/08/14 00:13:10.001, NVIDIA GeForce RTX 4090, 42 %, 15 %, 19206 MiB, 49140 MiB, 274.21 W, 60
2026/08/14 00:13:11.002, NVIDIA GeForce RTX 4090, 54 %, 19 %, 19206 MiB, 49140 MiB, 279.60 W, 60
2026/08/14 00:13:12.002, NVIDIA GeForce RTX 4090, 76 %, 36 %, 19206 MiB, 49140 MiB, 286.93 W, 59
2026/08/14 00:13:13.002, NVIDIA GeForce RTX 4090, 86 %, 41 %, 19206 MiB, 49140 MiB, 312.12 W, 67
2026/08/14 00:13:14.003, NVIDIA GeForce RTX 4090, 44 %, 17 %, 19206 MiB, 49140 MiB, 291.27 W, 59
2026/08/14 00:13:15.003, NVIDIA GeForce RTX 4090, 42 %, 15 %, 19206 MiB, 49140 MiB, 274.91 W, 63
2026/08/14 00:13:16.003, NVIDIA GeForce RTX 4090, 48 %, 16 %, 19206 MiB, 49140 MiB, 279.69 W, 57
2026/08/14 00:13:17.003, NVIDIA GeForce RTX 4090, 74 %, 36 %, 19206 MiB, 49140 MiB, 292.12 W, 58
2026/08/14 00:13:18.004, NVIDIA GeForce RTX 4090, 85 %, 44 %, 19206 MiB, 49140 MiB, 312.40 W, 67
2026/08/14 00:13:19.004, NVIDIA GeForce RTX 4090, 33 %, 13 %, 19206 MiB, 49140 MiB, 289.32 W, 59
2026/08/14 00:13:20.004, NVIDIA GeForce RTX 4090, 28 %, 9 %, 19206 MiB, 49140 MiB, 264.77 W, 58
2026/08/14 00:13:21.004, NVIDIA GeForce RTX 4090, 41 %, 14 %, 19206 MiB, 49140 MiB, 269.58 W, 58
2026/08/14 00:13:22.004, NVIDIA GeForce RTX 4090, 49 %, 17 %, 19206 MiB, 49140 MiB, 280.55 W, 58
2026/08/14 00:13:23.005, NVIDIA GeForce RTX 4090, 73 %, 36 %, 19206 MiB, 49140 MiB, 292.44 W, 58
2026/08/14 00:13:24.005, NVIDIA GeForce RTX 4090, 87 %, 45 %, 19206 MiB, 49140 MiB, 312.72 W, 68
2026/08/14 00:13:25.005, NVIDIA GeForce RTX 4090, 43 %, 17 %, 19206 MiB, 49140 MiB, 287.34 W, 60
2026/08/14 00:13:26.005, NVIDIA GeForce RTX 4090, 42 %, 15 %, 19206 MiB, 49140 MiB, 281.04 W, 58
2026/08/14 00:13:27.005, NVIDIA GeForce RTX 4090, 49 %, 17 %, 19206 MiB, 49140 MiB, 282.68 W, 58
2026/08/14 00:13:28.006, NVIDIA GeForce RTX 4090, 70 %, 35 %, 19206 MiB, 49140 MiB, 286.79 W, 58
2026/08/14 00:13:29.006, NVIDIA GeForce RTX 4090, 88 %, 46 %, 19206 MiB, 49140 MiB, 313.71 W, 69
2026/08/14 00:13:30.006, NVIDIA GeForce RTX 4090, 36 %, 14 %, 19206 MiB, 49140 MiB, 286.80 W, 58
2026/08/14 00:13:31.006, NVIDIA GeForce RTX 4090, 35 %, 12 %, 19206 MiB, 49140 MiB, 270.63 W, 58
2026/08/14 00:13:32.007, NVIDIA GeForce RTX 4090, 38 %, 13 %, 19206 MiB, 49140 MiB, 276.04 W, 58
2026/08/14 00:13:33.007, NVIDIA GeForce RTX 4090, 51 %, 18 %, 19206 MiB, 49140 MiB, 270.60 W, 58
2026/08/14 00:13:34.007, NVIDIA GeForce RTX 4090, 62 %, 25 %, 19206 MiB, 49140 MiB, 277.03 W, 59
2026/08/14 00:13:35.007, NVIDIA GeForce RTX 4090, 70 %, 43 %, 19206 MiB, 49140 MiB, 291.66 W, 68
2026/08/14 00:13:36.008, NVIDIA GeForce RTX 4090, 86 %, 44 %, 19206 MiB, 49140 MiB, 301.58 W, 61
2026/08/14 00:13:37.008, NVIDIA GeForce RTX 4090, 43 %, 17 %, 19206 MiB, 49140 MiB, 281.70 W, 58
2026/08/14 00:13:38.008, NVIDIA GeForce RTX 4090, 42 %, 15 %, 19206 MiB, 49140 MiB, 276.67 W, 58
2026/08/14 00:13:39.008, NVIDIA GeForce RTX 4090, 53 %, 19 %, 19206 MiB, 49140 MiB, 284.20 W, 58
2026/08/14 00:13:40.008, NVIDIA GeForce RTX 4090, 62 %, 24 %, 19206 MiB, 49140 MiB, 277.07 W, 59
2026/08/14 00:13:41.009, NVIDIA GeForce RTX 4090, 85 %, 53 %, 19206 MiB, 49140 MiB, 289.79 W, 67
2026/08/14 00:13:42.009, NVIDIA GeForce RTX 4090, 0 %, 0 %, 19206 MiB, 49140 MiB, 297.92 W, 55
2026/08/14 00:13:43.009, NVIDIA GeForce RTX 4090, 0 %, 0 %, 19206 MiB, 49140 MiB, 105.47 W, 54
2026/08/14 00:13:44.009, NVIDIA GeForce RTX 4090, 89 %, 44 %, 19206 MiB, 49140 MiB, 129.69 W, 62
2026/08/14 00:13:45.010, NVIDIA GeForce RTX 4090, 62 %, 28 %, 19206 MiB, 49140 MiB, 276.31 W, 58
2026/08/14 00:13:46.010, NVIDIA GeForce RTX 4090, 39 %, 14 %, 19206 MiB, 49140 MiB, 269.39 W, 58
2026/08/14 00:13:47.010, NVIDIA GeForce RTX 4090, 32 %, 11 %, 19206 MiB, 49140 MiB, 256.91 W, 56
2026/08/14 00:13:48.010, NVIDIA GeForce RTX 4090, 42 %, 15 %, 19206 MiB, 49140 MiB, 253.55 W, 57
2026/08/14 00:13:49.010, NVIDIA GeForce RTX 4090, 39 %, 13 %, 19206 MiB, 49140 MiB, 268.31 W, 57
2026/08/14 00:13:50.010, NVIDIA GeForce RTX 4090, 49 %, 17 %, 19206 MiB, 49140 MiB, 266.80 W, 57
2026/08/14 00:13:51.011, NVIDIA GeForce RTX 4090, 62 %, 24 %, 19206 MiB, 49140 MiB, 277.29 W, 59
2026/08/14 00:13:52.011, NVIDIA GeForce RTX 4090, 72 %, 36 %, 19206 MiB, 49140 MiB, 268.89 W, 60
2026/08/14 00:13:53.011, NVIDIA GeForce RTX 4090, 65 %, 39 %, 19206 MiB, 49140 MiB, 272.87 W, 60
2026/08/14 00:13:54.011, NVIDIA GeForce RTX 4090, 93 %, 49 %, 19206 MiB, 49140 MiB, 298.79 W, 60
2026/08/14 00:13:55.011, NVIDIA GeForce RTX 4090, 35 %, 14 %, 19206 MiB, 49140 MiB, 288.89 W, 58
2026/08/14 00:13:56.012, NVIDIA GeForce RTX 4090, 35 %, 12 %, 19206 MiB, 49140 MiB, 269.19 W, 58
2026/08/14 00:13:57.012, NVIDIA GeForce RTX 4090, 38 %, 13 %, 19206 MiB, 49140 MiB, 272.71 W, 57
2026/08/14 00:13:58.012, NVIDIA GeForce RTX 4090, 46 %, 18 %, 19206 MiB, 49140 MiB, 280.39 W, 58
2026/08/14 00:13:59.083, NVIDIA GeForce RTX 4090, 72 %, 43 %, 19206 MiB, 49140 MiB, 296.28 W, 67
2026/08/14 00:14:00.084, NVIDIA GeForce RTX 4090, 71 %, 35 %, 19206 MiB, 49140 MiB, 295.14 W, 61
2026/08/14 00:14:01.084, NVIDIA GeForce RTX 4090, 40 %, 15 %, 19206 MiB, 49140 MiB, 291.56 W, 58
2026/08/14 00:14:02.084, NVIDIA GeForce RTX 4090, 42 %, 15 %, 19206 MiB, 49140 MiB, 270.72 W, 57
2026/08/14 00:14:03.084, NVIDIA GeForce RTX 4090, 38 %, 13 %, 19206 MiB, 49140 MiB, 269.90 W, 57
2026/08/14 00:14:04.084, NVIDIA GeForce RTX 4090, 46 %, 18 %, 19206 MiB, 49140 MiB, 277.50 W, 58
2026/08/14 00:14:05.085, NVIDIA GeForce RTX 4090, 69 %, 39 %, 19206 MiB, 49140 MiB, 303.26 W, 66
2026/08/14 00:14:06.085, NVIDIA GeForce RTX 4090, 88 %, 45 %, 19206 MiB, 49140 MiB, 304.02 W, 60
2026/08/14 00:14:07.085, NVIDIA GeForce RTX 4090, 48 %, 21 %, 19206 MiB, 49140 MiB, 281.43 W, 58
2026/08/14 00:14:08.085, NVIDIA GeForce RTX 4090, 18 %, 6 %, 19206 MiB, 49140 MiB, 272.15 W, 57
2026/08/14 00:14:09.085, NVIDIA GeForce RTX 4090, 40 %, 14 %, 19206 MiB, 49140 MiB, 271.11 W, 58
2026/08/14 00:14:10.085, NVIDIA GeForce RTX 4090, 38 %, 13 %, 19206 MiB, 49140 MiB, 270.32 W, 58
2026/08/14 00:14:11.088, NVIDIA GeForce RTX 4090, 62 %, 25 %, 19206 MiB, 49140 MiB, 290.32 W, 59
2026/08/14 00:14:12.088, NVIDIA GeForce RTX 4090, 61 %, 37 %, 19206 MiB, 49140 MiB, 279.24 W, 61
2026/08/14 00:14:13.088, NVIDIA GeForce RTX 4090, 93 %, 51 %, 19206 MiB, 49140 MiB, 293.31 W, 61
2026/08/14 00:14:14.088, NVIDIA GeForce RTX 4090, 53 %, 25 %, 19206 MiB, 49140 MiB, 286.42 W, 60
2026/08/14 00:14:15.088, NVIDIA GeForce RTX 4090, 34 %, 13 %, 19206 MiB, 49140 MiB, 272.26 W, 58
2026/08/14 00:14:16.089, NVIDIA GeForce RTX 4090, 43 %, 15 %, 19206 MiB, 49140 MiB, 275.63 W, 58
2026/08/14 00:14:17.089, NVIDIA GeForce RTX 4090, 49 %, 17 %, 19206 MiB, 49140 MiB, 276.73 W, 59
2026/08/14 00:14:18.090, NVIDIA GeForce RTX 4090, 61 %, 24 %, 19206 MiB, 49140 MiB, 277.85 W, 59
2026/08/14 00:14:19.090, NVIDIA GeForce RTX 4090, 57 %, 36 %, 19206 MiB, 49140 MiB, 279.52 W, 62
2026/08/14 00:14:20.090, NVIDIA GeForce RTX 4090, 65 %, 42 %, 19206 MiB, 49140 MiB, 283.91 W, 65
2026/08/14 00:14:21.091, NVIDIA GeForce RTX 4090, 67 %, 33 %, 19206 MiB, 49140 MiB, 287.52 W, 63
2026/08/14 00:14:22.091, NVIDIA GeForce RTX 4090, 35 %, 14 %, 19206 MiB, 49140 MiB, 280.72 W, 58
2026/08/14 00:14:23.091, NVIDIA GeForce RTX 4090, 42 %, 15 %, 19206 MiB, 49140 MiB, 278.93 W, 58
2026/08/14 00:14:24.091, NVIDIA GeForce RTX 4090, 49 %, 17 %, 19206 MiB, 49140 MiB, 277.09 W, 59
2026/08/14 00:14:25.092, NVIDIA GeForce RTX 4090, 58 %, 30 %, 19206 MiB, 49140 MiB, 285.30 W, 62
2026/08/14 00:14:26.092, NVIDIA GeForce RTX 4090, 70 %, 41 %, 19206 MiB, 49140 MiB, 292.58 W, 65
2026/08/14 00:14:27.092, NVIDIA GeForce RTX 4090, 88 %, 46 %, 19206 MiB, 49140 MiB, 291.89 W, 61
2026/08/14 00:14:28.092, NVIDIA GeForce RTX 4090, 100 %, 51 %, 19206 MiB, 49140 MiB, 318.50 W, 68
2026/08/14 00:14:29.093, NVIDIA GeForce RTX 4090, 24 %, 9 %, 19206 MiB, 49140 MiB, 327.12 W, 58
2026/08/14 00:14:30.093, NVIDIA GeForce RTX 4090, 72 %, 44 %, 19206 MiB, 49140 MiB, 297.06 W, 66
2026/08/14 00:14:31.093, NVIDIA GeForce RTX 4090, 93 %, 54 %, 19206 MiB, 49140 MiB, 296.14 W, 66
2026/08/14 00:14:32.093, NVIDIA GeForce RTX 4090, 30 %, 10 %, 19206 MiB, 49140 MiB, 302.36 W, 58
2026/08/14 00:14:33.094, NVIDIA GeForce RTX 4090, 42 %, 15 %, 19206 MiB, 49140 MiB, 271.44 W, 58
2026/08/14 00:14:34.094, NVIDIA GeForce RTX 4090, 52 %, 17 %, 19206 MiB, 49140 MiB, 279.46 W, 59
2026/08/14 00:14:35.094, NVIDIA GeForce RTX 4090, 57 %, 24 %, 19206 MiB, 49140 MiB, 279.54 W, 60
2026/08/14 00:14:36.095, NVIDIA GeForce RTX 4090, 56 %, 34 %, 19206 MiB, 49140 MiB, 277.38 W, 63
2026/08/14 00:14:37.095, NVIDIA GeForce RTX 4090, 93 %, 53 %, 19206 MiB, 49140 MiB, 301.56 W, 66
2026/08/14 00:14:38.095, NVIDIA GeForce RTX 4090, 40 %, 16 %, 19206 MiB, 49140 MiB, 285.09 W, 59
2026/08/14 00:14:39.096, NVIDIA GeForce RTX 4090, 42 %, 15 %, 19206 MiB, 49140 MiB, 274.73 W, 58
2026/08/14 00:14:40.096, NVIDIA GeForce RTX 4090, 39 %, 13 %, 19206 MiB, 49140 MiB, 273.49 W, 58
2026/08/14 00:14:41.096, NVIDIA GeForce RTX 4090, 52 %, 20 %, 19206 MiB, 49140 MiB, 278.50 W, 58
2026/08/14 00:14:42.096, NVIDIA GeForce RTX 4090, 69 %, 38 %, 19206 MiB, 49140 MiB, 292.98 W, 66
2026/08/14 00:14:43.097, NVIDIA GeForce RTX 4090, 89 %, 48 %, 19206 MiB, 49140 MiB, 302.67 W, 61
2026/08/14 00:14:44.097, NVIDIA GeForce RTX 4090, 49 %, 19 %, 19206 MiB, 49140 MiB, 290.35 W, 59
2026/08/14 00:14:45.097, NVIDIA GeForce RTX 4090, 38 %, 13 %, 19206 MiB, 49140 MiB, 273.86 W, 58
2026/08/14 00:14:46.098, NVIDIA GeForce RTX 4090, 41 %, 14 %, 19206 MiB, 49140 MiB, 271.44 W, 58
2026/08/14 00:14:47.098, NVIDIA GeForce RTX 4090, 46 %, 18 %, 19206 MiB, 49140 MiB, 276.47 W, 58
2026/08/14 00:14:48.099, NVIDIA GeForce RTX 4090, 59 %, 29 %, 19206 MiB, 49140 MiB, 269.64 W, 62
2026/08/14 00:14:49.099, NVIDIA GeForce RTX 4090, 68 %, 40 %, 19206 MiB, 49140 MiB, 290.37 W, 67
2026/08/14 00:14:50.099, NVIDIA GeForce RTX 4090, 53 %, 25 %, 19206 MiB, 49140 MiB, 297.79 W, 60
2026/08/14 00:14:51.099, NVIDIA GeForce RTX 4090, 52 %, 19 %, 19206 MiB, 49140 MiB, 286.61 W, 58
2026/08/14 00:14:52.100, NVIDIA GeForce RTX 4090, 45 %, 15 %, 19206 MiB, 49140 MiB, 274.61 W, 59
2026/08/14 00:14:53.100, NVIDIA GeForce RTX 4090, 51 %, 25 %, 19206 MiB, 49140 MiB, 286.23 W, 63
2026/08/14 00:14:54.100, NVIDIA GeForce RTX 4090, 69 %, 39 %, 19206 MiB, 49140 MiB, 291.15 W, 67
2026/08/14 00:14:55.100, NVIDIA GeForce RTX 4090, 55 %, 25 %, 19206 MiB, 49140 MiB, 300.01 W, 60
2026/08/14 00:14:56.100, NVIDIA GeForce RTX 4090, 52 %, 19 %, 19206 MiB, 49140 MiB, 275.49 W, 59
2026/08/14 00:14:57.101, NVIDIA GeForce RTX 4090, 44 %, 15 %, 19206 MiB, 49140 MiB, 277.93 W, 58
2026/08/14 00:14:58.101, NVIDIA GeForce RTX 4090, 58 %, 22 %, 19206 MiB, 49140 MiB, 287.56 W, 58
2026/08/14 00:14:59.101, NVIDIA GeForce RTX 4090, 70 %, 38 %, 19206 MiB, 49140 MiB, 290.78 W, 65
2026/08/14 00:15:00.101, NVIDIA GeForce RTX 4090, 84 %, 36 %, 19206 MiB, 49140 MiB, 319.23 W, 60
2026/08/14 00:15:01.102, NVIDIA GeForce RTX 4090, 19 %, 7 %, 19206 MiB, 49140 MiB, 271.10 W, 57
2026/08/14 00:15:02.102, NVIDIA GeForce RTX 4090, 52 %, 17 %, 19206 MiB, 49140 MiB, 276.70 W, 59
2026/08/14 00:15:03.102, NVIDIA GeForce RTX 4090, 54 %, 21 %, 19206 MiB, 49140 MiB, 279.77 W, 58
2026/08/14 00:15:04.102, NVIDIA GeForce RTX 4090, 71 %, 39 %, 19206 MiB, 49140 MiB, 284.32 W, 65
2026/08/14 00:15:05.102, NVIDIA GeForce RTX 4090, 85 %, 43 %, 19206 MiB, 49140 MiB, 304.01 W, 61
2026/08/14 00:15:06.103, NVIDIA GeForce RTX 4090, 26 %, 9 %, 19206 MiB, 49140 MiB, 286.92 W, 58
2026/08/14 00:15:07.103, NVIDIA GeForce RTX 4090, 40 %, 13 %, 19206 MiB, 49140 MiB, 277.73 W, 58
2026/08/14 00:15:08.103, NVIDIA GeForce RTX 4090, 45 %, 17 %, 19206 MiB, 49140 MiB, 273.45 W, 58
2026/08/14 00:15:09.103, NVIDIA GeForce RTX 4090, 53 %, 31 %, 19206 MiB, 49140 MiB, 282.04 W, 65
2026/08/14 00:15:10.103, NVIDIA GeForce RTX 4090, 88 %, 46 %, 19206 MiB, 49140 MiB, 306.01 W, 62
2026/08/14 00:15:11.104, NVIDIA GeForce RTX 4090, 100 %, 55 %, 19206 MiB, 49140 MiB, 317.51 W, 66
2026/08/14 00:15:12.104, NVIDIA GeForce RTX 4090, 0 %, 0 %, 19206 MiB, 49140 MiB, 225.13 W, 54
2026/08/14 00:15:13.104, NVIDIA GeForce RTX 4090, 0 %, 0 %, 19206 MiB, 49140 MiB, 104.38 W, 53
2026/08/14 00:15:14.105, NVIDIA GeForce RTX 4090, 43 %, 14 %, 19206 MiB, 49140 MiB, 189.97 W, 57
2026/08/14 00:15:15.105, NVIDIA GeForce RTX 4090, 46 %, 18 %, 19206 MiB, 49140 MiB, 274.99 W, 65
2026/08/14 00:15:16.105, NVIDIA GeForce RTX 4090, 63 %, 33 %, 19206 MiB, 49140 MiB, 284.86 W, 58
2026/08/14 00:15:17.105, NVIDIA GeForce RTX 4090, 64 %, 37 %, 19206 MiB, 49140 MiB, 274.56 W, 66
2026/08/14 00:15:18.106, NVIDIA GeForce RTX 4090, 88 %, 45 %, 19206 MiB, 49140 MiB, 289.12 W, 62
2026/08/14 00:15:19.106, NVIDIA GeForce RTX 4090, 87 %, 45 %, 19206 MiB, 49140 MiB, 271.48 W, 62
2026/08/14 00:15:20.106, NVIDIA GeForce RTX 4090, 57 %, 28 %, 19206 MiB, 49140 MiB, 286.45 W, 58
2026/08/14 00:15:21.106, NVIDIA GeForce RTX 4090, 53 %, 26 %, 19206 MiB, 49140 MiB, 260.62 W, 58
2026/08/14 00:15:22.106, NVIDIA GeForce RTX 4090, 34 %, 12 %, 19206 MiB, 49140 MiB, 272.33 W, 58
2026/08/14 00:15:23.107, NVIDIA GeForce RTX 4090, 32 %, 12 %, 19206 MiB, 49140 MiB, 269.85 W, 58
2026/08/14 00:15:24.107, NVIDIA GeForce RTX 4090, 46 %, 16 %, 19206 MiB, 49140 MiB, 274.32 W, 59
2026/08/14 00:15:25.107, NVIDIA GeForce RTX 4090, 44 %, 18 %, 19206 MiB, 49140 MiB, 271.37 W, 66
2026/08/14 00:15:26.107, NVIDIA GeForce RTX 4090, 53 %, 31 %, 19206 MiB, 49140 MiB, 278.13 W, 66
2026/08/14 00:15:27.107, NVIDIA GeForce RTX 4090, 55 %, 30 %, 19206 MiB, 49140 MiB, 261.22 W, 66
2026/08/14 00:15:28.108, NVIDIA GeForce RTX 4090, 43 %, 25 %, 19206 MiB, 49140 MiB, 272.74 W, 63
2026/08/14 00:15:29.108, NVIDIA GeForce RTX 4090, 86 %, 43 %, 19206 MiB, 49140 MiB, 291.27 W, 63
2026/08/14 00:15:30.108, NVIDIA GeForce RTX 4090, 60 %, 27 %, 19206 MiB, 49140 MiB, 288.94 W, 59
2026/08/14 00:15:31.108, NVIDIA GeForce RTX 4090, 27 %, 10 %, 19206 MiB, 49140 MiB, 274.44 W, 58
2026/08/14 00:15:32.108, NVIDIA GeForce RTX 4090, 26 %, 9 %, 19206 MiB, 49140 MiB, 256.51 W, 57
2026/08/14 00:15:33.109, NVIDIA GeForce RTX 4090, 38 %, 13 %, 19206 MiB, 49140 MiB, 267.77 W, 58
2026/08/14 00:15:34.109, NVIDIA GeForce RTX 4090, 38 %, 13 %, 19206 MiB, 49140 MiB, 268.45 W, 58
2026/08/14 00:15:35.109, NVIDIA GeForce RTX 4090, 39 %, 14 %, 19206 MiB, 49140 MiB, 270.67 W, 59
2026/08/14 00:15:36.109, NVIDIA GeForce RTX 4090, 42 %, 16 %, 19206 MiB, 49140 MiB, 266.12 W, 64
2026/08/14 00:15:37.110, NVIDIA GeForce RTX 4090, 54 %, 27 %, 19206 MiB, 49140 MiB, 282.96 W, 66
2026/08/14 00:15:38.110, NVIDIA GeForce RTX 4090, 63 %, 36 %, 19206 MiB, 49140 MiB, 283.66 W, 67
2026/08/14 00:15:39.110, NVIDIA GeForce RTX 4090, 88 %, 45 %, 19206 MiB, 49140 MiB, 292.52 W, 66
2026/08/14 00:15:40.110, NVIDIA GeForce RTX 4090, 58 %, 27 %, 19206 MiB, 49140 MiB, 279.46 W, 60
2026/08/14 00:15:41.110, NVIDIA GeForce RTX 4090, 34 %, 12 %, 19206 MiB, 49140 MiB, 278.22 W, 58
2026/08/14 00:15:42.111, NVIDIA GeForce RTX 4090, 35 %, 13 %, 19206 MiB, 49140 MiB, 264.33 W, 58
2026/08/14 00:15:43.111, NVIDIA GeForce RTX 4090, 39 %, 13 %, 19206 MiB, 49140 MiB, 268.64 W, 58
2026/08/14 00:15:44.111, NVIDIA GeForce RTX 4090, 44 %, 17 %, 19206 MiB, 49140 MiB, 274.70 W, 58
2026/08/14 00:15:45.111, NVIDIA GeForce RTX 4090, 51 %, 26 %, 19206 MiB, 49140 MiB, 275.74 W, 67
2026/08/14 00:15:46.111, NVIDIA GeForce RTX 4090, 92 %, 53 %, 19206 MiB, 49140 MiB, 300.17 W, 64
2026/08/14 00:15:47.112, NVIDIA GeForce RTX 4090, 53 %, 19 %, 19206 MiB, 49140 MiB, 293.95 W, 59
2026/08/14 00:15:48.112, NVIDIA GeForce RTX 4090, 36 %, 13 %, 19206 MiB, 49140 MiB, 272.67 W, 58
2026/08/14 00:15:49.112, NVIDIA GeForce RTX 4090, 38 %, 12 %, 19206 MiB, 49140 MiB, 273.86 W, 60
2026/08/14 00:15:50.112, NVIDIA GeForce RTX 4090, 45 %, 17 %, 19206 MiB, 49140 MiB, 283.02 W, 66
2026/08/14 00:15:51.112, NVIDIA GeForce RTX 4090, 70 %, 38 %, 19206 MiB, 49140 MiB, 287.28 W, 65
2026/08/14 00:15:52.113, NVIDIA GeForce RTX 4090, 86 %, 43 %, 19206 MiB, 49140 MiB, 303.89 W, 64
2026/08/14 00:15:53.113, NVIDIA GeForce RTX 4090, 79 %, 33 %, 19206 MiB, 49140 MiB, 296.73 W, 61
2026/08/14 00:15:54.113, NVIDIA GeForce RTX 4090, 30 %, 11 %, 19206 MiB, 49140 MiB, 271.28 W, 59
2026/08/14 00:15:55.113, NVIDIA GeForce RTX 4090, 36 %, 12 %, 19206 MiB, 49140 MiB, 269.97 W, 58
2026/08/14 00:15:56.114, NVIDIA GeForce RTX 4090, 38 %, 16 %, 19206 MiB, 49140 MiB, 274.09 W, 59
2026/08/14 00:15:57.114, NVIDIA GeForce RTX 4090, 53 %, 27 %, 19206 MiB, 49140 MiB, 283.88 W, 65
2026/08/14 00:15:58.114, NVIDIA GeForce RTX 4090, 99 %, 54 %, 19206 MiB, 49140 MiB, 300.49 W, 66
2026/08/14 00:15:59.114, NVIDIA GeForce RTX 4090, 37 %, 14 %, 19206 MiB, 49140 MiB, 362.86 W, 60
2026/08/14 00:16:00.114, NVIDIA GeForce RTX 4090, 35 %, 12 %, 19206 MiB, 49140 MiB, 263.69 W, 59
2026/08/14 00:16:01.114, NVIDIA GeForce RTX 4090, 43 %, 18 %, 19206 MiB, 49140 MiB, 282.30 W, 60
2026/08/14 00:16:02.115, NVIDIA GeForce RTX 4090, 54 %, 27 %, 19206 MiB, 49140 MiB, 282.68 W, 65
2026/08/14 00:16:03.115, NVIDIA GeForce RTX 4090, 68 %, 41 %, 19206 MiB, 49140 MiB, 282.53 W, 68
2026/08/14 00:16:04.115, NVIDIA GeForce RTX 4090, 54 %, 28 %, 19206 MiB, 49140 MiB, 294.90 W, 63
2026/08/14 00:16:05.115, NVIDIA GeForce RTX 4090, 40 %, 14 %, 19206 MiB, 49140 MiB, 286.38 W, 59
2026/08/14 00:16:06.115, NVIDIA GeForce RTX 4090, 36 %, 12 %, 19206 MiB, 49140 MiB, 276.92 W, 59
2026/08/14 00:16:07.116, NVIDIA GeForce RTX 4090, 34 %, 12 %, 19206 MiB, 49140 MiB, 269.53 W, 60
2026/08/14 00:16:08.116, NVIDIA GeForce RTX 4090, 41 %, 18 %, 19206 MiB, 49140 MiB, 282.39 W, 64
2026/08/14 00:16:09.116, NVIDIA GeForce RTX 4090, 70 %, 43 %, 19206 MiB, 49140 MiB, 290.98 W, 66
2026/08/14 00:16:10.183, NVIDIA GeForce RTX 4090, 90 %, 46 %, 19206 MiB, 49140 MiB, 291.48 W, 64
2026/08/14 00:16:11.183, NVIDIA GeForce RTX 4090, 54 %, 20 %, 19206 MiB, 49140 MiB, 284.67 W, 60
2026/08/14 00:16:12.184, NVIDIA GeForce RTX 4090, 39 %, 14 %, 19206 MiB, 49140 MiB, 278.95 W, 60
2026/08/14 00:16:13.184, NVIDIA GeForce RTX 4090, 34 %, 12 %, 19206 MiB, 49140 MiB, 277.74 W, 61
2026/08/14 00:16:14.184, NVIDIA GeForce RTX 4090, 38 %, 17 %, 19206 MiB, 49140 MiB, 277.73 W, 65
2026/08/14 00:16:15.184, NVIDIA GeForce RTX 4090, 70 %, 43 %, 19206 MiB, 49140 MiB, 294.49 W, 67
2026/08/14 00:16:16.184, NVIDIA GeForce RTX 4090, 51 %, 28 %, 19206 MiB, 49140 MiB, 298.74 W, 64
2026/08/14 00:16:17.184, NVIDIA GeForce RTX 4090, 26 %, 9 %, 19206 MiB, 49140 MiB, 282.75 W, 59
2026/08/14 00:16:18.185, NVIDIA GeForce RTX 4090, 30 %, 11 %, 19206 MiB, 49140 MiB, 264.91 W, 60
2026/08/14 00:16:19.185, NVIDIA GeForce RTX 4090, 35 %, 12 %, 19206 MiB, 49140 MiB, 266.59 W, 59
2026/08/14 00:16:20.185, NVIDIA GeForce RTX 4090, 32 %, 11 %, 19206 MiB, 49140 MiB, 270.09 W, 61
2026/08/14 00:16:21.185, NVIDIA GeForce RTX 4090, 38 %, 16 %, 19206 MiB, 49140 MiB, 289.14 W, 65
2026/08/14 00:16:22.186, NVIDIA GeForce RTX 4090, 92 %, 52 %, 19206 MiB, 49140 MiB, 309.65 W, 68
2026/08/14 00:16:23.186, NVIDIA GeForce RTX 4090, 68 %, 30 %, 19206 MiB, 49140 MiB, 281.89 W, 61
2026/08/14 00:16:24.186, NVIDIA GeForce RTX 4090, 35 %, 12 %, 19206 MiB, 49140 MiB, 282.29 W, 60
2026/08/14 00:16:25.186, NVIDIA GeForce RTX 4090, 34 %, 12 %, 19206 MiB, 49140 MiB, 270.43 W, 60
2026/08/14 00:16:26.186, NVIDIA GeForce RTX 4090, 31 %, 11 %, 19206 MiB, 49140 MiB, 269.64 W, 61
2026/08/14 00:16:27.187, NVIDIA GeForce RTX 4090, 36 %, 15 %, 19206 MiB, 49140 MiB, 287.38 W, 65
2026/08/14 00:16:28.187, NVIDIA GeForce RTX 4090, 70 %, 42 %, 19206 MiB, 49140 MiB, 295.49 W, 65
2026/08/14 00:16:29.187, NVIDIA GeForce RTX 4090, 92 %, 49 %, 19206 MiB, 49140 MiB, 299.05 W, 66
2026/08/14 00:16:30.187, NVIDIA GeForce RTX 4090, 52 %, 20 %, 19206 MiB, 49140 MiB, 279.50 W, 61
2026/08/14 00:16:31.187, NVIDIA GeForce RTX 4090, 31 %, 12 %, 19206 MiB, 49140 MiB, 270.28 W, 60
2026/08/14 00:16:32.188, NVIDIA GeForce RTX 4090, 34 %, 12 %, 19206 MiB, 49140 MiB, 269.88 W, 60
2026/08/14 00:16:33.188, NVIDIA GeForce RTX 4090, 34 %, 11 %, 19206 MiB, 49140 MiB, 269.36 W, 61
2026/08/14 00:16:34.188, NVIDIA GeForce RTX 4090, 40 %, 15 %, 19206 MiB, 49140 MiB, 269.40 W, 66
2026/08/14 00:16:35.188, NVIDIA GeForce RTX 4090, 54 %, 28 %, 19206 MiB, 49140 MiB, 285.05 W, 66
2026/08/14 00:16:36.189, NVIDIA GeForce RTX 4090, 95 %, 51 %, 19206 MiB, 49140 MiB, 297.67 W, 68
2026/08/14 00:16:37.189, NVIDIA GeForce RTX 4090, 63 %, 28 %, 19206 MiB, 49140 MiB, 278.71 W, 60
2026/08/14 00:16:38.189, NVIDIA GeForce RTX 4090, 27 %, 10 %, 19206 MiB, 49140 MiB, 268.55 W, 59
2026/08/14 00:16:39.189, NVIDIA GeForce RTX 4090, 31 %, 11 %, 19206 MiB, 49140 MiB, 266.65 W, 60
2026/08/14 00:16:40.189, NVIDIA GeForce RTX 4090, 28 %, 10 %, 19206 MiB, 49140 MiB, 266.41 W, 60
2026/08/14 00:16:41.190, NVIDIA GeForce RTX 4090, 34 %, 11 %, 19206 MiB, 49140 MiB, 271.28 W, 62
2026/08/14 00:16:42.190, NVIDIA GeForce RTX 4090, 59 %, 30 %, 19206 MiB, 49140 MiB, 276.57 W, 67
2026/08/14 00:16:43.190, NVIDIA GeForce RTX 4090, 0 %, 0 %, 19206 MiB, 49140 MiB, 315.35 W, 56
2026/08/14 00:16:44.190, NVIDIA GeForce RTX 4090, 0 %, 0 %, 19206 MiB, 49140 MiB, 104.96 W, 54
2026/08/14 00:16:45.190, NVIDIA GeForce RTX 4090, 5 %, 0 %, 19206 MiB, 49140 MiB, 99.16 W, 53
2026/08/14 00:16:46.191, NVIDIA GeForce RTX 4090, 91 %, 51 %, 19206 MiB, 49140 MiB, 260.47 W, 65
2026/08/14 00:16:47.191, NVIDIA GeForce RTX 4090, 64 %, 38 %, 19206 MiB, 49140 MiB, 275.03 W, 60
2026/08/14 00:16:48.191, NVIDIA GeForce RTX 4090, 90 %, 51 %, 19206 MiB, 49140 MiB, 261.39 W, 64
2026/08/14 00:16:49.191, NVIDIA GeForce RTX 4090, 69 %, 39 %, 19206 MiB, 49140 MiB, 257.20 W, 64
2026/08/14 00:16:50.191, NVIDIA GeForce RTX 4090, 93 %, 52 %, 19206 MiB, 49140 MiB, 282.54 W, 65
2026/08/14 00:16:51.192, NVIDIA GeForce RTX 4090, 70 %, 39 %, 19206 MiB, 49140 MiB, 276.98 W, 60
2026/08/14 00:16:52.192, NVIDIA GeForce RTX 4090, 79 %, 45 %, 19206 MiB, 49140 MiB, 283.04 W, 62
2026/08/14 00:16:53.192, NVIDIA GeForce RTX 4090, 29 %, 11 %, 19206 MiB, 49140 MiB, 270.76 W, 59
2026/08/14 00:16:54.192, NVIDIA GeForce RTX 4090, 37 %, 13 %, 19206 MiB, 49140 MiB, 267.77 W, 60
2026/08/14 00:16:55.192, NVIDIA GeForce RTX 4090, 46 %, 17 %, 19206 MiB, 49140 MiB, 288.65 W, 62
2026/08/14 00:16:56.193, NVIDIA GeForce RTX 4090, 45 %, 17 %, 19206 MiB, 49140 MiB, 282.51 W, 65
2026/08/14 00:16:57.193, NVIDIA GeForce RTX 4090, 73 %, 41 %, 19206 MiB, 49140 MiB, 283.52 W, 65
2026/08/14 00:16:58.193, NVIDIA GeForce RTX 4090, 98 %, 54 %, 19206 MiB, 49140 MiB, 298.06 W, 65
2026/08/14 00:16:59.193, NVIDIA GeForce RTX 4090, 35 %, 13 %, 19206 MiB, 49140 MiB, 281.08 W, 59
2026/08/14 00:17:00.194, NVIDIA GeForce RTX 4090, 32 %, 12 %, 19206 MiB, 49140 MiB, 264.93 W, 59
2026/08/14 00:17:01.194, NVIDIA GeForce RTX 4090, 41 %, 14 %, 19206 MiB, 49140 MiB, 264.58 W, 60
2026/08/14 00:17:02.194, NVIDIA GeForce RTX 4090, 33 %, 11 %, 19206 MiB, 49140 MiB, 266.70 W, 58
2026/08/14 00:17:03.194, NVIDIA GeForce RTX 4090, 52 %, 20 %, 19206 MiB, 49140 MiB, 274.83 W, 62
2026/08/14 00:17:04.195, NVIDIA GeForce RTX 4090, 59 %, 29 %, 19206 MiB, 49140 MiB, 277.43 W, 64
2026/08/14 00:17:05.195, NVIDIA GeForce RTX 4090, 94 %, 51 %, 19206 MiB, 49140 MiB, 303.95 W, 66
2026/08/14 00:17:06.195, NVIDIA GeForce RTX 4090, 58 %, 25 %, 19206 MiB, 49140 MiB, 305.18 W, 66
2026/08/14 00:17:07.195, NVIDIA GeForce RTX 4090, 34 %, 12 %, 19206 MiB, 49140 MiB, 276.43 W, 59
2026/08/14 00:17:08.195, NVIDIA GeForce RTX 4090, 44 %, 16 %, 19206 MiB, 49140 MiB, 271.56 W, 62
2026/08/14 00:17:09.195, NVIDIA GeForce RTX 4090, 49 %, 19 %, 19206 MiB, 49140 MiB, 283.78 W, 65
2026/08/14 00:17:10.196, NVIDIA GeForce RTX 4090, 59 %, 29 %, 19206 MiB, 49140 MiB, 278.09 W, 64
2026/08/14 00:17:11.196, NVIDIA GeForce RTX 4090, 74 %, 41 %, 19206 MiB, 49140 MiB, 283.63 W, 64
2026/08/14 00:17:12.196, NVIDIA GeForce RTX 4090, 93 %, 51 %, 19206 MiB, 49140 MiB, 292.28 W, 65
2026/08/14 00:17:13.196, NVIDIA GeForce RTX 4090, 56 %, 25 %, 19206 MiB, 49140 MiB, 276.78 W, 65
2026/08/14 00:17:14.196, NVIDIA GeForce RTX 4090, 35 %, 13 %, 19206 MiB, 49140 MiB, 270.61 W, 60
2026/08/14 00:17:15.196, NVIDIA GeForce RTX 4090, 21 %, 7 %, 19206 MiB, 49140 MiB, 263.00 W, 58
2026/08/14 00:17:16.197, NVIDIA GeForce RTX 4090, 43 %, 15 %, 19206 MiB, 49140 MiB, 269.56 W, 61
2026/08/14 00:17:17.197, NVIDIA GeForce RTX 4090, 47 %, 18 %, 19206 MiB, 49140 MiB, 285.24 W, 63
2026/08/14 00:17:18.197, NVIDIA GeForce RTX 4090, 74 %, 42 %, 19206 MiB, 49140 MiB, 288.20 W, 65
2026/08/14 00:17:19.197, NVIDIA GeForce RTX 4090, 86 %, 42 %, 19206 MiB, 49140 MiB, 310.04 W, 66
2026/08/14 00:17:20.197, NVIDIA GeForce RTX 4090, 44 %, 16 %, 19206 MiB, 49140 MiB, 280.59 W, 63
2026/08/14 00:17:21.198, NVIDIA GeForce RTX 4090, 41 %, 14 %, 19206 MiB, 49140 MiB, 275.06 W, 62
2026/08/14 00:17:22.198, NVIDIA GeForce RTX 4090, 22 %, 7 %, 19206 MiB, 49140 MiB, 279.70 W, 65
2026/08/14 00:17:23.198, NVIDIA GeForce RTX 4090, 74 %, 40 %, 19206 MiB, 49140 MiB, 288.11 W, 64
2026/08/14 00:17:24.198, NVIDIA GeForce RTX 4090, 97 %, 54 %, 19206 MiB, 49140 MiB, 295.87 W, 65
2026/08/14 00:17:25.198, NVIDIA GeForce RTX 4090, 52 %, 26 %, 19206 MiB, 49140 MiB, 286.52 W, 66
2026/08/14 00:17:26.199, NVIDIA GeForce RTX 4090, 44 %, 16 %, 19206 MiB, 49140 MiB, 281.43 W, 62
2026/08/14 00:17:27.199, NVIDIA GeForce RTX 4090, 43 %, 15 %, 19206 MiB, 49140 MiB, 275.53 W, 62
2026/08/14 00:17:28.199, NVIDIA GeForce RTX 4090, 41 %, 13 %, 19206 MiB, 49140 MiB, 268.95 W, 61
2026/08/14 00:17:29.199, NVIDIA GeForce RTX 4090, 23 %, 7 %, 19206 MiB, 49140 MiB, 271.22 W, 65
2026/08/14 00:17:30.199, NVIDIA GeForce RTX 4090, 68 %, 35 %, 19206 MiB, 49140 MiB, 384.41 W, 66
2026/08/14 00:17:31.200, NVIDIA GeForce RTX 4090, 49 %, 21 %, 19206 MiB, 49140 MiB, 280.00 W, 66
2026/08/14 00:17:32.200, NVIDIA GeForce RTX 4090, 36 %, 13 %, 19206 MiB, 49140 MiB, 276.74 W, 62
2026/08/14 00:17:33.200, NVIDIA GeForce RTX 4090, 46 %, 16 %, 19206 MiB, 49140 MiB, 274.63 W, 63
2026/08/14 00:17:34.200, NVIDIA GeForce RTX 4090, 45 %, 17 %, 19206 MiB, 49140 MiB, 279.03 W, 66
2026/08/14 00:17:35.200, NVIDIA GeForce RTX 4090, 74 %, 42 %, 19206 MiB, 49140 MiB, 292.34 W, 66
2026/08/14 00:17:36.201, NVIDIA GeForce RTX 4090, 99 %, 59 %, 19206 MiB, 49140 MiB, 295.97 W, 67
2026/08/14 00:17:37.201, NVIDIA GeForce RTX 4090, 44 %, 16 %, 19206 MiB, 49140 MiB, 280.65 W, 67
2026/08/14 00:17:38.201, NVIDIA GeForce RTX 4090, 41 %, 14 %, 19206 MiB, 49140 MiB, 275.69 W, 63
2026/08/14 00:17:39.201, NVIDIA GeForce RTX 4090, 49 %, 18 %, 19206 MiB, 49140 MiB, 284.84 W, 65
2026/08/14 00:17:40.201, NVIDIA GeForce RTX 4090, 75 %, 41 %, 19206 MiB, 49140 MiB, 287.98 W, 66
2026/08/14 00:17:41.202, NVIDIA GeForce RTX 4090, 93 %, 54 %, 19206 MiB, 49140 MiB, 300.29 W, 64
2026/08/14 00:17:42.202, NVIDIA GeForce RTX 4090, 56 %, 27 %, 19206 MiB, 49140 MiB, 294.67 W, 66
2026/08/14 00:17:43.202, NVIDIA GeForce RTX 4090, 53 %, 19 %, 19206 MiB, 49140 MiB, 278.10 W, 66
2026/08/14 00:17:44.202, NVIDIA GeForce RTX 4090, 47 %, 16 %, 19206 MiB, 49140 MiB, 289.38 W, 65
2026/08/14 00:17:45.202, NVIDIA GeForce RTX 4090, 61 %, 29 %, 19206 MiB, 49140 MiB, 276.55 W, 64
2026/08/14 00:17:46.203, NVIDIA GeForce RTX 4090, 74 %, 43 %, 19206 MiB, 49140 MiB, 285.92 W, 65
2026/08/14 00:17:47.203, NVIDIA GeForce RTX 4090, 58 %, 30 %, 19206 MiB, 49140 MiB, 300.85 W, 66
2026/08/14 00:17:48.203, NVIDIA GeForce RTX 4090, 32 %, 12 %, 19206 MiB, 49140 MiB, 278.72 W, 64
2026/08/14 00:17:49.203, NVIDIA GeForce RTX 4090, 36 %, 13 %, 19206 MiB, 49140 MiB, 269.15 W, 63
2026/08/14 00:17:50.203, NVIDIA GeForce RTX 4090, 49 %, 17 %, 19206 MiB, 49140 MiB, 273.45 W, 64
2026/08/14 00:17:51.204, NVIDIA GeForce RTX 4090, 48 %, 18 %, 19206 MiB, 49140 MiB, 283.33 W, 65
2026/08/14 00:17:52.204, NVIDIA GeForce RTX 4090, 75 %, 43 %, 19206 MiB, 49140 MiB, 292.15 W, 64
2026/08/14 00:17:53.204, NVIDIA GeForce RTX 4090, 86 %, 42 %, 19206 MiB, 49140 MiB, 310.31 W, 66
2026/08/14 00:17:54.204, NVIDIA GeForce RTX 4090, 44 %, 16 %, 19206 MiB, 49140 MiB, 280.04 W, 64
2026/08/14 00:17:55.205, NVIDIA GeForce RTX 4090, 42 %, 15 %, 19206 MiB, 49140 MiB, 270.19 W, 66
2026/08/14 00:17:56.205, NVIDIA GeForce RTX 4090, 39 %, 13 %, 19206 MiB, 49140 MiB, 274.30 W, 64
2026/08/14 00:17:57.205, NVIDIA GeForce RTX 4090, 54 %, 22 %, 19206 MiB, 49140 MiB, 275.44 W, 62
2026/08/14 00:17:58.205, NVIDIA GeForce RTX 4090, 75 %, 43 %, 19206 MiB, 49140 MiB, 291.70 W, 65
2026/08/14 00:17:59.206, NVIDIA GeForce RTX 4090, 86 %, 43 %, 19206 MiB, 49140 MiB, 309.27 W, 65
2026/08/14 00:18:00.206, NVIDIA GeForce RTX 4090, 44 %, 16 %, 19206 MiB, 49140 MiB, 281.11 W, 65
2026/08/14 00:18:01.206, NVIDIA GeForce RTX 4090, 48 %, 17 %, 19206 MiB, 49140 MiB, 277.09 W, 66
2026/08/14 00:18:02.206, NVIDIA GeForce RTX 4090, 49 %, 17 %, 19206 MiB, 49140 MiB, 277.22 W, 65
2026/08/14 00:18:03.207, NVIDIA GeForce RTX 4090, 59 %, 26 %, 19206 MiB, 49140 MiB, 283.21 W, 65
2026/08/14 00:18:04.207, NVIDIA GeForce RTX 4090, 99 %, 59 %, 19206 MiB, 49140 MiB, 299.63 W, 65
2026/08/14 00:18:05.207, NVIDIA GeForce RTX 4090, 53 %, 24 %, 19206 MiB, 49140 MiB, 290.22 W, 64
2026/08/14 00:18:06.207, NVIDIA GeForce RTX 4090, 45 %, 17 %, 19206 MiB, 49140 MiB, 281.91 W, 64
2026/08/14 00:18:07.207, NVIDIA GeForce RTX 4090, 45 %, 16 %, 19206 MiB, 49140 MiB, 281.57 W, 65
2026/08/14 00:18:08.283, NVIDIA GeForce RTX 4090, 28 %, 11 %, 19206 MiB, 49140 MiB, 279.75 W, 61
2026/08/14 00:18:09.284, NVIDIA GeForce RTX 4090, 28 %, 10 %, 19206 MiB, 49140 MiB, 267.36 W, 59
2026/08/14 00:18:10.284, NVIDIA GeForce RTX 4090, 36 %, 12 %, 19206 MiB, 49140 MiB, 270.63 W, 65
2026/08/14 00:18:11.284, NVIDIA GeForce RTX 4090, 45 %, 16 %, 19206 MiB, 49140 MiB, 274.39 W, 65
2026/08/14 00:18:12.284, NVIDIA GeForce RTX 4090, 99 %, 55 %, 19206 MiB, 49140 MiB, 299.36 W, 66
2026/08/14 00:18:13.285, NVIDIA GeForce RTX 4090, 0 %, 0 %, 19206 MiB, 49140 MiB, 314.30 W, 55
2026/08/14 00:18:14.285, NVIDIA GeForce RTX 4090, 0 %, 0 %, 19206 MiB, 49140 MiB, 105.33 W, 53
2026/08/14 00:18:15.285, NVIDIA GeForce RTX 4090, 94 %, 46 %, 19206 MiB, 49140 MiB, 122.98 W, 61
2026/08/14 00:18:16.285, NVIDIA GeForce RTX 4090, 51 %, 24 %, 19206 MiB, 49140 MiB, 282.38 W, 65
2026/08/14 00:18:17.286, NVIDIA GeForce RTX 4090, 39 %, 15 %, 19206 MiB, 49140 MiB, 273.61 W, 63
2026/08/14 00:18:18.286, NVIDIA GeForce RTX 4090, 31 %, 11 %, 19206 MiB, 49140 MiB, 267.75 W, 59
2026/08/14 00:18:19.286, NVIDIA GeForce RTX 4090, 21 %, 8 %, 19206 MiB, 49140 MiB, 260.91 W, 64
2026/08/14 00:18:20.287, NVIDIA GeForce RTX 4090, 32 %, 11 %, 19206 MiB, 49140 MiB, 269.62 W, 64
2026/08/14 00:18:21.287, NVIDIA GeForce RTX 4090, 46 %, 16 %, 19206 MiB, 49140 MiB, 271.74 W, 64
2026/08/14 00:18:22.287, NVIDIA GeForce RTX 4090, 19 %, 7 %, 19206 MiB, 49140 MiB, 269.19 W, 62
2026/08/14 00:18:23.287, NVIDIA GeForce RTX 4090, 25 %, 10 %, 19206 MiB, 49140 MiB, 253.67 W, 63
2026/08/14 00:18:24.287, NVIDIA GeForce RTX 4090, 53 %, 21 %, 19206 MiB, 49140 MiB, 261.98 W, 63
2026/08/14 00:18:25.287, NVIDIA GeForce RTX 4090, 53 %, 20 %, 19206 MiB, 49140 MiB, 261.94 W, 63
2026/08/14 00:18:26.288, NVIDIA GeForce RTX 4090, 63 %, 32 %, 19206 MiB, 49140 MiB, 284.78 W, 62
2026/08/14 00:18:27.288, NVIDIA GeForce RTX 4090, 86 %, 49 %, 19206 MiB, 49140 MiB, 289.98 W, 66
2026/08/14 00:18:28.288, NVIDIA GeForce RTX 4090, 84 %, 47 %, 19206 MiB, 49140 MiB, 268.95 W, 64
2026/08/14 00:18:29.289, NVIDIA GeForce RTX 4090, 58 %, 29 %, 19206 MiB, 49140 MiB, 279.51 W, 63
2026/08/14 00:18:30.289, NVIDIA GeForce RTX 4090, 22 %, 8 %, 19206 MiB, 49140 MiB, 279.75 W, 65
2026/08/14 00:18:31.289, NVIDIA GeForce RTX 4090, 22 %, 8 %, 19206 MiB, 49140 MiB, 251.70 W, 65
2026/08/14 00:18:32.289, NVIDIA GeForce RTX 4090, 32 %, 11 %, 19206 MiB, 49140 MiB, 267.98 W, 60
2026/08/14 00:18:33.289, NVIDIA GeForce RTX 4090, 25 %, 9 %, 19206 MiB, 49140 MiB, 263.36 W, 64
2026/08/14 00:18:34.289, NVIDIA GeForce RTX 4090, 35 %, 12 %, 19206 MiB, 49140 MiB, 271.05 W, 63
2026/08/14 00:18:35.290, NVIDIA GeForce RTX 4090, 42 %, 14 %, 19206 MiB, 49140 MiB, 265.26 W, 63
2026/08/14 00:18:36.290, NVIDIA GeForce RTX 4090, 28 %, 9 %, 19206 MiB, 49140 MiB, 259.93 W, 63
2026/08/14 00:18:37.290, NVIDIA GeForce RTX 4090, 52 %, 20 %, 19206 MiB, 49140 MiB, 278.48 W, 62
2026/08/14 00:18:38.290, NVIDIA GeForce RTX 4090, 72 %, 39 %, 19206 MiB, 49140 MiB, 283.62 W, 62
2026/08/14 00:18:39.290, NVIDIA GeForce RTX 4090, 84 %, 50 %, 19206 MiB, 49140 MiB, 292.75 W, 64
2026/08/14 00:18:40.291, NVIDIA GeForce RTX 4090, 84 %, 47 %, 19206 MiB, 49140 MiB, 262.74 W, 61
2026/08/14 00:18:41.291, NVIDIA GeForce RTX 4090, 70 %, 38 %, 19206 MiB, 49140 MiB, 282.09 W, 61
2026/08/14 00:18:42.291, NVIDIA GeForce RTX 4090, 43 %, 17 %, 19206 MiB, 49140 MiB, 275.83 W, 63
2026/08/14 00:18:43.291, NVIDIA GeForce RTX 4090, 18 %, 6 %, 19206 MiB, 49140 MiB, 266.61 W, 61
2026/08/14 00:18:44.291, NVIDIA GeForce RTX 4090, 36 %, 12 %, 19206 MiB, 49140 MiB, 267.02 W, 61
2026/08/14 00:18:45.292, NVIDIA GeForce RTX 4090, 39 %, 14 %, 19206 MiB, 49140 MiB, 259.20 W, 64
2026/08/14 00:18:46.292, NVIDIA GeForce RTX 4090, 39 %, 14 %, 19206 MiB, 49140 MiB, 254.32 W, 64
2026/08/14 00:18:47.292, NVIDIA GeForce RTX 4090, 38 %, 14 %, 19206 MiB, 49140 MiB, 248.32 W, 64
2026/08/14 00:18:48.292, NVIDIA GeForce RTX 4090, 49 %, 17 %, 19206 MiB, 49140 MiB, 277.10 W, 62
2026/08/14 00:18:49.292, NVIDIA GeForce RTX 4090, 60 %, 23 %, 19206 MiB, 49140 MiB, 274.25 W, 62
2026/08/14 00:18:50.293, NVIDIA GeForce RTX 4090, 75 %, 42 %, 19206 MiB, 49140 MiB, 281.39 W, 61
2026/08/14 00:18:51.293, NVIDIA GeForce RTX 4090, 88 %, 48 %, 19206 MiB, 49140 MiB, 289.65 W, 64
2026/08/14 00:18:52.293, NVIDIA GeForce RTX 4090, 63 %, 33 %, 19206 MiB, 49140 MiB, 286.92 W, 62
2026/08/14 00:18:53.293, NVIDIA GeForce RTX 4090, 43 %, 17 %, 19206 MiB, 49140 MiB, 276.64 W, 64
2026/08/14 00:18:54.294, NVIDIA GeForce RTX 4090, 29 %, 10 %, 19206 MiB, 49140 MiB, 273.98 W, 64
2026/08/14 00:18:55.294, NVIDIA GeForce RTX 4090, 48 %, 16 %, 19206 MiB, 49140 MiB, 276.40 W, 64
2026/08/14 00:18:56.294, NVIDIA GeForce RTX 4090, 61 %, 24 %, 19206 MiB, 49140 MiB, 283.87 W, 62
2026/08/14 00:18:57.294, NVIDIA GeForce RTX 4090, 98 %, 60 %, 19206 MiB, 49140 MiB, 298.68 W, 63
2026/08/14 00:18:58.294, NVIDIA GeForce RTX 4090, 54 %, 26 %, 19206 MiB, 49140 MiB, 297.70 W, 62
2026/08/14 00:18:59.294, NVIDIA GeForce RTX 4090, 38 %, 14 %, 19206 MiB, 49140 MiB, 281.48 W, 62
2026/08/14 00:19:00.295, NVIDIA GeForce RTX 4090, 40 %, 14 %, 19206 MiB, 49140 MiB, 274.21 W, 63
2026/08/14 00:19:01.295, NVIDIA GeForce RTX 4090, 99 %, 51 %, 19206 MiB, 49140 MiB, 357.03 W, 66
2026/08/14 00:19:02.295, NVIDIA GeForce RTX 4090, 63 %, 32 %, 19206 MiB, 49140 MiB, 303.62 W, 63
2026/08/14 00:19:03.295, NVIDIA GeForce RTX 4090, 43 %, 17 %, 19206 MiB, 49140 MiB, 283.51 W, 64
2026/08/14 00:19:04.296, NVIDIA GeForce RTX 4090, 40 %, 14 %, 19206 MiB, 49140 MiB, 274.82 W, 64
2026/08/14 00:19:05.296, NVIDIA GeForce RTX 4090, 38 %, 13 %, 19206 MiB, 49140 MiB, 268.94 W, 62
2026/08/14 00:19:06.296, NVIDIA GeForce RTX 4090, 49 %, 17 %, 19206 MiB, 49140 MiB, 271.73 W, 63
2026/08/14 00:19:07.296, NVIDIA GeForce RTX 4090, 100 %, 46 %, 19206 MiB, 49140 MiB, 286.00 W, 65
2026/08/14 00:19:08.297, NVIDIA GeForce RTX 4090, 91 %, 52 %, 19206 MiB, 49140 MiB, 307.02 W, 66
2026/08/14 00:19:09.297, NVIDIA GeForce RTX 4090, 63 %, 34 %, 19206 MiB, 49140 MiB, 286.17 W, 64
2026/08/14 00:19:10.297, NVIDIA GeForce RTX 4090, 40 %, 15 %, 19206 MiB, 49140 MiB, 280.63 W, 63
2026/08/14 00:19:11.297, NVIDIA GeForce RTX 4090, 41 %, 15 %, 19206 MiB, 49140 MiB, 268.86 W, 64
2026/08/14 00:19:12.298, NVIDIA GeForce RTX 4090, 50 %, 17 %, 19206 MiB, 49140 MiB, 277.50 W, 63
2026/08/14 00:19:13.298, NVIDIA GeForce RTX 4090, 81 %, 39 %, 19206 MiB, 49140 MiB, 293.45 W, 64
2026/08/14 00:19:14.298, NVIDIA GeForce RTX 4090, 90 %, 52 %, 19206 MiB, 49140 MiB, 300.11 W, 66
2026/08/14 00:19:15.298, NVIDIA GeForce RTX 4090, 70 %, 39 %, 19206 MiB, 49140 MiB, 287.72 W, 64
2026/08/14 00:19:16.299, NVIDIA GeForce RTX 4090, 43 %, 17 %, 19206 MiB, 49140 MiB, 275.38 W, 64
2026/08/14 00:19:17.299, NVIDIA GeForce RTX 4090, 42 %, 15 %, 19206 MiB, 49140 MiB, 270.95 W, 63
2026/08/14 00:19:18.299, NVIDIA GeForce RTX 4090, 49 %, 17 %, 19206 MiB, 49140 MiB, 275.42 W, 62
2026/08/14 00:19:19.299, NVIDIA GeForce RTX 4090, 91 %, 35 %, 19206 MiB, 49140 MiB, 279.40 W, 64
2026/08/14 00:19:20.299, NVIDIA GeForce RTX 4090, 93 %, 55 %, 19206 MiB, 49140 MiB, 312.50 W, 63
2026/08/14 00:19:21.300, NVIDIA GeForce RTX 4090, 67 %, 37 %, 19206 MiB, 49140 MiB, 286.86 W, 64
2026/08/14 00:19:22.300, NVIDIA GeForce RTX 4090, 39 %, 14 %, 19206 MiB, 49140 MiB, 283.45 W, 63
2026/08/14 00:19:23.300, NVIDIA GeForce RTX 4090, 46 %, 15 %, 19206 MiB, 49140 MiB, 289.70 W, 62
2026/08/14 00:19:24.300, NVIDIA GeForce RTX 4090, 64 %, 25 %, 19206 MiB, 49140 MiB, 283.27 W, 62
2026/08/14 00:19:25.300, NVIDIA GeForce RTX 4090, 91 %, 55 %, 19206 MiB, 49140 MiB, 295.46 W, 66
2026/08/14 00:19:26.301, NVIDIA GeForce RTX 4090, 62 %, 31 %, 19206 MiB, 49140 MiB, 297.56 W, 64
2026/08/14 00:19:27.301, NVIDIA GeForce RTX 4090, 35 %, 14 %, 19206 MiB, 49140 MiB, 273.37 W, 63
2026/08/14 00:19:28.301, NVIDIA GeForce RTX 4090, 35 %, 12 %, 19206 MiB, 49140 MiB, 268.35 W, 61
2026/08/14 00:19:29.301, NVIDIA GeForce RTX 4090, 36 %, 12 %, 19206 MiB, 49140 MiB, 274.13 W, 62
2026/08/14 00:19:30.301, NVIDIA GeForce RTX 4090, 91 %, 48 %, 19206 MiB, 49140 MiB, 301.02 W, 66
2026/08/14 00:19:31.302, NVIDIA GeForce RTX 4090, 70 %, 35 %, 19206 MiB, 49140 MiB, 309.50 W, 61
2026/08/14 00:19:32.302, NVIDIA GeForce RTX 4090, 35 %, 14 %, 19206 MiB, 49140 MiB, 286.15 W, 64
2026/08/14 00:19:33.302, NVIDIA GeForce RTX 4090, 42 %, 15 %, 19206 MiB, 49140 MiB, 274.45 W, 62
2026/08/14 00:19:34.302, NVIDIA GeForce RTX 4090, 65 %, 24 %, 19206 MiB, 49140 MiB, 284.55 W, 64
2026/08/14 00:19:35.302, NVIDIA GeForce RTX 4090, 80 %, 45 %, 19206 MiB, 49140 MiB, 294.42 W, 64
2026/08/14 00:19:36.303, NVIDIA GeForce RTX 4090, 88 %, 46 %, 19206 MiB, 49140 MiB, 302.80 W, 66
2026/08/14 00:19:37.303, NVIDIA GeForce RTX 4090, 36 %, 12 %, 19206 MiB, 49140 MiB, 299.01 W, 64
2026/08/14 00:19:38.303, NVIDIA GeForce RTX 4090, 40 %, 13 %, 19206 MiB, 49140 MiB, 269.57 W, 62
2026/08/14 00:19:39.303, NVIDIA GeForce RTX 4090, 47 %, 18 %, 19206 MiB, 49140 MiB, 275.18 W, 63
2026/08/14 00:19:40.303, NVIDIA GeForce RTX 4090, 78 %, 44 %, 19206 MiB, 49140 MiB, 288.19 W, 63
2026/08/14 00:19:41.304, NVIDIA GeForce RTX 4090, 88 %, 46 %, 19206 MiB, 49140 MiB, 301.70 W, 67
2026/08/14 00:19:42.304, NVIDIA GeForce RTX 4090, 43 %, 15 %, 19206 MiB, 49140 MiB, 294.71 W, 61
2026/08/14 00:19:43.304, NVIDIA GeForce RTX 4090, 38 %, 13 %, 19206 MiB, 49140 MiB, 275.35 W, 62
2026/08/14 00:19:44.304, NVIDIA GeForce RTX 4090, 52 %, 29 %, 19206 MiB, 49140 MiB, 345.45 W, 58
2026/08/14 00:19:45.305, NVIDIA GeForce RTX 4090, 0 %, 0 %, 19206 MiB, 49140 MiB, 121.10 W, 53
2026/08/14 00:19:46.305, NVIDIA GeForce RTX 4090, 0 %, 0 %, 19206 MiB, 49140 MiB, 100.15 W, 52
2026/08/14 00:19:47.305, NVIDIA GeForce RTX 4090, 78 %, 37 %, 19206 MiB, 49140 MiB, 226.07 W, 62
2026/08/14 00:19:48.305, NVIDIA GeForce RTX 4090, 59 %, 23 %, 19206 MiB, 49140 MiB, 255.94 W, 61
2026/08/14 00:19:49.305, NVIDIA GeForce RTX 4090, 78 %, 38 %, 19206 MiB, 49140 MiB, 273.30 W, 62
2026/08/14 00:19:50.306, NVIDIA GeForce RTX 4090, 69 %, 33 %, 19206 MiB, 49140 MiB, 260.23 W, 62
2026/08/14 00:19:51.306, NVIDIA GeForce RTX 4090, 37 %, 21 %, 19206 MiB, 49140 MiB, 265.17 W, 60
2026/08/14 00:19:52.306, NVIDIA GeForce RTX 4090, 78 %, 38 %, 19206 MiB, 49140 MiB, 256.16 W, 62
2026/08/14 00:19:53.307, NVIDIA GeForce RTX 4090, 39 %, 22 %, 19206 MiB, 49140 MiB, 267.55 W, 59
2026/08/14 00:19:54.307, NVIDIA GeForce RTX 4090, 88 %, 49 %, 19206 MiB, 49140 MiB, 267.67 W, 60
2026/08/14 00:19:55.307, NVIDIA GeForce RTX 4090, 67 %, 43 %, 19206 MiB, 49140 MiB, 283.83 W, 61
2026/08/14 00:19:56.307, NVIDIA GeForce RTX 4090, 87 %, 45 %, 19206 MiB, 49140 MiB, 287.53 W, 63
2026/08/14 00:19:57.308, NVIDIA GeForce RTX 4090, 39 %, 14 %, 19206 MiB, 49140 MiB, 279.07 W, 62
2026/08/14 00:19:58.308, NVIDIA GeForce RTX 4090, 42 %, 15 %, 19206 MiB, 49140 MiB, 268.57 W, 62
2026/08/14 00:19:59.308, NVIDIA GeForce RTX 4090, 45 %, 15 %, 19206 MiB, 49140 MiB, 278.34 W, 61
2026/08/14 00:20:00.308, NVIDIA GeForce RTX 4090, 63 %, 25 %, 19206 MiB, 49140 MiB, 284.41 W, 60
2026/08/14 00:20:01.308, NVIDIA GeForce RTX 4090, 93 %, 57 %, 19206 MiB, 49140 MiB, 294.47 W, 64
2026/08/14 00:20:02.309, NVIDIA GeForce RTX 4090, 49 %, 20 %, 19206 MiB, 49140 MiB, 308.40 W, 62
2026/08/14 00:20:03.309, NVIDIA GeForce RTX 4090, 40 %, 14 %, 19206 MiB, 49140 MiB, 278.95 W, 62
2026/08/14 00:20:04.309, NVIDIA GeForce RTX 4090, 46 %, 15 %, 19206 MiB, 49140 MiB, 282.32 W, 62
2026/08/14 00:20:05.309, NVIDIA GeForce RTX 4090, 61 %, 24 %, 19206 MiB, 49140 MiB, 283.07 W, 61
2026/08/14 00:20:06.309, NVIDIA GeForce RTX 4090, 84 %, 52 %, 19206 MiB, 49140 MiB, 296.37 W, 65
2026/08/14 00:20:07.383, NVIDIA GeForce RTX 4090, 72 %, 39 %, 19206 MiB, 49140 MiB, 298.02 W, 61
2026/08/14 00:20:08.384, NVIDIA GeForce RTX 4090, 45 %, 17 %, 19206 MiB, 49140 MiB, 286.30 W, 61
2026/08/14 00:20:09.384, NVIDIA GeForce RTX 4090, 46 %, 16 %, 19206 MiB, 49140 MiB, 276.70 W, 61
2026/08/14 00:20:10.384, NVIDIA GeForce RTX 4090, 49 %, 17 %, 19206 MiB, 49140 MiB, 278.18 W, 61
2026/08/14 00:20:11.384, NVIDIA GeForce RTX 4090, 96 %, 54 %, 19206 MiB, 49140 MiB, 302.39 W, 62
2026/08/14 00:20:12.384, NVIDIA GeForce RTX 4090, 77 %, 49 %, 19206 MiB, 49140 MiB, 288.40 W, 66
2026/08/14 00:20:13.385, NVIDIA GeForce RTX 4090, 53 %, 25 %, 19206 MiB, 49140 MiB, 295.10 W, 61
2026/08/14 00:20:14.385, NVIDIA GeForce RTX 4090, 40 %, 15 %, 19206 MiB, 49140 MiB, 270.28 W, 61
2026/08/14 00:20:15.385, NVIDIA GeForce RTX 4090, 41 %, 14 %, 19206 MiB, 49140 MiB, 274.92 W, 61
2026/08/14 00:20:16.385, NVIDIA GeForce RTX 4090, 54 %, 19 %, 19206 MiB, 49140 MiB, 279.14 W, 61
2026/08/14 00:20:17.385, NVIDIA GeForce RTX 4090, 64 %, 25 %, 19206 MiB, 49140 MiB, 276.48 W, 60
2026/08/14 00:20:18.386, NVIDIA GeForce RTX 4090, 97 %, 59 %, 19206 MiB, 49140 MiB, 291.76 W, 66
2026/08/14 00:20:19.386, NVIDIA GeForce RTX 4090, 76 %, 38 %, 19206 MiB, 49140 MiB, 298.69 W, 64
2026/08/14 00:20:20.386, NVIDIA GeForce RTX 4090, 43 %, 17 %, 19206 MiB, 49140 MiB, 280.56 W, 60
2026/08/14 00:20:21.386, NVIDIA GeForce RTX 4090, 42 %, 15 %, 19206 MiB, 49140 MiB, 274.60 W, 60
2026/08/14 00:20:22.386, NVIDIA GeForce RTX 4090, 49 %, 17 %, 19206 MiB, 49140 MiB, 277.31 W, 60
2026/08/14 00:20:23.386, NVIDIA GeForce RTX 4090, 64 %, 25 %, 19206 MiB, 49140 MiB, 283.72 W, 59
2026/08/14 00:20:24.387, NVIDIA GeForce RTX 4090, 77 %, 47 %, 19206 MiB, 49140 MiB, 293.73 W, 66
2026/08/14 00:20:25.387, NVIDIA GeForce RTX 4090, 53 %, 26 %, 19206 MiB, 49140 MiB, 305.08 W, 60
2026/08/14 00:20:26.387, NVIDIA GeForce RTX 4090, 36 %, 13 %, 19206 MiB, 49140 MiB, 277.75 W, 60
2026/08/14 00:20:27.387, NVIDIA GeForce RTX 4090, 45 %, 15 %, 19206 MiB, 49140 MiB, 284.58 W, 60
2026/08/14 00:20:28.387, NVIDIA GeForce RTX 4090, 64 %, 25 %, 19206 MiB, 49140 MiB, 284.10 W, 60
2026/08/14 00:20:29.388, NVIDIA GeForce RTX 4090, 85 %, 51 %, 19206 MiB, 49140 MiB, 294.09 W, 66
2026/08/14 00:20:30.388, NVIDIA GeForce RTX 4090, 100 %, 55 %, 19206 MiB, 49140 MiB, 319.10 W, 66
2026/08/14 00:20:31.388, NVIDIA GeForce RTX 4090, 38 %, 13 %, 19206 MiB, 49140 MiB, 333.98 W, 59
2026/08/14 00:20:32.388, NVIDIA GeForce RTX 4090, 46 %, 18 %, 19206 MiB, 49140 MiB, 282.38 W, 58
2026/08/14 00:20:33.388, NVIDIA GeForce RTX 4090, 73 %, 41 %, 19206 MiB, 49140 MiB, 289.35 W, 59
2026/08/14 00:20:34.388, NVIDIA GeForce RTX 4090, 76 %, 48 %, 19206 MiB, 49140 MiB, 284.23 W, 65
2026/08/14 00:20:35.389, NVIDIA GeForce RTX 4090, 57 %, 27 %, 19206 MiB, 49140 MiB, 299.28 W, 58
2026/08/14 00:20:36.389, NVIDIA GeForce RTX 4090, 41 %, 14 %, 19206 MiB, 49140 MiB, 289.96 W, 63
2026/08/14 00:20:37.389, NVIDIA GeForce RTX 4090, 53 %, 19 %, 19206 MiB, 49140 MiB, 276.96 W, 57
2026/08/14 00:20:38.389, NVIDIA GeForce RTX 4090, 64 %, 25 %, 19206 MiB, 49140 MiB, 275.34 W, 58
2026/08/14 00:20:39.389, NVIDIA GeForce RTX 4090, 91 %, 55 %, 19206 MiB, 49140 MiB, 290.51 W, 68
2026/08/14 00:20:40.390, NVIDIA GeForce RTX 4090, 87 %, 43 %, 19206 MiB, 49140 MiB, 301.75 W, 61
2026/08/14 00:20:41.390, NVIDIA GeForce RTX 4090, 40 %, 14 %, 19206 MiB, 49140 MiB, 292.87 W, 58
2026/08/14 00:20:42.390, NVIDIA GeForce RTX 4090, 41 %, 15 %, 19206 MiB, 49140 MiB, 266.42 W, 57
2026/08/14 00:20:43.391, NVIDIA GeForce RTX 4090, 47 %, 16 %, 19206 MiB, 49140 MiB, 276.47 W, 58
2026/08/14 00:20:44.391, NVIDIA GeForce RTX 4090, 65 %, 26 %, 19206 MiB, 49140 MiB, 285.50 W, 58
2026/08/14 00:20:45.391, NVIDIA GeForce RTX 4090, 72 %, 44 %, 19206 MiB, 49140 MiB, 292.02 W, 68
2026/08/14 00:20:46.391, NVIDIA GeForce RTX 4090, 84 %, 46 %, 19206 MiB, 49140 MiB, 300.93 W, 59
2026/08/14 00:20:47.392, NVIDIA GeForce RTX 4090, 39 %, 15 %, 19206 MiB, 49140 MiB, 288.45 W, 57
2026/08/14 00:20:48.392, NVIDIA GeForce RTX 4090, 39 %, 13 %, 19206 MiB, 49140 MiB, 281.17 W, 57
2026/08/14 00:20:49.392, NVIDIA GeForce RTX 4090, 49 %, 17 %, 19206 MiB, 49140 MiB, 273.70 W, 57
2026/08/14 00:20:50.392, NVIDIA GeForce RTX 4090, 71 %, 36 %, 19206 MiB, 49140 MiB, 285.28 W, 60
2026/08/14 00:20:51.393, NVIDIA GeForce RTX 4090, 69 %, 44 %, 19206 MiB, 49140 MiB, 295.01 W, 65
2026/08/14 00:20:52.393, NVIDIA GeForce RTX 4090, 69 %, 36 %, 19206 MiB, 49140 MiB, 285.87 W, 60
2026/08/14 00:20:53.393, NVIDIA GeForce RTX 4090, 49 %, 18 %, 19206 MiB, 49140 MiB, 279.80 W, 63
2026/08/14 00:20:54.393, NVIDIA GeForce RTX 4090, 41 %, 15 %, 19206 MiB, 49140 MiB, 272.45 W, 57
2026/08/14 00:20:55.394, NVIDIA GeForce RTX 4090, 46 %, 18 %, 19206 MiB, 49140 MiB, 292.73 W, 57
2026/08/14 00:20:56.394, NVIDIA GeForce RTX 4090, 69 %, 42 %, 19206 MiB, 49140 MiB, 295.91 W, 60
2026/08/14 00:20:57.394, NVIDIA GeForce RTX 4090, 77 %, 49 %, 19206 MiB, 49140 MiB, 287.83 W, 63
2026/08/14 00:20:58.395, NVIDIA GeForce RTX 4090, 53 %, 25 %, 19206 MiB, 49140 MiB, 296.31 W, 59
2026/08/14 00:20:59.395, NVIDIA GeForce RTX 4090, 43 %, 15 %, 19206 MiB, 49140 MiB, 273.40 W, 58
2026/08/14 00:21:00.395, NVIDIA GeForce RTX 4090, 39 %, 13 %, 19206 MiB, 49140 MiB, 277.89 W, 57
2026/08/14 00:21:01.395, NVIDIA GeForce RTX 4090, 67 %, 26 %, 19206 MiB, 49140 MiB, 287.60 W, 59
2026/08/14 00:21:02.395, NVIDIA GeForce RTX 4090, 68 %, 41 %, 19206 MiB, 49140 MiB, 288.57 W, 60
2026/08/14 00:21:03.396, NVIDIA GeForce RTX 4090, 92 %, 49 %, 19206 MiB, 49140 MiB, 298.12 W, 60
2026/08/14 00:21:04.396, NVIDIA GeForce RTX 4090, 43 %, 17 %, 19206 MiB, 49140 MiB, 275.45 W, 58
2026/08/14 00:21:05.396, NVIDIA GeForce RTX 4090, 23 %, 8 %, 19206 MiB, 49140 MiB, 275.05 W, 56
2026/08/14 00:21:06.397, NVIDIA GeForce RTX 4090, 45 %, 15 %, 19206 MiB, 49140 MiB, 276.55 W, 57
2026/08/14 00:21:07.397, NVIDIA GeForce RTX 4090, 76 %, 30 %, 19206 MiB, 49140 MiB, 286.95 W, 59
2026/08/14 00:21:08.397, NVIDIA GeForce RTX 4090, 65 %, 39 %, 19206 MiB, 49140 MiB, 283.16 W, 60
2026/08/14 00:21:09.397, NVIDIA GeForce RTX 4090, 93 %, 50 %, 19206 MiB, 49140 MiB, 295.79 W, 60
2026/08/14 00:21:10.398, NVIDIA GeForce RTX 4090, 43 %, 17 %, 19206 MiB, 49140 MiB, 274.05 W, 58
2026/08/14 00:21:11.398, NVIDIA GeForce RTX 4090, 36 %, 12 %, 19206 MiB, 49140 MiB, 260.00 W, 57
2026/08/14 00:21:12.398, NVIDIA GeForce RTX 4090, 41 %, 14 %, 19206 MiB, 49140 MiB, 275.48 W, 57
2026/08/14 00:21:13.398, NVIDIA GeForce RTX 4090, 46 %, 18 %, 19206 MiB, 49140 MiB, 282.58 W, 58
2026/08/14 00:21:14.399, NVIDIA GeForce RTX 4090, 0 %, 0 %, 19206 MiB, 49140 MiB, 314.70 W, 56
2026/08/14 00:21:15.399, NVIDIA GeForce RTX 4090, 0 %, 0 %, 19206 MiB, 49140 MiB, 104.51 W, 53
2026/08/14 00:21:16.399, NVIDIA GeForce RTX 4090, 0 %, 0 %, 19206 MiB, 49140 MiB, 98.65 W, 52
2026/08/14 00:21:17.400, NVIDIA GeForce RTX 4090, 0 %, 0 %, 19206 MiB, 49140 MiB, 87.54 W, 52
2026/08/14 00:21:18.400, NVIDIA GeForce RTX 4090, 0 %, 0 %, 19206 MiB, 49140 MiB, 86.13 W, 51
2026/08/14 00:21:19.400, NVIDIA GeForce RTX 4090, 0 %, 0 %, 19206 MiB, 49140 MiB, 86.04 W, 51
2026/08/14 00:21:20.400, NVIDIA GeForce RTX 4090, 0 %, 0 %, 19206 MiB, 49140 MiB, 86.07 W, 50
2026/08/14 00:21:21.400, NVIDIA GeForce RTX 4090, 0 %, 0 %, 19206 MiB, 49140 MiB, 85.91 W, 50
2026/08/14 00:21:22.401, NVIDIA GeForce RTX 4090, 0 %, 0 %, 19206 MiB, 49140 MiB, 85.44 W, 50
2026/08/14 00:21:23.401, NVIDIA GeForce RTX 4090, 0 %, 0 %, 19206 MiB, 49140 MiB, 85.06 W, 49
2026/08/14 00:21:24.401, NVIDIA GeForce RTX 4090, 0 %, 0 %, 19206 MiB, 49140 MiB, 84.37 W, 49
2026/08/14 00:21:25.401, NVIDIA GeForce RTX 4090, 0 %, 0 %, 19206 MiB, 49140 MiB, 83.41 W, 49
2026/08/14 00:21:26.402, NVIDIA GeForce RTX 4090, 0 %, 0 %, 19206 MiB, 49140 MiB, 82.68 W, 48
2026/08/14 00:21:27.402, NVIDIA GeForce RTX 4090, 0 %, 0 %, 19206 MiB, 49140 MiB, 81.90 W, 48
2026/08/14 00:21:28.402, NVIDIA GeForce RTX 4090, 0 %, 0 %, 19206 MiB, 49140 MiB, 80.94 W, 48
2026/08/14 00:21:29.402, NVIDIA GeForce RTX 4090, 0 %, 0 %, 19206 MiB, 49140 MiB, 79.88 W, 48
2026/08/14 00:21:30.403, NVIDIA GeForce RTX 4090, 0 %, 0 %, 19206 MiB, 49140 MiB, 79.04 W, 47
