timestamp, name, utilization.gpu [%], utilization.memory [%], memory.used [MiB], memory.total [MiB], power.draw [W], temperature.gpu
2026/08/14 00:21:32.291, NVIDIA GeForce RTX 4090, 0 %, 0 %, 1 MiB, 49140 MiB, 96.67 W, 48
2026/08/14 00:21:33.298, NVIDIA GeForce RTX 4090, 0 %, 0 %, 1 MiB, 49140 MiB, 97.00 W, 48
2026/08/14 00:21:34.298, NVIDIA GeForce RTX 4090, 0 %, 0 %, 1 MiB, 49140 MiB, 90.88 W, 47
2026/08/14 00:21:35.298, NVIDIA GeForce RTX 4090, 0 %, 0 %, 1 MiB, 49140 MiB, 68.07 W, 45
2026/08/14 00:21:36.299, NVIDIA GeForce RTX 4090, 0 %, 0 %, 1 MiB, 49140 MiB, 44.42 W, 45
2026/08/14 00:21:37.299, NVIDIA GeForce RTX 4090, 0 %, 0 %, 4 MiB, 49140 MiB, 34.47 W, 45
2026/08/14 00:21:38.299, NVIDIA GeForce RTX 4090, 0 %, 0 %, 4 MiB, 49140 MiB, 34.09 W, 44
2026/08/14 00:21:39.299, NVIDIA GeForce RTX 4090, 0 %, 0 %, 4 MiB, 49140 MiB, 33.09 W, 44
2026/08/14 00:21:40.299, NVIDIA GeForce RTX 4090, 0 %, 0 %, 4 MiB, 49140 MiB, 32.72 W, 44
2026/08/14 00:21:41.300, NVIDIA GeForce RTX 4090, 0 %, 0 %, 4 MiB, 49140 MiB, 32.28 W, 44
2026/08/14 00:21:42.300, NVIDIA GeForce RTX 4090, 0 %, 0 %, 4 MiB, 49140 MiB, 32.09 W, 44
2026/08/14 00:21:43.300, NVIDIA GeForce RTX 4090, 0 %, 0 %, 4 MiB, 49140 MiB, 31.95 W, 43
2026/08/14 00:21:44.300, NVIDIA GeForce RTX 4090, 0 %, 0 %, 4 MiB, 49140 MiB, 31.89 W, 43
2026/08/14 00:21:45.300, NVIDIA GeForce RTX 4090, 0 %, 0 %, 4 MiB, 49140 MiB, 31.75 W, 43
2026/08/14 00:21:46.301, NVIDIA GeForce RTX 4090, 0 %, 0 %, 4 MiB, 49140 MiB, 31.59 W, 43
2026/08/14 00:21:47.301, NVIDIA GeForce RTX 4090, 0 %, 0 %, 4 MiB, 49140 MiB, 31.22 W, 43
2026/08/14 00:21:48.301, NVIDIA GeForce RTX 4090, 0 %, 0 %, 4 MiB, 49140 MiB, 30.78 W, 43
2026/08/14 00:21:49.301, NVIDIA GeForce RTX 4090, 0 %, 0 %, 4 MiB, 49140 MiB, 30.48 W, 42
2026/08/14 00:21:50.301, NVIDIA GeForce RTX 4090, 0 %, 0 %, 4 MiB, 49140 MiB, 30.36 W, 42
2026/08/14 00:21:51.302, NVIDIA GeForce RTX 4090, 0 %, 0 %, 4 MiB, 49140 MiB, 30.42 W, 42
2026/08/14 00:21:52.302, NVIDIA GeForce RTX 4090, 0 %, 0 %, 4 MiB, 49140 MiB, 30.25 W, 42
2026/08/14 00:21:53.302, NVIDIA GeForce RTX 4090, 0 %, 0 %, 4 MiB, 49140 MiB, 30.09 W, 42
2026/08/14 00:21:54.302, NVIDIA GeForce RTX 4090, 0 %, 0 %, 4 MiB, 49140 MiB, 30.35 W, 42
2026/08/14 00:21:55.302, NVIDIA GeForce RTX 4090, 0 %, 0 %, 4 MiB, 49140 MiB, 30.57 W, 42
2026/08/14 00:21:56.303, NVIDIA GeForce RTX 4090, 0 %, 0 %, 4 MiB, 49140 MiB, 30.58 W, 42
2026/08/14 00:21:57.303, NVIDIA GeForce RTX 4090, 0 %, 0 %, 4 MiB, 49140 MiB, 30.34 W, 42
2026/08/14 00:21:58.303, NVIDIA GeForce RTX 4090, 0 %, 0 %, 4 MiB, 49140 MiB, 30.18 W, 41
2026/08/14 00:21:59.304, NVIDIA GeForce RTX 4090, 0 %, 0 %, 4 MiB, 49140 MiB, 30.24 W, 41
2026/08/14 00:22:00.304, NVIDIA GeForce RTX 4090, 0 %, 0 %, 4 MiB, 49140 MiB, 29.87 W, 41
2026/08/14 00:22:01.304, NVIDIA GeForce RTX 4090, 0 %, 0 %, 4 MiB, 49140 MiB, 29.70 W, 41
2026/08/14 00:22:02.304, NVIDIA GeForce RTX 4090, 0 %, 0 %, 4 MiB, 49140 MiB, 29.50 W, 41
2026/08/14 00:22:03.305, NVIDIA GeForce RTX 4090, 0 %, 0 %, 4 MiB, 49140 MiB, 29.10 W, 41
2026/08/14 00:22:04.305, NVIDIA GeForce RTX 4090, 0 %, 0 %, 4 MiB, 49140 MiB, 28.98 W, 41
2026/08/14 00:22:05.305, NVIDIA GeForce RTX 4090, 0 %, 0 %, 4 MiB, 49140 MiB, 28.98 W, 41
2026/08/14 00:22:06.305, NVIDIA GeForce RTX 4090, 0 %, 0 %, 4 MiB, 49140 MiB, 28.85 W, 41
2026/08/14 00:22:07.306, NVIDIA GeForce RTX 4090, 0 %, 0 %, 4 MiB, 49140 MiB, 28.58 W, 41
2026/08/14 00:22:08.306, NVIDIA GeForce RTX 4090, 0 %, 0 %, 4 MiB, 49140 MiB, 28.51 W, 41
2026/08/14 00:22:09.306, NVIDIA GeForce RTX 4090, 0 %, 0 %, 4 MiB, 49140 MiB, 28.60 W, 40
2026/08/14 00:22:10.306, NVIDIA GeForce RTX 4090, 0 %, 0 %, 4 MiB, 49140 MiB, 28.77 W, 40
2026/08/14 00:22:11.307, NVIDIA GeForce RTX 4090, 0 %, 0 %, 4 MiB, 49140 MiB, 28.83 W, 40
2026/08/14 00:22:12.307, NVIDIA GeForce RTX 4090, 0 %, 0 %, 4 MiB, 49140 MiB, 28.76 W, 40
2026/08/14 00:22:13.383, NVIDIA GeForce RTX 4090, 0 %, 0 %, 4 MiB, 49140 MiB, 28.65 W, 40
2026/08/14 00:22:14.383, NVIDIA GeForce RTX 4090, 0 %, 0 %, 4 MiB, 49140 MiB, 28.46 W, 40
2026/08/14 00:22:15.384, NVIDIA GeForce RTX 4090, 0 %, 0 %, 4 MiB, 49140 MiB, 28.51 W, 40
2026/08/14 00:22:16.384, NVIDIA GeForce RTX 4090, 0 %, 0 %, 4 MiB, 49140 MiB, 28.50 W, 40
2026/08/14 00:22:17.384, NVIDIA GeForce RTX 4090, 0 %, 0 %, 782 MiB, 49140 MiB, 28.32 W, 40
2026/08/14 00:22:18.384, NVIDIA GeForce RTX 4090, 43 %, 1 %, 6022 MiB, 49140 MiB, 50.63 W, 41
2026/08/14 00:22:19.385, NVIDIA GeForce RTX 4090, 43 %, 1 %, 11540 MiB, 49140 MiB, 87.28 W, 42
2026/08/14 00:22:20.385, NVIDIA GeForce RTX 4090, 71 %, 1 %, 18998 MiB, 49140 MiB, 89.98 W, 42
2026/08/14 00:22:21.385, NVIDIA GeForce RTX 4090, 47 %, 20 %, 19200 MiB, 49140 MiB, 204.71 W, 49
2026/08/14 00:22:22.386, NVIDIA GeForce RTX 4090, 48 %, 25 %, 19202 MiB, 49140 MiB, 248.95 W, 53
2026/08/14 00:22:23.386, NVIDIA GeForce RTX 4090, 95 %, 56 %, 19204 MiB, 49140 MiB, 291.55 W, 55
2026/08/14 00:22:24.386, NVIDIA GeForce RTX 4090, 32 %, 11 %, 19204 MiB, 49140 MiB, 294.16 W, 49
2026/08/14 00:22:25.386, NVIDIA GeForce RTX 4090, 40 %, 13 %, 19204 MiB, 49140 MiB, 266.28 W, 49
2026/08/14 00:22:26.387, NVIDIA GeForce RTX 4090, 47 %, 23 %, 19204 MiB, 49140 MiB, 267.41 W, 55
2026/08/14 00:22:27.387, NVIDIA GeForce RTX 4090, 94 %, 55 %, 19204 MiB, 49140 MiB, 291.23 W, 54
2026/08/14 00:22:28.387, NVIDIA GeForce RTX 4090, 45 %, 20 %, 19204 MiB, 49140 MiB, 282.57 W, 51
2026/08/14 00:22:29.387, NVIDIA GeForce RTX 4090, 22 %, 8 %, 19204 MiB, 49140 MiB, 261.68 W, 50
2026/08/14 00:22:30.388, NVIDIA GeForce RTX 4090, 40 %, 13 %, 19204 MiB, 49140 MiB, 261.32 W, 51
2026/08/14 00:22:31.388, NVIDIA GeForce RTX 4090, 53 %, 21 %, 19204 MiB, 49140 MiB, 263.49 W, 54
2026/08/14 00:22:32.388, NVIDIA GeForce RTX 4090, 75 %, 44 %, 19204 MiB, 49140 MiB, 277.60 W, 58
2026/08/14 00:22:33.388, NVIDIA GeForce RTX 4090, 57 %, 28 %, 19204 MiB, 49140 MiB, 296.32 W, 54
2026/08/14 00:22:34.389, NVIDIA GeForce RTX 4090, 33 %, 11 %, 19204 MiB, 49140 MiB, 270.69 W, 52
2026/08/14 00:22:35.389, NVIDIA GeForce RTX 4090, 35 %, 12 %, 19204 MiB, 49140 MiB, 266.46 W, 52
2026/08/14 00:22:36.389, NVIDIA GeForce RTX 4090, 41 %, 16 %, 19204 MiB, 49140 MiB, 267.34 W, 52
2026/08/14 00:22:37.390, NVIDIA GeForce RTX 4090, 72 %, 44 %, 19204 MiB, 49140 MiB, 291.92 W, 60
2026/08/14 00:22:38.390, NVIDIA GeForce RTX 4090, 50 %, 18 %, 19204 MiB, 49140 MiB, 305.66 W, 54
2026/08/14 00:22:39.390, NVIDIA GeForce RTX 4090, 35 %, 12 %, 19204 MiB, 49140 MiB, 276.45 W, 53
2026/08/14 00:22:40.390, NVIDIA GeForce RTX 4090, 50 %, 21 %, 19204 MiB, 49140 MiB, 273.66 W, 55
2026/08/14 00:22:41.391, NVIDIA GeForce RTX 4090, 74 %, 42 %, 19204 MiB, 49140 MiB, 279.60 W, 59
2026/08/14 00:22:42.391, NVIDIA GeForce RTX 4090, 89 %, 48 %, 19204 MiB, 49140 MiB, 293.57 W, 57
2026/08/14 00:22:43.391, NVIDIA GeForce RTX 4090, 39 %, 14 %, 19204 MiB, 49140 MiB, 291.78 W, 55
2026/08/14 00:22:44.391, NVIDIA GeForce RTX 4090, 41 %, 14 %, 19204 MiB, 49140 MiB, 273.34 W, 54
2026/08/14 00:22:45.392, NVIDIA GeForce RTX 4090, 50 %, 20 %, 19204 MiB, 49140 MiB, 270.03 W, 56
2026/08/14 00:22:46.392, NVIDIA GeForce RTX 4090, 75 %, 43 %, 19204 MiB, 49140 MiB, 280.81 W, 59
2026/08/14 00:22:47.392, NVIDIA GeForce RTX 4090, 90 %, 49 %, 19204 MiB, 49140 MiB, 292.67 W, 58
2026/08/14 00:22:48.393, NVIDIA GeForce RTX 4090, 36 %, 13 %, 19204 MiB, 49140 MiB, 298.65 W, 55
2026/08/14 00:22:49.393, NVIDIA GeForce RTX 4090, 43 %, 14 %, 19204 MiB, 49140 MiB, 275.62 W, 55
2026/08/14 00:22:50.393, NVIDIA GeForce RTX 4090, 67 %, 27 %, 19204 MiB, 49140 MiB, 277.57 W, 63
2026/08/14 00:22:51.393, NVIDIA GeForce RTX 4090, 94 %, 56 %, 19204 MiB, 49140 MiB, 307.50 W, 59
2026/08/14 00:22:52.394, NVIDIA GeForce RTX 4090, 54 %, 20 %, 19204 MiB, 49140 MiB, 297.80 W, 55
2026/08/14 00:22:53.394, NVIDIA GeForce RTX 4090, 41 %, 14 %, 19204 MiB, 49140 MiB, 285.12 W, 56
2026/08/14 00:22:54.394, NVIDIA GeForce RTX 4090, 51 %, 20 %, 19204 MiB, 49140 MiB, 273.64 W, 58
2026/08/14 00:22:55.394, NVIDIA GeForce RTX 4090, 75 %, 43 %, 19204 MiB, 49140 MiB, 282.27 W, 61
2026/08/14 00:22:56.394, NVIDIA GeForce RTX 4090, 56 %, 30 %, 19204 MiB, 49140 MiB, 301.90 W, 59
2026/08/14 00:22:57.395, NVIDIA GeForce RTX 4090, 38 %, 13 %, 19204 MiB, 49140 MiB, 282.62 W, 56
2026/08/14 00:22:58.395, NVIDIA GeForce RTX 4090, 35 %, 12 %, 19204 MiB, 49140 MiB, 274.58 W, 55
2026/08/14 00:22:59.395, NVIDIA GeForce RTX 4090, 46 %, 17 %, 19204 MiB, 49140 MiB, 270.10 W, 56
2026/08/14 00:23:00.396, NVIDIA GeForce RTX 4090, 74 %, 43 %, 19204 MiB, 49140 MiB, 282.43 W, 62
2026/08/14 00:23:01.396, NVIDIA GeForce RTX 4090, 89 %, 48 %, 19204 MiB, 49140 MiB, 291.15 W, 60
2026/08/14 00:23:02.396, NVIDIA GeForce RTX 4090, 100 %, 54 %, 19204 MiB, 49140 MiB, 291.41 W, 63
2026/08/14 00:23:03.396, NVIDIA GeForce RTX 4090, 44 %, 14 %, 19204 MiB, 49140 MiB, 330.01 W, 57
2026/08/14 00:23:04.397, NVIDIA GeForce RTX 4090, 52 %, 20 %, 19204 MiB, 49140 MiB, 273.95 W, 57
2026/08/14 00:23:05.397, NVIDIA GeForce RTX 4090, 59 %, 29 %, 19204 MiB, 49140 MiB, 273.42 W, 64
2026/08/14 00:23:06.397, NVIDIA GeForce RTX 4090, 63 %, 34 %, 19204 MiB, 49140 MiB, 312.91 W, 61
2026/08/14 00:23:07.398, NVIDIA GeForce RTX 4090, 38 %, 14 %, 19206 MiB, 49140 MiB, 287.24 W, 57
2026/08/14 00:23:08.398, NVIDIA GeForce RTX 4090, 40 %, 14 %, 19206 MiB, 49140 MiB, 266.11 W, 57
2026/08/14 00:23:09.398, NVIDIA GeForce RTX 4090, 42 %, 15 %, 19206 MiB, 49140 MiB, 274.51 W, 58
2026/08/14 00:23:10.398, NVIDIA GeForce RTX 4090, 59 %, 30 %, 19206 MiB, 49140 MiB, 285.54 W, 63
2026/08/14 00:23:11.398, NVIDIA GeForce RTX 4090, 94 %, 55 %, 19206 MiB, 49140 MiB, 296.73 W, 64
2026/08/14 00:23:12.398, NVIDIA GeForce RTX 4090, 41 %, 14 %, 19206 MiB, 49140 MiB, 309.39 W, 58
2026/08/14 00:23:13.399, NVIDIA GeForce RTX 4090, 42 %, 14 %, 19206 MiB, 49140 MiB, 274.82 W, 57
2026/08/14 00:23:14.399, NVIDIA GeForce RTX 4090, 43 %, 15 %, 19206 MiB, 49140 MiB, 270.60 W, 64
2026/08/14 00:23:15.399, NVIDIA GeForce RTX 4090, 57 %, 28 %, 19206 MiB, 49140 MiB, 284.29 W, 58
2026/08/14 00:23:16.399, NVIDIA GeForce RTX 4090, 93 %, 54 %, 19206 MiB, 49140 MiB, 296.74 W, 64
2026/08/14 00:23:17.399, NVIDIA GeForce RTX 4090, 72 %, 32 %, 19206 MiB, 49140 MiB, 287.05 W, 59
2026/08/14 00:23:18.400, NVIDIA GeForce RTX 4090, 41 %, 15 %, 19206 MiB, 49140 MiB, 281.36 W, 58
2026/08/14 00:23:19.400, NVIDIA GeForce RTX 4090, 45 %, 15 %, 19206 MiB, 49140 MiB, 274.75 W, 59
2026/08/14 00:23:20.400, NVIDIA GeForce RTX 4090, 51 %, 20 %, 19206 MiB, 49140 MiB, 278.07 W, 64
2026/08/14 00:23:21.400, NVIDIA GeForce RTX 4090, 74 %, 44 %, 19206 MiB, 49140 MiB, 299.62 W, 66
2026/08/14 00:23:22.400, NVIDIA GeForce RTX 4090, 88 %, 46 %, 19206 MiB, 49140 MiB, 294.17 W, 65
2026/08/14 00:23:23.401, NVIDIA GeForce RTX 4090, 57 %, 21 %, 19206 MiB, 49140 MiB, 294.50 W, 59
2026/08/14 00:23:24.401, NVIDIA GeForce RTX 4090, 33 %, 12 %, 19206 MiB, 49140 MiB, 273.43 W, 58
2026/08/14 00:23:25.401, NVIDIA GeForce RTX 4090, 41 %, 13 %, 19206 MiB, 49140 MiB, 270.60 W, 59
2026/08/14 00:23:26.401, NVIDIA GeForce RTX 4090, 45 %, 17 %, 19206 MiB, 49140 MiB, 283.09 W, 63
2026/08/14 00:23:27.402, NVIDIA GeForce RTX 4090, 73 %, 39 %, 19206 MiB, 49140 MiB, 293.57 W, 64
2026/08/14 00:23:28.402, NVIDIA GeForce RTX 4090, 84 %, 43 %, 19206 MiB, 49140 MiB, 295.61 W, 64
2026/08/14 00:23:29.402, NVIDIA GeForce RTX 4090, 71 %, 32 %, 19206 MiB, 49140 MiB, 273.26 W, 59
2026/08/14 00:23:30.402, NVIDIA GeForce RTX 4090, 29 %, 10 %, 19206 MiB, 49140 MiB, 264.47 W, 57
2026/08/14 00:23:31.403, NVIDIA GeForce RTX 4090, 38 %, 14 %, 19206 MiB, 49140 MiB, 273.43 W, 59
2026/08/14 00:23:32.403, NVIDIA GeForce RTX 4090, 39 %, 14 %, 19206 MiB, 49140 MiB, 273.73 W, 59
2026/08/14 00:23:33.403, NVIDIA GeForce RTX 4090, 52 %, 20 %, 19206 MiB, 49140 MiB, 270.40 W, 63
2026/08/14 00:23:34.403, NVIDIA GeForce RTX 4090, 63 %, 32 %, 19206 MiB, 49140 MiB, 280.07 W, 64
2026/08/14 00:23:35.403, NVIDIA GeForce RTX 4090, 74 %, 42 %, 19206 MiB, 49140 MiB, 293.99 W, 65
2026/08/14 00:23:36.404, NVIDIA GeForce RTX 4090, 55 %, 27 %, 19206 MiB, 49140 MiB, 288.49 W, 65
2026/08/14 00:23:37.404, NVIDIA GeForce RTX 4090, 35 %, 12 %, 19206 MiB, 49140 MiB, 280.23 W, 60
2026/08/14 00:23:38.404, NVIDIA GeForce RTX 4090, 37 %, 13 %, 19206 MiB, 49140 MiB, 275.40 W, 59
2026/08/14 00:23:39.404, NVIDIA GeForce RTX 4090, 45 %, 17 %, 19206 MiB, 49140 MiB, 273.18 W, 60
2026/08/14 00:23:40.405, NVIDIA GeForce RTX 4090, 52 %, 28 %, 19206 MiB, 49140 MiB, 269.20 W, 64
2026/08/14 00:23:41.405, NVIDIA GeForce RTX 4090, 94 %, 53 %, 19206 MiB, 49140 MiB, 301.06 W, 64
2026/08/14 00:23:42.405, NVIDIA GeForce RTX 4090, 53 %, 30 %, 19206 MiB, 49140 MiB, 286.98 W, 66
2026/08/14 00:23:43.406, NVIDIA GeForce RTX 4090, 32 %, 11 %, 19206 MiB, 49140 MiB, 278.93 W, 59
2026/08/14 00:23:44.406, NVIDIA GeForce RTX 4090, 32 %, 11 %, 19206 MiB, 49140 MiB, 273.58 W, 59
2026/08/14 00:23:45.406, NVIDIA GeForce RTX 4090, 33 %, 11 %, 19206 MiB, 49140 MiB, 274.70 W, 59
2026/08/14 00:23:46.406, NVIDIA GeForce RTX 4090, 8 %, 4 %, 19206 MiB, 49140 MiB, 339.47 W, 61
2026/08/14 00:23:47.406, NVIDIA GeForce RTX 4090, 0 %, 0 %, 19206 MiB, 49140 MiB, 108.03 W, 53
2026/08/14 00:23:48.407, NVIDIA GeForce RTX 4090, 0 %, 0 %, 19206 MiB, 49140 MiB, 99.02 W, 52
2026/08/14 00:23:49.407, NVIDIA GeForce RTX 4090, 39 %, 13 %, 19206 MiB, 49140 MiB, 192.15 W, 58
2026/08/14 00:23:50.407, NVIDIA GeForce RTX 4090, 45 %, 17 %, 19206 MiB, 49140 MiB, 262.68 W, 60
2026/08/14 00:23:51.408, NVIDIA GeForce RTX 4090, 28 %, 12 %, 19206 MiB, 49140 MiB, 264.52 W, 59
2026/08/14 00:23:52.408, NVIDIA GeForce RTX 4090, 54 %, 28 %, 19206 MiB, 49140 MiB, 269.68 W, 64
2026/08/14 00:23:53.408, NVIDIA GeForce RTX 4090, 68 %, 38 %, 19206 MiB, 49140 MiB, 282.38 W, 64
2026/08/14 00:23:54.409, NVIDIA GeForce RTX 4090, 80 %, 44 %, 19206 MiB, 49140 MiB, 288.02 W, 63
2026/08/14 00:23:55.409, NVIDIA GeForce RTX 4090, 50 %, 19 %, 19206 MiB, 49140 MiB, 292.63 W, 64
2026/08/14 00:23:56.409, NVIDIA GeForce RTX 4090, 31 %, 11 %, 19206 MiB, 49140 MiB, 283.82 W, 59
2026/08/14 00:23:57.409, NVIDIA GeForce RTX 4090, 43 %, 15 %, 19206 MiB, 49140 MiB, 274.66 W, 60
2026/08/14 00:23:58.410, NVIDIA GeForce RTX 4090, 93 %, 49 %, 19206 MiB, 49140 MiB, 290.96 W, 64
2026/08/14 00:23:59.410, NVIDIA GeForce RTX 4090, 97 %, 54 %, 19206 MiB, 49140 MiB, 299.12 W, 65
2026/08/14 00:24:00.410, NVIDIA GeForce RTX 4090, 52 %, 20 %, 19206 MiB, 49140 MiB, 302.48 W, 65
2026/08/14 00:24:01.411, NVIDIA GeForce RTX 4090, 21 %, 7 %, 19206 MiB, 49140 MiB, 273.42 W, 58
2026/08/14 00:24:02.411, NVIDIA GeForce RTX 4090, 25 %, 9 %, 19206 MiB, 49140 MiB, 262.87 W, 59
2026/08/14 00:24:03.411, NVIDIA GeForce RTX 4090, 45 %, 16 %, 19206 MiB, 49140 MiB, 273.98 W, 58
2026/08/14 00:24:04.411, NVIDIA GeForce RTX 4090, 54 %, 28 %, 19206 MiB, 49140 MiB, 282.93 W, 64
2026/08/14 00:24:05.412, NVIDIA GeForce RTX 4090, 71 %, 39 %, 19206 MiB, 49140 MiB, 281.97 W, 65
2026/08/14 00:24:06.412, NVIDIA GeForce RTX 4090, 92 %, 52 %, 19206 MiB, 49140 MiB, 291.60 W, 65
2026/08/14 00:24:07.412, NVIDIA GeForce RTX 4090, 29 %, 11 %, 19206 MiB, 49140 MiB, 279.73 W, 59
2026/08/14 00:24:08.412, NVIDIA GeForce RTX 4090, 34 %, 12 %, 19206 MiB, 49140 MiB, 279.25 W, 60
2026/08/14 00:24:09.413, NVIDIA GeForce RTX 4090, 26 %, 9 %, 19206 MiB, 49140 MiB, 268.66 W, 59
2026/08/14 00:24:10.413, NVIDIA GeForce RTX 4090, 29 %, 9 %, 19206 MiB, 49140 MiB, 269.00 W, 60
2026/08/14 00:24:11.483, NVIDIA GeForce RTX 4090, 31 %, 10 %, 19206 MiB, 49140 MiB, 273.80 W, 59
2026/08/14 00:24:12.484, NVIDIA GeForce RTX 4090, 41 %, 14 %, 19206 MiB, 49140 MiB, 267.14 W, 60
2026/08/14 00:24:13.484, NVIDIA GeForce RTX 4090, 48 %, 17 %, 19206 MiB, 49140 MiB, 276.44 W, 62
2026/08/14 00:24:14.484, NVIDIA GeForce RTX 4090, 40 %, 14 %, 19206 MiB, 49140 MiB, 271.69 W, 62
2026/08/14 00:24:15.484, NVIDIA GeForce RTX 4090, 93 %, 51 %, 19206 MiB, 49140 MiB, 308.30 W, 66
2026/08/14 00:24:16.484, NVIDIA GeForce RTX 4090, 71 %, 35 %, 19206 MiB, 49140 MiB, 296.48 W, 62
2026/08/14 00:24:17.485, NVIDIA GeForce RTX 4090, 52 %, 24 %, 19206 MiB, 49140 MiB, 275.14 W, 60
2026/08/14 00:24:18.485, NVIDIA GeForce RTX 4090, 32 %, 11 %, 19206 MiB, 49140 MiB, 269.71 W, 59
2026/08/14 00:24:19.485, NVIDIA GeForce RTX 4090, 41 %, 14 %, 19206 MiB, 49140 MiB, 267.36 W, 60
2026/08/14 00:24:20.485, NVIDIA GeForce RTX 4090, 41 %, 14 %, 19206 MiB, 49140 MiB, 269.19 W, 60
2026/08/14 00:24:21.485, NVIDIA GeForce RTX 4090, 33 %, 11 %, 19206 MiB, 49140 MiB, 271.12 W, 63
2026/08/14 00:24:22.485, NVIDIA GeForce RTX 4090, 49 %, 26 %, 19206 MiB, 49140 MiB, 279.00 W, 62
2026/08/14 00:24:23.486, NVIDIA GeForce RTX 4090, 75 %, 43 %, 19206 MiB, 49140 MiB, 278.16 W, 65
2026/08/14 00:24:24.486, NVIDIA GeForce RTX 4090, 93 %, 52 %, 19206 MiB, 49140 MiB, 291.81 W, 64
2026/08/14 00:24:25.486, NVIDIA GeForce RTX 4090, 85 %, 42 %, 19206 MiB, 49140 MiB, 287.46 W, 66
2026/08/14 00:24:26.486, NVIDIA GeForce RTX 4090, 58 %, 26 %, 19206 MiB, 49140 MiB, 275.33 W, 65
2026/08/14 00:24:27.486, NVIDIA GeForce RTX 4090, 35 %, 12 %, 19206 MiB, 49140 MiB, 275.72 W, 60
2026/08/14 00:24:28.486, NVIDIA GeForce RTX 4090, 48 %, 16 %, 19206 MiB, 49140 MiB, 268.47 W, 61
2026/08/14 00:24:29.487, NVIDIA GeForce RTX 4090, 44 %, 15 %, 19206 MiB, 49140 MiB, 273.27 W, 61
2026/08/14 00:24:30.487, NVIDIA GeForce RTX 4090, 47 %, 18 %, 19206 MiB, 49140 MiB, 276.80 W, 63
2026/08/14 00:24:31.487, NVIDIA GeForce RTX 4090, 74 %, 42 %, 19206 MiB, 49140 MiB, 290.13 W, 65
2026/08/14 00:24:32.487, NVIDIA GeForce RTX 4090, 100 %, 52 %, 19206 MiB, 49140 MiB, 312.25 W, 65
2026/08/14 00:24:33.487, NVIDIA GeForce RTX 4090, 46 %, 16 %, 19206 MiB, 49140 MiB, 348.18 W, 65
2026/08/14 00:24:34.488, NVIDIA GeForce RTX 4090, 47 %, 16 %, 19206 MiB, 49140 MiB, 273.68 W, 63
2026/08/14 00:24:35.488, NVIDIA GeForce RTX 4090, 63 %, 31 %, 19206 MiB, 49140 MiB, 282.85 W, 65
2026/08/14 00:24:36.488, NVIDIA GeForce RTX 4090, 97 %, 55 %, 19206 MiB, 49140 MiB, 303.89 W, 66
2026/08/14 00:24:37.488, NVIDIA GeForce RTX 4090, 57 %, 26 %, 19206 MiB, 49140 MiB, 305.87 W, 66
2026/08/14 00:24:38.489, NVIDIA GeForce RTX 4090, 45 %, 18 %, 19206 MiB, 49140 MiB, 272.96 W, 64
2026/08/14 00:24:39.489, NVIDIA GeForce RTX 4090, 41 %, 14 %, 19206 MiB, 49140 MiB, 270.48 W, 63
2026/08/14 00:24:40.489, NVIDIA GeForce RTX 4090, 39 %, 13 %, 19206 MiB, 49140 MiB, 270.61 W, 63
2026/08/14 00:24:41.489, NVIDIA GeForce RTX 4090, 49 %, 18 %, 19206 MiB, 49140 MiB, 273.11 W, 65
2026/08/14 00:24:42.490, NVIDIA GeForce RTX 4090, 94 %, 48 %, 19206 MiB, 49140 MiB, 287.54 W, 65
2026/08/14 00:24:43.490, NVIDIA GeForce RTX 4090, 93 %, 53 %, 19206 MiB, 49140 MiB, 297.70 W, 64
2026/08/14 00:24:44.490, NVIDIA GeForce RTX 4090, 58 %, 27 %, 19206 MiB, 49140 MiB, 295.80 W, 66
2026/08/14 00:24:45.490, NVIDIA GeForce RTX 4090, 31 %, 11 %, 19206 MiB, 49140 MiB, 274.77 W, 61
2026/08/14 00:24:46.490, NVIDIA GeForce RTX 4090, 41 %, 14 %, 19206 MiB, 49140 MiB, 267.30 W, 63
2026/08/14 00:24:47.491, NVIDIA GeForce RTX 4090, 39 %, 12 %, 19206 MiB, 49140 MiB, 270.93 W, 62
2026/08/14 00:24:48.491, NVIDIA GeForce RTX 4090, 50 %, 18 %, 19206 MiB, 49140 MiB, 272.91 W, 65
2026/08/14 00:24:49.491, NVIDIA GeForce RTX 4090, 75 %, 41 %, 19206 MiB, 49140 MiB, 287.98 W, 65
2026/08/14 00:24:50.491, NVIDIA GeForce RTX 4090, 52 %, 25 %, 19206 MiB, 49140 MiB, 309.47 W, 66
2026/08/14 00:24:51.491, NVIDIA GeForce RTX 4090, 33 %, 12 %, 19206 MiB, 49140 MiB, 278.77 W, 62
2026/08/14 00:24:52.491, NVIDIA GeForce RTX 4090, 42 %, 15 %, 19206 MiB, 49140 MiB, 263.22 W, 61
2026/08/14 00:24:53.492, NVIDIA GeForce RTX 4090, 42 %, 15 %, 19206 MiB, 49140 MiB, 274.11 W, 65
2026/08/14 00:24:54.492, NVIDIA GeForce RTX 4090, 39 %, 13 %, 19206 MiB, 49140 MiB, 269.50 W, 64
2026/08/14 00:24:55.492, NVIDIA GeForce RTX 4090, 49 %, 18 %, 19206 MiB, 49140 MiB, 274.16 W, 66
2026/08/14 00:24:56.492, NVIDIA GeForce RTX 4090, 64 %, 31 %, 19206 MiB, 49140 MiB, 278.02 W, 65
2026/08/14 00:24:57.492, NVIDIA GeForce RTX 4090, 75 %, 43 %, 19206 MiB, 49140 MiB, 284.67 W, 65
2026/08/14 00:24:58.492, NVIDIA GeForce RTX 4090, 92 %, 54 %, 19206 MiB, 49140 MiB, 293.59 W, 64
2026/08/14 00:24:59.493, NVIDIA GeForce RTX 4090, 66 %, 31 %, 19206 MiB, 49140 MiB, 287.01 W, 64
2026/08/14 00:25:00.493, NVIDIA GeForce RTX 4090, 33 %, 12 %, 19206 MiB, 49140 MiB, 271.68 W, 62
2026/08/14 00:25:01.493, NVIDIA GeForce RTX 4090, 37 %, 13 %, 19206 MiB, 49140 MiB, 270.21 W, 63
2026/08/14 00:25:02.493, NVIDIA GeForce RTX 4090, 43 %, 15 %, 19206 MiB, 49140 MiB, 269.58 W, 66
2026/08/14 00:25:03.493, NVIDIA GeForce RTX 4090, 51 %, 18 %, 19206 MiB, 49140 MiB, 272.04 W, 66
2026/08/14 00:25:04.494, NVIDIA GeForce RTX 4090, 62 %, 30 %, 19206 MiB, 49140 MiB, 287.60 W, 66
2026/08/14 00:25:05.494, NVIDIA GeForce RTX 4090, 74 %, 43 %, 19206 MiB, 49140 MiB, 284.29 W, 66
2026/08/14 00:25:06.494, NVIDIA GeForce RTX 4090, 61 %, 31 %, 19206 MiB, 49140 MiB, 300.86 W, 66
2026/08/14 00:25:07.494, NVIDIA GeForce RTX 4090, 33 %, 12 %, 19206 MiB, 49140 MiB, 281.28 W, 62
2026/08/14 00:25:08.494, NVIDIA GeForce RTX 4090, 39 %, 14 %, 19206 MiB, 49140 MiB, 269.95 W, 66
2026/08/14 00:25:09.494, NVIDIA GeForce RTX 4090, 41 %, 14 %, 19206 MiB, 49140 MiB, 275.21 W, 66
2026/08/14 00:25:10.495, NVIDIA GeForce RTX 4090, 52 %, 20 %, 19206 MiB, 49140 MiB, 277.29 W, 65
2026/08/14 00:25:11.495, NVIDIA GeForce RTX 4090, 76 %, 44 %, 19206 MiB, 49140 MiB, 295.72 W, 64
2026/08/14 00:25:12.495, NVIDIA GeForce RTX 4090, 86 %, 43 %, 19206 MiB, 49140 MiB, 309.69 W, 68
2026/08/14 00:25:13.496, NVIDIA GeForce RTX 4090, 49 %, 18 %, 19206 MiB, 49140 MiB, 287.73 W, 65
2026/08/14 00:25:14.496, NVIDIA GeForce RTX 4090, 47 %, 16 %, 19206 MiB, 49140 MiB, 275.00 W, 65
2026/08/14 00:25:15.496, NVIDIA GeForce RTX 4090, 48 %, 17 %, 19206 MiB, 49140 MiB, 268.78 W, 66
2026/08/14 00:25:16.496, NVIDIA GeForce RTX 4090, 60 %, 27 %, 19206 MiB, 49140 MiB, 283.18 W, 66
2026/08/14 00:25:17.496, NVIDIA GeForce RTX 4090, 0 %, 0 %, 19206 MiB, 49140 MiB, 322.60 W, 56
2026/08/14 00:25:18.497, NVIDIA GeForce RTX 4090, 0 %, 0 %, 19206 MiB, 49140 MiB, 106.16 W, 54
2026/08/14 00:25:19.497, NVIDIA GeForce RTX 4090, 0 %, 0 %, 19206 MiB, 49140 MiB, 99.81 W, 53
2026/08/14 00:25:20.497, NVIDIA GeForce RTX 4090, 99 %, 59 %, 19206 MiB, 49140 MiB, 257.47 W, 64
2026/08/14 00:25:21.497, NVIDIA GeForce RTX 4090, 54 %, 26 %, 19206 MiB, 49140 MiB, 302.30 W, 66
2026/08/14 00:25:22.498, NVIDIA GeForce RTX 4090, 36 %, 12 %, 19206 MiB, 49140 MiB, 274.90 W, 66
2026/08/14 00:25:23.498, NVIDIA GeForce RTX 4090, 39 %, 13 %, 19206 MiB, 49140 MiB, 273.26 W, 65
2026/08/14 00:25:24.498, NVIDIA GeForce RTX 4090, 51 %, 20 %, 19206 MiB, 49140 MiB, 276.86 W, 65
2026/08/14 00:25:25.498, NVIDIA GeForce RTX 4090, 99 %, 60 %, 19206 MiB, 49140 MiB, 314.45 W, 66
2026/08/14 00:25:26.499, NVIDIA GeForce RTX 4090, 52 %, 25 %, 19206 MiB, 49140 MiB, 306.08 W, 66
2026/08/14 00:25:27.499, NVIDIA GeForce RTX 4090, 53 %, 19 %, 19206 MiB, 49140 MiB, 276.83 W, 66
2026/08/14 00:25:28.499, NVIDIA GeForce RTX 4090, 40 %, 13 %, 19206 MiB, 49140 MiB, 279.46 W, 65
2026/08/14 00:25:29.499, NVIDIA GeForce RTX 4090, 46 %, 18 %, 19206 MiB, 49140 MiB, 278.26 W, 65
2026/08/14 00:25:30.499, NVIDIA GeForce RTX 4090, 74 %, 42 %, 19206 MiB, 49140 MiB, 292.71 W, 65
2026/08/14 00:25:31.500, NVIDIA GeForce RTX 4090, 59 %, 29 %, 19206 MiB, 49140 MiB, 301.71 W, 64
2026/08/14 00:25:32.500, NVIDIA GeForce RTX 4090, 35 %, 14 %, 19206 MiB, 49140 MiB, 282.19 W, 63
2026/08/14 00:25:33.500, NVIDIA GeForce RTX 4090, 42 %, 14 %, 19206 MiB, 49140 MiB, 269.78 W, 66
2026/08/14 00:25:34.500, NVIDIA GeForce RTX 4090, 48 %, 16 %, 19206 MiB, 49140 MiB, 276.76 W, 66
2026/08/14 00:25:35.501, NVIDIA GeForce RTX 4090, 45 %, 18 %, 19206 MiB, 49140 MiB, 277.13 W, 65
2026/08/14 00:25:36.501, NVIDIA GeForce RTX 4090, 73 %, 42 %, 19206 MiB, 49140 MiB, 292.66 W, 65
2026/08/14 00:25:37.501, NVIDIA GeForce RTX 4090, 85 %, 44 %, 19206 MiB, 49140 MiB, 309.87 W, 68
2026/08/14 00:25:38.502, NVIDIA GeForce RTX 4090, 44 %, 16 %, 19206 MiB, 49140 MiB, 289.62 W, 65
2026/08/14 00:25:39.502, NVIDIA GeForce RTX 4090, 38 %, 14 %, 19206 MiB, 49140 MiB, 270.50 W, 66
2026/08/14 00:25:40.502, NVIDIA GeForce RTX 4090, 49 %, 17 %, 19206 MiB, 49140 MiB, 278.77 W, 66
2026/08/14 00:25:41.502, NVIDIA GeForce RTX 4090, 64 %, 30 %, 19206 MiB, 49140 MiB, 285.39 W, 65
2026/08/14 00:25:42.502, NVIDIA GeForce RTX 4090, 70 %, 40 %, 19206 MiB, 49140 MiB, 284.01 W, 65
2026/08/14 00:25:43.502, NVIDIA GeForce RTX 4090, 90 %, 53 %, 19206 MiB, 49140 MiB, 292.51 W, 67
2026/08/14 00:25:44.503, NVIDIA GeForce RTX 4090, 49 %, 23 %, 19206 MiB, 49140 MiB, 297.25 W, 67
2026/08/14 00:25:45.503, NVIDIA GeForce RTX 4090, 44 %, 16 %, 19206 MiB, 49140 MiB, 277.02 W, 64
2026/08/14 00:25:46.503, NVIDIA GeForce RTX 4090, 40 %, 14 %, 19206 MiB, 49140 MiB, 271.67 W, 67
2026/08/14 00:25:47.503, NVIDIA GeForce RTX 4090, 47 %, 17 %, 19206 MiB, 49140 MiB, 280.30 W, 66
2026/08/14 00:25:48.503, NVIDIA GeForce RTX 4090, 62 %, 29 %, 19206 MiB, 49140 MiB, 277.92 W, 64
2026/08/14 00:25:49.503, NVIDIA GeForce RTX 4090, 69 %, 39 %, 19206 MiB, 49140 MiB, 282.77 W, 65
2026/08/14 00:25:50.504, NVIDIA GeForce RTX 4090, 59 %, 29 %, 19206 MiB, 49140 MiB, 303.71 W, 65
2026/08/14 00:25:51.504, NVIDIA GeForce RTX 4090, 39 %, 15 %, 19206 MiB, 49140 MiB, 286.98 W, 62
2026/08/14 00:25:52.504, NVIDIA GeForce RTX 4090, 25 %, 9 %, 19206 MiB, 49140 MiB, 264.99 W, 64
2026/08/14 00:25:53.504, NVIDIA GeForce RTX 4090, 37 %, 14 %, 19206 MiB, 49140 MiB, 265.58 W, 67
2026/08/14 00:25:54.505, NVIDIA GeForce RTX 4090, 41 %, 14 %, 19206 MiB, 49140 MiB, 283.18 W, 65
2026/08/14 00:25:55.505, NVIDIA GeForce RTX 4090, 54 %, 22 %, 19206 MiB, 49140 MiB, 283.98 W, 65
2026/08/14 00:25:56.505, NVIDIA GeForce RTX 4090, 92 %, 57 %, 19206 MiB, 49140 MiB, 302.67 W, 65
2026/08/14 00:25:57.505, NVIDIA GeForce RTX 4090, 60 %, 33 %, 19206 MiB, 49140 MiB, 297.05 W, 65
2026/08/14 00:25:58.506, NVIDIA GeForce RTX 4090, 35 %, 13 %, 19206 MiB, 49140 MiB, 282.39 W, 65
2026/08/14 00:25:59.506, NVIDIA GeForce RTX 4090, 21 %, 8 %, 19206 MiB, 49140 MiB, 271.05 W, 66
2026/08/14 00:26:00.506, NVIDIA GeForce RTX 4090, 56 %, 19 %, 19206 MiB, 49140 MiB, 281.55 W, 65
2026/08/14 00:26:01.506, NVIDIA GeForce RTX 4090, 40 %, 15 %, 19206 MiB, 49140 MiB, 277.98 W, 64
2026/08/14 00:26:02.506, NVIDIA GeForce RTX 4090, 91 %, 52 %, 19206 MiB, 49140 MiB, 306.22 W, 68
2026/08/14 00:26:03.507, NVIDIA GeForce RTX 4090, 27 %, 9 %, 19206 MiB, 49140 MiB, 358.52 W, 65
2026/08/14 00:26:04.507, NVIDIA GeForce RTX 4090, 39 %, 14 %, 19206 MiB, 49140 MiB, 274.92 W, 67
2026/08/14 00:26:05.507, NVIDIA GeForce RTX 4090, 43 %, 15 %, 19206 MiB, 49140 MiB, 279.30 W, 66
2026/08/14 00:26:06.507, NVIDIA GeForce RTX 4090, 53 %, 21 %, 19206 MiB, 49140 MiB, 280.65 W, 65
2026/08/14 00:26:07.507, NVIDIA GeForce RTX 4090, 90 %, 55 %, 19206 MiB, 49140 MiB, 301.42 W, 67
2026/08/14 00:26:08.583, NVIDIA GeForce RTX 4090, 48 %, 23 %, 19206 MiB, 49140 MiB, 306.92 W, 67
2026/08/14 00:26:09.583, NVIDIA GeForce RTX 4090, 37 %, 13 %, 19206 MiB, 49140 MiB, 273.09 W, 65
2026/08/14 00:26:10.584, NVIDIA GeForce RTX 4090, 38 %, 13 %, 19206 MiB, 49140 MiB, 275.43 W, 65
2026/08/14 00:26:11.584, NVIDIA GeForce RTX 4090, 40 %, 15 %, 19206 MiB, 49140 MiB, 288.64 W, 65
2026/08/14 00:26:12.584, NVIDIA GeForce RTX 4090, 66 %, 37 %, 19206 MiB, 49140 MiB, 290.38 W, 65
2026/08/14 00:26:13.584, NVIDIA GeForce RTX 4090, 71 %, 41 %, 19206 MiB, 49140 MiB, 291.49 W, 66
2026/08/14 00:26:14.584, NVIDIA GeForce RTX 4090, 46 %, 21 %, 19206 MiB, 49140 MiB, 289.03 W, 66
2026/08/14 00:26:15.585, NVIDIA GeForce RTX 4090, 26 %, 9 %, 19206 MiB, 49140 MiB, 273.69 W, 65
2026/08/14 00:26:16.585, NVIDIA GeForce RTX 4090, 37 %, 13 %, 19206 MiB, 49140 MiB, 268.04 W, 66
2026/08/14 00:26:17.585, NVIDIA GeForce RTX 4090, 40 %, 13 %, 19206 MiB, 49140 MiB, 279.08 W, 65
2026/08/14 00:26:18.585, NVIDIA GeForce RTX 4090, 88 %, 40 %, 19206 MiB, 49140 MiB, 292.57 W, 68
2026/08/14 00:26:19.586, NVIDIA GeForce RTX 4090, 89 %, 47 %, 19206 MiB, 49140 MiB, 321.98 W, 69
2026/08/14 00:26:20.586, NVIDIA GeForce RTX 4090, 26 %, 9 %, 19206 MiB, 49140 MiB, 294.39 W, 65
2026/08/14 00:26:21.586, NVIDIA GeForce RTX 4090, 35 %, 12 %, 19206 MiB, 49140 MiB, 274.44 W, 65
2026/08/14 00:26:22.586, NVIDIA GeForce RTX 4090, 43 %, 15 %, 19206 MiB, 49140 MiB, 278.49 W, 64
2026/08/14 00:26:23.587, NVIDIA GeForce RTX 4090, 55 %, 25 %, 19206 MiB, 49140 MiB, 280.75 W, 65
2026/08/14 00:26:24.587, NVIDIA GeForce RTX 4090, 86 %, 53 %, 19206 MiB, 49140 MiB, 299.04 W, 69
2026/08/14 00:26:25.587, NVIDIA GeForce RTX 4090, 64 %, 34 %, 19206 MiB, 49140 MiB, 300.11 W, 66
2026/08/14 00:26:26.587, NVIDIA GeForce RTX 4090, 35 %, 12 %, 19206 MiB, 49140 MiB, 289.51 W, 64
2026/08/14 00:26:27.588, NVIDIA GeForce RTX 4090, 43 %, 14 %, 19206 MiB, 49140 MiB, 286.46 W, 64
2026/08/14 00:26:28.588, NVIDIA GeForce RTX 4090, 67 %, 37 %, 19206 MiB, 49140 MiB, 305.81 W, 67
2026/08/14 00:26:29.588, NVIDIA GeForce RTX 4090, 66 %, 34 %, 19206 MiB, 49140 MiB, 301.63 W, 65
2026/08/14 00:26:30.589, NVIDIA GeForce RTX 4090, 36 %, 13 %, 19206 MiB, 49140 MiB, 298.75 W, 64
2026/08/14 00:26:31.590, NVIDIA GeForce RTX 4090, 35 %, 12 %, 19206 MiB, 49140 MiB, 276.36 W, 65
2026/08/14 00:26:32.590, NVIDIA GeForce RTX 4090, 55 %, 22 %, 19206 MiB, 49140 MiB, 292.14 W, 65
2026/08/14 00:26:33.590, NVIDIA GeForce RTX 4090, 84 %, 51 %, 19206 MiB, 49140 MiB, 295.86 W, 68
2026/08/14 00:26:34.591, NVIDIA GeForce RTX 4090, 47 %, 22 %, 19206 MiB, 49140 MiB, 303.99 W, 65
2026/08/14 00:26:35.591, NVIDIA GeForce RTX 4090, 32 %, 11 %, 19206 MiB, 49140 MiB, 278.17 W, 63
2026/08/14 00:26:36.591, NVIDIA GeForce RTX 4090, 35 %, 12 %, 19206 MiB, 49140 MiB, 275.10 W, 64
2026/08/14 00:26:37.591, NVIDIA GeForce RTX 4090, 48 %, 19 %, 19206 MiB, 49140 MiB, 281.57 W, 64
2026/08/14 00:26:38.592, NVIDIA GeForce RTX 4090, 83 %, 51 %, 19206 MiB, 49140 MiB, 308.53 W, 68
2026/08/14 00:26:39.592, NVIDIA GeForce RTX 4090, 62 %, 33 %, 19206 MiB, 49140 MiB, 297.98 W, 65
2026/08/14 00:26:40.592, NVIDIA GeForce RTX 4090, 33 %, 11 %, 19206 MiB, 49140 MiB, 288.64 W, 63
2026/08/14 00:26:41.592, NVIDIA GeForce RTX 4090, 39 %, 14 %, 19206 MiB, 49140 MiB, 269.26 W, 64
2026/08/14 00:26:42.593, NVIDIA GeForce RTX 4090, 40 %, 15 %, 19206 MiB, 49140 MiB, 285.24 W, 65
2026/08/14 00:26:43.593, NVIDIA GeForce RTX 4090, 82 %, 50 %, 19206 MiB, 49140 MiB, 299.83 W, 68
2026/08/14 00:26:44.593, NVIDIA GeForce RTX 4090, 65 %, 35 %, 19206 MiB, 49140 MiB, 298.18 W, 65
2026/08/14 00:26:45.594, NVIDIA GeForce RTX 4090, 100 %, 54 %, 19206 MiB, 49140 MiB, 315.73 W, 68
2026/08/14 00:26:46.594, NVIDIA GeForce RTX 4090, 0 %, 0 %, 19206 MiB, 49140 MiB, 216.45 W, 55
2026/08/14 00:26:47.594, NVIDIA GeForce RTX 4090, 0 %, 0 %, 19206 MiB, 49140 MiB, 105.51 W, 54
2026/08/14 00:26:48.594, NVIDIA GeForce RTX 4090, 49 %, 23 %, 19206 MiB, 49140 MiB, 140.25 W, 62
2026/08/14 00:26:49.595, NVIDIA GeForce RTX 4090, 33 %, 12 %, 19206 MiB, 49140 MiB, 270.20 W, 63
2026/08/14 00:26:50.595, NVIDIA GeForce RTX 4090, 21 %, 9 %, 19206 MiB, 49140 MiB, 252.99 W, 62
2026/08/14 00:26:51.595, NVIDIA GeForce RTX 4090, 26 %, 9 %, 19206 MiB, 49140 MiB, 262.27 W, 59
2026/08/14 00:26:52.595, NVIDIA GeForce RTX 4090, 37 %, 13 %, 19206 MiB, 49140 MiB, 266.26 W, 63
2026/08/14 00:26:53.596, NVIDIA GeForce RTX 4090, 34 %, 12 %, 19206 MiB, 49140 MiB, 269.87 W, 63
2026/08/14 00:26:54.596, NVIDIA GeForce RTX 4090, 41 %, 14 %, 19206 MiB, 49140 MiB, 266.98 W, 63
2026/08/14 00:26:55.596, NVIDIA GeForce RTX 4090, 61 %, 30 %, 19206 MiB, 49140 MiB, 294.52 W, 64
2026/08/14 00:26:56.597, NVIDIA GeForce RTX 4090, 90 %, 48 %, 19206 MiB, 49140 MiB, 311.23 W, 68
2026/08/14 00:26:57.597, NVIDIA GeForce RTX 4090, 39 %, 15 %, 19206 MiB, 49140 MiB, 289.76 W, 64
2026/08/14 00:26:58.597, NVIDIA GeForce RTX 4090, 37 %, 13 %, 19206 MiB, 49140 MiB, 278.21 W, 64
2026/08/14 00:26:59.598, NVIDIA GeForce RTX 4090, 34 %, 11 %, 19206 MiB, 49140 MiB, 270.08 W, 64
2026/08/14 00:27:00.598, NVIDIA GeForce RTX 4090, 39 %, 15 %, 19206 MiB, 49140 MiB, 275.81 W, 63
2026/08/14 00:27:01.598, NVIDIA GeForce RTX 4090, 67 %, 38 %, 19206 MiB, 49140 MiB, 289.51 W, 64
2026/08/14 00:27:02.598, NVIDIA GeForce RTX 4090, 89 %, 47 %, 19206 MiB, 49140 MiB, 304.11 W, 67
2026/08/14 00:27:03.599, NVIDIA GeForce RTX 4090, 39 %, 15 %, 19206 MiB, 49140 MiB, 290.77 W, 64
2026/08/14 00:27:04.599, NVIDIA GeForce RTX 4090, 37 %, 13 %, 19206 MiB, 49140 MiB, 276.94 W, 64
2026/08/14 00:27:05.599, NVIDIA GeForce RTX 4090, 42 %, 14 %, 19206 MiB, 49140 MiB, 279.27 W, 63
2026/08/14 00:27:06.599, NVIDIA GeForce RTX 4090, 54 %, 21 %, 19206 MiB, 49140 MiB, 284.54 W, 63
2026/08/14 00:27:07.600, NVIDIA GeForce RTX 4090, 77 %, 46 %, 19206 MiB, 49140 MiB, 295.67 W, 67
2026/08/14 00:27:08.600, NVIDIA GeForce RTX 4090, 76 %, 39 %, 19206 MiB, 49140 MiB, 291.17 W, 60
2026/08/14 00:27:09.600, NVIDIA GeForce RTX 4090, 28 %, 11 %, 19206 MiB, 49140 MiB, 288.71 W, 63
2026/08/14 00:27:10.600, NVIDIA GeForce RTX 4090, 30 %, 11 %, 19206 MiB, 49140 MiB, 276.47 W, 62
2026/08/14 00:27:11.601, NVIDIA GeForce RTX 4090, 35 %, 12 %, 19206 MiB, 49140 MiB, 275.92 W, 64
2026/08/14 00:27:12.601, NVIDIA GeForce RTX 4090, 42 %, 15 %, 19206 MiB, 49140 MiB, 274.49 W, 63
2026/08/14 00:27:13.601, NVIDIA GeForce RTX 4090, 55 %, 22 %, 19206 MiB, 49140 MiB, 278.69 W, 63
2026/08/14 00:27:14.601, NVIDIA GeForce RTX 4090, 67 %, 38 %, 19206 MiB, 49140 MiB, 284.65 W, 64
2026/08/14 00:27:15.601, NVIDIA GeForce RTX 4090, 74 %, 44 %, 19206 MiB, 49140 MiB, 290.23 W, 67
2026/08/14 00:27:16.601, NVIDIA GeForce RTX 4090, 64 %, 32 %, 19206 MiB, 49140 MiB, 290.33 W, 64
2026/08/14 00:27:17.602, NVIDIA GeForce RTX 4090, 19 %, 7 %, 19206 MiB, 49140 MiB, 268.61 W, 62
2026/08/14 00:27:18.602, NVIDIA GeForce RTX 4090, 30 %, 11 %, 19206 MiB, 49140 MiB, 265.59 W, 62
2026/08/14 00:27:19.602, NVIDIA GeForce RTX 4090, 36 %, 13 %, 19206 MiB, 49140 MiB, 272.63 W, 63
2026/08/14 00:27:20.602, NVIDIA GeForce RTX 4090, 34 %, 12 %, 19206 MiB, 49140 MiB, 273.34 W, 63
2026/08/14 00:27:21.603, NVIDIA GeForce RTX 4090, 65 %, 23 %, 19206 MiB, 49140 MiB, 280.48 W, 64
2026/08/14 00:27:22.603, NVIDIA GeForce RTX 4090, 67 %, 38 %, 19206 MiB, 49140 MiB, 300.87 W, 64
2026/08/14 00:27:23.603, NVIDIA GeForce RTX 4090, 80 %, 43 %, 19206 MiB, 49140 MiB, 303.67 W, 61
2026/08/14 00:27:24.603, NVIDIA GeForce RTX 4090, 27 %, 11 %, 19206 MiB, 49140 MiB, 290.60 W, 63
2026/08/14 00:27:25.604, NVIDIA GeForce RTX 4090, 33 %, 11 %, 19206 MiB, 49140 MiB, 267.93 W, 61
2026/08/14 00:27:26.604, NVIDIA GeForce RTX 4090, 40 %, 13 %, 19206 MiB, 49140 MiB, 286.16 W, 61
2026/08/14 00:27:27.604, NVIDIA GeForce RTX 4090, 54 %, 22 %, 19206 MiB, 49140 MiB, 287.16 W, 61
2026/08/14 00:27:28.604, NVIDIA GeForce RTX 4090, 67 %, 38 %, 19206 MiB, 49140 MiB, 284.79 W, 62
2026/08/14 00:27:29.604, NVIDIA GeForce RTX 4090, 72 %, 44 %, 19206 MiB, 49140 MiB, 289.69 W, 67
2026/08/14 00:27:30.605, NVIDIA GeForce RTX 4090, 76 %, 38 %, 19206 MiB, 49140 MiB, 292.83 W, 61
2026/08/14 00:27:31.605, NVIDIA GeForce RTX 4090, 40 %, 14 %, 19206 MiB, 49140 MiB, 288.18 W, 61
2026/08/14 00:27:32.605, NVIDIA GeForce RTX 4090, 100 %, 54 %, 19206 MiB, 49140 MiB, 343.77 W, 69
2026/08/14 00:27:33.683, NVIDIA GeForce RTX 4090, 72 %, 42 %, 19206 MiB, 49140 MiB, 325.14 W, 68
2026/08/14 00:27:34.683, NVIDIA GeForce RTX 4090, 76 %, 39 %, 19206 MiB, 49140 MiB, 292.70 W, 62
2026/08/14 00:27:35.684, NVIDIA GeForce RTX 4090, 33 %, 11 %, 19206 MiB, 49140 MiB, 295.03 W, 62
2026/08/14 00:27:36.684, NVIDIA GeForce RTX 4090, 35 %, 12 %, 19206 MiB, 49140 MiB, 278.35 W, 63
2026/08/14 00:27:37.684, NVIDIA GeForce RTX 4090, 40 %, 14 %, 19206 MiB, 49140 MiB, 274.51 W, 62
2026/08/14 00:27:38.684, NVIDIA GeForce RTX 4090, 50 %, 20 %, 19206 MiB, 49140 MiB, 277.13 W, 61
2026/08/14 00:27:39.684, NVIDIA GeForce RTX 4090, 74 %, 44 %, 19206 MiB, 49140 MiB, 296.77 W, 70
2026/08/14 00:27:40.684, NVIDIA GeForce RTX 4090, 78 %, 39 %, 19206 MiB, 49140 MiB, 301.81 W, 61
2026/08/14 00:27:41.685, NVIDIA GeForce RTX 4090, 42 %, 15 %, 19206 MiB, 49140 MiB, 284.27 W, 60
2026/08/14 00:27:42.685, NVIDIA GeForce RTX 4090, 37 %, 13 %, 19206 MiB, 49140 MiB, 275.01 W, 59
2026/08/14 00:27:43.685, NVIDIA GeForce RTX 4090, 40 %, 15 %, 19206 MiB, 49140 MiB, 288.59 W, 59
2026/08/14 00:27:44.685, NVIDIA GeForce RTX 4090, 61 %, 30 %, 19206 MiB, 49140 MiB, 280.34 W, 61
2026/08/14 00:27:45.685, NVIDIA GeForce RTX 4090, 72 %, 43 %, 19206 MiB, 49140 MiB, 298.87 W, 66
2026/08/14 00:27:46.685, NVIDIA GeForce RTX 4090, 80 %, 40 %, 19206 MiB, 49140 MiB, 293.58 W, 61
2026/08/14 00:27:47.686, NVIDIA GeForce RTX 4090, 28 %, 11 %, 19206 MiB, 49140 MiB, 280.82 W, 59
2026/08/14 00:27:48.686, NVIDIA GeForce RTX 4090, 32 %, 11 %, 19206 MiB, 49140 MiB, 274.42 W, 59
2026/08/14 00:27:49.686, NVIDIA GeForce RTX 4090, 35 %, 12 %, 19206 MiB, 49140 MiB, 275.52 W, 59
2026/08/14 00:27:50.686, NVIDIA GeForce RTX 4090, 43 %, 15 %, 19206 MiB, 49140 MiB, 277.54 W, 59
2026/08/14 00:27:51.686, NVIDIA GeForce RTX 4090, 49 %, 19 %, 19206 MiB, 49140 MiB, 278.30 W, 60
2026/08/14 00:27:52.687, NVIDIA GeForce RTX 4090, 67 %, 38 %, 19206 MiB, 49140 MiB, 282.41 W, 61
2026/08/14 00:27:53.687, NVIDIA GeForce RTX 4090, 73 %, 43 %, 19206 MiB, 49140 MiB, 287.28 W, 65
2026/08/14 00:27:54.687, NVIDIA GeForce RTX 4090, 67 %, 34 %, 19206 MiB, 49140 MiB, 291.08 W, 61
2026/08/14 00:27:55.687, NVIDIA GeForce RTX 4090, 35 %, 13 %, 19206 MiB, 49140 MiB, 274.84 W, 59
2026/08/14 00:27:56.687, NVIDIA GeForce RTX 4090, 37 %, 13 %, 19206 MiB, 49140 MiB, 271.00 W, 59
2026/08/14 00:27:57.687, NVIDIA GeForce RTX 4090, 35 %, 12 %, 19206 MiB, 49140 MiB, 269.30 W, 59
2026/08/14 00:27:58.687, NVIDIA GeForce RTX 4090, 40 %, 14 %, 19206 MiB, 49140 MiB, 272.33 W, 59
2026/08/14 00:27:59.688, NVIDIA GeForce RTX 4090, 50 %, 20 %, 19206 MiB, 49140 MiB, 279.25 W, 60
2026/08/14 00:28:00.688, NVIDIA GeForce RTX 4090, 66 %, 37 %, 19206 MiB, 49140 MiB, 285.84 W, 62
2026/08/14 00:28:01.688, NVIDIA GeForce RTX 4090, 74 %, 40 %, 19206 MiB, 49140 MiB, 291.85 W, 67
2026/08/14 00:28:02.688, NVIDIA GeForce RTX 4090, 80 %, 41 %, 19206 MiB, 49140 MiB, 279.90 W, 61
2026/08/14 00:28:03.689, NVIDIA GeForce RTX 4090, 28 %, 11 %, 19206 MiB, 49140 MiB, 264.56 W, 59
2026/08/14 00:28:04.689, NVIDIA GeForce RTX 4090, 27 %, 9 %, 19206 MiB, 49140 MiB, 264.67 W, 59
2026/08/14 00:28:05.689, NVIDIA GeForce RTX 4090, 24 %, 9 %, 19206 MiB, 49140 MiB, 268.65 W, 58
2026/08/14 00:28:06.689, NVIDIA GeForce RTX 4090, 24 %, 8 %, 19206 MiB, 49140 MiB, 270.48 W, 58
2026/08/14 00:28:07.689, NVIDIA GeForce RTX 4090, 43 %, 15 %, 19206 MiB, 49140 MiB, 276.90 W, 59
2026/08/14 00:28:08.689, NVIDIA GeForce RTX 4090, 82 %, 49 %, 19206 MiB, 49140 MiB, 278.65 W, 60
2026/08/14 00:28:09.690, NVIDIA GeForce RTX 4090, 92 %, 49 %, 19206 MiB, 49140 MiB, 300.95 W, 68
2026/08/14 00:28:10.690, NVIDIA GeForce RTX 4090, 30 %, 12 %, 19206 MiB, 49140 MiB, 289.98 W, 61
2026/08/14 00:28:11.690, NVIDIA GeForce RTX 4090, 36 %, 12 %, 19206 MiB, 49140 MiB, 283.90 W, 60
2026/08/14 00:28:12.690, NVIDIA GeForce RTX 4090, 53 %, 17 %, 19206 MiB, 49140 MiB, 280.99 W, 60
2026/08/14 00:28:13.690, NVIDIA GeForce RTX 4090, 66 %, 26 %, 19206 MiB, 49140 MiB, 283.87 W, 60
2026/08/14 00:28:14.690, NVIDIA GeForce RTX 4090, 65 %, 39 %, 19206 MiB, 49140 MiB, 279.41 W, 60
2026/08/14 00:28:15.691, NVIDIA GeForce RTX 4090, 79 %, 50 %, 19206 MiB, 49140 MiB, 280.44 W, 62
2026/08/14 00:28:16.691, NVIDIA GeForce RTX 4090, 100 %, 55 %, 19206 MiB, 49140 MiB, 292.78 W, 68
2026/08/14 00:28:17.691, NVIDIA GeForce RTX 4090, 0 %, 0 %, 19206 MiB, 49140 MiB, 269.24 W, 56
2026/08/14 00:28:18.691, NVIDIA GeForce RTX 4090, 0 %, 0 %, 19206 MiB, 49140 MiB, 106.11 W, 55
2026/08/14 00:28:19.692, NVIDIA GeForce RTX 4090, 85 %, 44 %, 19206 MiB, 49140 MiB, 124.76 W, 59
2026/08/14 00:28:20.692, NVIDIA GeForce RTX 4090, 73 %, 33 %, 19206 MiB, 49140 MiB, 288.83 W, 67
2026/08/14 00:28:21.692, NVIDIA GeForce RTX 4090, 40 %, 15 %, 19206 MiB, 49140 MiB, 282.50 W, 59
2026/08/14 00:28:22.692, NVIDIA GeForce RTX 4090, 28 %, 9 %, 19206 MiB, 49140 MiB, 273.29 W, 58
2026/08/14 00:28:23.692, NVIDIA GeForce RTX 4090, 45 %, 17 %, 19206 MiB, 49140 MiB, 275.90 W, 59
2026/08/14 00:28:24.693, NVIDIA GeForce RTX 4090, 63 %, 38 %, 19206 MiB, 49140 MiB, 289.88 W, 60
2026/08/14 00:28:25.693, NVIDIA GeForce RTX 4090, 68 %, 41 %, 19206 MiB, 49140 MiB, 284.40 W, 62
2026/08/14 00:28:26.693, NVIDIA GeForce RTX 4090, 61 %, 29 %, 19206 MiB, 49140 MiB, 299.17 W, 61
2026/08/14 00:28:27.693, NVIDIA GeForce RTX 4090, 36 %, 12 %, 19206 MiB, 49140 MiB, 282.29 W, 60
2026/08/14 00:28:28.694, NVIDIA GeForce RTX 4090, 39 %, 13 %, 19206 MiB, 49140 MiB, 278.17 W, 59
2026/08/14 00:28:29.694, NVIDIA GeForce RTX 4090, 57 %, 22 %, 19206 MiB, 49140 MiB, 280.28 W, 59
2026/08/14 00:28:30.694, NVIDIA GeForce RTX 4090, 70 %, 39 %, 19206 MiB, 49140 MiB, 295.12 W, 62
2026/08/14 00:28:31.694, NVIDIA GeForce RTX 4090, 94 %, 51 %, 19206 MiB, 49140 MiB, 295.20 W, 67
2026/08/14 00:28:32.695, NVIDIA GeForce RTX 4090, 35 %, 14 %, 19206 MiB, 49140 MiB, 291.90 W, 62
2026/08/14 00:28:33.695, NVIDIA GeForce RTX 4090, 47 %, 17 %, 19206 MiB, 49140 MiB, 280.75 W, 60
2026/08/14 00:28:34.695, NVIDIA GeForce RTX 4090, 39 %, 13 %, 19206 MiB, 49140 MiB, 270.95 W, 59
2026/08/14 00:28:35.695, NVIDIA GeForce RTX 4090, 49 %, 17 %, 19206 MiB, 49140 MiB, 274.51 W, 59
2026/08/14 00:28:36.695, NVIDIA GeForce RTX 4090, 73 %, 29 %, 19206 MiB, 49140 MiB, 275.12 W, 60
2026/08/14 00:28:37.696, NVIDIA GeForce RTX 4090, 61 %, 38 %, 19206 MiB, 49140 MiB, 268.74 W, 60
2026/08/14 00:28:38.696, NVIDIA GeForce RTX 4090, 93 %, 52 %, 19206 MiB, 49140 MiB, 301.10 W, 67
2026/08/14 00:28:39.696, NVIDIA GeForce RTX 4090, 38 %, 14 %, 19206 MiB, 49140 MiB, 303.21 W, 61
2026/08/14 00:28:40.696, NVIDIA GeForce RTX 4090, 47 %, 17 %, 19206 MiB, 49140 MiB, 278.73 W, 60
2026/08/14 00:28:41.697, NVIDIA GeForce RTX 4090, 53 %, 19 %, 19206 MiB, 49140 MiB, 278.57 W, 60
2026/08/14 00:28:42.697, NVIDIA GeForce RTX 4090, 58 %, 23 %, 19206 MiB, 49140 MiB, 278.70 W, 60
2026/08/14 00:28:43.697, NVIDIA GeForce RTX 4090, 71 %, 44 %, 19206 MiB, 49140 MiB, 287.18 W, 63
2026/08/14 00:28:44.697, NVIDIA GeForce RTX 4090, 88 %, 46 %, 19206 MiB, 49140 MiB, 303.64 W, 68
2026/08/14 00:28:45.697, NVIDIA GeForce RTX 4090, 39 %, 15 %, 19206 MiB, 49140 MiB, 294.14 W, 62
2026/08/14 00:28:46.697, NVIDIA GeForce RTX 4090, 40 %, 15 %, 19206 MiB, 49140 MiB, 274.03 W, 60
2026/08/14 00:28:47.698, NVIDIA GeForce RTX 4090, 44 %, 15 %, 19206 MiB, 49140 MiB, 273.68 W, 60
2026/08/14 00:28:48.698, NVIDIA GeForce RTX 4090, 51 %, 18 %, 19206 MiB, 49140 MiB, 274.40 W, 59
2026/08/14 00:28:49.698, NVIDIA GeForce RTX 4090, 56 %, 28 %, 19206 MiB, 49140 MiB, 281.47 W, 60
2026/08/14 00:28:50.698, NVIDIA GeForce RTX 4090, 92 %, 52 %, 19206 MiB, 49140 MiB, 309.16 W, 68
2026/08/14 00:28:51.698, NVIDIA GeForce RTX 4090, 37 %, 14 %, 19206 MiB, 49140 MiB, 291.68 W, 62
2026/08/14 00:28:52.698, NVIDIA GeForce RTX 4090, 45 %, 16 %, 19206 MiB, 49140 MiB, 274.21 W, 60
2026/08/14 00:28:53.699, NVIDIA GeForce RTX 4090, 41 %, 14 %, 19206 MiB, 49140 MiB, 273.36 W, 60
2026/08/14 00:28:54.699, NVIDIA GeForce RTX 4090, 57 %, 20 %, 19206 MiB, 49140 MiB, 278.49 W, 60
2026/08/14 00:28:55.699, NVIDIA GeForce RTX 4090, 56 %, 24 %, 19206 MiB, 49140 MiB, 275.44 W, 60
2026/08/14 00:28:56.699, NVIDIA GeForce RTX 4090, 55 %, 33 %, 19206 MiB, 49140 MiB, 277.95 W, 61
2026/08/14 00:28:57.699, NVIDIA GeForce RTX 4090, 65 %, 42 %, 19206 MiB, 49140 MiB, 281.14 W, 64
2026/08/14 00:28:58.700, NVIDIA GeForce RTX 4090, 87 %, 46 %, 19206 MiB, 49140 MiB, 291.03 W, 68
2026/08/14 00:28:59.700, NVIDIA GeForce RTX 4090, 41 %, 15 %, 19206 MiB, 49140 MiB, 295.42 W, 62
2026/08/14 00:29:00.700, NVIDIA GeForce RTX 4090, 42 %, 15 %, 19206 MiB, 49140 MiB, 272.13 W, 59
2026/08/14 00:29:01.700, NVIDIA GeForce RTX 4090, 44 %, 15 %, 19206 MiB, 49140 MiB, 272.31 W, 60
2026/08/14 00:29:02.700, NVIDIA GeForce RTX 4090, 51 %, 18 %, 19206 MiB, 49140 MiB, 271.01 W, 60
2026/08/14 00:29:03.700, NVIDIA GeForce RTX 4090, 90 %, 46 %, 19206 MiB, 49140 MiB, 366.66 W, 68
2026/08/14 00:29:04.700, NVIDIA GeForce RTX 4090, 85 %, 37 %, 19206 MiB, 49140 MiB, 305.15 W, 67
2026/08/14 00:29:05.701, NVIDIA GeForce RTX 4090, 40 %, 14 %, 19206 MiB, 49140 MiB, 291.55 W, 61
2026/08/14 00:29:06.701, NVIDIA GeForce RTX 4090, 41 %, 13 %, 19206 MiB, 49140 MiB, 278.45 W, 60
2026/08/14 00:29:07.701, NVIDIA GeForce RTX 4090, 51 %, 21 %, 19206 MiB, 49140 MiB, 275.89 W, 61
2026/08/14 00:29:08.701, NVIDIA GeForce RTX 4090, 66 %, 36 %, 19206 MiB, 49140 MiB, 290.73 W, 65
2026/08/14 00:29:09.702, NVIDIA GeForce RTX 4090, 88 %, 46 %, 19206 MiB, 49140 MiB, 304.51 W, 68
2026/08/14 00:29:10.702, NVIDIA GeForce RTX 4090, 56 %, 21 %, 19206 MiB, 49140 MiB, 300.34 W, 66
2026/08/14 00:29:11.702, NVIDIA GeForce RTX 4090, 58 %, 19 %, 19206 MiB, 49140 MiB, 292.03 W, 61
2026/08/14 00:29:12.702, NVIDIA GeForce RTX 4090, 49 %, 20 %, 19206 MiB, 49140 MiB, 279.96 W, 61
2026/08/14 00:29:13.702, NVIDIA GeForce RTX 4090, 71 %, 39 %, 19206 MiB, 49140 MiB, 290.48 W, 65
2026/08/14 00:29:14.703, NVIDIA GeForce RTX 4090, 91 %, 49 %, 19206 MiB, 49140 MiB, 303.92 W, 68
2026/08/14 00:29:15.703, NVIDIA GeForce RTX 4090, 45 %, 16 %, 19206 MiB, 49140 MiB, 295.65 W, 63
2026/08/14 00:29:16.703, NVIDIA GeForce RTX 4090, 44 %, 16 %, 19206 MiB, 49140 MiB, 273.53 W, 60
2026/08/14 00:29:17.703, NVIDIA GeForce RTX 4090, 49 %, 16 %, 19206 MiB, 49140 MiB, 277.16 W, 60
2026/08/14 00:29:18.704, NVIDIA GeForce RTX 4090, 60 %, 28 %, 19206 MiB, 49140 MiB, 289.70 W, 61
2026/08/14 00:29:19.704, NVIDIA GeForce RTX 4090, 67 %, 39 %, 19206 MiB, 49140 MiB, 286.76 W, 65
2026/08/14 00:29:20.784, NVIDIA GeForce RTX 4090, 54 %, 26 %, 19206 MiB, 49140 MiB, 297.46 W, 64
2026/08/14 00:29:21.784, NVIDIA GeForce RTX 4090, 43 %, 15 %, 19206 MiB, 49140 MiB, 285.40 W, 61
2026/08/14 00:29:22.784, NVIDIA GeForce RTX 4090, 44 %, 15 %, 19206 MiB, 49140 MiB, 275.78 W, 60
2026/08/14 00:29:23.784, NVIDIA GeForce RTX 4090, 46 %, 16 %, 19206 MiB, 49140 MiB, 277.14 W, 60
2026/08/14 00:29:24.785, NVIDIA GeForce RTX 4090, 48 %, 19 %, 19206 MiB, 49140 MiB, 272.20 W, 61
2026/08/14 00:29:25.785, NVIDIA GeForce RTX 4090, 64 %, 35 %, 19206 MiB, 49140 MiB, 281.62 W, 67
2026/08/14 00:29:26.785, NVIDIA GeForce RTX 4090, 88 %, 47 %, 19206 MiB, 49140 MiB, 301.27 W, 68
2026/08/14 00:29:27.785, NVIDIA GeForce RTX 4090, 37 %, 13 %, 19206 MiB, 49140 MiB, 301.46 W, 63
2026/08/14 00:29:28.785, NVIDIA GeForce RTX 4090, 40 %, 13 %, 19206 MiB, 49140 MiB, 275.58 W, 61
2026/08/14 00:29:29.785, NVIDIA GeForce RTX 4090, 51 %, 18 %, 19206 MiB, 49140 MiB, 272.64 W, 61
2026/08/14 00:29:30.786, NVIDIA GeForce RTX 4090, 79 %, 44 %, 19206 MiB, 49140 MiB, 298.84 W, 68
2026/08/14 00:29:31.786, NVIDIA GeForce RTX 4090, 88 %, 46 %, 19206 MiB, 49140 MiB, 301.40 W, 68
2026/08/14 00:29:32.786, NVIDIA GeForce RTX 4090, 37 %, 13 %, 19206 MiB, 49140 MiB, 300.77 W, 63
2026/08/14 00:29:33.787, NVIDIA GeForce RTX 4090, 38 %, 13 %, 19206 MiB, 49140 MiB, 276.20 W, 61
2026/08/14 00:29:34.787, NVIDIA GeForce RTX 4090, 45 %, 17 %, 19206 MiB, 49140 MiB, 276.59 W, 61
2026/08/14 00:29:35.787, NVIDIA GeForce RTX 4090, 70 %, 37 %, 19206 MiB, 49140 MiB, 292.09 W, 68
2026/08/14 00:29:36.787, NVIDIA GeForce RTX 4090, 88 %, 45 %, 19206 MiB, 49140 MiB, 300.95 W, 68
2026/08/14 00:29:37.788, NVIDIA GeForce RTX 4090, 48 %, 18 %, 19206 MiB, 49140 MiB, 297.92 W, 64
2026/08/14 00:29:38.788, NVIDIA GeForce RTX 4090, 42 %, 15 %, 19206 MiB, 49140 MiB, 273.68 W, 61
2026/08/14 00:29:39.788, NVIDIA GeForce RTX 4090, 49 %, 17 %, 19206 MiB, 49140 MiB, 271.80 W, 61
2026/08/14 00:29:40.788, NVIDIA GeForce RTX 4090, 43 %, 16 %, 19206 MiB, 49140 MiB, 279.34 W, 61
2026/08/14 00:29:41.789, NVIDIA GeForce RTX 4090, 53 %, 28 %, 19206 MiB, 49140 MiB, 282.98 W, 63
2026/08/14 00:29:42.789, NVIDIA GeForce RTX 4090, 92 %, 52 %, 19206 MiB, 49140 MiB, 290.70 W, 66
2026/08/14 00:29:43.789, NVIDIA GeForce RTX 4090, 62 %, 27 %, 19206 MiB, 49140 MiB, 301.77 W, 62
2026/08/14 00:29:44.789, NVIDIA GeForce RTX 4090, 44 %, 15 %, 19206 MiB, 49140 MiB, 290.01 W, 62
2026/08/14 00:29:45.790, NVIDIA GeForce RTX 4090, 40 %, 13 %, 19206 MiB, 49140 MiB, 272.73 W, 62
2026/08/14 00:29:46.790, NVIDIA GeForce RTX 4090, 32 %, 18 %, 19206 MiB, 49140 MiB, 346.91 W, 61
2026/08/14 00:29:47.790, NVIDIA GeForce RTX 4090, 0 %, 0 %, 19206 MiB, 49140 MiB, 118.69 W, 56
2026/08/14 00:29:48.790, NVIDIA GeForce RTX 4090, 5 %, 0 %, 19206 MiB, 49140 MiB, 102.48 W, 55
2026/08/14 00:29:49.791, NVIDIA GeForce RTX 4090, 56 %, 28 %, 19206 MiB, 49140 MiB, 244.40 W, 67
2026/08/14 00:29:50.791, NVIDIA GeForce RTX 4090, 66 %, 33 %, 19206 MiB, 49140 MiB, 278.86 W, 66
2026/08/14 00:29:51.791, NVIDIA GeForce RTX 4090, 88 %, 46 %, 19206 MiB, 49140 MiB, 305.13 W, 65
2026/08/14 00:29:52.792, NVIDIA GeForce RTX 4090, 53 %, 23 %, 19206 MiB, 49140 MiB, 288.68 W, 61
2026/08/14 00:29:53.792, NVIDIA GeForce RTX 4090, 36 %, 13 %, 19206 MiB, 49140 MiB, 279.17 W, 61
2026/08/14 00:29:54.792, NVIDIA GeForce RTX 4090, 38 %, 13 %, 19206 MiB, 49140 MiB, 278.99 W, 61
2026/08/14 00:29:55.792, NVIDIA GeForce RTX 4090, 44 %, 17 %, 19206 MiB, 49140 MiB, 279.03 W, 63
2026/08/14 00:29:56.793, NVIDIA GeForce RTX 4090, 53 %, 28 %, 19206 MiB, 49140 MiB, 281.21 W, 68
2026/08/14 00:29:57.793, NVIDIA GeForce RTX 4090, 70 %, 41 %, 19206 MiB, 49140 MiB, 287.37 W, 68
2026/08/14 00:29:58.793, NVIDIA GeForce RTX 4090, 87 %, 44 %, 19206 MiB, 49140 MiB, 295.51 W, 65
2026/08/14 00:29:59.793, NVIDIA GeForce RTX 4090, 55 %, 20 %, 19206 MiB, 49140 MiB, 296.53 W, 61
2026/08/14 00:30:00.794, NVIDIA GeForce RTX 4090, 46 %, 16 %, 19206 MiB, 49140 MiB, 276.23 W, 61
2026/08/14 00:30:01.794, NVIDIA GeForce RTX 4090, 38 %, 12 %, 19206 MiB, 49140 MiB, 277.64 W, 62
2026/08/14 00:30:02.794, NVIDIA GeForce RTX 4090, 45 %, 17 %, 19206 MiB, 49140 MiB, 278.82 W, 65
2026/08/14 00:30:03.795, NVIDIA GeForce RTX 4090, 37 %, 21 %, 19206 MiB, 49140 MiB, 279.30 W, 67
2026/08/14 00:30:04.795, NVIDIA GeForce RTX 4090, 88 %, 45 %, 19206 MiB, 49140 MiB, 305.72 W, 66
2026/08/14 00:30:05.795, NVIDIA GeForce RTX 4090, 56 %, 26 %, 19206 MiB, 49140 MiB, 290.64 W, 62
2026/08/14 00:30:06.796, NVIDIA GeForce RTX 4090, 36 %, 13 %, 19206 MiB, 49140 MiB, 273.84 W, 61
2026/08/14 00:30:07.796, NVIDIA GeForce RTX 4090, 44 %, 15 %, 19206 MiB, 49140 MiB, 282.59 W, 61
2026/08/14 00:30:08.796, NVIDIA GeForce RTX 4090, 40 %, 16 %, 19206 MiB, 49140 MiB, 281.84 W, 62
2026/08/14 00:30:09.797, NVIDIA GeForce RTX 4090, 70 %, 39 %, 19206 MiB, 49140 MiB, 295.09 W, 67
2026/08/14 00:30:10.797, NVIDIA GeForce RTX 4090, 55 %, 29 %, 19206 MiB, 49140 MiB, 308.59 W, 64
2026/08/14 00:30:11.797, NVIDIA GeForce RTX 4090, 33 %, 12 %, 19206 MiB, 49140 MiB, 287.24 W, 62
2026/08/14 00:30:12.797, NVIDIA GeForce RTX 4090, 37 %, 12 %, 19206 MiB, 49140 MiB, 279.54 W, 67
2026/08/14 00:30:13.798, NVIDIA GeForce RTX 4090, 45 %, 17 %, 19206 MiB, 49140 MiB, 288.23 W, 65
2026/08/14 00:30:14.798, NVIDIA GeForce RTX 4090, 53 %, 28 %, 19206 MiB, 49140 MiB, 279.21 W, 67
2026/08/14 00:30:15.798, NVIDIA GeForce RTX 4090, 93 %, 53 %, 19206 MiB, 49140 MiB, 302.75 W, 69
2026/08/14 00:30:16.798, NVIDIA GeForce RTX 4090, 53 %, 20 %, 19206 MiB, 49140 MiB, 307.53 W, 62
2026/08/14 00:30:17.798, NVIDIA GeForce RTX 4090, 32 %, 12 %, 19206 MiB, 49140 MiB, 277.13 W, 61
2026/08/14 00:30:18.799, NVIDIA GeForce RTX 4090, 38 %, 15 %, 19206 MiB, 49140 MiB, 288.26 W, 62
2026/08/14 00:30:19.799, NVIDIA GeForce RTX 4090, 52 %, 28 %, 19206 MiB, 49140 MiB, 284.27 W, 67
2026/08/14 00:30:20.799, NVIDIA GeForce RTX 4090, 92 %, 53 %, 19206 MiB, 49140 MiB, 304.83 W, 70
2026/08/14 00:30:21.799, NVIDIA GeForce RTX 4090, 57 %, 28 %, 19206 MiB, 49140 MiB, 290.99 W, 63
2026/08/14 00:30:22.799, NVIDIA GeForce RTX 4090, 33 %, 13 %, 19206 MiB, 49140 MiB, 282.88 W, 62
2026/08/14 00:30:23.799, NVIDIA GeForce RTX 4090, 34 %, 12 %, 19206 MiB, 49140 MiB, 281.17 W, 69
2026/08/14 00:30:24.800, NVIDIA GeForce RTX 4090, 71 %, 42 %, 19206 MiB, 49140 MiB, 310.13 W, 67
2026/08/14 00:30:25.800, NVIDIA GeForce RTX 4090, 51 %, 27 %, 19206 MiB, 49140 MiB, 310.18 W, 63
2026/08/14 00:30:26.800, NVIDIA GeForce RTX 4090, 32 %, 12 %, 19206 MiB, 49140 MiB, 286.58 W, 62
2026/08/14 00:30:27.800, NVIDIA GeForce RTX 4090, 30 %, 11 %, 19206 MiB, 49140 MiB, 266.90 W, 68
2026/08/14 00:30:28.800, NVIDIA GeForce RTX 4090, 38 %, 15 %, 19206 MiB, 49140 MiB, 298.70 W, 63
2026/08/14 00:30:29.801, NVIDIA GeForce RTX 4090, 55 %, 29 %, 19206 MiB, 49140 MiB, 286.32 W, 68
2026/08/14 00:30:30.801, NVIDIA GeForce RTX 4090, 92 %, 52 %, 19206 MiB, 49140 MiB, 302.97 W, 69
2026/08/14 00:30:31.801, NVIDIA GeForce RTX 4090, 100 %, 52 %, 19206 MiB, 49140 MiB, 331.15 W, 70
2026/08/14 00:30:32.801, NVIDIA GeForce RTX 4090, 39 %, 15 %, 19206 MiB, 49140 MiB, 339.18 W, 63
2026/08/14 00:30:33.802, NVIDIA GeForce RTX 4090, 51 %, 28 %, 19206 MiB, 49140 MiB, 283.95 W, 68
2026/08/14 00:30:34.802, NVIDIA GeForce RTX 4090, 93 %, 53 %, 19206 MiB, 49140 MiB, 303.81 W, 70
2026/08/14 00:30:35.802, NVIDIA GeForce RTX 4090, 51 %, 25 %, 19206 MiB, 49140 MiB, 289.08 W, 61
2026/08/14 00:30:36.802, NVIDIA GeForce RTX 4090, 30 %, 10 %, 19206 MiB, 49140 MiB, 287.07 W, 63
2026/08/14 00:30:37.802, NVIDIA GeForce RTX 4090, 38 %, 13 %, 19206 MiB, 49140 MiB, 269.52 W, 63
2026/08/14 00:30:38.803, NVIDIA GeForce RTX 4090, 28 %, 9 %, 19206 MiB, 49140 MiB, 266.54 W, 68
2026/08/14 00:30:39.803, NVIDIA GeForce RTX 4090, 37 %, 15 %, 19206 MiB, 49140 MiB, 280.70 W, 67
2026/08/14 00:30:40.803, NVIDIA GeForce RTX 4090, 68 %, 42 %, 19206 MiB, 49140 MiB, 292.02 W, 69
2026/08/14 00:30:41.803, NVIDIA GeForce RTX 4090, 52 %, 30 %, 19206 MiB, 49140 MiB, 301.99 W, 69
2026/08/14 00:30:42.804, NVIDIA GeForce RTX 4090, 32 %, 13 %, 19206 MiB, 49140 MiB, 281.68 W, 63
2026/08/14 00:30:43.804, NVIDIA GeForce RTX 4090, 38 %, 14 %, 19206 MiB, 49140 MiB, 273.02 W, 63
2026/08/14 00:30:44.804, NVIDIA GeForce RTX 4090, 31 %, 10 %, 19206 MiB, 49140 MiB, 274.38 W, 64
2026/08/14 00:30:45.806, NVIDIA GeForce RTX 4090, 37 %, 14 %, 19206 MiB, 49140 MiB, 285.10 W, 68
2026/08/14 00:30:46.806, NVIDIA GeForce RTX 4090, 66 %, 39 %, 19206 MiB, 49140 MiB, 294.52 W, 69
2026/08/14 00:30:47.806, NVIDIA GeForce RTX 4090, 93 %, 50 %, 19206 MiB, 49140 MiB, 295.59 W, 69
2026/08/14 00:30:48.807, NVIDIA GeForce RTX 4090, 38 %, 15 %, 19206 MiB, 49140 MiB, 283.51 W, 62
2026/08/14 00:30:49.807, NVIDIA GeForce RTX 4090, 34 %, 12 %, 19206 MiB, 49140 MiB, 279.39 W, 63
2026/08/14 00:30:50.807, NVIDIA GeForce RTX 4090, 38 %, 13 %, 19206 MiB, 49140 MiB, 277.61 W, 63
2026/08/14 00:30:51.807, NVIDIA GeForce RTX 4090, 45 %, 17 %, 19206 MiB, 49140 MiB, 278.06 W, 68
2026/08/14 00:30:52.807, NVIDIA GeForce RTX 4090, 70 %, 39 %, 19206 MiB, 49140 MiB, 289.91 W, 69
2026/08/14 00:30:53.808, NVIDIA GeForce RTX 4090, 93 %, 50 %, 19206 MiB, 49140 MiB, 303.68 W, 68
2026/08/14 00:30:54.808, NVIDIA GeForce RTX 4090, 49 %, 19 %, 19206 MiB, 49140 MiB, 294.31 W, 64
2026/08/14 00:30:55.808, NVIDIA GeForce RTX 4090, 23 %, 8 %, 19206 MiB, 49140 MiB, 272.39 W, 63
2026/08/14 00:30:56.809, NVIDIA GeForce RTX 4090, 38 %, 13 %, 19206 MiB, 49140 MiB, 274.86 W, 64
2026/08/14 00:30:57.809, NVIDIA GeForce RTX 4090, 44 %, 16 %, 19206 MiB, 49140 MiB, 281.67 W, 68
2026/08/14 00:30:58.809, NVIDIA GeForce RTX 4090, 70 %, 39 %, 19206 MiB, 49140 MiB, 287.50 W, 69
2026/08/14 00:30:59.809, NVIDIA GeForce RTX 4090, 75 %, 41 %, 19206 MiB, 49140 MiB, 294.00 W, 65
2026/08/14 00:31:00.810, NVIDIA GeForce RTX 4090, 75 %, 34 %, 19206 MiB, 49140 MiB, 294.66 W, 65
2026/08/14 00:31:01.810, NVIDIA GeForce RTX 4090, 26 %, 9 %, 19206 MiB, 49140 MiB, 284.71 W, 64
2026/08/14 00:31:02.810, NVIDIA GeForce RTX 4090, 39 %, 13 %, 19206 MiB, 49140 MiB, 284.73 W, 64
2026/08/14 00:31:03.810, NVIDIA GeForce RTX 4090, 53 %, 27 %, 19206 MiB, 49140 MiB, 289.06 W, 68
2026/08/14 00:31:04.811, NVIDIA GeForce RTX 4090, 93 %, 52 %, 19206 MiB, 49140 MiB, 312.02 W, 70
2026/08/14 00:31:05.811, NVIDIA GeForce RTX 4090, 75 %, 34 %, 19206 MiB, 49140 MiB, 294.71 W, 65
2026/08/14 00:31:06.811, NVIDIA GeForce RTX 4090, 29 %, 10 %, 19206 MiB, 49140 MiB, 282.08 W, 65
2026/08/14 00:31:07.811, NVIDIA GeForce RTX 4090, 23 %, 7 %, 19206 MiB, 49140 MiB, 278.00 W, 63
2026/08/14 00:31:08.812, NVIDIA GeForce RTX 4090, 34 %, 14 %, 19206 MiB, 49140 MiB, 280.37 W, 68
2026/08/14 00:31:09.812, NVIDIA GeForce RTX 4090, 70 %, 39 %, 19206 MiB, 49140 MiB, 294.76 W, 68
2026/08/14 00:31:10.812, NVIDIA GeForce RTX 4090, 51 %, 25 %, 19206 MiB, 49140 MiB, 307.70 W, 64
2026/08/14 00:31:11.812, NVIDIA GeForce RTX 4090, 33 %, 12 %, 19206 MiB, 49140 MiB, 283.48 W, 64
2026/08/14 00:31:12.813, NVIDIA GeForce RTX 4090, 39 %, 14 %, 19206 MiB, 49140 MiB, 269.68 W, 64
2026/08/14 00:31:13.813, NVIDIA GeForce RTX 4090, 40 %, 14 %, 19206 MiB, 49140 MiB, 285.81 W, 65
2026/08/14 00:31:14.813, NVIDIA GeForce RTX 4090, 48 %, 25 %, 19206 MiB, 49140 MiB, 288.42 W, 69
2026/08/14 00:31:15.813, NVIDIA GeForce RTX 4090, 0 %, 0 %, 19206 MiB, 49140 MiB, 321.84 W, 58
2026/08/14 00:31:16.814, NVIDIA GeForce RTX 4090, 0 %, 0 %, 19206 MiB, 49140 MiB, 107.26 W, 56
2026/08/14 00:31:17.814, NVIDIA GeForce RTX 4090, 87 %, 45 %, 19206 MiB, 49140 MiB, 131.04 W, 64
2026/08/14 00:31:18.814, NVIDIA GeForce RTX 4090, 85 %, 42 %, 19206 MiB, 49140 MiB, 278.00 W, 64
2026/08/14 00:31:19.814, NVIDIA GeForce RTX 4090, 51 %, 21 %, 19206 MiB, 49140 MiB, 277.73 W, 62
2026/08/14 00:31:20.815, NVIDIA GeForce RTX 4090, 20 %, 7 %, 19206 MiB, 49140 MiB, 272.25 W, 64
2026/08/14 00:31:21.815, NVIDIA GeForce RTX 4090, 14 %, 5 %, 19206 MiB, 49140 MiB, 263.14 W, 62
2026/08/14 00:31:22.815, NVIDIA GeForce RTX 4090, 28 %, 9 %, 19206 MiB, 49140 MiB, 265.29 W, 60
2026/08/14 00:31:23.816, NVIDIA GeForce RTX 4090, 32 %, 11 %, 19206 MiB, 49140 MiB, 270.68 W, 68
2026/08/14 00:31:24.816, NVIDIA GeForce RTX 4090, 29 %, 11 %, 19206 MiB, 49140 MiB, 275.46 W, 66
2026/08/14 00:31:25.816, NVIDIA GeForce RTX 4090, 55 %, 27 %, 19206 MiB, 49140 MiB, 278.87 W, 68
2026/08/14 00:31:26.883, NVIDIA GeForce RTX 4090, 71 %, 39 %, 19206 MiB, 49140 MiB, 286.94 W, 66
2026/08/14 00:31:27.884, NVIDIA GeForce RTX 4090, 88 %, 51 %, 19206 MiB, 49140 MiB, 297.46 W, 68
2026/08/14 00:31:28.884, NVIDIA GeForce RTX 4090, 55 %, 25 %, 19206 MiB, 49140 MiB, 290.98 W, 67
2026/08/14 00:31:29.884, NVIDIA GeForce RTX 4090, 40 %, 15 %, 19206 MiB, 49140 MiB, 280.03 W, 61
2026/08/14 00:31:30.884, NVIDIA GeForce RTX 4090, 13 %, 5 %, 19206 MiB, 49140 MiB, 267.62 W, 65
2026/08/14 00:31:31.885, NVIDIA GeForce RTX 4090, 36 %, 13 %, 19206 MiB, 49140 MiB, 266.89 W, 65
2026/08/14 00:31:32.885, NVIDIA GeForce RTX 4090, 41 %, 15 %, 19206 MiB, 49140 MiB, 281.02 W, 67
2026/08/14 00:31:33.885, NVIDIA GeForce RTX 4090, 53 %, 26 %, 19206 MiB, 49140 MiB, 286.89 W, 68
2026/08/14 00:31:34.886, NVIDIA GeForce RTX 4090, 99 %, 57 %, 19206 MiB, 49140 MiB, 305.76 W, 69
2026/08/14 00:31:35.886, NVIDIA GeForce RTX 4090, 49 %, 25 %, 19206 MiB, 49140 MiB, 290.64 W, 68
2026/08/14 00:31:36.886, NVIDIA GeForce RTX 4090, 39 %, 15 %, 19206 MiB, 49140 MiB, 283.90 W, 64
2026/08/14 00:31:37.887, NVIDIA GeForce RTX 4090, 36 %, 13 %, 19206 MiB, 49140 MiB, 279.07 W, 65
2026/08/14 00:31:38.887, NVIDIA GeForce RTX 4090, 15 %, 5 %, 19206 MiB, 49140 MiB, 275.24 W, 67
2026/08/14 00:31:39.887, NVIDIA GeForce RTX 4090, 39 %, 16 %, 19206 MiB, 49140 MiB, 280.97 W, 68
2026/08/14 00:31:40.888, NVIDIA GeForce RTX 4090, 69 %, 38 %, 19206 MiB, 49140 MiB, 285.46 W, 66
2026/08/14 00:31:41.888, NVIDIA GeForce RTX 4090, 48 %, 25 %, 19206 MiB, 49140 MiB, 300.51 W, 68
2026/08/14 00:31:42.888, NVIDIA GeForce RTX 4090, 16 %, 6 %, 19206 MiB, 49140 MiB, 282.56 W, 69
2026/08/14 00:31:43.889, NVIDIA GeForce RTX 4090, 34 %, 12 %, 19206 MiB, 49140 MiB, 279.47 W, 65
2026/08/14 00:31:44.889, NVIDIA GeForce RTX 4090, 40 %, 14 %, 19206 MiB, 49140 MiB, 280.82 W, 67
2026/08/14 00:31:45.889, NVIDIA GeForce RTX 4090, 43 %, 21 %, 19206 MiB, 49140 MiB, 284.17 W, 67
2026/08/14 00:31:46.889, NVIDIA GeForce RTX 4090, 98 %, 58 %, 19206 MiB, 49140 MiB, 305.66 W, 68
2026/08/14 00:31:47.890, NVIDIA GeForce RTX 4090, 51 %, 22 %, 19206 MiB, 49140 MiB, 307.33 W, 67
2026/08/14 00:31:48.890, NVIDIA GeForce RTX 4090, 24 %, 8 %, 19206 MiB, 49140 MiB, 277.91 W, 67
2026/08/14 00:31:49.890, NVIDIA GeForce RTX 4090, 26 %, 9 %, 19206 MiB, 49140 MiB, 270.92 W, 63
2026/08/14 00:31:50.890, NVIDIA GeForce RTX 4090, 34 %, 12 %, 19206 MiB, 49140 MiB, 273.46 W, 68
2026/08/14 00:31:51.891, NVIDIA GeForce RTX 4090, 44 %, 17 %, 19206 MiB, 49140 MiB, 274.50 W, 67
2026/08/14 00:31:52.891, NVIDIA GeForce RTX 4090, 63 %, 36 %, 19206 MiB, 49140 MiB, 291.63 W, 68
2026/08/14 00:31:53.891, NVIDIA GeForce RTX 4090, 47 %, 23 %, 19206 MiB, 49140 MiB, 314.53 W, 68
2026/08/14 00:31:54.891, NVIDIA GeForce RTX 4090, 53 %, 25 %, 19206 MiB, 49140 MiB, 276.83 W, 67
2026/08/14 00:31:55.891, NVIDIA GeForce RTX 4090, 33 %, 12 %, 19206 MiB, 49140 MiB, 277.69 W, 66
2026/08/14 00:31:56.892, NVIDIA GeForce RTX 4090, 27 %, 9 %, 19206 MiB, 49140 MiB, 279.92 W, 68
2026/08/14 00:31:57.892, NVIDIA GeForce RTX 4090, 38 %, 15 %, 19206 MiB, 49140 MiB, 290.03 W, 68
2026/08/14 00:31:58.892, NVIDIA GeForce RTX 4090, 99 %, 58 %, 19206 MiB, 49140 MiB, 310.03 W, 68
2026/08/14 00:31:59.893, NVIDIA GeForce RTX 4090, 40 %, 16 %, 19206 MiB, 49140 MiB, 308.09 W, 69
2026/08/14 00:32:00.893, NVIDIA GeForce RTX 4090, 24 %, 9 %, 19206 MiB, 49140 MiB, 275.74 W, 67
2026/08/14 00:32:01.893, NVIDIA GeForce RTX 4090, 100 %, 51 %, 19206 MiB, 49140 MiB, 335.58 W, 71
2026/08/14 00:32:02.893, NVIDIA GeForce RTX 4090, 70 %, 36 %, 19206 MiB, 49140 MiB, 307.71 W, 68
2026/08/14 00:32:03.894, NVIDIA GeForce RTX 4090, 92 %, 53 %, 19206 MiB, 49140 MiB, 306.11 W, 67
2026/08/14 00:32:04.894, NVIDIA GeForce RTX 4090, 26 %, 10 %, 19206 MiB, 49140 MiB, 300.23 W, 70
2026/08/14 00:32:05.894, NVIDIA GeForce RTX 4090, 31 %, 11 %, 19206 MiB, 49140 MiB, 271.28 W, 68
2026/08/14 00:32:06.894, NVIDIA GeForce RTX 4090, 38 %, 13 %, 19206 MiB, 49140 MiB, 272.72 W, 67
2026/08/14 00:32:07.894, NVIDIA GeForce RTX 4090, 41 %, 14 %, 19206 MiB, 49140 MiB, 273.07 W, 67
2026/08/14 00:32:08.895, NVIDIA GeForce RTX 4090, 40 %, 15 %, 19206 MiB, 49140 MiB, 273.12 W, 67
2026/08/14 00:32:09.895, NVIDIA GeForce RTX 4090, 70 %, 38 %, 19206 MiB, 49140 MiB, 299.72 W, 66
2026/08/14 00:32:10.895, NVIDIA GeForce RTX 4090, 92 %, 52 %, 19206 MiB, 49140 MiB, 293.74 W, 66
2026/08/14 00:32:11.895, NVIDIA GeForce RTX 4090, 48 %, 23 %, 19206 MiB, 49140 MiB, 290.75 W, 67
2026/08/14 00:32:12.896, NVIDIA GeForce RTX 4090, 28 %, 11 %, 19206 MiB, 49140 MiB, 273.59 W, 65
2026/08/14 00:32:13.896, NVIDIA GeForce RTX 4090, 6 %, 2 %, 19206 MiB, 49140 MiB, 266.82 W, 66
2026/08/14 00:32:14.896, NVIDIA GeForce RTX 4090, 35 %, 13 %, 19206 MiB, 49140 MiB, 268.44 W, 67
2026/08/14 00:32:15.897, NVIDIA GeForce RTX 4090, 34 %, 11 %, 19206 MiB, 49140 MiB, 270.32 W, 68
2026/08/14 00:32:16.897, NVIDIA GeForce RTX 4090, 42 %, 15 %, 19206 MiB, 49140 MiB, 276.75 W, 68
2026/08/14 00:32:17.897, NVIDIA GeForce RTX 4090, 52 %, 20 %, 19206 MiB, 49140 MiB, 278.50 W, 67
2026/08/14 00:32:18.897, NVIDIA GeForce RTX 4090, 98 %, 58 %, 19206 MiB, 49140 MiB, 304.30 W, 68
2026/08/14 00:32:19.897, NVIDIA GeForce RTX 4090, 63 %, 31 %, 19206 MiB, 49140 MiB, 303.54 W, 67
2026/08/14 00:32:20.898, NVIDIA GeForce RTX 4090, 12 %, 4 %, 19206 MiB, 49140 MiB, 287.28 W, 68
2026/08/14 00:32:21.898, NVIDIA GeForce RTX 4090, 37 %, 13 %, 19206 MiB, 49140 MiB, 272.23 W, 67
2026/08/14 00:32:22.898, NVIDIA GeForce RTX 4090, 45 %, 16 %, 19206 MiB, 49140 MiB, 279.93 W, 68
2026/08/14 00:32:23.898, NVIDIA GeForce RTX 4090, 70 %, 34 %, 19206 MiB, 49140 MiB, 291.82 W, 68
2026/08/14 00:32:24.898, NVIDIA GeForce RTX 4090, 92 %, 52 %, 19206 MiB, 49140 MiB, 303.77 W, 67
2026/08/14 00:32:25.899, NVIDIA GeForce RTX 4090, 69 %, 38 %, 19206 MiB, 49140 MiB, 289.43 W, 69
2026/08/14 00:32:26.899, NVIDIA GeForce RTX 4090, 25 %, 9 %, 19206 MiB, 49140 MiB, 280.23 W, 64
2026/08/14 00:32:27.899, NVIDIA GeForce RTX 4090, 4 %, 2 %, 19206 MiB, 49140 MiB, 266.58 W, 67
2026/08/14 00:32:28.899, NVIDIA GeForce RTX 4090, 37 %, 13 %, 19206 MiB, 49140 MiB, 259.35 W, 67
2026/08/14 00:32:29.899, NVIDIA GeForce RTX 4090, 41 %, 13 %, 19206 MiB, 49140 MiB, 279.11 W, 68
2026/08/14 00:32:30.900, NVIDIA GeForce RTX 4090, 72 %, 35 %, 19206 MiB, 49140 MiB, 300.67 W, 68
2026/08/14 00:32:31.900, NVIDIA GeForce RTX 4090, 92 %, 53 %, 19206 MiB, 49140 MiB, 305.50 W, 67
2026/08/14 00:32:32.900, NVIDIA GeForce RTX 4090, 28 %, 11 %, 19206 MiB, 49140 MiB, 299.31 W, 67
2026/08/14 00:32:33.900, NVIDIA GeForce RTX 4090, 31 %, 11 %, 19206 MiB, 49140 MiB, 273.56 W, 69
2026/08/14 00:32:34.900, NVIDIA GeForce RTX 4090, 20 %, 7 %, 19206 MiB, 49140 MiB, 273.17 W, 68
2026/08/14 00:32:35.900, NVIDIA GeForce RTX 4090, 47 %, 17 %, 19206 MiB, 49140 MiB, 282.04 W, 68
2026/08/14 00:32:36.900, NVIDIA GeForce RTX 4090, 55 %, 21 %, 19206 MiB, 49140 MiB, 280.18 W, 66
2026/08/14 00:32:37.901, NVIDIA GeForce RTX 4090, 74 %, 42 %, 19206 MiB, 49140 MiB, 285.89 W, 66
2026/08/14 00:32:38.901, NVIDIA GeForce RTX 4090, 94 %, 54 %, 19206 MiB, 49140 MiB, 294.79 W, 68
2026/08/14 00:32:39.901, NVIDIA GeForce RTX 4090, 57 %, 30 %, 19206 MiB, 49140 MiB, 291.69 W, 68
2026/08/14 00:32:40.901, NVIDIA GeForce RTX 4090, 43 %, 17 %, 19206 MiB, 49140 MiB, 273.57 W, 69
2026/08/14 00:32:41.901, NVIDIA GeForce RTX 4090, 15 %, 6 %, 19206 MiB, 49140 MiB, 271.39 W, 68
2026/08/14 00:32:42.901, NVIDIA GeForce RTX 4090, 36 %, 12 %, 19206 MiB, 49140 MiB, 278.61 W, 67
2026/08/14 00:32:43.902, NVIDIA GeForce RTX 4090, 49 %, 17 %, 19206 MiB, 49140 MiB, 282.07 W, 68
2026/08/14 00:32:44.902, NVIDIA GeForce RTX 4090, 59 %, 23 %, 19206 MiB, 49140 MiB, 287.27 W, 66
2026/08/14 00:32:45.902, NVIDIA GeForce RTX 4090, 99 %, 55 %, 19206 MiB, 49140 MiB, 314.51 W, 69
2026/08/14 00:32:46.902, NVIDIA GeForce RTX 4090, 0 %, 0 %, 19206 MiB, 49140 MiB, 270.32 W, 58
2026/08/14 00:32:47.902, NVIDIA GeForce RTX 4090, 0 %, 0 %, 19206 MiB, 49140 MiB, 106.70 W, 56
2026/08/14 00:32:48.902, NVIDIA GeForce RTX 4090, 72 %, 36 %, 19206 MiB, 49140 MiB, 147.99 W, 63
2026/08/14 00:32:49.903, NVIDIA GeForce RTX 4090, 42 %, 17 %, 19206 MiB, 49140 MiB, 271.86 W, 63
2026/08/14 00:32:50.903, NVIDIA GeForce RTX 4090, 18 %, 6 %, 19206 MiB, 49140 MiB, 267.38 W, 64
2026/08/14 00:32:51.903, NVIDIA GeForce RTX 4090, 34 %, 12 %, 19206 MiB, 49140 MiB, 277.21 W, 65
2026/08/14 00:32:52.903, NVIDIA GeForce RTX 4090, 38 %, 13 %, 19206 MiB, 49140 MiB, 274.53 W, 65
2026/08/14 00:32:53.904, NVIDIA GeForce RTX 4090, 49 %, 17 %, 19206 MiB, 49140 MiB, 274.91 W, 66
2026/08/14 00:32:54.904, NVIDIA GeForce RTX 4090, 23 %, 9 %, 19206 MiB, 49140 MiB, 265.82 W, 63
2026/08/14 00:32:55.904, NVIDIA GeForce RTX 4090, 49 %, 17 %, 19206 MiB, 49140 MiB, 255.01 W, 64
2026/08/14 00:32:56.904, NVIDIA GeForce RTX 4090, 76 %, 43 %, 19206 MiB, 49140 MiB, 309.86 W, 66
2026/08/14 00:32:57.905, NVIDIA GeForce RTX 4090, 61 %, 30 %, 19206 MiB, 49140 MiB, 290.60 W, 67
2026/08/14 00:32:58.905, NVIDIA GeForce RTX 4090, 36 %, 14 %, 19206 MiB, 49140 MiB, 279.85 W, 68
2026/08/14 00:32:59.905, NVIDIA GeForce RTX 4090, 42 %, 15 %, 19206 MiB, 49140 MiB, 281.19 W, 67
2026/08/14 00:33:00.906, NVIDIA GeForce RTX 4090, 46 %, 15 %, 19206 MiB, 49140 MiB, 282.61 W, 67
2026/08/14 00:33:01.906, NVIDIA GeForce RTX 4090, 78 %, 38 %, 19206 MiB, 49140 MiB, 306.79 W, 66
2026/08/14 00:33:02.906, NVIDIA GeForce RTX 4090, 49 %, 23 %, 19206 MiB, 49140 MiB, 307.54 W, 66
2026/08/14 00:33:03.907, NVIDIA GeForce RTX 4090, 40 %, 15 %, 19206 MiB, 49140 MiB, 287.85 W, 66
2026/08/14 00:33:04.907, NVIDIA GeForce RTX 4090, 35 %, 12 %, 19206 MiB, 49140 MiB, 272.47 W, 67
2026/08/14 00:33:05.907, NVIDIA GeForce RTX 4090, 44 %, 15 %, 19206 MiB, 49140 MiB, 282.40 W, 66
2026/08/14 00:33:06.908, NVIDIA GeForce RTX 4090, 63 %, 25 %, 19206 MiB, 49140 MiB, 294.40 W, 66
2026/08/14 00:33:07.908, NVIDIA GeForce RTX 4090, 64 %, 32 %, 19206 MiB, 49140 MiB, 305.49 W, 67
2026/08/14 00:33:08.908, NVIDIA GeForce RTX 4090, 52 %, 25 %, 19206 MiB, 49140 MiB, 294.51 W, 67
2026/08/14 00:33:09.908, NVIDIA GeForce RTX 4090, 35 %, 12 %, 19206 MiB, 49140 MiB, 282.51 W, 67
2026/08/14 00:33:10.983, NVIDIA GeForce RTX 4090, 35 %, 14 %, 19206 MiB, 49140 MiB, 278.14 W, 67
2026/08/14 00:33:11.984, NVIDIA GeForce RTX 4090, 43 %, 15 %, 19206 MiB, 49140 MiB, 283.03 W, 66
2026/08/14 00:33:12.984, NVIDIA GeForce RTX 4090, 47 %, 18 %, 19206 MiB, 49140 MiB, 279.37 W, 65
2026/08/14 00:33:13.984, NVIDIA GeForce RTX 4090, 75 %, 36 %, 19206 MiB, 49140 MiB, 281.79 W, 65
2026/08/14 00:33:14.984, NVIDIA GeForce RTX 4090, 65 %, 33 %, 19206 MiB, 49140 MiB, 316.09 W, 69
2026/08/14 00:33:15.985, NVIDIA GeForce RTX 4090, 34 %, 14 %, 19206 MiB, 49140 MiB, 288.79 W, 67
2026/08/14 00:33:16.985, NVIDIA GeForce RTX 4090, 42 %, 15 %, 19206 MiB, 49140 MiB, 284.20 W, 65
2026/08/14 00:33:17.985, NVIDIA GeForce RTX 4090, 65 %, 23 %, 19206 MiB, 49140 MiB, 286.26 W, 66
2026/08/14 00:33:18.986, NVIDIA GeForce RTX 4090, 78 %, 44 %, 19206 MiB, 49140 MiB, 303.61 W, 66
2026/08/14 00:33:19.986, NVIDIA GeForce RTX 4090, 88 %, 47 %, 19206 MiB, 49140 MiB, 306.44 W, 69
2026/08/14 00:33:20.986, NVIDIA GeForce RTX 4090, 32 %, 13 %, 19206 MiB, 49140 MiB, 286.68 W, 67
2026/08/14 00:33:21.986, NVIDIA GeForce RTX 4090, 30 %, 11 %, 19206 MiB, 49140 MiB, 272.99 W, 66
2026/08/14 00:33:22.987, NVIDIA GeForce RTX 4090, 39 %, 13 %, 19206 MiB, 49140 MiB, 278.33 W, 67
2026/08/14 00:33:23.987, NVIDIA GeForce RTX 4090, 64 %, 25 %, 19206 MiB, 49140 MiB, 291.89 W, 66
2026/08/14 00:33:24.987, NVIDIA GeForce RTX 4090, 78 %, 44 %, 19206 MiB, 49140 MiB, 284.08 W, 65
2026/08/14 00:33:25.987, NVIDIA GeForce RTX 4090, 96 %, 55 %, 19206 MiB, 49140 MiB, 294.87 W, 67
2026/08/14 00:33:26.987, NVIDIA GeForce RTX 4090, 53 %, 25 %, 19206 MiB, 49140 MiB, 298.47 W, 65
2026/08/14 00:33:27.988, NVIDIA GeForce RTX 4090, 30 %, 11 %, 19206 MiB, 49140 MiB, 274.93 W, 66
2026/08/14 00:33:28.988, NVIDIA GeForce RTX 4090, 39 %, 13 %, 19206 MiB, 49140 MiB, 272.31 W, 65
2026/08/14 00:33:29.988, NVIDIA GeForce RTX 4090, 47 %, 18 %, 19206 MiB, 49140 MiB, 286.85 W, 65
2026/08/14 00:33:30.988, NVIDIA GeForce RTX 4090, 78 %, 44 %, 19206 MiB, 49140 MiB, 293.73 W, 66
2026/08/14 00:33:31.988, NVIDIA GeForce RTX 4090, 31 %, 12 %, 19206 MiB, 49140 MiB, 362.65 W, 68
2026/08/14 00:33:32.989, NVIDIA GeForce RTX 4090, 36 %, 12 %, 19206 MiB, 49140 MiB, 271.31 W, 67
2026/08/14 00:33:33.989, NVIDIA GeForce RTX 4090, 52 %, 17 %, 19206 MiB, 49140 MiB, 282.23 W, 66
2026/08/14 00:33:34.989, NVIDIA GeForce RTX 4090, 63 %, 25 %, 19206 MiB, 49140 MiB, 284.41 W, 67
2026/08/14 00:33:35.989, NVIDIA GeForce RTX 4090, 78 %, 44 %, 19206 MiB, 49140 MiB, 283.95 W, 67
2026/08/14 00:33:36.989, NVIDIA GeForce RTX 4090, 86 %, 50 %, 19206 MiB, 49140 MiB, 288.94 W, 67
2026/08/14 00:33:37.990, NVIDIA GeForce RTX 4090, 68 %, 37 %, 19206 MiB, 49140 MiB, 287.13 W, 68
2026/08/14 00:33:38.990, NVIDIA GeForce RTX 4090, 34 %, 13 %, 19206 MiB, 49140 MiB, 282.38 W, 67
2026/08/14 00:33:39.990, NVIDIA GeForce RTX 4090, 43 %, 16 %, 19206 MiB, 49140 MiB, 269.44 W, 66
2026/08/14 00:33:40.990, NVIDIA GeForce RTX 4090, 50 %, 16 %, 19206 MiB, 49140 MiB, 277.40 W, 66
2026/08/14 00:33:41.991, NVIDIA GeForce RTX 4090, 78 %, 38 %, 19206 MiB, 49140 MiB, 296.08 W, 66
2026/08/14 00:33:42.991, NVIDIA GeForce RTX 4090, 98 %, 56 %, 19206 MiB, 49140 MiB, 302.74 W, 66
2026/08/14 00:33:43.991, NVIDIA GeForce RTX 4090, 39 %, 21 %, 19206 MiB, 49140 MiB, 279.37 W, 66
2026/08/14 00:33:44.991, NVIDIA GeForce RTX 4090, 25 %, 10 %, 19206 MiB, 49140 MiB, 274.75 W, 68
2026/08/14 00:33:45.992, NVIDIA GeForce RTX 4090, 32 %, 11 %, 19206 MiB, 49140 MiB, 263.67 W, 65
2026/08/14 00:33:46.992, NVIDIA GeForce RTX 4090, 44 %, 15 %, 19206 MiB, 49140 MiB, 275.36 W, 64
2026/08/14 00:33:47.992, NVIDIA GeForce RTX 4090, 49 %, 17 %, 19206 MiB, 49140 MiB, 280.22 W, 66
2026/08/14 00:33:48.992, NVIDIA GeForce RTX 4090, 78 %, 38 %, 19206 MiB, 49140 MiB, 288.85 W, 65
2026/08/14 00:33:49.993, NVIDIA GeForce RTX 4090, 98 %, 58 %, 19206 MiB, 49140 MiB, 301.85 W, 66
2026/08/14 00:33:50.993, NVIDIA GeForce RTX 4090, 53 %, 25 %, 19206 MiB, 49140 MiB, 296.33 W, 65
2026/08/14 00:33:51.993, NVIDIA GeForce RTX 4090, 31 %, 11 %, 19206 MiB, 49140 MiB, 274.07 W, 68
2026/08/14 00:33:52.993, NVIDIA GeForce RTX 4090, 40 %, 14 %, 19206 MiB, 49140 MiB, 268.73 W, 65
2026/08/14 00:33:53.994, NVIDIA GeForce RTX 4090, 38 %, 13 %, 19206 MiB, 49140 MiB, 271.38 W, 66
2026/08/14 00:33:54.994, NVIDIA GeForce RTX 4090, 49 %, 19 %, 19206 MiB, 49140 MiB, 281.25 W, 65
2026/08/14 00:33:55.994, NVIDIA GeForce RTX 4090, 84 %, 52 %, 19206 MiB, 49140 MiB, 304.66 W, 65
2026/08/14 00:33:56.995, NVIDIA GeForce RTX 4090, 70 %, 36 %, 19206 MiB, 49140 MiB, 302.08 W, 69
2026/08/14 00:33:57.995, NVIDIA GeForce RTX 4090, 37 %, 13 %, 19206 MiB, 49140 MiB, 290.53 W, 67
2026/08/14 00:33:58.995, NVIDIA GeForce RTX 4090, 40 %, 14 %, 19206 MiB, 49140 MiB, 266.70 W, 65
2026/08/14 00:33:59.995, NVIDIA GeForce RTX 4090, 45 %, 15 %, 19206 MiB, 49140 MiB, 281.80 W, 66
2026/08/14 00:34:00.996, NVIDIA GeForce RTX 4090, 63 %, 25 %, 19206 MiB, 49140 MiB, 286.52 W, 65
2026/08/14 00:34:01.996, NVIDIA GeForce RTX 4090, 82 %, 46 %, 19206 MiB, 49140 MiB, 287.77 W, 64
2026/08/14 00:34:02.996, NVIDIA GeForce RTX 4090, 81 %, 50 %, 19206 MiB, 49140 MiB, 292.31 W, 66
2026/08/14 00:34:03.996, NVIDIA GeForce RTX 4090, 72 %, 38 %, 19206 MiB, 49140 MiB, 289.75 W, 69
2026/08/14 00:34:04.996, NVIDIA GeForce RTX 4090, 29 %, 12 %, 19206 MiB, 49140 MiB, 279.12 W, 66
2026/08/14 00:34:05.997, NVIDIA GeForce RTX 4090, 31 %, 11 %, 19206 MiB, 49140 MiB, 268.60 W, 64
2026/08/14 00:34:06.997, NVIDIA GeForce RTX 4090, 40 %, 14 %, 19206 MiB, 49140 MiB, 268.89 W, 64
2026/08/14 00:34:07.997, NVIDIA GeForce RTX 4090, 38 %, 13 %, 19206 MiB, 49140 MiB, 272.35 W, 64
2026/08/14 00:34:08.998, NVIDIA GeForce RTX 4090, 54 %, 19 %, 19206 MiB, 49140 MiB, 277.39 W, 64
2026/08/14 00:34:09.998, NVIDIA GeForce RTX 4090, 64 %, 25 %, 19206 MiB, 49140 MiB, 279.97 W, 64
2026/08/14 00:34:10.998, NVIDIA GeForce RTX 4090, 96 %, 54 %, 19206 MiB, 49140 MiB, 286.42 W, 64
2026/08/14 00:34:11.998, NVIDIA GeForce RTX 4090, 80 %, 42 %, 19206 MiB, 49140 MiB, 307.45 W, 69
2026/08/14 00:34:12.999, NVIDIA GeForce RTX 4090, 30 %, 12 %, 19206 MiB, 49140 MiB, 290.15 W, 65
2026/08/14 00:34:13.999, NVIDIA GeForce RTX 4090, 31 %, 11 %, 19206 MiB, 49140 MiB, 266.97 W, 64
2026/08/14 00:34:14.999, NVIDIA GeForce RTX 4090, 27 %, 10 %, 19206 MiB, 49140 MiB, 270.68 W, 64
2026/08/14 00:34:15.999, NVIDIA GeForce RTX 4090, 100 %, 52 %, 19206 MiB, 49140 MiB, 342.11 W, 70
2026/08/14 00:34:17.000, NVIDIA GeForce RTX 4090, 0 %, 0 %, 19206 MiB, 49140 MiB, 153.49 W, 57
2026/08/14 00:34:18.000, NVIDIA GeForce RTX 4090, 0 %, 0 %, 19206 MiB, 49140 MiB, 105.16 W, 55
2026/08/14 00:34:19.000, NVIDIA GeForce RTX 4090, 45 %, 17 %, 19206 MiB, 49140 MiB, 202.32 W, 61
2026/08/14 00:34:20.000, NVIDIA GeForce RTX 4090, 77 %, 37 %, 19206 MiB, 49140 MiB, 282.01 W, 61
2026/08/14 00:34:21.000, NVIDIA GeForce RTX 4090, 74 %, 42 %, 19206 MiB, 49140 MiB, 275.13 W, 62
2026/08/14 00:34:22.001, NVIDIA GeForce RTX 4090, 65 %, 41 %, 19206 MiB, 49140 MiB, 285.78 W, 62
2026/08/14 00:34:23.001, NVIDIA GeForce RTX 4090, 90 %, 46 %, 19206 MiB, 49140 MiB, 284.02 W, 69
2026/08/14 00:34:24.001, NVIDIA GeForce RTX 4090, 91 %, 48 %, 19206 MiB, 49140 MiB, 272.94 W, 68
2026/08/14 00:34:25.001, NVIDIA GeForce RTX 4090, 53 %, 25 %, 19206 MiB, 49140 MiB, 289.17 W, 61
2026/08/14 00:34:26.002, NVIDIA GeForce RTX 4090, 24 %, 9 %, 19206 MiB, 49140 MiB, 263.91 W, 60
2026/08/14 00:34:27.002, NVIDIA GeForce RTX 4090, 38 %, 14 %, 19206 MiB, 49140 MiB, 268.99 W, 60
2026/08/14 00:34:28.002, NVIDIA GeForce RTX 4090, 21 %, 7 %, 19206 MiB, 49140 MiB, 261.63 W, 60
2026/08/14 00:34:29.002, NVIDIA GeForce RTX 4090, 38 %, 14 %, 19206 MiB, 49140 MiB, 264.62 W, 60
2026/08/14 00:34:30.003, NVIDIA GeForce RTX 4090, 43 %, 14 %, 19206 MiB, 49140 MiB, 265.57 W, 62
2026/08/14 00:34:31.003, NVIDIA GeForce RTX 4090, 49 %, 17 %, 19206 MiB, 49140 MiB, 275.29 W, 61
2026/08/14 00:34:32.003, NVIDIA GeForce RTX 4090, 44 %, 17 %, 19206 MiB, 49140 MiB, 268.92 W, 59
2026/08/14 00:34:33.003, NVIDIA GeForce RTX 4090, 60 %, 24 %, 19206 MiB, 49140 MiB, 272.01 W, 60
2026/08/14 00:34:34.004, NVIDIA GeForce RTX 4090, 73 %, 36 %, 19206 MiB, 49140 MiB, 274.80 W, 61
2026/08/14 00:34:35.004, NVIDIA GeForce RTX 4090, 71 %, 43 %, 19206 MiB, 49140 MiB, 290.26 W, 69
2026/08/14 00:34:36.004, NVIDIA GeForce RTX 4090, 61 %, 29 %, 19206 MiB, 49140 MiB, 309.76 W, 61
2026/08/14 00:34:37.005, NVIDIA GeForce RTX 4090, 43 %, 15 %, 19206 MiB, 49140 MiB, 280.41 W, 60
2026/08/14 00:34:38.005, NVIDIA GeForce RTX 4090, 38 %, 13 %, 19206 MiB, 49140 MiB, 279.18 W, 59
2026/08/14 00:34:39.005, NVIDIA GeForce RTX 4090, 30 %, 10 %, 19206 MiB, 49140 MiB, 268.38 W, 58
2026/08/14 00:34:40.005, NVIDIA GeForce RTX 4090, 71 %, 36 %, 19206 MiB, 49140 MiB, 289.22 W, 61
2026/08/14 00:34:41.005, NVIDIA GeForce RTX 4090, 71 %, 45 %, 19206 MiB, 49140 MiB, 295.57 W, 63
2026/08/14 00:34:42.006, NVIDIA GeForce RTX 4090, 68 %, 35 %, 19206 MiB, 49140 MiB, 289.54 W, 62
2026/08/14 00:34:43.006, NVIDIA GeForce RTX 4090, 45 %, 17 %, 19206 MiB, 49140 MiB, 290.34 W, 60
2026/08/14 00:34:44.006, NVIDIA GeForce RTX 4090, 44 %, 16 %, 19206 MiB, 49140 MiB, 271.79 W, 59
2026/08/14 00:34:45.007, NVIDIA GeForce RTX 4090, 45 %, 15 %, 19206 MiB, 49140 MiB, 277.22 W, 59
2026/08/14 00:34:46.007, NVIDIA GeForce RTX 4090, 62 %, 25 %, 19206 MiB, 49140 MiB, 290.17 W, 61
2026/08/14 00:34:47.007, NVIDIA GeForce RTX 4090, 71 %, 43 %, 19206 MiB, 49140 MiB, 297.09 W, 70
2026/08/14 00:34:48.007, NVIDIA GeForce RTX 4090, 84 %, 42 %, 19206 MiB, 49140 MiB, 304.30 W, 62
2026/08/14 00:34:49.008, NVIDIA GeForce RTX 4090, 40 %, 15 %, 19206 MiB, 49140 MiB, 281.43 W, 60
2026/08/14 00:34:50.008, NVIDIA GeForce RTX 4090, 44 %, 15 %, 19206 MiB, 49140 MiB, 278.48 W, 60
2026/08/14 00:34:51.008, NVIDIA GeForce RTX 4090, 53 %, 19 %, 19206 MiB, 49140 MiB, 280.60 W, 60
2026/08/14 00:34:52.008, NVIDIA GeForce RTX 4090, 62 %, 25 %, 19206 MiB, 49140 MiB, 278.25 W, 60
2026/08/14 00:34:53.009, NVIDIA GeForce RTX 4090, 86 %, 51 %, 19206 MiB, 49140 MiB, 281.45 W, 65
2026/08/14 00:34:54.009, NVIDIA GeForce RTX 4090, 85 %, 43 %, 19206 MiB, 49140 MiB, 310.67 W, 62
2026/08/14 00:34:55.009, NVIDIA GeForce RTX 4090, 35 %, 14 %, 19206 MiB, 49140 MiB, 282.11 W, 60
2026/08/14 00:34:56.009, NVIDIA GeForce RTX 4090, 27 %, 10 %, 19206 MiB, 49140 MiB, 277.98 W, 59
2026/08/14 00:34:57.009, NVIDIA GeForce RTX 4090, 57 %, 20 %, 19206 MiB, 49140 MiB, 278.33 W, 60
2026/08/14 00:34:58.009, NVIDIA GeForce RTX 4090, 71 %, 36 %, 19206 MiB, 49140 MiB, 287.45 W, 62
2026/08/14 00:34:59.010, NVIDIA GeForce RTX 4090, 69 %, 44 %, 19206 MiB, 49140 MiB, 298.79 W, 65
2026/08/14 00:35:00.010, NVIDIA GeForce RTX 4090, 86 %, 43 %, 19206 MiB, 49140 MiB, 286.13 W, 62
2026/08/14 00:35:01.010, NVIDIA GeForce RTX 4090, 31 %, 13 %, 19206 MiB, 49140 MiB, 281.60 W, 60
2026/08/14 00:35:02.010, NVIDIA GeForce RTX 4090, 35 %, 12 %, 19206 MiB, 49140 MiB, 268.38 W, 60
2026/08/14 00:35:03.010, NVIDIA GeForce RTX 4090, 100 %, 56 %, 19206 MiB, 49140 MiB, 337.95 W, 68
2026/08/14 00:35:04.011, NVIDIA GeForce RTX 4090, 74 %, 45 %, 19206 MiB, 49140 MiB, 316.84 W, 68
2026/08/14 00:35:05.011, NVIDIA GeForce RTX 4090, 88 %, 44 %, 19206 MiB, 49140 MiB, 301.89 W, 62
2026/08/14 00:35:06.011, NVIDIA GeForce RTX 4090, 29 %, 11 %, 19206 MiB, 49140 MiB, 281.59 W, 60
2026/08/14 00:35:07.011, NVIDIA GeForce RTX 4090, 31 %, 11 %, 19206 MiB, 49140 MiB, 271.56 W, 59
2026/08/14 00:35:08.011, NVIDIA GeForce RTX 4090, 41 %, 15 %, 19206 MiB, 49140 MiB, 267.06 W, 59
2026/08/14 00:35:09.012, NVIDIA GeForce RTX 4090, 38 %, 13 %, 19206 MiB, 49140 MiB, 271.54 W, 59
2026/08/14 00:35:10.012, NVIDIA GeForce RTX 4090, 49 %, 17 %, 19206 MiB, 49140 MiB, 273.03 W, 60
2026/08/14 00:35:11.012, NVIDIA GeForce RTX 4090, 70 %, 27 %, 19206 MiB, 49140 MiB, 275.80 W, 60
2026/08/14 00:35:12.012, NVIDIA GeForce RTX 4090, 64 %, 39 %, 19206 MiB, 49140 MiB, 276.72 W, 62
2026/08/14 00:35:13.012, NVIDIA GeForce RTX 4090, 68 %, 42 %, 19206 MiB, 49140 MiB, 286.21 W, 65
2026/08/14 00:35:14.012, NVIDIA GeForce RTX 4090, 52 %, 25 %, 19206 MiB, 49140 MiB, 298.81 W, 62
2026/08/14 00:35:15.013, NVIDIA GeForce RTX 4090, 31 %, 11 %, 19206 MiB, 49140 MiB, 275.55 W, 59
2026/08/14 00:35:16.013, NVIDIA GeForce RTX 4090, 37 %, 13 %, 19206 MiB, 49140 MiB, 274.80 W, 60
2026/08/14 00:35:17.013, NVIDIA GeForce RTX 4090, 46 %, 18 %, 19206 MiB, 49140 MiB, 289.87 W, 60
2026/08/14 00:35:18.013, NVIDIA GeForce RTX 4090, 71 %, 42 %, 19206 MiB, 49140 MiB, 288.26 W, 63
2026/08/14 00:35:19.014, NVIDIA GeForce RTX 4090, 93 %, 50 %, 19206 MiB, 49140 MiB, 301.82 W, 62
2026/08/14 00:35:20.014, NVIDIA GeForce RTX 4090, 37 %, 15 %, 19206 MiB, 49140 MiB, 292.73 W, 60
2026/08/14 00:35:21.014, NVIDIA GeForce RTX 4090, 42 %, 15 %, 19206 MiB, 49140 MiB, 279.05 W, 59
2026/08/14 00:35:22.014, NVIDIA GeForce RTX 4090, 45 %, 15 %, 19206 MiB, 49140 MiB, 281.42 W, 60
2026/08/14 00:35:23.014, NVIDIA GeForce RTX 4090, 62 %, 31 %, 19206 MiB, 49140 MiB, 293.69 W, 63
2026/08/14 00:35:24.015, NVIDIA GeForce RTX 4090, 95 %, 52 %, 19206 MiB, 49140 MiB, 315.88 W, 68
2026/08/14 00:35:25.015, NVIDIA GeForce RTX 4090, 36 %, 12 %, 19206 MiB, 49140 MiB, 308.85 W, 60
2026/08/14 00:35:26.015, NVIDIA GeForce RTX 4090, 45 %, 15 %, 19206 MiB, 49140 MiB, 284.73 W, 60
2026/08/14 00:35:27.016, NVIDIA GeForce RTX 4090, 61 %, 31 %, 19206 MiB, 49140 MiB, 287.51 W, 63
2026/08/14 00:35:28.016, NVIDIA GeForce RTX 4090, 69 %, 42 %, 19206 MiB, 49140 MiB, 291.70 W, 65
2026/08/14 00:35:29.016, NVIDIA GeForce RTX 4090, 75 %, 34 %, 19206 MiB, 49140 MiB, 307.19 W, 61
2026/08/14 00:35:30.016, NVIDIA GeForce RTX 4090, 40 %, 14 %, 19206 MiB, 49140 MiB, 288.13 W, 59
2026/08/14 00:35:31.017, NVIDIA GeForce RTX 4090, 48 %, 16 %, 19206 MiB, 49140 MiB, 281.01 W, 60
2026/08/14 00:35:32.017, NVIDIA GeForce RTX 4090, 67 %, 35 %, 19206 MiB, 49140 MiB, 290.88 W, 63
2026/08/14 00:35:33.017, NVIDIA GeForce RTX 4090, 93 %, 52 %, 19206 MiB, 49140 MiB, 312.78 W, 68
2026/08/14 00:35:34.017, NVIDIA GeForce RTX 4090, 18 %, 7 %, 19206 MiB, 49140 MiB, 307.75 W, 59
2026/08/14 00:35:35.018, NVIDIA GeForce RTX 4090, 57 %, 19 %, 19206 MiB, 49140 MiB, 278.27 W, 60
2026/08/14 00:35:36.018, NVIDIA GeForce RTX 4090, 57 %, 23 %, 19206 MiB, 49140 MiB, 281.98 W, 61
2026/08/14 00:35:37.018, NVIDIA GeForce RTX 4090, 68 %, 40 %, 19206 MiB, 49140 MiB, 301.50 W, 67
2026/08/14 00:35:38.018, NVIDIA GeForce RTX 4090, 67 %, 27 %, 19206 MiB, 49140 MiB, 301.36 W, 63
2026/08/14 00:35:39.019, NVIDIA GeForce RTX 4090, 57 %, 20 %, 19206 MiB, 49140 MiB, 312.69 W, 61
2026/08/14 00:35:40.019, NVIDIA GeForce RTX 4090, 76 %, 42 %, 19206 MiB, 49140 MiB, 307.39 W, 69
2026/08/14 00:35:41.019, NVIDIA GeForce RTX 4090, 89 %, 47 %, 19206 MiB, 49140 MiB, 306.48 W, 63
2026/08/14 00:35:42.020, NVIDIA GeForce RTX 4090, 38 %, 14 %, 19206 MiB, 49140 MiB, 295.12 W, 61
2026/08/14 00:35:43.020, NVIDIA GeForce RTX 4090, 44 %, 15 %, 19206 MiB, 49140 MiB, 277.67 W, 60
2026/08/14 00:35:44.020, NVIDIA GeForce RTX 4090, 51 %, 18 %, 19206 MiB, 49140 MiB, 277.50 W, 61
2026/08/14 00:35:45.020, NVIDIA GeForce RTX 4090, 56 %, 34 %, 19206 MiB, 49140 MiB, 293.38 W, 64
2026/08/14 00:35:46.020, NVIDIA GeForce RTX 4090, 0 %, 0 %, 19206 MiB, 49140 MiB, 307.83 W, 57
2026/08/14 00:35:47.021, NVIDIA GeForce RTX 4090, 0 %, 0 %, 19206 MiB, 49140 MiB, 106.66 W, 56
2026/08/14 00:35:48.021, NVIDIA GeForce RTX 4090, 87 %, 46 %, 19206 MiB, 49140 MiB, 120.51 W, 64
2026/08/14 00:35:49.021, NVIDIA GeForce RTX 4090, 51 %, 25 %, 19206 MiB, 49140 MiB, 291.36 W, 59
2026/08/14 00:35:50.022, NVIDIA GeForce RTX 4090, 39 %, 15 %, 19206 MiB, 49140 MiB, 272.75 W, 60
2026/08/14 00:35:51.022, NVIDIA GeForce RTX 4090, 19 %, 6 %, 19206 MiB, 49140 MiB, 261.42 W, 59
2026/08/14 00:35:52.022, NVIDIA GeForce RTX 4090, 43 %, 15 %, 19206 MiB, 49140 MiB, 264.83 W, 59
2026/08/14 00:35:53.022, NVIDIA GeForce RTX 4090, 44 %, 15 %, 19206 MiB, 49140 MiB, 272.58 W, 60
2026/08/14 00:35:54.022, NVIDIA GeForce RTX 4090, 48 %, 17 %, 19206 MiB, 49140 MiB, 269.95 W, 60
2026/08/14 00:35:55.023, NVIDIA GeForce RTX 4090, 52 %, 21 %, 19206 MiB, 49140 MiB, 274.73 W, 61
2026/08/14 00:35:56.023, NVIDIA GeForce RTX 4090, 61 %, 31 %, 19206 MiB, 49140 MiB, 276.83 W, 60
2026/08/14 00:35:57.023, NVIDIA GeForce RTX 4090, 71 %, 39 %, 19206 MiB, 49140 MiB, 277.35 W, 65
2026/08/14 00:35:58.023, NVIDIA GeForce RTX 4090, 92 %, 50 %, 19206 MiB, 49140 MiB, 304.86 W, 68
2026/08/14 00:35:59.024, NVIDIA GeForce RTX 4090, 36 %, 12 %, 19206 MiB, 49140 MiB, 303.34 W, 60
2026/08/14 00:36:00.024, NVIDIA GeForce RTX 4090, 44 %, 15 %, 19206 MiB, 49140 MiB, 277.63 W, 60
2026/08/14 00:36:01.024, NVIDIA GeForce RTX 4090, 46 %, 18 %, 19206 MiB, 49140 MiB, 277.15 W, 60
2026/08/14 00:36:02.025, NVIDIA GeForce RTX 4090, 53 %, 32 %, 19206 MiB, 49140 MiB, 281.50 W, 64
2026/08/14 00:36:03.025, NVIDIA GeForce RTX 4090, 63 %, 40 %, 19206 MiB, 49140 MiB, 281.76 W, 68
2026/08/14 00:36:04.025, NVIDIA GeForce RTX 4090, 53 %, 26 %, 19206 MiB, 49140 MiB, 297.07 W, 62
2026/08/14 00:36:05.026, NVIDIA GeForce RTX 4090, 40 %, 15 %, 19206 MiB, 49140 MiB, 275.78 W, 60
2026/08/14 00:36:06.026, NVIDIA GeForce RTX 4090, 44 %, 15 %, 19206 MiB, 49140 MiB, 277.98 W, 60
2026/08/14 00:36:07.026, NVIDIA GeForce RTX 4090, 57 %, 20 %, 19206 MiB, 49140 MiB, 278.30 W, 61
2026/08/14 00:36:08.026, NVIDIA GeForce RTX 4090, 50 %, 24 %, 19206 MiB, 49140 MiB, 279.03 W, 65
2026/08/14 00:36:09.027, NVIDIA GeForce RTX 4090, 69 %, 40 %, 19206 MiB, 49140 MiB, 290.94 W, 68
2026/08/14 00:36:10.027, NVIDIA GeForce RTX 4090, 55 %, 26 %, 19206 MiB, 49140 MiB, 297.37 W, 63
2026/08/14 00:36:11.027, NVIDIA GeForce RTX 4090, 44 %, 16 %, 19206 MiB, 49140 MiB, 279.12 W, 61
2026/08/14 00:36:12.028, NVIDIA GeForce RTX 4090, 41 %, 15 %, 19206 MiB, 49140 MiB, 270.29 W, 60
2026/08/14 00:36:13.028, NVIDIA GeForce RTX 4090, 46 %, 15 %, 19206 MiB, 49140 MiB, 280.08 W, 61
2026/08/14 00:36:14.028, NVIDIA GeForce RTX 4090, 54 %, 21 %, 19206 MiB, 49140 MiB, 274.05 W, 67
2026/08/14 00:36:15.029, NVIDIA GeForce RTX 4090, 54 %, 30 %, 19206 MiB, 49140 MiB, 282.24 W, 66
2026/08/14 00:36:16.029, NVIDIA GeForce RTX 4090, 85 %, 43 %, 19206 MiB, 49140 MiB, 308.53 W, 68
2026/08/14 00:36:17.029, NVIDIA GeForce RTX 4090, 36 %, 12 %, 19206 MiB, 49140 MiB, 301.47 W, 60
2026/08/14 00:36:18.029, NVIDIA GeForce RTX 4090, 54 %, 18 %, 19206 MiB, 49140 MiB, 289.96 W, 61
2026/08/14 00:36:19.030, NVIDIA GeForce RTX 4090, 47 %, 22 %, 19206 MiB, 49140 MiB, 287.86 W, 66
2026/08/14 00:36:20.030, NVIDIA GeForce RTX 4090, 69 %, 40 %, 19206 MiB, 49140 MiB, 288.97 W, 67
2026/08/14 00:36:21.083, NVIDIA GeForce RTX 4090, 90 %, 48 %, 19206 MiB, 49140 MiB, 292.45 W, 63
2026/08/14 00:36:22.084, NVIDIA GeForce RTX 4090, 46 %, 16 %, 19206 MiB, 49140 MiB, 300.76 W, 61
2026/08/14 00:36:23.084, NVIDIA GeForce RTX 4090, 47 %, 15 %, 19206 MiB, 49140 MiB, 281.69 W, 61
2026/08/14 00:36:24.084, NVIDIA GeForce RTX 4090, 57 %, 26 %, 19206 MiB, 49140 MiB, 287.74 W, 66
2026/08/14 00:36:25.084, NVIDIA GeForce RTX 4090, 92 %, 53 %, 19206 MiB, 49140 MiB, 308.64 W, 66
2026/08/14 00:36:26.084, NVIDIA GeForce RTX 4090, 53 %, 20 %, 19206 MiB, 49140 MiB, 297.65 W, 61
2026/08/14 00:36:27.085, NVIDIA GeForce RTX 4090, 44 %, 15 %, 19206 MiB, 49140 MiB, 286.55 W, 60
2026/08/14 00:36:28.085, NVIDIA GeForce RTX 4090, 50 %, 18 %, 19206 MiB, 49140 MiB, 277.47 W, 61
2026/08/14 00:36:29.085, NVIDIA GeForce RTX 4090, 47 %, 19 %, 19206 MiB, 49140 MiB, 272.12 W, 62
2026/08/14 00:36:30.085, NVIDIA GeForce RTX 4090, 54 %, 28 %, 19206 MiB, 49140 MiB, 275.20 W, 68
2026/08/14 00:36:31.085, NVIDIA GeForce RTX 4090, 99 %, 50 %, 19206 MiB, 49140 MiB, 299.65 W, 68
2026/08/14 00:36:32.086, NVIDIA GeForce RTX 4090, 43 %, 15 %, 19206 MiB, 49140 MiB, 364.22 W, 61
2026/08/14 00:36:33.086, NVIDIA GeForce RTX 4090, 43 %, 15 %, 19206 MiB, 49140 MiB, 271.71 W, 66
2026/08/14 00:36:34.086, NVIDIA GeForce RTX 4090, 71 %, 39 %, 19206 MiB, 49140 MiB, 299.49 W, 66
2026/08/14 00:36:35.086, NVIDIA GeForce RTX 4090, 55 %, 27 %, 19206 MiB, 49140 MiB, 310.38 W, 63
2026/08/14 00:36:36.087, NVIDIA GeForce RTX 4090, 45 %, 16 %, 19206 MiB, 49140 MiB, 284.73 W, 61
2026/08/14 00:36:37.088, NVIDIA GeForce RTX 4090, 39 %, 13 %, 19206 MiB, 49140 MiB, 274.93 W, 60
2026/08/14 00:36:38.088, NVIDIA GeForce RTX 4090, 52 %, 19 %, 19206 MiB, 49140 MiB, 273.68 W, 64
2026/08/14 00:36:39.088, NVIDIA GeForce RTX 4090, 70 %, 39 %, 19206 MiB, 49140 MiB, 301.19 W, 67
2026/08/14 00:36:40.088, NVIDIA GeForce RTX 4090, 88 %, 46 %, 19206 MiB, 49140 MiB, 304.22 W, 65
2026/08/14 00:36:41.089, NVIDIA GeForce RTX 4090, 54 %, 24 %, 19206 MiB, 49140 MiB, 290.27 W, 61
2026/08/14 00:36:42.089, NVIDIA GeForce RTX 4090, 39 %, 14 %, 19206 MiB, 49140 MiB, 276.63 W, 61
2026/08/14 00:36:43.089, NVIDIA GeForce RTX 4090, 42 %, 14 %, 19206 MiB, 49140 MiB, 271.91 W, 61
2026/08/14 00:36:44.089, NVIDIA GeForce RTX 4090, 42 %, 17 %, 19206 MiB, 49140 MiB, 286.07 W, 63
2026/08/14 00:36:45.090, NVIDIA GeForce RTX 4090, 48 %, 27 %, 19206 MiB, 49140 MiB, 281.68 W, 68
2026/08/14 00:36:46.090, NVIDIA GeForce RTX 4090, 93 %, 53 %, 19206 MiB, 49140 MiB, 301.64 W, 66
2026/08/14 00:36:47.091, NVIDIA GeForce RTX 4090, 57 %, 26 %, 19206 MiB, 49140 MiB, 299.37 W, 62
2026/08/14 00:36:48.091, NVIDIA GeForce RTX 4090, 36 %, 13 %, 19206 MiB, 49140 MiB, 283.05 W, 60
2026/08/14 00:36:49.091, NVIDIA GeForce RTX 4090, 38 %, 12 %, 19206 MiB, 49140 MiB, 278.28 W, 61
2026/08/14 00:36:50.092, NVIDIA GeForce RTX 4090, 41 %, 16 %, 19206 MiB, 49140 MiB, 280.59 W, 64
2026/08/14 00:36:51.092, NVIDIA GeForce RTX 4090, 70 %, 38 %, 19206 MiB, 49140 MiB, 293.41 W, 66
2026/08/14 00:36:52.092, NVIDIA GeForce RTX 4090, 88 %, 40 %, 19206 MiB, 49140 MiB, 319.73 W, 62
2026/08/14 00:36:53.092, NVIDIA GeForce RTX 4090, 36 %, 13 %, 19206 MiB, 49140 MiB, 291.64 W, 61
2026/08/14 00:36:54.092, NVIDIA GeForce RTX 4090, 38 %, 12 %, 19206 MiB, 49140 MiB, 276.86 W, 62
2026/08/14 00:36:55.093, NVIDIA GeForce RTX 4090, 45 %, 17 %, 19206 MiB, 49140 MiB, 285.91 W, 64
2026/08/14 00:36:56.093, NVIDIA GeForce RTX 4090, 53 %, 27 %, 19206 MiB, 49140 MiB, 279.03 W, 67
2026/08/14 00:36:57.093, NVIDIA GeForce RTX 4090, 92 %, 52 %, 19206 MiB, 49140 MiB, 300.47 W, 67
2026/08/14 00:36:58.094, NVIDIA GeForce RTX 4090, 51 %, 23 %, 19206 MiB, 49140 MiB, 297.88 W, 61
2026/08/14 00:36:59.094, NVIDIA GeForce RTX 4090, 29 %, 10 %, 19206 MiB, 49140 MiB, 273.22 W, 60
2026/08/14 00:37:00.094, NVIDIA GeForce RTX 4090, 35 %, 12 %, 19206 MiB, 49140 MiB, 272.71 W, 61
2026/08/14 00:37:01.094, NVIDIA GeForce RTX 4090, 35 %, 12 %, 19206 MiB, 49140 MiB, 276.29 W, 62
2026/08/14 00:37:02.094, NVIDIA GeForce RTX 4090, 37 %, 15 %, 19206 MiB, 49140 MiB, 288.39 W, 68
2026/08/14 00:37:03.095, NVIDIA GeForce RTX 4090, 70 %, 41 %, 19206 MiB, 49140 MiB, 292.29 W, 69
2026/08/14 00:37:04.095, NVIDIA GeForce RTX 4090, 88 %, 44 %, 19206 MiB, 49140 MiB, 295.98 W, 66
2026/08/14 00:37:05.095, NVIDIA GeForce RTX 4090, 54 %, 25 %, 19206 MiB, 49140 MiB, 292.03 W, 61
2026/08/14 00:37:06.096, NVIDIA GeForce RTX 4090, 29 %, 10 %, 19206 MiB, 49140 MiB, 275.69 W, 60
2026/08/14 00:37:07.096, NVIDIA GeForce RTX 4090, 33 %, 12 %, 19206 MiB, 49140 MiB, 267.69 W, 61
2026/08/14 00:37:08.096, NVIDIA GeForce RTX 4090, 34 %, 11 %, 19206 MiB, 49140 MiB, 271.97 W, 61
2026/08/14 00:37:09.096, NVIDIA GeForce RTX 4090, 37 %, 16 %, 19206 MiB, 49140 MiB, 298.60 W, 66
2026/08/14 00:37:10.096, NVIDIA GeForce RTX 4090, 69 %, 41 %, 19206 MiB, 49140 MiB, 291.33 W, 70
2026/08/14 00:37:11.098, NVIDIA GeForce RTX 4090, 53 %, 28 %, 19206 MiB, 49140 MiB, 303.11 W, 66
2026/08/14 00:37:12.098, NVIDIA GeForce RTX 4090, 31 %, 11 %, 19206 MiB, 49140 MiB, 283.58 W, 61
2026/08/14 00:37:13.099, NVIDIA GeForce RTX 4090, 40 %, 15 %, 19206 MiB, 49140 MiB, 271.08 W, 61
2026/08/14 00:37:14.099, NVIDIA GeForce RTX 4090, 37 %, 13 %, 19206 MiB, 49140 MiB, 263.12 W, 61
2026/08/14 00:37:15.099, NVIDIA GeForce RTX 4090, 100 %, 56 %, 19206 MiB, 49140 MiB, 351.88 W, 63
2026/08/14 00:37:16.099, NVIDIA GeForce RTX 4090, 0 %, 0 %, 19206 MiB, 49140 MiB, 109.78 W, 56
2026/08/14 00:37:17.099, NVIDIA GeForce RTX 4090, 0 %, 0 %, 19206 MiB, 49140 MiB, 116.90 W, 56
2026/08/14 00:37:18.100, NVIDIA GeForce RTX 4090, 71 %, 42 %, 19206 MiB, 49140 MiB, 261.61 W, 65
2026/08/14 00:37:19.100, NVIDIA GeForce RTX 4090, 71 %, 42 %, 19206 MiB, 49140 MiB, 257.70 W, 61
2026/08/14 00:37:20.100, NVIDIA GeForce RTX 4090, 46 %, 27 %, 19206 MiB, 49140 MiB, 248.12 W, 61
2026/08/14 00:37:21.102, NVIDIA GeForce RTX 4090, 74 %, 42 %, 19206 MiB, 49140 MiB, 263.34 W, 61
2026/08/14 00:37:22.102, NVIDIA GeForce RTX 4090, 32 %, 20 %, 19206 MiB, 49140 MiB, 258.26 W, 66
2026/08/14 00:37:23.103, NVIDIA GeForce RTX 4090, 72 %, 41 %, 19206 MiB, 49140 MiB, 269.63 W, 61
2026/08/14 00:37:24.103, NVIDIA GeForce RTX 4090, 59 %, 34 %, 19206 MiB, 49140 MiB, 279.25 W, 64
2026/08/14 00:37:25.183, NVIDIA GeForce RTX 4090, 78 %, 44 %, 19206 MiB, 49140 MiB, 289.32 W, 64
2026/08/14 00:37:26.184, NVIDIA GeForce RTX 4090, 68 %, 31 %, 19206 MiB, 49140 MiB, 283.41 W, 63
2026/08/14 00:37:27.184, NVIDIA GeForce RTX 4090, 41 %, 16 %, 19206 MiB, 49140 MiB, 263.05 W, 60
2026/08/14 00:37:28.184, NVIDIA GeForce RTX 4090, 50 %, 19 %, 19206 MiB, 49140 MiB, 260.59 W, 62
2026/08/14 00:37:29.185, NVIDIA GeForce RTX 4090, 25 %, 9 %, 19206 MiB, 49140 MiB, 269.64 W, 61
2026/08/14 00:37:30.185, NVIDIA GeForce RTX 4090, 21 %, 8 %, 19206 MiB, 49140 MiB, 262.53 W, 61
2026/08/14 00:37:31.185, NVIDIA GeForce RTX 4090, 31 %, 11 %, 19206 MiB, 49140 MiB, 285.15 W, 62
2026/08/14 00:37:32.186, NVIDIA GeForce RTX 4090, 35 %, 15 %, 19206 MiB, 49140 MiB, 277.99 W, 67
2026/08/14 00:37:33.186, NVIDIA GeForce RTX 4090, 33 %, 19 %, 19206 MiB, 49140 MiB, 298.98 W, 66
2026/08/14 00:37:34.186, NVIDIA GeForce RTX 4090, 70 %, 39 %, 19206 MiB, 49140 MiB, 301.57 W, 65
2026/08/14 00:37:35.186, NVIDIA GeForce RTX 4090, 54 %, 26 %, 19206 MiB, 49140 MiB, 279.02 W, 61
2026/08/14 00:37:36.187, NVIDIA GeForce RTX 4090, 34 %, 12 %, 19206 MiB, 49140 MiB, 281.25 W, 62
2026/08/14 00:37:37.187, NVIDIA GeForce RTX 4090, 36 %, 12 %, 19206 MiB, 49140 MiB, 277.38 W, 63
2026/08/14 00:37:38.187, NVIDIA GeForce RTX 4090, 38 %, 14 %, 19206 MiB, 49140 MiB, 267.34 W, 62
2026/08/14 00:37:39.188, NVIDIA GeForce RTX 4090, 36 %, 14 %, 19206 MiB, 49140 MiB, 279.11 W, 66
2026/08/14 00:37:40.188, NVIDIA GeForce RTX 4090, 71 %, 40 %, 19206 MiB, 49140 MiB, 299.67 W, 67
2026/08/14 00:37:41.188, NVIDIA GeForce RTX 4090, 56 %, 26 %, 19206 MiB, 49140 MiB, 289.57 W, 68
2026/08/14 00:37:42.189, NVIDIA GeForce RTX 4090, 26 %, 9 %, 19206 MiB, 49140 MiB, 276.04 W, 60
2026/08/14 00:37:43.189, NVIDIA GeForce RTX 4090, 35 %, 12 %, 19206 MiB, 49140 MiB, 279.66 W, 62
2026/08/14 00:37:44.189, NVIDIA GeForce RTX 4090, 48 %, 18 %, 19206 MiB, 49140 MiB, 277.61 W, 63
2026/08/14 00:37:45.190, NVIDIA GeForce RTX 4090, 31 %, 12 %, 19206 MiB, 49140 MiB, 272.31 W, 62
2026/08/14 00:37:46.190, NVIDIA GeForce RTX 4090, 74 %, 42 %, 19206 MiB, 49140 MiB, 293.60 W, 67
2026/08/14 00:37:47.190, NVIDIA GeForce RTX 4090, 87 %, 43 %, 19206 MiB, 49140 MiB, 309.86 W, 69
2026/08/14 00:37:48.190, NVIDIA GeForce RTX 4090, 42 %, 15 %, 19206 MiB, 49140 MiB, 291.53 W, 63
2026/08/14 00:37:49.191, NVIDIA GeForce RTX 4090, 31 %, 11 %, 19206 MiB, 49140 MiB, 277.06 W, 63
2026/08/14 00:37:50.191, NVIDIA GeForce RTX 4090, 34 %, 11 %, 19206 MiB, 49140 MiB, 280.16 W, 64
2026/08/14 00:37:51.191, NVIDIA GeForce RTX 4090, 41 %, 15 %, 19206 MiB, 49140 MiB, 284.16 W, 67
2026/08/14 00:37:52.192, NVIDIA GeForce RTX 4090, 92 %, 50 %, 19206 MiB, 49140 MiB, 302.85 W, 67
2026/08/14 00:37:53.192, NVIDIA GeForce RTX 4090, 54 %, 21 %, 19206 MiB, 49140 MiB, 286.82 W, 68
2026/08/14 00:37:54.192, NVIDIA GeForce RTX 4090, 34 %, 13 %, 19206 MiB, 49140 MiB, 274.63 W, 61
2026/08/14 00:37:55.193, NVIDIA GeForce RTX 4090, 42 %, 15 %, 19206 MiB, 49140 MiB, 266.56 W, 61
2026/08/14 00:37:56.193, NVIDIA GeForce RTX 4090, 35 %, 12 %, 19206 MiB, 49140 MiB, 269.43 W, 61
2026/08/14 00:37:57.193, NVIDIA GeForce RTX 4090, 51 %, 20 %, 19206 MiB, 49140 MiB, 273.51 W, 63
2026/08/14 00:37:58.193, NVIDIA GeForce RTX 4090, 59 %, 30 %, 19206 MiB, 49140 MiB, 279.29 W, 67
2026/08/14 00:37:59.194, NVIDIA GeForce RTX 4090, 74 %, 42 %, 19206 MiB, 49140 MiB, 285.69 W, 67
2026/08/14 00:38:00.194, NVIDIA GeForce RTX 4090, 93 %, 51 %, 19206 MiB, 49140 MiB, 294.40 W, 66
2026/08/14 00:38:01.194, NVIDIA GeForce RTX 4090, 56 %, 24 %, 19206 MiB, 49140 MiB, 285.85 W, 67
2026/08/14 00:38:02.194, NVIDIA GeForce RTX 4090, 100 %, 53 %, 19206 MiB, 49140 MiB, 304.84 W, 69
2026/08/14 00:38:03.195, NVIDIA GeForce RTX 4090, 47 %, 17 %, 19206 MiB, 49140 MiB, 326.18 W, 64
2026/08/14 00:38:04.195, NVIDIA GeForce RTX 4090, 61 %, 31 %, 19206 MiB, 49140 MiB, 289.25 W, 66
2026/08/14 00:38:05.195, NVIDIA GeForce RTX 4090, 75 %, 42 %, 19206 MiB, 49140 MiB, 284.75 W, 67
2026/08/14 00:38:06.196, NVIDIA GeForce RTX 4090, 94 %, 51 %, 19206 MiB, 49140 MiB, 293.91 W, 66
2026/08/14 00:38:07.196, NVIDIA GeForce RTX 4090, 56 %, 24 %, 19206 MiB, 49140 MiB, 286.82 W, 68
2026/08/14 00:38:08.196, NVIDIA GeForce RTX 4090, 34 %, 12 %, 19206 MiB, 49140 MiB, 277.50 W, 61
2026/08/14 00:38:09.196, NVIDIA GeForce RTX 4090, 43 %, 15 %, 19206 MiB, 49140 MiB, 269.92 W, 62
2026/08/14 00:38:10.197, NVIDIA GeForce RTX 4090, 36 %, 12 %, 19206 MiB, 49140 MiB, 273.20 W, 62
2026/08/14 00:38:11.197, NVIDIA GeForce RTX 4090, 52 %, 20 %, 19206 MiB, 49140 MiB, 279.68 W, 65
2026/08/14 00:38:12.197, NVIDIA GeForce RTX 4090, 75 %, 41 %, 19206 MiB, 49140 MiB, 287.46 W, 66
2026/08/14 00:38:13.197, NVIDIA GeForce RTX 4090, 94 %, 51 %, 19206 MiB, 49140 MiB, 306.64 W, 66
2026/08/14 00:38:14.198, NVIDIA GeForce RTX 4090, 56 %, 25 %, 19206 MiB, 49140 MiB, 290.02 W, 67
2026/08/14 00:38:15.198, NVIDIA GeForce RTX 4090, 40 %, 14 %, 19206 MiB, 49140 MiB, 281.89 W, 64
2026/08/14 00:38:16.198, NVIDIA GeForce RTX 4090, 41 %, 14 %, 19206 MiB, 49140 MiB, 282.17 W, 63
2026/08/14 00:38:17.199, NVIDIA GeForce RTX 4090, 55 %, 21 %, 19206 MiB, 49140 MiB, 274.80 W, 63
2026/08/14 00:38:18.199, NVIDIA GeForce RTX 4090, 74 %, 40 %, 19206 MiB, 49140 MiB, 291.55 W, 67
2026/08/14 00:38:19.199, NVIDIA GeForce RTX 4090, 93 %, 54 %, 19206 MiB, 49140 MiB, 305.29 W, 67
2026/08/14 00:38:20.199, NVIDIA GeForce RTX 4090, 94 %, 54 %, 19206 MiB, 49140 MiB, 289.81 W, 67
2026/08/14 00:38:21.199, NVIDIA GeForce RTX 4090, 24 %, 9 %, 19206 MiB, 49140 MiB, 272.07 W, 61
2026/08/14 00:38:22.200, NVIDIA GeForce RTX 4090, 39 %, 14 %, 19206 MiB, 49140 MiB, 269.99 W, 63
2026/08/14 00:38:23.200, NVIDIA GeForce RTX 4090, 39 %, 13 %, 19206 MiB, 49140 MiB, 276.90 W, 63
2026/08/14 00:38:24.200, NVIDIA GeForce RTX 4090, 51 %, 20 %, 19206 MiB, 49140 MiB, 274.75 W, 66
2026/08/14 00:38:25.200, NVIDIA GeForce RTX 4090, 59 %, 28 %, 19206 MiB, 49140 MiB, 280.47 W, 66
2026/08/14 00:38:26.200, NVIDIA GeForce RTX 4090, 75 %, 42 %, 19206 MiB, 49140 MiB, 286.67 W, 66
2026/08/14 00:38:27.201, NVIDIA GeForce RTX 4090, 93 %, 53 %, 19206 MiB, 49140 MiB, 295.06 W, 65
2026/08/14 00:38:28.201, NVIDIA GeForce RTX 4090, 67 %, 33 %, 19206 MiB, 49140 MiB, 279.64 W, 64
2026/08/14 00:38:29.201, NVIDIA GeForce RTX 4090, 57 %, 26 %, 19206 MiB, 49140 MiB, 270.68 W, 67
2026/08/14 00:38:30.201, NVIDIA GeForce RTX 4090, 20 %, 7 %, 19206 MiB, 49140 MiB, 278.72 W, 60
2026/08/14 00:38:31.201, NVIDIA GeForce RTX 4090, 46 %, 16 %, 19206 MiB, 49140 MiB, 270.57 W, 64
2026/08/14 00:38:32.201, NVIDIA GeForce RTX 4090, 51 %, 19 %, 19206 MiB, 49140 MiB, 274.84 W, 66
2026/08/14 00:38:33.202, NVIDIA GeForce RTX 4090, 60 %, 29 %, 19206 MiB, 49140 MiB, 277.88 W, 66
2026/08/14 00:38:34.202, NVIDIA GeForce RTX 4090, 48 %, 23 %, 19206 MiB, 49140 MiB, 284.24 W, 67
2026/08/14 00:38:35.202, NVIDIA GeForce RTX 4090, 53 %, 26 %, 19206 MiB, 49140 MiB, 302.02 W, 68
2026/08/14 00:38:36.202, NVIDIA GeForce RTX 4090, 34 %, 13 %, 19206 MiB, 49140 MiB, 279.19 W, 62
2026/08/14 00:38:37.202, NVIDIA GeForce RTX 4090, 31 %, 11 %, 19206 MiB, 49140 MiB, 266.63 W, 62
2026/08/14 00:38:38.203, NVIDIA GeForce RTX 4090, 48 %, 17 %, 19206 MiB, 49140 MiB, 269.30 W, 65
2026/08/14 00:38:39.203, NVIDIA GeForce RTX 4090, 39 %, 13 %, 19206 MiB, 49140 MiB, 272.57 W, 65
2026/08/14 00:38:40.203, NVIDIA GeForce RTX 4090, 52 %, 19 %, 19206 MiB, 49140 MiB, 274.56 W, 66
2026/08/14 00:38:41.203, NVIDIA GeForce RTX 4090, 66 %, 30 %, 19206 MiB, 49140 MiB, 277.61 W, 66
2026/08/14 00:38:42.203, NVIDIA GeForce RTX 4090, 75 %, 41 %, 19206 MiB, 49140 MiB, 276.10 W, 65
2026/08/14 00:38:43.204, NVIDIA GeForce RTX 4090, 93 %, 54 %, 19206 MiB, 49140 MiB, 306.58 W, 65
2026/08/14 00:38:44.204, NVIDIA GeForce RTX 4090, 45 %, 16 %, 19206 MiB, 49140 MiB, 302.65 W, 69
2026/08/14 00:38:45.204, NVIDIA GeForce RTX 4090, 48 %, 17 %, 19206 MiB, 49140 MiB, 280.05 W, 67
2026/08/14 00:38:46.204, NVIDIA GeForce RTX 4090, 41 %, 14 %, 19206 MiB, 49140 MiB, 273.50 W, 64
2026/08/14 00:38:47.205, NVIDIA GeForce RTX 4090, 27 %, 16 %, 19206 MiB, 49140 MiB, 349.96 W, 65
2026/08/14 00:38:48.205, NVIDIA GeForce RTX 4090, 0 %, 0 %, 19206 MiB, 49140 MiB, 116.05 W, 55
2026/08/14 00:38:49.205, NVIDIA GeForce RTX 4090, 0 %, 0 %, 19206 MiB, 49140 MiB, 103.59 W, 54
2026/08/14 00:38:50.205, NVIDIA GeForce RTX 4090, 0 %, 0 %, 19206 MiB, 49140 MiB, 89.41 W, 53
2026/08/14 00:38:51.205, NVIDIA GeForce RTX 4090, 0 %, 0 %, 19206 MiB, 49140 MiB, 88.68 W, 53
2026/08/14 00:38:52.206, NVIDIA GeForce RTX 4090, 0 %, 0 %, 19206 MiB, 49140 MiB, 88.28 W, 52
2026/08/14 00:38:53.206, NVIDIA GeForce RTX 4090, 0 %, 0 %, 19206 MiB, 49140 MiB, 87.85 W, 52
2026/08/14 00:38:54.206, NVIDIA GeForce RTX 4090, 0 %, 0 %, 19206 MiB, 49140 MiB, 87.62 W, 52
2026/08/14 00:38:55.206, NVIDIA GeForce RTX 4090, 0 %, 0 %, 19206 MiB, 49140 MiB, 87.50 W, 51
2026/08/14 00:38:56.207, NVIDIA GeForce RTX 4090, 0 %, 0 %, 19206 MiB, 49140 MiB, 87.50 W, 51
2026/08/14 00:38:57.207, NVIDIA GeForce RTX 4090, 0 %, 0 %, 19206 MiB, 49140 MiB, 87.21 W, 50
2026/08/14 00:38:58.207, NVIDIA GeForce RTX 4090, 0 %, 0 %, 19206 MiB, 49140 MiB, 86.61 W, 50
2026/08/14 00:38:59.207, NVIDIA GeForce RTX 4090, 0 %, 0 %, 19206 MiB, 49140 MiB, 86.14 W, 50
2026/08/14 00:39:00.208, NVIDIA GeForce RTX 4090, 0 %, 0 %, 19206 MiB, 49140 MiB, 85.65 W, 49
2026/08/14 00:39:01.208, NVIDIA GeForce RTX 4090, 0 %, 0 %, 19206 MiB, 49140 MiB, 84.97 W, 49
2026/08/14 00:39:02.208, NVIDIA GeForce RTX 4090, 0 %, 0 %, 19206 MiB, 49140 MiB, 84.42 W, 49
2026/08/14 00:39:03.209, NVIDIA GeForce RTX 4090, 0 %, 0 %, 19206 MiB, 49140 MiB, 83.84 W, 49
2026/08/14 00:39:04.209, NVIDIA GeForce RTX 4090, 0 %, 0 %, 1 MiB, 49140 MiB, 83.46 W, 48
