timestamp, name, utilization.gpu [%], utilization.memory [%], memory.used [MiB], memory.total [MiB], power.draw [W], temperature.gpu
2026/08/14 04:11:29.120, NVIDIA GeForce RTX 4090, 0 %, 0 %, 1 MiB, 49140 MiB, 106.13 W, 51
2026/08/14 04:11:30.126, NVIDIA GeForce RTX 4090, 0 %, 0 %, 1 MiB, 49140 MiB, 106.13 W, 51
2026/08/14 04:11:31.127, NVIDIA GeForce RTX 4090, 0 %, 0 %, 1 MiB, 49140 MiB, 99.62 W, 50
2026/08/14 04:11:32.127, NVIDIA GeForce RTX 4090, 0 %, 0 %, 1 MiB, 49140 MiB, 76.93 W, 49
2026/08/14 04:11:33.127, NVIDIA GeForce RTX 4090, 0 %, 0 %, 1 MiB, 49140 MiB, 53.01 W, 49
2026/08/14 04:11:34.127, NVIDIA GeForce RTX 4090, 0 %, 0 %, 4 MiB, 49140 MiB, 44.20 W, 48
2026/08/14 04:11:35.128, NVIDIA GeForce RTX 4090, 0 %, 0 %, 4 MiB, 49140 MiB, 42.44 W, 48
2026/08/14 04:11:36.128, NVIDIA GeForce RTX 4090, 0 %, 0 %, 4 MiB, 49140 MiB, 40.91 W, 47
2026/08/14 04:11:37.128, NVIDIA GeForce RTX 4090, 0 %, 0 %, 4 MiB, 49140 MiB, 40.20 W, 47
2026/08/14 04:11:38.128, NVIDIA GeForce RTX 4090, 0 %, 0 %, 4 MiB, 49140 MiB, 39.17 W, 47
2026/08/14 04:11:39.129, NVIDIA GeForce RTX 4090, 0 %, 0 %, 4 MiB, 49140 MiB, 39.01 W, 47
2026/08/14 04:11:40.129, NVIDIA GeForce RTX 4090, 0 %, 0 %, 4 MiB, 49140 MiB, 38.64 W, 46
2026/08/14 04:11:41.129, NVIDIA GeForce RTX 4090, 0 %, 0 %, 4 MiB, 49140 MiB, 37.81 W, 46
2026/08/14 04:11:42.129, NVIDIA GeForce RTX 4090, 0 %, 0 %, 4 MiB, 49140 MiB, 37.12 W, 46
2026/08/14 04:11:43.130, NVIDIA GeForce RTX 4090, 0 %, 0 %, 4 MiB, 49140 MiB, 36.64 W, 46
2026/08/14 04:11:44.130, NVIDIA GeForce RTX 4090, 0 %, 0 %, 4 MiB, 49140 MiB, 36.35 W, 46
2026/08/14 04:11:45.130, NVIDIA GeForce RTX 4090, 0 %, 0 %, 4 MiB, 49140 MiB, 35.93 W, 45
2026/08/14 04:11:46.130, NVIDIA GeForce RTX 4090, 0 %, 0 %, 4 MiB, 49140 MiB, 35.75 W, 45
2026/08/14 04:11:47.130, NVIDIA GeForce RTX 4090, 0 %, 0 %, 4 MiB, 49140 MiB, 35.42 W, 45
2026/08/14 04:11:48.131, NVIDIA GeForce RTX 4090, 0 %, 0 %, 4 MiB, 49140 MiB, 34.81 W, 45
2026/08/14 04:11:49.131, NVIDIA GeForce RTX 4090, 0 %, 0 %, 4 MiB, 49140 MiB, 34.33 W, 45
2026/08/14 04:11:50.131, NVIDIA GeForce RTX 4090, 0 %, 0 %, 4 MiB, 49140 MiB, 33.75 W, 45
2026/08/14 04:11:51.131, NVIDIA GeForce RTX 4090, 0 %, 0 %, 4 MiB, 49140 MiB, 33.35 W, 44
2026/08/14 04:11:52.132, NVIDIA GeForce RTX 4090, 0 %, 0 %, 4 MiB, 49140 MiB, 33.43 W, 44
2026/08/14 04:11:53.132, NVIDIA GeForce RTX 4090, 0 %, 0 %, 4 MiB, 49140 MiB, 33.27 W, 44
2026/08/14 04:11:54.132, NVIDIA GeForce RTX 4090, 0 %, 0 %, 4 MiB, 49140 MiB, 33.27 W, 44
2026/08/14 04:11:55.132, NVIDIA GeForce RTX 4090, 0 %, 0 %, 4 MiB, 49140 MiB, 33.30 W, 44
2026/08/14 04:11:56.133, NVIDIA GeForce RTX 4090, 0 %, 0 %, 4 MiB, 49140 MiB, 32.89 W, 44
2026/08/14 04:11:57.133, NVIDIA GeForce RTX 4090, 0 %, 0 %, 4 MiB, 49140 MiB, 32.36 W, 44
2026/08/14 04:11:58.133, NVIDIA GeForce RTX 4090, 0 %, 0 %, 4 MiB, 49140 MiB, 31.97 W, 44
2026/08/14 04:11:59.133, NVIDIA GeForce RTX 4090, 0 %, 0 %, 4 MiB, 49140 MiB, 31.94 W, 43
2026/08/14 04:12:00.134, NVIDIA GeForce RTX 4090, 0 %, 0 %, 4 MiB, 49140 MiB, 32.09 W, 43
2026/08/14 04:12:01.134, NVIDIA GeForce RTX 4090, 0 %, 0 %, 4 MiB, 49140 MiB, 32.02 W, 43
2026/08/14 04:12:02.134, NVIDIA GeForce RTX 4090, 0 %, 0 %, 4 MiB, 49140 MiB, 31.64 W, 43
2026/08/14 04:12:03.183, NVIDIA GeForce RTX 4090, 0 %, 0 %, 4 MiB, 49140 MiB, 31.53 W, 43
2026/08/14 04:12:04.184, NVIDIA GeForce RTX 4090, 0 %, 0 %, 4 MiB, 49140 MiB, 31.68 W, 43
2026/08/14 04:12:05.184, NVIDIA GeForce RTX 4090, 0 %, 0 %, 4 MiB, 49140 MiB, 31.63 W, 43
2026/08/14 04:12:06.184, NVIDIA GeForce RTX 4090, 0 %, 0 %, 4 MiB, 49140 MiB, 31.48 W, 43
2026/08/14 04:12:07.184, NVIDIA GeForce RTX 4090, 0 %, 0 %, 4 MiB, 49140 MiB, 31.49 W, 43
2026/08/14 04:12:08.185, NVIDIA GeForce RTX 4090, 0 %, 0 %, 4 MiB, 49140 MiB, 31.34 W, 43
2026/08/14 04:12:09.185, NVIDIA GeForce RTX 4090, 0 %, 0 %, 4 MiB, 49140 MiB, 30.98 W, 43
2026/08/14 04:12:10.185, NVIDIA GeForce RTX 4090, 0 %, 0 %, 4 MiB, 49140 MiB, 30.68 W, 42
2026/08/14 04:12:11.185, NVIDIA GeForce RTX 4090, 0 %, 0 %, 4 MiB, 49140 MiB, 30.26 W, 42
2026/08/14 04:12:12.186, NVIDIA GeForce RTX 4090, 0 %, 0 %, 4 MiB, 49140 MiB, 30.14 W, 42
2026/08/14 04:12:13.186, NVIDIA GeForce RTX 4090, 0 %, 0 %, 4 MiB, 49140 MiB, 30.35 W, 42
2026/08/14 04:12:14.187, NVIDIA GeForce RTX 4090, 0 %, 0 %, 4 MiB, 49140 MiB, 30.23 W, 42
2026/08/14 04:12:15.187, NVIDIA GeForce RTX 4090, 0 %, 0 %, 4 MiB, 49140 MiB, 30.01 W, 42
2026/08/14 04:12:16.187, NVIDIA GeForce RTX 4090, 33 %, 1 %, 2592 MiB, 49140 MiB, 35.94 W, 43
2026/08/14 04:12:17.187, NVIDIA GeForce RTX 4090, 59 %, 1 %, 9028 MiB, 49140 MiB, 74.33 W, 44
2026/08/14 04:12:18.188, NVIDIA GeForce RTX 4090, 79 %, 1 %, 17016 MiB, 49140 MiB, 92.96 W, 44
2026/08/14 04:12:19.188, NVIDIA GeForce RTX 4090, 43 %, 15 %, 19200 MiB, 49140 MiB, 175.70 W, 57
2026/08/14 04:12:20.188, NVIDIA GeForce RTX 4090, 39 %, 13 %, 19202 MiB, 49140 MiB, 250.96 W, 55
2026/08/14 04:12:21.188, NVIDIA GeForce RTX 4090, 50 %, 17 %, 19204 MiB, 49140 MiB, 257.01 W, 57
2026/08/14 04:12:22.188, NVIDIA GeForce RTX 4090, 85 %, 47 %, 19204 MiB, 49140 MiB, 284.23 W, 57
2026/08/14 04:12:23.188, NVIDIA GeForce RTX 4090, 57 %, 28 %, 19204 MiB, 49140 MiB, 290.46 W, 57
2026/08/14 04:12:24.189, NVIDIA GeForce RTX 4090, 30 %, 12 %, 19204 MiB, 49140 MiB, 270.65 W, 59
2026/08/14 04:12:25.189, NVIDIA GeForce RTX 4090, 15 %, 5 %, 19204 MiB, 49140 MiB, 253.71 W, 54
2026/08/14 04:12:26.189, NVIDIA GeForce RTX 4090, 43 %, 15 %, 19204 MiB, 49140 MiB, 262.19 W, 59
2026/08/14 04:12:27.189, NVIDIA GeForce RTX 4090, 48 %, 17 %, 19204 MiB, 49140 MiB, 269.04 W, 58
2026/08/14 04:12:28.189, NVIDIA GeForce RTX 4090, 61 %, 24 %, 19204 MiB, 49140 MiB, 267.63 W, 58
2026/08/14 04:12:29.189, NVIDIA GeForce RTX 4090, 98 %, 59 %, 19204 MiB, 49140 MiB, 290.35 W, 60
2026/08/14 04:12:30.190, NVIDIA GeForce RTX 4090, 69 %, 37 %, 19204 MiB, 49140 MiB, 290.25 W, 59
2026/08/14 04:12:31.190, NVIDIA GeForce RTX 4090, 21 %, 8 %, 19204 MiB, 49140 MiB, 267.50 W, 60
2026/08/14 04:12:32.190, NVIDIA GeForce RTX 4090, 31 %, 11 %, 19204 MiB, 49140 MiB, 260.68 W, 61
2026/08/14 04:12:33.190, NVIDIA GeForce RTX 4090, 38 %, 13 %, 19204 MiB, 49140 MiB, 263.31 W, 61
2026/08/14 04:12:34.191, NVIDIA GeForce RTX 4090, 49 %, 17 %, 19204 MiB, 49140 MiB, 266.01 W, 61
2026/08/14 04:12:35.191, NVIDIA GeForce RTX 4090, 63 %, 25 %, 19204 MiB, 49140 MiB, 269.68 W, 60
2026/08/14 04:12:36.191, NVIDIA GeForce RTX 4090, 75 %, 42 %, 19204 MiB, 49140 MiB, 279.19 W, 60
2026/08/14 04:12:37.191, NVIDIA GeForce RTX 4090, 87 %, 47 %, 19204 MiB, 49140 MiB, 301.51 W, 64
2026/08/14 04:12:38.191, NVIDIA GeForce RTX 4090, 42 %, 17 %, 19204 MiB, 49140 MiB, 280.36 W, 62
2026/08/14 04:12:39.192, NVIDIA GeForce RTX 4090, 16 %, 6 %, 19204 MiB, 49140 MiB, 265.13 W, 61
2026/08/14 04:12:40.192, NVIDIA GeForce RTX 4090, 43 %, 15 %, 19204 MiB, 49140 MiB, 258.86 W, 61
2026/08/14 04:12:41.192, NVIDIA GeForce RTX 4090, 47 %, 18 %, 19204 MiB, 49140 MiB, 279.00 W, 61
2026/08/14 04:12:42.192, NVIDIA GeForce RTX 4090, 77 %, 44 %, 19204 MiB, 49140 MiB, 289.62 W, 62
2026/08/14 04:12:43.193, NVIDIA GeForce RTX 4090, 87 %, 46 %, 19204 MiB, 49140 MiB, 304.10 W, 65
2026/08/14 04:12:44.193, NVIDIA GeForce RTX 4090, 46 %, 18 %, 19204 MiB, 49140 MiB, 283.70 W, 63
2026/08/14 04:12:45.193, NVIDIA GeForce RTX 4090, 42 %, 15 %, 19204 MiB, 49140 MiB, 271.86 W, 63
2026/08/14 04:12:46.193, NVIDIA GeForce RTX 4090, 44 %, 17 %, 19204 MiB, 49140 MiB, 285.06 W, 62
2026/08/14 04:12:47.193, NVIDIA GeForce RTX 4090, 63 %, 25 %, 19204 MiB, 49140 MiB, 275.81 W, 62
2026/08/14 04:12:48.194, NVIDIA GeForce RTX 4090, 75 %, 42 %, 19204 MiB, 49140 MiB, 284.53 W, 62
2026/08/14 04:12:49.194, NVIDIA GeForce RTX 4090, 89 %, 52 %, 19204 MiB, 49140 MiB, 283.89 W, 65
2026/08/14 04:12:50.194, NVIDIA GeForce RTX 4090, 61 %, 31 %, 19204 MiB, 49140 MiB, 287.77 W, 63
2026/08/14 04:12:51.194, NVIDIA GeForce RTX 4090, 22 %, 8 %, 19204 MiB, 49140 MiB, 269.57 W, 62
2026/08/14 04:12:52.194, NVIDIA GeForce RTX 4090, 35 %, 12 %, 19204 MiB, 49140 MiB, 269.44 W, 61
2026/08/14 04:12:53.194, NVIDIA GeForce RTX 4090, 46 %, 16 %, 19204 MiB, 49140 MiB, 267.32 W, 63
2026/08/14 04:12:54.194, NVIDIA GeForce RTX 4090, 49 %, 17 %, 19204 MiB, 49140 MiB, 279.37 W, 62
2026/08/14 04:12:55.195, NVIDIA GeForce RTX 4090, 45 %, 17 %, 19204 MiB, 49140 MiB, 265.86 W, 62
2026/08/14 04:12:56.195, NVIDIA GeForce RTX 4090, 78 %, 44 %, 19204 MiB, 49140 MiB, 294.29 W, 64
2026/08/14 04:12:57.195, NVIDIA GeForce RTX 4090, 97 %, 55 %, 19204 MiB, 49140 MiB, 290.60 W, 66
2026/08/14 04:12:58.195, NVIDIA GeForce RTX 4090, 67 %, 37 %, 19204 MiB, 49140 MiB, 279.39 W, 64
2026/08/14 04:12:59.195, NVIDIA GeForce RTX 4090, 38 %, 14 %, 19204 MiB, 49140 MiB, 281.38 W, 63
2026/08/14 04:13:00.196, NVIDIA GeForce RTX 4090, 35 %, 11 %, 19204 MiB, 49140 MiB, 279.89 W, 63
2026/08/14 04:13:01.196, NVIDIA GeForce RTX 4090, 49 %, 17 %, 19204 MiB, 49140 MiB, 272.71 W, 63
2026/08/14 04:13:02.196, NVIDIA GeForce RTX 4090, 78 %, 38 %, 19204 MiB, 49140 MiB, 288.50 W, 64
2026/08/14 04:13:03.197, NVIDIA GeForce RTX 4090, 43 %, 17 %, 19204 MiB, 49140 MiB, 375.99 W, 64
2026/08/14 04:13:04.197, NVIDIA GeForce RTX 4090, 46 %, 16 %, 19204 MiB, 49140 MiB, 274.43 W, 64
2026/08/14 04:13:05.197, NVIDIA GeForce RTX 4090, 39 %, 13 %, 19204 MiB, 49140 MiB, 267.84 W, 63
2026/08/14 04:13:06.197, NVIDIA GeForce RTX 4090, 46 %, 18 %, 19204 MiB, 49140 MiB, 276.43 W, 64
2026/08/14 04:13:07.197, NVIDIA GeForce RTX 4090, 79 %, 44 %, 19204 MiB, 49140 MiB, 295.04 W, 65
2026/08/14 04:13:08.198, NVIDIA GeForce RTX 4090, 86 %, 50 %, 19204 MiB, 49140 MiB, 288.20 W, 66
2026/08/14 04:13:09.198, NVIDIA GeForce RTX 4090, 73 %, 39 %, 19204 MiB, 49140 MiB, 285.83 W, 65
2026/08/14 04:13:10.198, NVIDIA GeForce RTX 4090, 39 %, 14 %, 19204 MiB, 49140 MiB, 282.41 W, 63
2026/08/14 04:13:11.198, NVIDIA GeForce RTX 4090, 26 %, 9 %, 19204 MiB, 49140 MiB, 270.20 W, 63
2026/08/14 04:13:12.199, NVIDIA GeForce RTX 4090, 50 %, 18 %, 19204 MiB, 49140 MiB, 277.93 W, 64
2026/08/14 04:13:13.199, NVIDIA GeForce RTX 4090, 63 %, 25 %, 19204 MiB, 49140 MiB, 279.66 W, 64
2026/08/14 04:13:14.199, NVIDIA GeForce RTX 4090, 78 %, 44 %, 19204 MiB, 49140 MiB, 282.83 W, 65
2026/08/14 04:13:15.199, NVIDIA GeForce RTX 4090, 84 %, 50 %, 19206 MiB, 49140 MiB, 286.98 W, 66
2026/08/14 04:13:16.200, NVIDIA GeForce RTX 4090, 69 %, 37 %, 19206 MiB, 49140 MiB, 286.46 W, 65
2026/08/14 04:13:17.200, NVIDIA GeForce RTX 4090, 37 %, 14 %, 19206 MiB, 49140 MiB, 284.91 W, 65
2026/08/14 04:13:18.200, NVIDIA GeForce RTX 4090, 40 %, 14 %, 19206 MiB, 49140 MiB, 275.38 W, 65
2026/08/14 04:13:19.200, NVIDIA GeForce RTX 4090, 49 %, 19 %, 19206 MiB, 49140 MiB, 283.31 W, 64
2026/08/14 04:13:20.201, NVIDIA GeForce RTX 4090, 78 %, 38 %, 19206 MiB, 49140 MiB, 280.19 W, 65
2026/08/14 04:13:21.201, NVIDIA GeForce RTX 4090, 98 %, 57 %, 19206 MiB, 49140 MiB, 302.50 W, 67
2026/08/14 04:13:22.201, NVIDIA GeForce RTX 4090, 69 %, 37 %, 19206 MiB, 49140 MiB, 287.42 W, 66
2026/08/14 04:13:23.201, NVIDIA GeForce RTX 4090, 44 %, 17 %, 19206 MiB, 49140 MiB, 279.58 W, 65
2026/08/14 04:13:24.202, NVIDIA GeForce RTX 4090, 44 %, 15 %, 19206 MiB, 49140 MiB, 268.65 W, 62
2026/08/14 04:13:25.202, NVIDIA GeForce RTX 4090, 39 %, 13 %, 19206 MiB, 49140 MiB, 276.88 W, 65
2026/08/14 04:13:26.202, NVIDIA GeForce RTX 4090, 46 %, 15 %, 19206 MiB, 49140 MiB, 268.38 W, 64
2026/08/14 04:13:27.203, NVIDIA GeForce RTX 4090, 64 %, 25 %, 19206 MiB, 49140 MiB, 286.11 W, 64
2026/08/14 04:13:28.203, NVIDIA GeForce RTX 4090, 99 %, 61 %, 19206 MiB, 49140 MiB, 294.82 W, 68
2026/08/14 04:13:29.203, NVIDIA GeForce RTX 4090, 69 %, 37 %, 19206 MiB, 49140 MiB, 299.97 W, 65
2026/08/14 04:13:30.203, NVIDIA GeForce RTX 4090, 35 %, 14 %, 19206 MiB, 49140 MiB, 278.64 W, 63
2026/08/14 04:13:31.203, NVIDIA GeForce RTX 4090, 37 %, 13 %, 19206 MiB, 49140 MiB, 270.57 W, 62
2026/08/14 04:13:32.204, NVIDIA GeForce RTX 4090, 39 %, 13 %, 19206 MiB, 49140 MiB, 276.76 W, 66
2026/08/14 04:13:33.204, NVIDIA GeForce RTX 4090, 49 %, 19 %, 19206 MiB, 49140 MiB, 281.03 W, 64
2026/08/14 04:13:34.204, NVIDIA GeForce RTX 4090, 29 %, 10 %, 19206 MiB, 49140 MiB, 275.03 W, 63
2026/08/14 04:13:35.284, NVIDIA GeForce RTX 4090, 35 %, 12 %, 19206 MiB, 49140 MiB, 265.80 W, 65
2026/08/14 04:13:36.284, NVIDIA GeForce RTX 4090, 40 %, 15 %, 19206 MiB, 49140 MiB, 282.79 W, 65
2026/08/14 04:13:37.284, NVIDIA GeForce RTX 4090, 61 %, 30 %, 19206 MiB, 49140 MiB, 284.20 W, 65
2026/08/14 04:13:38.284, NVIDIA GeForce RTX 4090, 76 %, 45 %, 19206 MiB, 49140 MiB, 302.73 W, 68
2026/08/14 04:13:39.285, NVIDIA GeForce RTX 4090, 67 %, 34 %, 19206 MiB, 49140 MiB, 291.49 W, 65
2026/08/14 04:13:40.285, NVIDIA GeForce RTX 4090, 34 %, 13 %, 19206 MiB, 49140 MiB, 289.28 W, 65
2026/08/14 04:13:41.285, NVIDIA GeForce RTX 4090, 37 %, 13 %, 19206 MiB, 49140 MiB, 279.54 W, 64
2026/08/14 04:13:42.286, NVIDIA GeForce RTX 4090, 43 %, 15 %, 19206 MiB, 49140 MiB, 280.99 W, 63
2026/08/14 04:13:43.286, NVIDIA GeForce RTX 4090, 67 %, 32 %, 19206 MiB, 49140 MiB, 293.48 W, 65
2026/08/14 04:13:44.286, NVIDIA GeForce RTX 4090, 69 %, 41 %, 19206 MiB, 49140 MiB, 302.54 W, 63
2026/08/14 04:13:45.287, NVIDIA GeForce RTX 4090, 69 %, 34 %, 19206 MiB, 49140 MiB, 290.40 W, 65
2026/08/14 04:13:46.287, NVIDIA GeForce RTX 4090, 100 %, 54 %, 19206 MiB, 49140 MiB, 304.45 W, 69
2026/08/14 04:13:47.287, NVIDIA GeForce RTX 4090, 0 %, 0 %, 19206 MiB, 49140 MiB, 237.99 W, 56
2026/08/14 04:13:48.287, NVIDIA GeForce RTX 4090, 0 %, 0 %, 19206 MiB, 49140 MiB, 106.94 W, 55
2026/08/14 04:13:49.288, NVIDIA GeForce RTX 4090, 33 %, 11 %, 19206 MiB, 49140 MiB, 163.87 W, 60
2026/08/14 04:13:50.288, NVIDIA GeForce RTX 4090, 31 %, 11 %, 19206 MiB, 49140 MiB, 266.02 W, 62
2026/08/14 04:13:51.288, NVIDIA GeForce RTX 4090, 37 %, 13 %, 19206 MiB, 49140 MiB, 263.85 W, 64
2026/08/14 04:13:52.289, NVIDIA GeForce RTX 4090, 42 %, 15 %, 19206 MiB, 49140 MiB, 284.95 W, 63
2026/08/14 04:13:53.289, NVIDIA GeForce RTX 4090, 55 %, 22 %, 19206 MiB, 49140 MiB, 280.95 W, 62
2026/08/14 04:13:54.289, NVIDIA GeForce RTX 4090, 74 %, 45 %, 19206 MiB, 49140 MiB, 298.67 W, 69
2026/08/14 04:13:55.289, NVIDIA GeForce RTX 4090, 73 %, 37 %, 19206 MiB, 49140 MiB, 301.82 W, 63
2026/08/14 04:13:56.290, NVIDIA GeForce RTX 4090, 28 %, 11 %, 19206 MiB, 49140 MiB, 281.85 W, 63
2026/08/14 04:13:57.290, NVIDIA GeForce RTX 4090, 27 %, 9 %, 19206 MiB, 49140 MiB, 267.44 W, 62
2026/08/14 04:13:58.290, NVIDIA GeForce RTX 4090, 36 %, 13 %, 19206 MiB, 49140 MiB, 270.13 W, 63
2026/08/14 04:13:59.290, NVIDIA GeForce RTX 4090, 32 %, 11 %, 19206 MiB, 49140 MiB, 276.82 W, 63
2026/08/14 04:14:00.291, NVIDIA GeForce RTX 4090, 43 %, 15 %, 19206 MiB, 49140 MiB, 275.40 W, 63
2026/08/14 04:14:01.291, NVIDIA GeForce RTX 4090, 46 %, 18 %, 19206 MiB, 49140 MiB, 281.56 W, 62
2026/08/14 04:14:02.291, NVIDIA GeForce RTX 4090, 74 %, 45 %, 19206 MiB, 49140 MiB, 296.71 W, 69
2026/08/14 04:14:03.291, NVIDIA GeForce RTX 4090, 75 %, 38 %, 19206 MiB, 49140 MiB, 302.30 W, 64
2026/08/14 04:14:04.292, NVIDIA GeForce RTX 4090, 28 %, 11 %, 19206 MiB, 49140 MiB, 281.15 W, 63
2026/08/14 04:14:05.292, NVIDIA GeForce RTX 4090, 26 %, 9 %, 19206 MiB, 49140 MiB, 268.74 W, 62
2026/08/14 04:14:06.292, NVIDIA GeForce RTX 4090, 34 %, 12 %, 19206 MiB, 49140 MiB, 277.39 W, 61
2026/08/14 04:14:07.292, NVIDIA GeForce RTX 4090, 34 %, 11 %, 19206 MiB, 49140 MiB, 273.12 W, 60
2026/08/14 04:14:08.293, NVIDIA GeForce RTX 4090, 43 %, 15 %, 19206 MiB, 49140 MiB, 276.67 W, 60
2026/08/14 04:14:09.293, NVIDIA GeForce RTX 4090, 54 %, 21 %, 19206 MiB, 49140 MiB, 280.98 W, 60
2026/08/14 04:14:10.293, NVIDIA GeForce RTX 4090, 67 %, 37 %, 19206 MiB, 49140 MiB, 284.17 W, 62
2026/08/14 04:14:11.293, NVIDIA GeForce RTX 4090, 73 %, 44 %, 19206 MiB, 49140 MiB, 290.50 W, 67
2026/08/14 04:14:12.293, NVIDIA GeForce RTX 4090, 74 %, 38 %, 19206 MiB, 49140 MiB, 290.90 W, 62
2026/08/14 04:14:13.294, NVIDIA GeForce RTX 4090, 46 %, 17 %, 19206 MiB, 49140 MiB, 278.94 W, 61
2026/08/14 04:14:14.294, NVIDIA GeForce RTX 4090, 36 %, 13 %, 19206 MiB, 49140 MiB, 277.61 W, 61
2026/08/14 04:14:15.294, NVIDIA GeForce RTX 4090, 40 %, 13 %, 19206 MiB, 49140 MiB, 281.82 W, 61
2026/08/14 04:14:16.294, NVIDIA GeForce RTX 4090, 54 %, 21 %, 19206 MiB, 49140 MiB, 287.35 W, 62
2026/08/14 04:14:17.294, NVIDIA GeForce RTX 4090, 68 %, 38 %, 19206 MiB, 49140 MiB, 284.04 W, 63
2026/08/14 04:14:18.295, NVIDIA GeForce RTX 4090, 84 %, 45 %, 19206 MiB, 49140 MiB, 296.82 W, 62
2026/08/14 04:14:19.295, NVIDIA GeForce RTX 4090, 23 %, 9 %, 19206 MiB, 49140 MiB, 276.32 W, 61
2026/08/14 04:14:20.295, NVIDIA GeForce RTX 4090, 26 %, 9 %, 19206 MiB, 49140 MiB, 272.31 W, 60
2026/08/14 04:14:21.295, NVIDIA GeForce RTX 4090, 37 %, 13 %, 19206 MiB, 49140 MiB, 271.80 W, 60
2026/08/14 04:14:22.295, NVIDIA GeForce RTX 4090, 35 %, 12 %, 19206 MiB, 49140 MiB, 279.58 W, 60
2026/08/14 04:14:23.295, NVIDIA GeForce RTX 4090, 44 %, 16 %, 19206 MiB, 49140 MiB, 282.24 W, 60
2026/08/14 04:14:24.296, NVIDIA GeForce RTX 4090, 55 %, 22 %, 19206 MiB, 49140 MiB, 285.48 W, 61
2026/08/14 04:14:25.296, NVIDIA GeForce RTX 4090, 67 %, 37 %, 19206 MiB, 49140 MiB, 290.27 W, 63
2026/08/14 04:14:26.296, NVIDIA GeForce RTX 4090, 72 %, 43 %, 19206 MiB, 49140 MiB, 289.66 W, 64
2026/08/14 04:14:27.296, NVIDIA GeForce RTX 4090, 77 %, 39 %, 19206 MiB, 49140 MiB, 280.73 W, 63
2026/08/14 04:14:28.296, NVIDIA GeForce RTX 4090, 45 %, 15 %, 19206 MiB, 49140 MiB, 276.50 W, 61
2026/08/14 04:14:29.297, NVIDIA GeForce RTX 4090, 39 %, 13 %, 19206 MiB, 49140 MiB, 280.70 W, 60
2026/08/14 04:14:30.297, NVIDIA GeForce RTX 4090, 49 %, 17 %, 19206 MiB, 49140 MiB, 275.06 W, 60
2026/08/14 04:14:31.297, NVIDIA GeForce RTX 4090, 59 %, 24 %, 19206 MiB, 49140 MiB, 280.78 W, 60
2026/08/14 04:14:32.297, NVIDIA GeForce RTX 4090, 70 %, 43 %, 19206 MiB, 49140 MiB, 296.80 W, 63
2026/08/14 04:14:33.297, NVIDIA GeForce RTX 4090, 100 %, 57 %, 19206 MiB, 49140 MiB, 325.05 W, 69
2026/08/14 04:14:34.298, NVIDIA GeForce RTX 4090, 42 %, 14 %, 19206 MiB, 49140 MiB, 342.29 W, 61
2026/08/14 04:14:35.298, NVIDIA GeForce RTX 4090, 62 %, 25 %, 19206 MiB, 49140 MiB, 292.16 W, 66
2026/08/14 04:14:36.298, NVIDIA GeForce RTX 4090, 86 %, 51 %, 19206 MiB, 49140 MiB, 283.30 W, 62
2026/08/14 04:14:37.298, NVIDIA GeForce RTX 4090, 70 %, 43 %, 19206 MiB, 49140 MiB, 288.49 W, 63
2026/08/14 04:14:38.298, NVIDIA GeForce RTX 4090, 70 %, 35 %, 19206 MiB, 49140 MiB, 287.04 W, 65
2026/08/14 04:14:39.299, NVIDIA GeForce RTX 4090, 33 %, 13 %, 19206 MiB, 49140 MiB, 281.19 W, 63
2026/08/14 04:14:40.299, NVIDIA GeForce RTX 4090, 45 %, 16 %, 19206 MiB, 49140 MiB, 272.37 W, 61
2026/08/14 04:14:41.299, NVIDIA GeForce RTX 4090, 42 %, 14 %, 19206 MiB, 49140 MiB, 276.98 W, 61
2026/08/14 04:14:42.299, NVIDIA GeForce RTX 4090, 51 %, 18 %, 19206 MiB, 49140 MiB, 276.08 W, 60
2026/08/14 04:14:43.300, NVIDIA GeForce RTX 4090, 78 %, 31 %, 19206 MiB, 49140 MiB, 277.02 W, 61
2026/08/14 04:14:44.300, NVIDIA GeForce RTX 4090, 66 %, 39 %, 19206 MiB, 49140 MiB, 280.07 W, 62
2026/08/14 04:14:45.300, NVIDIA GeForce RTX 4090, 69 %, 43 %, 19206 MiB, 49140 MiB, 285.43 W, 63
2026/08/14 04:14:46.300, NVIDIA GeForce RTX 4090, 53 %, 25 %, 19206 MiB, 49140 MiB, 295.83 W, 63
2026/08/14 04:14:47.301, NVIDIA GeForce RTX 4090, 53 %, 19 %, 19206 MiB, 49140 MiB, 279.14 W, 61
2026/08/14 04:14:48.301, NVIDIA GeForce RTX 4090, 48 %, 17 %, 19206 MiB, 49140 MiB, 274.91 W, 61
2026/08/14 04:14:49.301, NVIDIA GeForce RTX 4090, 47 %, 18 %, 19206 MiB, 49140 MiB, 288.75 W, 61
2026/08/14 04:14:50.301, NVIDIA GeForce RTX 4090, 83 %, 49 %, 19206 MiB, 49140 MiB, 287.19 W, 62
2026/08/14 04:14:51.301, NVIDIA GeForce RTX 4090, 69 %, 42 %, 19206 MiB, 49140 MiB, 286.36 W, 64
2026/08/14 04:14:52.302, NVIDIA GeForce RTX 4090, 73 %, 33 %, 19206 MiB, 49140 MiB, 307.58 W, 70
2026/08/14 04:14:53.302, NVIDIA GeForce RTX 4090, 41 %, 14 %, 19206 MiB, 49140 MiB, 278.63 W, 61
2026/08/14 04:14:54.302, NVIDIA GeForce RTX 4090, 49 %, 17 %, 19206 MiB, 49140 MiB, 285.73 W, 61
2026/08/14 04:14:55.302, NVIDIA GeForce RTX 4090, 69 %, 35 %, 19206 MiB, 49140 MiB, 288.98 W, 61
2026/08/14 04:14:56.302, NVIDIA GeForce RTX 4090, 69 %, 42 %, 19206 MiB, 49140 MiB, 300.26 W, 64
2026/08/14 04:14:57.303, NVIDIA GeForce RTX 4090, 88 %, 45 %, 19206 MiB, 49140 MiB, 289.87 W, 67
2026/08/14 04:14:58.303, NVIDIA GeForce RTX 4090, 39 %, 14 %, 19206 MiB, 49140 MiB, 294.20 W, 63
2026/08/14 04:14:59.303, NVIDIA GeForce RTX 4090, 38 %, 13 %, 19206 MiB, 49140 MiB, 281.15 W, 61
2026/08/14 04:15:00.304, NVIDIA GeForce RTX 4090, 49 %, 17 %, 19206 MiB, 49140 MiB, 277.53 W, 61
2026/08/14 04:15:01.304, NVIDIA GeForce RTX 4090, 71 %, 36 %, 19206 MiB, 49140 MiB, 288.86 W, 64
2026/08/14 04:15:02.304, NVIDIA GeForce RTX 4090, 68 %, 42 %, 19206 MiB, 49140 MiB, 300.94 W, 65
2026/08/14 04:15:03.305, NVIDIA GeForce RTX 4090, 54 %, 26 %, 19206 MiB, 49140 MiB, 304.19 W, 70
2026/08/14 04:15:04.305, NVIDIA GeForce RTX 4090, 45 %, 16 %, 19206 MiB, 49140 MiB, 282.69 W, 62
2026/08/14 04:15:05.305, NVIDIA GeForce RTX 4090, 42 %, 15 %, 19206 MiB, 49140 MiB, 276.52 W, 61
2026/08/14 04:15:06.306, NVIDIA GeForce RTX 4090, 60 %, 22 %, 19206 MiB, 49140 MiB, 283.10 W, 61
2026/08/14 04:15:07.306, NVIDIA GeForce RTX 4090, 62 %, 38 %, 19206 MiB, 49140 MiB, 297.80 W, 63
2026/08/14 04:15:08.306, NVIDIA GeForce RTX 4090, 92 %, 51 %, 19206 MiB, 49140 MiB, 297.46 W, 69
2026/08/14 04:15:09.306, NVIDIA GeForce RTX 4090, 43 %, 17 %, 19206 MiB, 49140 MiB, 298.20 W, 64
2026/08/14 04:15:10.307, NVIDIA GeForce RTX 4090, 40 %, 14 %, 19206 MiB, 49140 MiB, 280.83 W, 62
2026/08/14 04:15:11.307, NVIDIA GeForce RTX 4090, 38 %, 13 %, 19206 MiB, 49140 MiB, 273.60 W, 61
2026/08/14 04:15:12.307, NVIDIA GeForce RTX 4090, 45 %, 17 %, 19206 MiB, 49140 MiB, 280.87 W, 62
2026/08/14 04:15:13.308, NVIDIA GeForce RTX 4090, 61 %, 36 %, 19206 MiB, 49140 MiB, 304.21 W, 63
2026/08/14 04:15:14.308, NVIDIA GeForce RTX 4090, 67 %, 31 %, 19206 MiB, 49140 MiB, 310.12 W, 70
2026/08/14 04:15:15.308, NVIDIA GeForce RTX 4090, 42 %, 15 %, 19206 MiB, 49140 MiB, 291.73 W, 62
2026/08/14 04:15:16.309, NVIDIA GeForce RTX 4090, 51 %, 18 %, 19206 MiB, 49140 MiB, 289.08 W, 62
2026/08/14 04:15:17.309, NVIDIA GeForce RTX 4090, 0 %, 0 %, 19206 MiB, 49140 MiB, 341.79 W, 63
2026/08/14 04:15:18.309, NVIDIA GeForce RTX 4090, 0 %, 0 %, 19206 MiB, 49140 MiB, 108.53 W, 58
2026/08/14 04:15:19.309, NVIDIA GeForce RTX 4090, 42 %, 15 %, 19206 MiB, 49140 MiB, 109.93 W, 56
2026/08/14 04:15:20.310, NVIDIA GeForce RTX 4090, 88 %, 47 %, 19206 MiB, 49140 MiB, 281.83 W, 69
2026/08/14 04:15:21.310, NVIDIA GeForce RTX 4090, 47 %, 18 %, 19206 MiB, 49140 MiB, 288.02 W, 64
2026/08/14 04:15:22.310, NVIDIA GeForce RTX 4090, 18 %, 6 %, 19206 MiB, 49140 MiB, 273.19 W, 62
2026/08/14 04:15:23.311, NVIDIA GeForce RTX 4090, 30 %, 10 %, 19206 MiB, 49140 MiB, 267.57 W, 61
2026/08/14 04:15:24.311, NVIDIA GeForce RTX 4090, 39 %, 13 %, 19206 MiB, 49140 MiB, 268.63 W, 61
2026/08/14 04:15:25.311, NVIDIA GeForce RTX 4090, 51 %, 18 %, 19206 MiB, 49140 MiB, 280.65 W, 61
2026/08/14 04:15:26.311, NVIDIA GeForce RTX 4090, 55 %, 23 %, 19206 MiB, 49140 MiB, 279.88 W, 62
2026/08/14 04:15:27.312, NVIDIA GeForce RTX 4090, 57 %, 35 %, 19206 MiB, 49140 MiB, 285.29 W, 63
2026/08/14 04:15:28.312, NVIDIA GeForce RTX 4090, 64 %, 37 %, 19206 MiB, 49140 MiB, 284.01 W, 65
2026/08/14 04:15:29.312, NVIDIA GeForce RTX 4090, 88 %, 47 %, 19206 MiB, 49140 MiB, 293.99 W, 69
2026/08/14 04:15:30.312, NVIDIA GeForce RTX 4090, 50 %, 19 %, 19206 MiB, 49140 MiB, 294.33 W, 64
2026/08/14 04:15:31.312, NVIDIA GeForce RTX 4090, 19 %, 7 %, 19206 MiB, 49140 MiB, 275.53 W, 62
2026/08/14 04:15:32.313, NVIDIA GeForce RTX 4090, 40 %, 14 %, 19206 MiB, 49140 MiB, 268.36 W, 60
2026/08/14 04:15:33.313, NVIDIA GeForce RTX 4090, 38 %, 13 %, 19206 MiB, 49140 MiB, 274.72 W, 61
2026/08/14 04:15:34.313, NVIDIA GeForce RTX 4090, 51 %, 18 %, 19206 MiB, 49140 MiB, 274.36 W, 61
2026/08/14 04:15:35.313, NVIDIA GeForce RTX 4090, 55 %, 23 %, 19206 MiB, 49140 MiB, 281.68 W, 62
2026/08/14 04:15:36.314, NVIDIA GeForce RTX 4090, 62 %, 37 %, 19206 MiB, 49140 MiB, 282.40 W, 63
2026/08/14 04:15:37.314, NVIDIA GeForce RTX 4090, 62 %, 36 %, 19206 MiB, 49140 MiB, 280.45 W, 64
2026/08/14 04:15:38.314, NVIDIA GeForce RTX 4090, 63 %, 36 %, 19206 MiB, 49140 MiB, 278.43 W, 65
2026/08/14 04:15:39.315, NVIDIA GeForce RTX 4090, 92 %, 53 %, 19206 MiB, 49140 MiB, 285.85 W, 67
2026/08/14 04:15:40.315, NVIDIA GeForce RTX 4090, 55 %, 22 %, 19206 MiB, 49140 MiB, 291.77 W, 65
2026/08/14 04:15:41.315, NVIDIA GeForce RTX 4090, 18 %, 6 %, 19206 MiB, 49140 MiB, 274.36 W, 63
2026/08/14 04:15:42.315, NVIDIA GeForce RTX 4090, 40 %, 14 %, 19206 MiB, 49140 MiB, 268.36 W, 61
2026/08/14 04:15:43.315, NVIDIA GeForce RTX 4090, 38 %, 13 %, 19206 MiB, 49140 MiB, 274.19 W, 61
2026/08/14 04:15:44.316, NVIDIA GeForce RTX 4090, 53 %, 22 %, 19206 MiB, 49140 MiB, 287.84 W, 62
2026/08/14 04:15:45.316, NVIDIA GeForce RTX 4090, 70 %, 39 %, 19206 MiB, 49140 MiB, 290.42 W, 66
2026/08/14 04:15:46.316, NVIDIA GeForce RTX 4090, 92 %, 53 %, 19206 MiB, 49140 MiB, 297.47 W, 68
2026/08/14 04:15:47.383, NVIDIA GeForce RTX 4090, 59 %, 28 %, 19206 MiB, 49140 MiB, 293.81 W, 65
2026/08/14 04:15:48.384, NVIDIA GeForce RTX 4090, 69 %, 31 %, 19206 MiB, 49140 MiB, 271.75 W, 67
2026/08/14 04:15:49.384, NVIDIA GeForce RTX 4090, 44 %, 16 %, 19206 MiB, 49140 MiB, 283.40 W, 64
2026/08/14 04:15:50.384, NVIDIA GeForce RTX 4090, 41 %, 14 %, 19206 MiB, 49140 MiB, 268.43 W, 61
2026/08/14 04:15:51.385, NVIDIA GeForce RTX 4090, 21 %, 7 %, 19206 MiB, 49140 MiB, 262.87 W, 62
2026/08/14 04:15:52.385, NVIDIA GeForce RTX 4090, 41 %, 14 %, 19206 MiB, 49140 MiB, 268.24 W, 61
2026/08/14 04:15:53.385, NVIDIA GeForce RTX 4090, 49 %, 17 %, 19206 MiB, 49140 MiB, 265.94 W, 62
2026/08/14 04:15:54.385, NVIDIA GeForce RTX 4090, 47 %, 16 %, 19206 MiB, 49140 MiB, 278.51 W, 62
2026/08/14 04:15:55.386, NVIDIA GeForce RTX 4090, 49 %, 20 %, 19206 MiB, 49140 MiB, 280.22 W, 62
2026/08/14 04:15:56.386, NVIDIA GeForce RTX 4090, 46 %, 19 %, 19206 MiB, 49140 MiB, 265.42 W, 60
2026/08/14 04:15:57.386, NVIDIA GeForce RTX 4090, 56 %, 26 %, 19206 MiB, 49140 MiB, 268.10 W, 62
2026/08/14 04:15:58.386, NVIDIA GeForce RTX 4090, 45 %, 18 %, 19206 MiB, 49140 MiB, 248.47 W, 59
2026/08/14 04:15:59.387, NVIDIA GeForce RTX 4090, 55 %, 30 %, 19206 MiB, 49140 MiB, 277.40 W, 62
2026/08/14 04:16:00.387, NVIDIA GeForce RTX 4090, 63 %, 37 %, 19206 MiB, 49140 MiB, 281.14 W, 66
2026/08/14 04:16:01.387, NVIDIA GeForce RTX 4090, 46 %, 27 %, 19206 MiB, 49140 MiB, 272.09 W, 61
2026/08/14 04:16:02.388, NVIDIA GeForce RTX 4090, 89 %, 48 %, 19206 MiB, 49140 MiB, 293.48 W, 69
2026/08/14 04:16:03.388, NVIDIA GeForce RTX 4090, 72 %, 33 %, 19206 MiB, 49140 MiB, 294.16 W, 63
2026/08/14 04:16:04.388, NVIDIA GeForce RTX 4090, 19 %, 6 %, 19206 MiB, 49140 MiB, 277.61 W, 61
2026/08/14 04:16:05.388, NVIDIA GeForce RTX 4090, 100 %, 51 %, 19206 MiB, 49140 MiB, 313.36 W, 71
2026/08/14 04:16:06.389, NVIDIA GeForce RTX 4090, 44 %, 18 %, 19206 MiB, 49140 MiB, 313.32 W, 64
2026/08/14 04:16:07.389, NVIDIA GeForce RTX 4090, 56 %, 22 %, 19206 MiB, 49140 MiB, 263.69 W, 64
2026/08/14 04:16:08.389, NVIDIA GeForce RTX 4090, 45 %, 18 %, 19206 MiB, 49140 MiB, 260.93 W, 63
2026/08/14 04:16:09.389, NVIDIA GeForce RTX 4090, 40 %, 16 %, 19206 MiB, 49140 MiB, 267.25 W, 61
2026/08/14 04:16:10.389, NVIDIA GeForce RTX 4090, 46 %, 21 %, 19206 MiB, 49140 MiB, 261.73 W, 67
2026/08/14 04:16:11.390, NVIDIA GeForce RTX 4090, 45 %, 22 %, 19206 MiB, 49140 MiB, 264.22 W, 65
2026/08/14 04:16:12.390, NVIDIA GeForce RTX 4090, 48 %, 22 %, 19206 MiB, 49140 MiB, 259.32 W, 67
2026/08/14 04:16:13.390, NVIDIA GeForce RTX 4090, 43 %, 19 %, 19206 MiB, 49140 MiB, 262.60 W, 67
2026/08/14 04:16:14.390, NVIDIA GeForce RTX 4090, 57 %, 34 %, 19206 MiB, 49140 MiB, 275.53 W, 67
2026/08/14 04:16:15.391, NVIDIA GeForce RTX 4090, 64 %, 33 %, 19206 MiB, 49140 MiB, 277.02 W, 62
2026/08/14 04:16:16.391, NVIDIA GeForce RTX 4090, 72 %, 40 %, 19206 MiB, 49140 MiB, 270.48 W, 67
2026/08/14 04:16:17.391, NVIDIA GeForce RTX 4090, 44 %, 26 %, 19206 MiB, 49140 MiB, 266.83 W, 67
2026/08/14 04:16:18.391, NVIDIA GeForce RTX 4090, 61 %, 31 %, 19206 MiB, 49140 MiB, 261.21 W, 62
2026/08/14 04:16:19.392, NVIDIA GeForce RTX 4090, 46 %, 27 %, 19206 MiB, 49140 MiB, 258.93 W, 69
2026/08/14 04:16:20.392, NVIDIA GeForce RTX 4090, 55 %, 29 %, 19206 MiB, 49140 MiB, 258.86 W, 69
2026/08/14 04:16:21.392, NVIDIA GeForce RTX 4090, 50 %, 29 %, 19206 MiB, 49140 MiB, 282.46 W, 69
2026/08/14 04:16:22.392, NVIDIA GeForce RTX 4090, 86 %, 43 %, 19206 MiB, 49140 MiB, 292.47 W, 67
2026/08/14 04:16:23.392, NVIDIA GeForce RTX 4090, 59 %, 25 %, 19206 MiB, 49140 MiB, 292.92 W, 63
2026/08/14 04:16:24.393, NVIDIA GeForce RTX 4090, 18 %, 6 %, 19206 MiB, 49140 MiB, 272.78 W, 61
2026/08/14 04:16:25.393, NVIDIA GeForce RTX 4090, 41 %, 15 %, 19206 MiB, 49140 MiB, 265.53 W, 61
2026/08/14 04:16:26.393, NVIDIA GeForce RTX 4090, 39 %, 14 %, 19206 MiB, 49140 MiB, 260.58 W, 61
2026/08/14 04:16:27.393, NVIDIA GeForce RTX 4090, 40 %, 15 %, 19206 MiB, 49140 MiB, 258.87 W, 61
2026/08/14 04:16:28.393, NVIDIA GeForce RTX 4090, 49 %, 17 %, 19206 MiB, 49140 MiB, 266.74 W, 62
2026/08/14 04:16:29.394, NVIDIA GeForce RTX 4090, 40 %, 14 %, 19206 MiB, 49140 MiB, 271.00 W, 62
2026/08/14 04:16:30.394, NVIDIA GeForce RTX 4090, 43 %, 18 %, 19206 MiB, 49140 MiB, 275.83 W, 64
2026/08/14 04:16:31.394, NVIDIA GeForce RTX 4090, 41 %, 16 %, 19206 MiB, 49140 MiB, 254.81 W, 62
2026/08/14 04:16:32.395, NVIDIA GeForce RTX 4090, 47 %, 21 %, 19206 MiB, 49140 MiB, 261.37 W, 70
2026/08/14 04:16:33.395, NVIDIA GeForce RTX 4090, 62 %, 35 %, 19206 MiB, 49140 MiB, 291.64 W, 69
2026/08/14 04:16:34.395, NVIDIA GeForce RTX 4090, 92 %, 53 %, 19206 MiB, 49140 MiB, 288.51 W, 67
2026/08/14 04:16:35.395, NVIDIA GeForce RTX 4090, 53 %, 26 %, 19206 MiB, 49140 MiB, 281.25 W, 65
2026/08/14 04:16:36.396, NVIDIA GeForce RTX 4090, 35 %, 12 %, 19206 MiB, 49140 MiB, 288.34 W, 62
2026/08/14 04:16:37.396, NVIDIA GeForce RTX 4090, 36 %, 13 %, 19206 MiB, 49140 MiB, 272.82 W, 63
2026/08/14 04:16:38.396, NVIDIA GeForce RTX 4090, 39 %, 13 %, 19206 MiB, 49140 MiB, 270.30 W, 62
2026/08/14 04:16:39.397, NVIDIA GeForce RTX 4090, 40 %, 14 %, 19206 MiB, 49140 MiB, 275.03 W, 63
2026/08/14 04:16:40.397, NVIDIA GeForce RTX 4090, 41 %, 16 %, 19206 MiB, 49140 MiB, 275.94 W, 65
2026/08/14 04:16:41.397, NVIDIA GeForce RTX 4090, 54 %, 27 %, 19206 MiB, 49140 MiB, 283.55 W, 69
2026/08/14 04:16:42.398, NVIDIA GeForce RTX 4090, 70 %, 37 %, 19206 MiB, 49140 MiB, 277.80 W, 67
2026/08/14 04:16:43.398, NVIDIA GeForce RTX 4090, 93 %, 53 %, 19206 MiB, 49140 MiB, 297.88 W, 67
2026/08/14 04:16:44.398, NVIDIA GeForce RTX 4090, 58 %, 27 %, 19206 MiB, 49140 MiB, 301.18 W, 62
2026/08/14 04:16:45.399, NVIDIA GeForce RTX 4090, 52 %, 19 %, 19206 MiB, 49140 MiB, 275.80 W, 63
2026/08/14 04:16:46.399, NVIDIA GeForce RTX 4090, 27 %, 9 %, 19206 MiB, 49140 MiB, 273.57 W, 61
2026/08/14 04:16:47.399, NVIDIA GeForce RTX 4090, 38 %, 13 %, 19206 MiB, 49140 MiB, 281.03 W, 63
2026/08/14 04:16:48.400, NVIDIA GeForce RTX 4090, 44 %, 17 %, 19206 MiB, 49140 MiB, 283.59 W, 65
2026/08/14 04:16:49.400, NVIDIA GeForce RTX 4090, 47 %, 27 %, 19206 MiB, 49140 MiB, 282.91 W, 69
2026/08/14 04:16:50.400, NVIDIA GeForce RTX 4090, 92 %, 53 %, 19206 MiB, 49140 MiB, 303.78 W, 68
2026/08/14 04:16:51.400, NVIDIA GeForce RTX 4090, 88 %, 40 %, 19206 MiB, 49140 MiB, 301.41 W, 64
2026/08/14 04:16:52.401, NVIDIA GeForce RTX 4090, 100 %, 51 %, 19206 MiB, 49140 MiB, 331.38 W, 71
2026/08/14 04:16:53.401, NVIDIA GeForce RTX 4090, 3 %, 0 %, 19206 MiB, 49140 MiB, 204.41 W, 58
2026/08/14 04:16:54.401, NVIDIA GeForce RTX 4090, 5 %, 0 %, 19206 MiB, 49140 MiB, 107.46 W, 57
2026/08/14 04:16:55.402, NVIDIA GeForce RTX 4090, 31 %, 11 %, 19206 MiB, 49140 MiB, 200.66 W, 60
2026/08/14 04:16:56.402, NVIDIA GeForce RTX 4090, 30 %, 11 %, 19206 MiB, 49140 MiB, 263.43 W, 60
2026/08/14 04:16:57.402, NVIDIA GeForce RTX 4090, 44 %, 17 %, 19206 MiB, 49140 MiB, 269.83 W, 66
2026/08/14 04:16:58.402, NVIDIA GeForce RTX 4090, 57 %, 29 %, 19206 MiB, 49140 MiB, 281.41 W, 67
2026/08/14 04:16:59.402, NVIDIA GeForce RTX 4090, 62 %, 37 %, 19206 MiB, 49140 MiB, 285.23 W, 67
2026/08/14 04:17:00.403, NVIDIA GeForce RTX 4090, 84 %, 47 %, 19206 MiB, 49140 MiB, 294.66 W, 68
2026/08/14 04:17:01.403, NVIDIA GeForce RTX 4090, 68 %, 30 %, 19206 MiB, 49140 MiB, 295.26 W, 64
2026/08/14 04:17:02.403, NVIDIA GeForce RTX 4090, 32 %, 13 %, 19206 MiB, 49140 MiB, 277.85 W, 62
2026/08/14 04:17:03.403, NVIDIA GeForce RTX 4090, 24 %, 8 %, 19206 MiB, 49140 MiB, 269.26 W, 61
2026/08/14 04:17:04.404, NVIDIA GeForce RTX 4090, 30 %, 12 %, 19206 MiB, 49140 MiB, 258.17 W, 62
2026/08/14 04:17:05.404, NVIDIA GeForce RTX 4090, 43 %, 17 %, 19206 MiB, 49140 MiB, 257.22 W, 61
2026/08/14 04:17:06.404, NVIDIA GeForce RTX 4090, 43 %, 17 %, 19206 MiB, 49140 MiB, 262.57 W, 61
2026/08/14 04:17:07.404, NVIDIA GeForce RTX 4090, 38 %, 13 %, 19206 MiB, 49140 MiB, 273.53 W, 62
2026/08/14 04:17:08.405, NVIDIA GeForce RTX 4090, 33 %, 11 %, 19206 MiB, 49140 MiB, 264.30 W, 62
2026/08/14 04:17:09.405, NVIDIA GeForce RTX 4090, 30 %, 10 %, 19206 MiB, 49140 MiB, 257.51 W, 61
2026/08/14 04:17:10.405, NVIDIA GeForce RTX 4090, 29 %, 11 %, 19206 MiB, 49140 MiB, 269.31 W, 62
2026/08/14 04:17:11.405, NVIDIA GeForce RTX 4090, 36 %, 13 %, 19206 MiB, 49140 MiB, 269.77 W, 62
2026/08/14 04:17:12.405, NVIDIA GeForce RTX 4090, 39 %, 15 %, 19206 MiB, 49140 MiB, 282.33 W, 63
2026/08/14 04:17:13.405, NVIDIA GeForce RTX 4090, 53 %, 28 %, 19206 MiB, 49140 MiB, 292.94 W, 68
2026/08/14 04:17:14.406, NVIDIA GeForce RTX 4090, 66 %, 41 %, 19206 MiB, 49140 MiB, 289.38 W, 69
2026/08/14 04:17:15.406, NVIDIA GeForce RTX 4090, 91 %, 48 %, 19206 MiB, 49140 MiB, 296.30 W, 69
2026/08/14 04:17:16.406, NVIDIA GeForce RTX 4090, 57 %, 28 %, 19206 MiB, 49140 MiB, 293.94 W, 64
2026/08/14 04:17:17.406, NVIDIA GeForce RTX 4090, 26 %, 9 %, 19206 MiB, 49140 MiB, 276.27 W, 60
2026/08/14 04:17:18.406, NVIDIA GeForce RTX 4090, 28 %, 10 %, 19206 MiB, 49140 MiB, 269.34 W, 62
2026/08/14 04:17:19.406, NVIDIA GeForce RTX 4090, 30 %, 10 %, 19206 MiB, 49140 MiB, 270.54 W, 62
2026/08/14 04:17:20.407, NVIDIA GeForce RTX 4090, 32 %, 11 %, 19206 MiB, 49140 MiB, 280.37 W, 63
2026/08/14 04:17:21.407, NVIDIA GeForce RTX 4090, 42 %, 16 %, 19206 MiB, 49140 MiB, 275.47 W, 67
2026/08/14 04:17:22.407, NVIDIA GeForce RTX 4090, 32 %, 13 %, 19206 MiB, 49140 MiB, 264.24 W, 67
2026/08/14 04:17:23.407, NVIDIA GeForce RTX 4090, 35 %, 13 %, 19206 MiB, 49140 MiB, 266.70 W, 63
2026/08/14 04:17:24.408, NVIDIA GeForce RTX 4090, 54 %, 29 %, 19206 MiB, 49140 MiB, 277.45 W, 68
2026/08/14 04:17:25.408, NVIDIA GeForce RTX 4090, 32 %, 20 %, 19206 MiB, 49140 MiB, 277.91 W, 66
2026/08/14 04:17:26.408, NVIDIA GeForce RTX 4090, 63 %, 38 %, 19206 MiB, 49140 MiB, 270.03 W, 65
2026/08/14 04:17:27.408, NVIDIA GeForce RTX 4090, 91 %, 51 %, 19206 MiB, 49140 MiB, 287.64 W, 68
2026/08/14 04:17:28.409, NVIDIA GeForce RTX 4090, 81 %, 46 %, 19206 MiB, 49140 MiB, 281.08 W, 66
2026/08/14 04:17:29.409, NVIDIA GeForce RTX 4090, 71 %, 32 %, 19206 MiB, 49140 MiB, 293.79 W, 64
2026/08/14 04:17:30.409, NVIDIA GeForce RTX 4090, 33 %, 12 %, 19206 MiB, 49140 MiB, 283.02 W, 61
2026/08/14 04:17:31.409, NVIDIA GeForce RTX 4090, 24 %, 9 %, 19206 MiB, 49140 MiB, 267.93 W, 60
2026/08/14 04:17:32.409, NVIDIA GeForce RTX 4090, 21 %, 7 %, 19206 MiB, 49140 MiB, 254.03 W, 62
2026/08/14 04:17:33.409, NVIDIA GeForce RTX 4090, 34 %, 12 %, 19206 MiB, 49140 MiB, 269.33 W, 62
2026/08/14 04:17:34.410, NVIDIA GeForce RTX 4090, 43 %, 16 %, 19206 MiB, 49140 MiB, 294.41 W, 69
2026/08/14 04:17:35.410, NVIDIA GeForce RTX 4090, 67 %, 39 %, 19206 MiB, 49140 MiB, 287.78 W, 68
2026/08/14 04:17:36.410, NVIDIA GeForce RTX 4090, 92 %, 50 %, 19206 MiB, 49140 MiB, 307.52 W, 69
2026/08/14 04:17:37.410, NVIDIA GeForce RTX 4090, 52 %, 25 %, 19206 MiB, 49140 MiB, 293.27 W, 62
2026/08/14 04:17:38.410, NVIDIA GeForce RTX 4090, 35 %, 13 %, 19206 MiB, 49140 MiB, 274.51 W, 63
2026/08/14 04:17:39.410, NVIDIA GeForce RTX 4090, 37 %, 13 %, 19206 MiB, 49140 MiB, 287.18 W, 64
2026/08/14 04:17:40.411, NVIDIA GeForce RTX 4090, 45 %, 17 %, 19206 MiB, 49140 MiB, 280.52 W, 69
2026/08/14 04:17:41.411, NVIDIA GeForce RTX 4090, 66 %, 35 %, 19206 MiB, 49140 MiB, 388.85 W, 64
2026/08/14 04:17:42.411, NVIDIA GeForce RTX 4090, 46 %, 17 %, 19206 MiB, 49140 MiB, 284.56 W, 64
2026/08/14 04:17:43.411, NVIDIA GeForce RTX 4090, 26 %, 10 %, 19206 MiB, 49140 MiB, 283.78 W, 63
2026/08/14 04:17:44.411, NVIDIA GeForce RTX 4090, 39 %, 15 %, 19206 MiB, 49140 MiB, 286.47 W, 64
2026/08/14 04:17:45.411, NVIDIA GeForce RTX 4090, 54 %, 28 %, 19206 MiB, 49140 MiB, 290.89 W, 69
2026/08/14 04:17:46.412, NVIDIA GeForce RTX 4090, 96 %, 53 %, 19206 MiB, 49140 MiB, 304.26 W, 69
2026/08/14 04:17:47.412, NVIDIA GeForce RTX 4090, 53 %, 26 %, 19206 MiB, 49140 MiB, 299.98 W, 65
2026/08/14 04:17:48.412, NVIDIA GeForce RTX 4090, 34 %, 12 %, 19206 MiB, 49140 MiB, 284.32 W, 64
2026/08/14 04:17:49.412, NVIDIA GeForce RTX 4090, 37 %, 12 %, 19206 MiB, 49140 MiB, 273.10 W, 63
2026/08/14 04:17:50.412, NVIDIA GeForce RTX 4090, 34 %, 11 %, 19206 MiB, 49140 MiB, 271.32 W, 65
2026/08/14 04:17:51.413, NVIDIA GeForce RTX 4090, 45 %, 17 %, 19206 MiB, 49140 MiB, 271.68 W, 69
2026/08/14 04:17:52.413, NVIDIA GeForce RTX 4090, 70 %, 39 %, 19206 MiB, 49140 MiB, 293.93 W, 69
2026/08/14 04:17:53.413, NVIDIA GeForce RTX 4090, 54 %, 32 %, 19206 MiB, 49140 MiB, 309.13 W, 69
2026/08/14 04:17:54.413, NVIDIA GeForce RTX 4090, 29 %, 11 %, 19206 MiB, 49140 MiB, 283.72 W, 62
2026/08/14 04:17:55.413, NVIDIA GeForce RTX 4090, 29 %, 10 %, 19206 MiB, 49140 MiB, 277.51 W, 61
2026/08/14 04:17:56.414, NVIDIA GeForce RTX 4090, 26 %, 9 %, 19206 MiB, 49140 MiB, 271.69 W, 65
2026/08/14 04:17:57.414, NVIDIA GeForce RTX 4090, 35 %, 13 %, 19206 MiB, 49140 MiB, 290.09 W, 69
2026/08/14 04:17:58.414, NVIDIA GeForce RTX 4090, 70 %, 39 %, 19206 MiB, 49140 MiB, 296.11 W, 70
2026/08/14 04:17:59.414, NVIDIA GeForce RTX 4090, 90 %, 47 %, 19206 MiB, 49140 MiB, 312.05 W, 67
2026/08/14 04:18:00.414, NVIDIA GeForce RTX 4090, 39 %, 14 %, 19206 MiB, 49140 MiB, 286.07 W, 63
2026/08/14 04:18:01.415, NVIDIA GeForce RTX 4090, 38 %, 14 %, 19206 MiB, 49140 MiB, 278.56 W, 64
2026/08/14 04:18:02.415, NVIDIA GeForce RTX 4090, 39 %, 13 %, 19206 MiB, 49140 MiB, 284.38 W, 65
2026/08/14 04:18:03.415, NVIDIA GeForce RTX 4090, 66 %, 41 %, 19206 MiB, 49140 MiB, 297.33 W, 70
2026/08/14 04:18:04.415, NVIDIA GeForce RTX 4090, 54 %, 31 %, 19206 MiB, 49140 MiB, 313.64 W, 70
2026/08/14 04:18:05.416, NVIDIA GeForce RTX 4090, 28 %, 11 %, 19206 MiB, 49140 MiB, 279.23 W, 63
2026/08/14 04:18:06.416, NVIDIA GeForce RTX 4090, 21 %, 8 %, 19206 MiB, 49140 MiB, 272.55 W, 64
2026/08/14 04:18:07.416, NVIDIA GeForce RTX 4090, 36 %, 12 %, 19206 MiB, 49140 MiB, 271.18 W, 64
2026/08/14 04:18:08.417, NVIDIA GeForce RTX 4090, 34 %, 11 %, 19206 MiB, 49140 MiB, 274.85 W, 69
2026/08/14 04:18:09.417, NVIDIA GeForce RTX 4090, 37 %, 15 %, 19206 MiB, 49140 MiB, 287.70 W, 69
2026/08/14 04:18:10.417, NVIDIA GeForce RTX 4090, 67 %, 40 %, 19206 MiB, 49140 MiB, 295.26 W, 70
2026/08/14 04:18:11.418, NVIDIA GeForce RTX 4090, 52 %, 29 %, 19206 MiB, 49140 MiB, 303.19 W, 70
2026/08/14 04:18:12.418, NVIDIA GeForce RTX 4090, 26 %, 10 %, 19206 MiB, 49140 MiB, 285.07 W, 63
2026/08/14 04:18:13.418, NVIDIA GeForce RTX 4090, 23 %, 8 %, 19206 MiB, 49140 MiB, 274.33 W, 65
2026/08/14 04:18:14.419, NVIDIA GeForce RTX 4090, 36 %, 12 %, 19206 MiB, 49140 MiB, 277.31 W, 68
2026/08/14 04:18:15.419, NVIDIA GeForce RTX 4090, 45 %, 17 %, 19206 MiB, 49140 MiB, 284.57 W, 68
2026/08/14 04:18:16.419, NVIDIA GeForce RTX 4090, 69 %, 39 %, 19206 MiB, 49140 MiB, 302.65 W, 69
2026/08/14 04:18:17.420, NVIDIA GeForce RTX 4090, 92 %, 52 %, 19206 MiB, 49140 MiB, 299.47 W, 69
2026/08/14 04:18:18.420, NVIDIA GeForce RTX 4090, 17 %, 7 %, 19206 MiB, 49140 MiB, 298.40 W, 65
2026/08/14 04:18:19.483, NVIDIA GeForce RTX 4090, 29 %, 11 %, 19206 MiB, 49140 MiB, 276.79 W, 66
2026/08/14 04:18:20.484, NVIDIA GeForce RTX 4090, 21 %, 7 %, 19206 MiB, 49140 MiB, 287.77 W, 68
2026/08/14 04:18:21.484, NVIDIA GeForce RTX 4090, 44 %, 17 %, 19206 MiB, 49140 MiB, 273.04 W, 68
2026/08/14 04:18:22.484, NVIDIA GeForce RTX 4090, 100 %, 55 %, 19206 MiB, 49140 MiB, 299.90 W, 69
2026/08/14 04:18:23.484, NVIDIA GeForce RTX 4090, 75 %, 42 %, 19206 MiB, 49140 MiB, 291.95 W, 67
2026/08/14 04:18:24.485, NVIDIA GeForce RTX 4090, 100 %, 51 %, 19206 MiB, 49140 MiB, 305.99 W, 71
2026/08/14 04:18:25.485, NVIDIA GeForce RTX 4090, 0 %, 0 %, 19206 MiB, 49140 MiB, 256.83 W, 58
2026/08/14 04:18:26.485, NVIDIA GeForce RTX 4090, 0 %, 0 %, 19206 MiB, 49140 MiB, 107.82 W, 57
2026/08/14 04:18:27.486, NVIDIA GeForce RTX 4090, 18 %, 7 %, 19206 MiB, 49140 MiB, 171.16 W, 64
2026/08/14 04:18:28.486, NVIDIA GeForce RTX 4090, 36 %, 13 %, 19206 MiB, 49140 MiB, 261.82 W, 61
2026/08/14 04:18:29.486, NVIDIA GeForce RTX 4090, 22 %, 7 %, 19206 MiB, 49140 MiB, 274.66 W, 68
2026/08/14 04:18:30.487, NVIDIA GeForce RTX 4090, 41 %, 15 %, 19206 MiB, 49140 MiB, 270.63 W, 63
2026/08/14 04:18:31.487, NVIDIA GeForce RTX 4090, 36 %, 14 %, 19206 MiB, 49140 MiB, 270.99 W, 67
2026/08/14 04:18:32.487, NVIDIA GeForce RTX 4090, 70 %, 39 %, 19206 MiB, 49140 MiB, 291.76 W, 69
2026/08/14 04:18:33.487, NVIDIA GeForce RTX 4090, 78 %, 44 %, 19206 MiB, 49140 MiB, 303.55 W, 67
2026/08/14 04:18:34.488, NVIDIA GeForce RTX 4090, 67 %, 34 %, 19206 MiB, 49140 MiB, 293.41 W, 70
2026/08/14 04:18:35.488, NVIDIA GeForce RTX 4090, 39 %, 15 %, 19206 MiB, 49140 MiB, 284.13 W, 64
2026/08/14 04:18:36.488, NVIDIA GeForce RTX 4090, 14 %, 5 %, 19206 MiB, 49140 MiB, 269.17 W, 66
2026/08/14 04:18:37.488, NVIDIA GeForce RTX 4090, 15 %, 6 %, 19206 MiB, 49140 MiB, 271.51 W, 65
2026/08/14 04:18:38.489, NVIDIA GeForce RTX 4090, 30 %, 10 %, 19206 MiB, 49140 MiB, 269.65 W, 68
2026/08/14 04:18:39.489, NVIDIA GeForce RTX 4090, 14 %, 5 %, 19206 MiB, 49140 MiB, 266.79 W, 67
2026/08/14 04:18:40.489, NVIDIA GeForce RTX 4090, 42 %, 16 %, 19206 MiB, 49140 MiB, 268.06 W, 67
2026/08/14 04:18:41.489, NVIDIA GeForce RTX 4090, 46 %, 22 %, 19206 MiB, 49140 MiB, 284.23 W, 68
2026/08/14 04:18:42.490, NVIDIA GeForce RTX 4090, 71 %, 39 %, 19206 MiB, 49140 MiB, 292.34 W, 65
2026/08/14 04:18:43.490, NVIDIA GeForce RTX 4090, 70 %, 38 %, 19206 MiB, 49140 MiB, 270.48 W, 65
2026/08/14 04:18:44.490, NVIDIA GeForce RTX 4090, 70 %, 38 %, 19206 MiB, 49140 MiB, 273.46 W, 65
2026/08/14 04:18:45.490, NVIDIA GeForce RTX 4090, 67 %, 36 %, 19206 MiB, 49140 MiB, 272.22 W, 65
2026/08/14 04:18:46.490, NVIDIA GeForce RTX 4090, 73 %, 39 %, 19206 MiB, 49140 MiB, 294.03 W, 69
2026/08/14 04:18:47.491, NVIDIA GeForce RTX 4090, 91 %, 54 %, 19206 MiB, 49140 MiB, 266.76 W, 67
2026/08/14 04:18:48.491, NVIDIA GeForce RTX 4090, 79 %, 42 %, 19206 MiB, 49140 MiB, 261.88 W, 69
2026/08/14 04:18:49.491, NVIDIA GeForce RTX 4090, 73 %, 39 %, 19206 MiB, 49140 MiB, 294.23 W, 70
2026/08/14 04:18:50.491, NVIDIA GeForce RTX 4090, 38 %, 14 %, 19206 MiB, 49140 MiB, 285.13 W, 62
2026/08/14 04:18:51.491, NVIDIA GeForce RTX 4090, 14 %, 5 %, 19206 MiB, 49140 MiB, 270.72 W, 66
2026/08/14 04:18:52.492, NVIDIA GeForce RTX 4090, 32 %, 12 %, 19206 MiB, 49140 MiB, 268.90 W, 68
2026/08/14 04:18:53.492, NVIDIA GeForce RTX 4090, 31 %, 11 %, 19206 MiB, 49140 MiB, 275.48 W, 68
2026/08/14 04:18:54.492, NVIDIA GeForce RTX 4090, 44 %, 17 %, 19206 MiB, 49140 MiB, 277.06 W, 68
2026/08/14 04:18:55.492, NVIDIA GeForce RTX 4090, 8 %, 4 %, 19206 MiB, 49140 MiB, 266.20 W, 67
2026/08/14 04:18:56.493, NVIDIA GeForce RTX 4090, 55 %, 24 %, 19206 MiB, 49140 MiB, 274.38 W, 66
2026/08/14 04:18:57.493, NVIDIA GeForce RTX 4090, 55 %, 24 %, 19206 MiB, 49140 MiB, 265.08 W, 68
2026/08/14 04:18:58.493, NVIDIA GeForce RTX 4090, 70 %, 38 %, 19206 MiB, 49140 MiB, 291.02 W, 66
2026/08/14 04:18:59.493, NVIDIA GeForce RTX 4090, 74 %, 40 %, 19206 MiB, 49140 MiB, 292.37 W, 69
2026/08/14 04:19:00.493, NVIDIA GeForce RTX 4090, 74 %, 40 %, 19206 MiB, 49140 MiB, 274.75 W, 69
2026/08/14 04:19:01.494, NVIDIA GeForce RTX 4090, 71 %, 39 %, 19206 MiB, 49140 MiB, 283.09 W, 70
2026/08/14 04:19:02.494, NVIDIA GeForce RTX 4090, 37 %, 14 %, 19206 MiB, 49140 MiB, 267.78 W, 62
2026/08/14 04:19:03.494, NVIDIA GeForce RTX 4090, 33 %, 12 %, 19206 MiB, 49140 MiB, 268.32 W, 67
2026/08/14 04:19:04.494, NVIDIA GeForce RTX 4090, 24 %, 8 %, 19206 MiB, 49140 MiB, 267.80 W, 68
2026/08/14 04:19:05.494, NVIDIA GeForce RTX 4090, 22 %, 8 %, 19206 MiB, 49140 MiB, 257.02 W, 66
2026/08/14 04:19:06.495, NVIDIA GeForce RTX 4090, 11 %, 4 %, 19206 MiB, 49140 MiB, 260.74 W, 67
2026/08/14 04:19:07.495, NVIDIA GeForce RTX 4090, 21 %, 7 %, 19206 MiB, 49140 MiB, 270.28 W, 65
2026/08/14 04:19:08.495, NVIDIA GeForce RTX 4090, 30 %, 10 %, 19206 MiB, 49140 MiB, 258.93 W, 68
2026/08/14 04:19:09.495, NVIDIA GeForce RTX 4090, 15 %, 5 %, 19206 MiB, 49140 MiB, 275.81 W, 68
2026/08/14 04:19:10.496, NVIDIA GeForce RTX 4090, 44 %, 16 %, 19206 MiB, 49140 MiB, 280.31 W, 68
2026/08/14 04:19:11.496, NVIDIA GeForce RTX 4090, 52 %, 22 %, 19206 MiB, 49140 MiB, 286.29 W, 68
2026/08/14 04:19:12.496, NVIDIA GeForce RTX 4090, 99 %, 58 %, 19206 MiB, 49140 MiB, 305.35 W, 68
2026/08/14 04:19:13.496, NVIDIA GeForce RTX 4090, 100 %, 53 %, 19206 MiB, 49140 MiB, 314.13 W, 70
2026/08/14 04:19:14.497, NVIDIA GeForce RTX 4090, 36 %, 12 %, 19206 MiB, 49140 MiB, 344.41 W, 68
2026/08/14 04:19:15.497, NVIDIA GeForce RTX 4090, 45 %, 16 %, 19206 MiB, 49140 MiB, 297.58 W, 69
2026/08/14 04:19:16.497, NVIDIA GeForce RTX 4090, 63 %, 33 %, 19206 MiB, 49140 MiB, 310.82 W, 66
2026/08/14 04:19:17.497, NVIDIA GeForce RTX 4090, 93 %, 53 %, 19206 MiB, 49140 MiB, 289.29 W, 67
2026/08/14 04:19:18.497, NVIDIA GeForce RTX 4090, 53 %, 27 %, 19206 MiB, 49140 MiB, 274.39 W, 69
2026/08/14 04:19:19.498, NVIDIA GeForce RTX 4090, 16 %, 6 %, 19206 MiB, 49140 MiB, 268.12 W, 68
2026/08/14 04:19:20.498, NVIDIA GeForce RTX 4090, 19 %, 7 %, 19206 MiB, 49140 MiB, 275.39 W, 69
2026/08/14 04:19:21.498, NVIDIA GeForce RTX 4090, 31 %, 10 %, 19206 MiB, 49140 MiB, 277.45 W, 68
2026/08/14 04:19:22.498, NVIDIA GeForce RTX 4090, 42 %, 15 %, 19206 MiB, 49140 MiB, 277.80 W, 68
2026/08/14 04:19:23.499, NVIDIA GeForce RTX 4090, 43 %, 17 %, 19206 MiB, 49140 MiB, 285.14 W, 67
2026/08/14 04:19:24.499, NVIDIA GeForce RTX 4090, 98 %, 59 %, 19206 MiB, 49140 MiB, 302.72 W, 68
2026/08/14 04:19:25.499, NVIDIA GeForce RTX 4090, 53 %, 26 %, 19206 MiB, 49140 MiB, 282.27 W, 69
2026/08/14 04:19:26.499, NVIDIA GeForce RTX 4090, 29 %, 11 %, 19206 MiB, 49140 MiB, 272.31 W, 69
2026/08/14 04:19:27.499, NVIDIA GeForce RTX 4090, 12 %, 4 %, 19206 MiB, 49140 MiB, 279.57 W, 68
2026/08/14 04:19:28.500, NVIDIA GeForce RTX 4090, 34 %, 12 %, 19206 MiB, 49140 MiB, 274.72 W, 68
2026/08/14 04:19:29.500, NVIDIA GeForce RTX 4090, 42 %, 15 %, 19206 MiB, 49140 MiB, 279.85 W, 67
2026/08/14 04:19:30.500, NVIDIA GeForce RTX 4090, 99 %, 60 %, 19206 MiB, 49140 MiB, 306.71 W, 68
2026/08/14 04:19:31.500, NVIDIA GeForce RTX 4090, 52 %, 25 %, 19206 MiB, 49140 MiB, 309.33 W, 67
2026/08/14 04:19:32.501, NVIDIA GeForce RTX 4090, 33 %, 12 %, 19206 MiB, 49140 MiB, 276.37 W, 66
2026/08/14 04:19:33.501, NVIDIA GeForce RTX 4090, 40 %, 14 %, 19206 MiB, 49140 MiB, 274.64 W, 68
2026/08/14 04:19:34.501, NVIDIA GeForce RTX 4090, 24 %, 8 %, 19206 MiB, 49140 MiB, 282.67 W, 68
2026/08/14 04:19:35.501, NVIDIA GeForce RTX 4090, 73 %, 36 %, 19206 MiB, 49140 MiB, 292.49 W, 67
2026/08/14 04:19:36.502, NVIDIA GeForce RTX 4090, 92 %, 54 %, 19206 MiB, 49140 MiB, 305.77 W, 67
2026/08/14 04:19:37.502, NVIDIA GeForce RTX 4090, 22 %, 8 %, 19206 MiB, 49140 MiB, 297.19 W, 66
2026/08/14 04:19:38.502, NVIDIA GeForce RTX 4090, 41 %, 16 %, 19206 MiB, 49140 MiB, 271.34 W, 68
2026/08/14 04:19:39.503, NVIDIA GeForce RTX 4090, 37 %, 13 %, 19206 MiB, 49140 MiB, 278.49 W, 68
2026/08/14 04:19:40.503, NVIDIA GeForce RTX 4090, 43 %, 17 %, 19206 MiB, 49140 MiB, 283.66 W, 68
2026/08/14 04:19:41.503, NVIDIA GeForce RTX 4090, 72 %, 41 %, 19206 MiB, 49140 MiB, 296.33 W, 67
2026/08/14 04:19:42.504, NVIDIA GeForce RTX 4090, 57 %, 29 %, 19206 MiB, 49140 MiB, 306.12 W, 66
2026/08/14 04:19:43.504, NVIDIA GeForce RTX 4090, 34 %, 13 %, 19206 MiB, 49140 MiB, 284.67 W, 68
2026/08/14 04:19:44.504, NVIDIA GeForce RTX 4090, 37 %, 13 %, 19206 MiB, 49140 MiB, 275.84 W, 67
2026/08/14 04:19:45.505, NVIDIA GeForce RTX 4090, 37 %, 13 %, 19206 MiB, 49140 MiB, 273.99 W, 69
2026/08/14 04:19:46.505, NVIDIA GeForce RTX 4090, 45 %, 17 %, 19206 MiB, 49140 MiB, 278.81 W, 67
2026/08/14 04:19:47.505, NVIDIA GeForce RTX 4090, 95 %, 57 %, 19206 MiB, 49140 MiB, 303.87 W, 67
2026/08/14 04:19:48.505, NVIDIA GeForce RTX 4090, 71 %, 39 %, 19206 MiB, 49140 MiB, 309.56 W, 66
2026/08/14 04:19:49.506, NVIDIA GeForce RTX 4090, 34 %, 12 %, 19206 MiB, 49140 MiB, 273.10 W, 69
2026/08/14 04:19:50.506, NVIDIA GeForce RTX 4090, 46 %, 16 %, 19206 MiB, 49140 MiB, 286.11 W, 70
2026/08/14 04:19:51.506, NVIDIA GeForce RTX 4090, 70 %, 35 %, 19206 MiB, 49140 MiB, 297.79 W, 67
2026/08/14 04:19:52.507, NVIDIA GeForce RTX 4090, 76 %, 42 %, 19206 MiB, 49140 MiB, 307.42 W, 67
2026/08/14 04:19:53.507, NVIDIA GeForce RTX 4090, 26 %, 10 %, 19206 MiB, 49140 MiB, 292.31 W, 67
2026/08/14 04:19:54.507, NVIDIA GeForce RTX 4090, 33 %, 11 %, 19206 MiB, 49140 MiB, 276.09 W, 69
2026/08/14 04:19:55.508, NVIDIA GeForce RTX 4090, 35 %, 12 %, 19206 MiB, 49140 MiB, 278.96 W, 69
2026/08/14 04:19:56.508, NVIDIA GeForce RTX 4090, 65 %, 23 %, 19206 MiB, 49140 MiB, 283.05 W, 67
2026/08/14 04:19:57.508, NVIDIA GeForce RTX 4090, 0 %, 0 %, 19206 MiB, 49140 MiB, 339.33 W, 60
2026/08/14 04:19:58.509, NVIDIA GeForce RTX 4090, 0 %, 0 %, 19206 MiB, 49140 MiB, 107.62 W, 57
2026/08/14 04:19:59.509, NVIDIA GeForce RTX 4090, 72 %, 36 %, 19206 MiB, 49140 MiB, 135.67 W, 63
2026/08/14 04:20:00.509, NVIDIA GeForce RTX 4090, 66 %, 34 %, 19206 MiB, 49140 MiB, 267.69 W, 69
2026/08/14 04:20:01.510, NVIDIA GeForce RTX 4090, 69 %, 36 %, 19206 MiB, 49140 MiB, 269.59 W, 69
2026/08/14 04:20:02.510, NVIDIA GeForce RTX 4090, 62 %, 33 %, 19206 MiB, 49140 MiB, 277.87 W, 67
2026/08/14 04:20:03.510, NVIDIA GeForce RTX 4090, 62 %, 34 %, 19206 MiB, 49140 MiB, 268.35 W, 69
2026/08/14 04:20:04.511, NVIDIA GeForce RTX 4090, 65 %, 34 %, 19206 MiB, 49140 MiB, 259.95 W, 69
2026/08/14 04:20:05.511, NVIDIA GeForce RTX 4090, 72 %, 36 %, 19206 MiB, 49140 MiB, 279.78 W, 69
2026/08/14 04:20:06.511, NVIDIA GeForce RTX 4090, 73 %, 37 %, 19206 MiB, 49140 MiB, 272.65 W, 67
2026/08/14 04:20:07.512, NVIDIA GeForce RTX 4090, 39 %, 15 %, 19206 MiB, 49140 MiB, 285.07 W, 67
2026/08/14 04:20:08.512, NVIDIA GeForce RTX 4090, 35 %, 13 %, 19206 MiB, 49140 MiB, 270.12 W, 66
2026/08/14 04:20:09.512, NVIDIA GeForce RTX 4090, 25 %, 10 %, 19206 MiB, 49140 MiB, 268.21 W, 67
2026/08/14 04:20:10.512, NVIDIA GeForce RTX 4090, 18 %, 6 %, 19206 MiB, 49140 MiB, 261.10 W, 65
2026/08/14 04:20:11.513, NVIDIA GeForce RTX 4090, 24 %, 9 %, 19206 MiB, 49140 MiB, 263.76 W, 64
2026/08/14 04:20:12.513, NVIDIA GeForce RTX 4090, 49 %, 17 %, 19206 MiB, 49140 MiB, 261.01 W, 63
2026/08/14 04:20:13.513, NVIDIA GeForce RTX 4090, 35 %, 12 %, 19206 MiB, 49140 MiB, 272.75 W, 65
2026/08/14 04:20:14.513, NVIDIA GeForce RTX 4090, 43 %, 16 %, 19206 MiB, 49140 MiB, 281.42 W, 66
2026/08/14 04:20:15.513, NVIDIA GeForce RTX 4090, 55 %, 22 %, 19206 MiB, 49140 MiB, 281.68 W, 66
2026/08/14 04:20:16.514, NVIDIA GeForce RTX 4090, 69 %, 33 %, 19206 MiB, 49140 MiB, 279.94 W, 66
2026/08/14 04:20:17.514, NVIDIA GeForce RTX 4090, 64 %, 31 %, 19206 MiB, 49140 MiB, 261.40 W, 65
2026/08/14 04:20:18.514, NVIDIA GeForce RTX 4090, 69 %, 33 %, 19206 MiB, 49140 MiB, 269.65 W, 66
2026/08/14 04:20:19.514, NVIDIA GeForce RTX 4090, 34 %, 19 %, 19206 MiB, 49140 MiB, 271.49 W, 66
2026/08/14 04:20:20.514, NVIDIA GeForce RTX 4090, 78 %, 46 %, 19206 MiB, 49140 MiB, 294.56 W, 66
2026/08/14 04:20:21.514, NVIDIA GeForce RTX 4090, 77 %, 39 %, 19206 MiB, 49140 MiB, 293.61 W, 67
2026/08/14 04:20:22.515, NVIDIA GeForce RTX 4090, 79 %, 40 %, 19206 MiB, 49140 MiB, 273.41 W, 67
2026/08/14 04:20:23.515, NVIDIA GeForce RTX 4090, 42 %, 16 %, 19206 MiB, 49140 MiB, 286.71 W, 68
2026/08/14 04:20:24.515, NVIDIA GeForce RTX 4090, 24 %, 8 %, 19206 MiB, 49140 MiB, 273.29 W, 67
2026/08/14 04:20:25.515, NVIDIA GeForce RTX 4090, 36 %, 13 %, 19206 MiB, 49140 MiB, 268.59 W, 65
2026/08/14 04:20:26.515, NVIDIA GeForce RTX 4090, 39 %, 14 %, 19206 MiB, 49140 MiB, 267.16 W, 65
2026/08/14 04:20:27.516, NVIDIA GeForce RTX 4090, 40 %, 13 %, 19206 MiB, 49140 MiB, 275.55 W, 66
2026/08/14 04:20:28.516, NVIDIA GeForce RTX 4090, 65 %, 31 %, 19206 MiB, 49140 MiB, 300.36 W, 66
2026/08/14 04:20:29.516, NVIDIA GeForce RTX 4090, 81 %, 46 %, 19206 MiB, 49140 MiB, 306.33 W, 67
2026/08/14 04:20:30.516, NVIDIA GeForce RTX 4090, 63 %, 34 %, 19206 MiB, 49140 MiB, 294.94 W, 70
2026/08/14 04:20:31.516, NVIDIA GeForce RTX 4090, 29 %, 12 %, 19206 MiB, 49140 MiB, 277.82 W, 68
2026/08/14 04:20:32.517, NVIDIA GeForce RTX 4090, 35 %, 13 %, 19206 MiB, 49140 MiB, 266.61 W, 66
2026/08/14 04:20:33.517, NVIDIA GeForce RTX 4090, 39 %, 14 %, 19206 MiB, 49140 MiB, 278.88 W, 66
2026/08/14 04:20:34.517, NVIDIA GeForce RTX 4090, 41 %, 14 %, 19206 MiB, 49140 MiB, 275.98 W, 66
2026/08/14 04:20:35.517, NVIDIA GeForce RTX 4090, 38 %, 15 %, 19206 MiB, 49140 MiB, 275.62 W, 66
2026/08/14 04:20:36.583, NVIDIA GeForce RTX 4090, 85 %, 52 %, 19206 MiB, 49140 MiB, 306.18 W, 68
2026/08/14 04:20:37.584, NVIDIA GeForce RTX 4090, 51 %, 20 %, 19206 MiB, 49140 MiB, 314.61 W, 70
2026/08/14 04:20:38.584, NVIDIA GeForce RTX 4090, 22 %, 8 %, 19206 MiB, 49140 MiB, 277.49 W, 66
2026/08/14 04:20:39.584, NVIDIA GeForce RTX 4090, 35 %, 12 %, 19206 MiB, 49140 MiB, 272.13 W, 66
2026/08/14 04:20:40.584, NVIDIA GeForce RTX 4090, 40 %, 15 %, 19206 MiB, 49140 MiB, 280.38 W, 66
2026/08/14 04:20:41.585, NVIDIA GeForce RTX 4090, 63 %, 35 %, 19206 MiB, 49140 MiB, 294.57 W, 68
2026/08/14 04:20:42.585, NVIDIA GeForce RTX 4090, 89 %, 48 %, 19206 MiB, 49140 MiB, 306.60 W, 70
2026/08/14 04:20:43.585, NVIDIA GeForce RTX 4090, 32 %, 12 %, 19206 MiB, 49140 MiB, 297.63 W, 67
2026/08/14 04:20:44.585, NVIDIA GeForce RTX 4090, 39 %, 14 %, 19206 MiB, 49140 MiB, 279.31 W, 67
2026/08/14 04:20:45.585, NVIDIA GeForce RTX 4090, 99 %, 52 %, 19206 MiB, 49140 MiB, 360.83 W, 70
2026/08/14 04:20:46.585, NVIDIA GeForce RTX 4090, 89 %, 48 %, 19206 MiB, 49140 MiB, 314.99 W, 71
2026/08/14 04:20:47.586, NVIDIA GeForce RTX 4090, 34 %, 13 %, 19206 MiB, 49140 MiB, 298.73 W, 67
2026/08/14 04:20:48.586, NVIDIA GeForce RTX 4090, 37 %, 13 %, 19206 MiB, 49140 MiB, 280.00 W, 67
2026/08/14 04:20:49.586, NVIDIA GeForce RTX 4090, 42 %, 15 %, 19206 MiB, 49140 MiB, 285.90 W, 66
2026/08/14 04:20:50.586, NVIDIA GeForce RTX 4090, 67 %, 32 %, 19206 MiB, 49140 MiB, 290.36 W, 67
2026/08/14 04:20:51.586, NVIDIA GeForce RTX 4090, 80 %, 46 %, 19206 MiB, 49140 MiB, 301.20 W, 69
2026/08/14 04:20:52.586, NVIDIA GeForce RTX 4090, 64 %, 34 %, 19206 MiB, 49140 MiB, 288.30 W, 68
2026/08/14 04:20:53.587, NVIDIA GeForce RTX 4090, 32 %, 13 %, 19206 MiB, 49140 MiB, 277.55 W, 67
2026/08/14 04:20:54.587, NVIDIA GeForce RTX 4090, 40 %, 14 %, 19206 MiB, 49140 MiB, 269.27 W, 65
2026/08/14 04:20:55.587, NVIDIA GeForce RTX 4090, 37 %, 13 %, 19206 MiB, 49140 MiB, 269.32 W, 66
2026/08/14 04:20:56.588, NVIDIA GeForce RTX 4090, 40 %, 13 %, 19206 MiB, 49140 MiB, 282.18 W, 66
2026/08/14 04:20:57.588, NVIDIA GeForce RTX 4090, 53 %, 21 %, 19206 MiB, 49140 MiB, 285.41 W, 66
2026/08/14 04:20:58.588, NVIDIA GeForce RTX 4090, 80 %, 49 %, 19206 MiB, 49140 MiB, 298.97 W, 69
2026/08/14 04:20:59.588, NVIDIA GeForce RTX 4090, 67 %, 35 %, 19206 MiB, 49140 MiB, 301.71 W, 67
2026/08/14 04:21:00.589, NVIDIA GeForce RTX 4090, 33 %, 11 %, 19206 MiB, 49140 MiB, 293.12 W, 64
2026/08/14 04:21:01.589, NVIDIA GeForce RTX 4090, 34 %, 11 %, 19206 MiB, 49140 MiB, 277.08 W, 66
2026/08/14 04:21:02.589, NVIDIA GeForce RTX 4090, 40 %, 15 %, 19206 MiB, 49140 MiB, 282.70 W, 66
2026/08/14 04:21:03.590, NVIDIA GeForce RTX 4090, 64 %, 36 %, 19206 MiB, 49140 MiB, 300.55 W, 66
2026/08/14 04:21:04.590, NVIDIA GeForce RTX 4090, 74 %, 38 %, 19206 MiB, 49140 MiB, 304.32 W, 63
2026/08/14 04:21:05.590, NVIDIA GeForce RTX 4090, 32 %, 13 %, 19206 MiB, 49140 MiB, 291.55 W, 66
2026/08/14 04:21:06.590, NVIDIA GeForce RTX 4090, 37 %, 13 %, 19206 MiB, 49140 MiB, 288.10 W, 67
2026/08/14 04:21:07.591, NVIDIA GeForce RTX 4090, 40 %, 15 %, 19206 MiB, 49140 MiB, 290.49 W, 66
2026/08/14 04:21:08.591, NVIDIA GeForce RTX 4090, 67 %, 37 %, 19206 MiB, 49140 MiB, 295.78 W, 67
2026/08/14 04:21:09.591, NVIDIA GeForce RTX 4090, 89 %, 47 %, 19206 MiB, 49140 MiB, 306.67 W, 71
2026/08/14 04:21:10.591, NVIDIA GeForce RTX 4090, 33 %, 12 %, 19206 MiB, 49140 MiB, 292.39 W, 67
2026/08/14 04:21:11.592, NVIDIA GeForce RTX 4090, 35 %, 12 %, 19206 MiB, 49140 MiB, 277.95 W, 66
2026/08/14 04:21:12.592, NVIDIA GeForce RTX 4090, 40 %, 15 %, 19206 MiB, 49140 MiB, 284.73 W, 66
2026/08/14 04:21:13.592, NVIDIA GeForce RTX 4090, 78 %, 45 %, 19206 MiB, 49140 MiB, 296.92 W, 68
2026/08/14 04:21:14.593, NVIDIA GeForce RTX 4090, 69 %, 35 %, 19206 MiB, 49140 MiB, 314.66 W, 66
2026/08/14 04:21:15.593, NVIDIA GeForce RTX 4090, 32 %, 12 %, 19206 MiB, 49140 MiB, 289.58 W, 66
2026/08/14 04:21:16.593, NVIDIA GeForce RTX 4090, 37 %, 13 %, 19206 MiB, 49140 MiB, 279.66 W, 66
2026/08/14 04:21:17.593, NVIDIA GeForce RTX 4090, 38 %, 13 %, 19206 MiB, 49140 MiB, 279.97 W, 65
2026/08/14 04:21:18.594, NVIDIA GeForce RTX 4090, 67 %, 32 %, 19206 MiB, 49140 MiB, 299.72 W, 66
2026/08/14 04:21:19.594, NVIDIA GeForce RTX 4090, 75 %, 44 %, 19206 MiB, 49140 MiB, 303.88 W, 70
2026/08/14 04:21:20.594, NVIDIA GeForce RTX 4090, 40 %, 19 %, 19206 MiB, 49140 MiB, 293.30 W, 65
2026/08/14 04:21:21.595, NVIDIA GeForce RTX 4090, 35 %, 13 %, 19206 MiB, 49140 MiB, 290.00 W, 67
2026/08/14 04:21:22.595, NVIDIA GeForce RTX 4090, 34 %, 11 %, 19206 MiB, 49140 MiB, 274.12 W, 66
2026/08/14 04:21:23.595, NVIDIA GeForce RTX 4090, 40 %, 15 %, 19206 MiB, 49140 MiB, 283.29 W, 66
2026/08/14 04:21:24.596, NVIDIA GeForce RTX 4090, 65 %, 36 %, 19206 MiB, 49140 MiB, 299.52 W, 66
2026/08/14 04:21:25.596, NVIDIA GeForce RTX 4090, 79 %, 40 %, 19206 MiB, 49140 MiB, 312.19 W, 67
2026/08/14 04:21:26.596, NVIDIA GeForce RTX 4090, 36 %, 13 %, 19206 MiB, 49140 MiB, 292.42 W, 66
2026/08/14 04:21:27.596, NVIDIA GeForce RTX 4090, 36 %, 13 %, 19206 MiB, 49140 MiB, 280.46 W, 65
2026/08/14 04:21:28.597, NVIDIA GeForce RTX 4090, 96 %, 53 %, 19206 MiB, 49140 MiB, 357.86 W, 65
2026/08/14 04:21:29.597, NVIDIA GeForce RTX 4090, 0 %, 0 %, 19206 MiB, 49140 MiB, 137.96 W, 57
2026/08/14 04:21:30.597, NVIDIA GeForce RTX 4090, 63 %, 26 %, 19206 MiB, 49140 MiB, 117.97 W, 64
2026/08/14 04:21:31.598, NVIDIA GeForce RTX 4090, 89 %, 48 %, 19206 MiB, 49140 MiB, 278.98 W, 69
2026/08/14 04:21:32.598, NVIDIA GeForce RTX 4090, 39 %, 15 %, 19206 MiB, 49140 MiB, 294.70 W, 65
2026/08/14 04:21:33.598, NVIDIA GeForce RTX 4090, 28 %, 10 %, 19206 MiB, 49140 MiB, 275.11 W, 63
2026/08/14 04:21:34.599, NVIDIA GeForce RTX 4090, 24 %, 9 %, 19206 MiB, 49140 MiB, 264.81 W, 62
2026/08/14 04:21:35.599, NVIDIA GeForce RTX 4090, 36 %, 13 %, 19206 MiB, 49140 MiB, 266.52 W, 63
2026/08/14 04:21:36.599, NVIDIA GeForce RTX 4090, 36 %, 13 %, 19206 MiB, 49140 MiB, 263.48 W, 64
2026/08/14 04:21:37.599, NVIDIA GeForce RTX 4090, 40 %, 13 %, 19206 MiB, 49140 MiB, 274.76 W, 63
2026/08/14 04:21:38.600, NVIDIA GeForce RTX 4090, 42 %, 15 %, 19206 MiB, 49140 MiB, 270.73 W, 63
2026/08/14 04:21:39.600, NVIDIA GeForce RTX 4090, 67 %, 32 %, 19206 MiB, 49140 MiB, 292.77 W, 64
2026/08/14 04:21:40.600, NVIDIA GeForce RTX 4090, 72 %, 42 %, 19206 MiB, 49140 MiB, 302.11 W, 68
2026/08/14 04:21:41.600, NVIDIA GeForce RTX 4090, 76 %, 38 %, 19206 MiB, 49140 MiB, 294.21 W, 63
2026/08/14 04:21:42.600, NVIDIA GeForce RTX 4090, 47 %, 17 %, 19206 MiB, 49140 MiB, 287.32 W, 62
2026/08/14 04:21:43.601, NVIDIA GeForce RTX 4090, 35 %, 13 %, 19206 MiB, 49140 MiB, 282.91 W, 61
2026/08/14 04:21:44.601, NVIDIA GeForce RTX 4090, 42 %, 14 %, 19206 MiB, 49140 MiB, 277.43 W, 62
2026/08/14 04:21:45.601, NVIDIA GeForce RTX 4090, 51 %, 20 %, 19206 MiB, 49140 MiB, 289.73 W, 63
2026/08/14 04:21:46.601, NVIDIA GeForce RTX 4090, 74 %, 45 %, 19206 MiB, 49140 MiB, 297.70 W, 71
2026/08/14 04:21:47.602, NVIDIA GeForce RTX 4090, 78 %, 39 %, 19206 MiB, 49140 MiB, 302.03 W, 63
2026/08/14 04:21:48.602, NVIDIA GeForce RTX 4090, 35 %, 13 %, 19206 MiB, 49140 MiB, 281.04 W, 62
2026/08/14 04:21:49.602, NVIDIA GeForce RTX 4090, 37 %, 13 %, 19206 MiB, 49140 MiB, 278.09 W, 63
2026/08/14 04:21:50.603, NVIDIA GeForce RTX 4090, 40 %, 15 %, 19206 MiB, 49140 MiB, 290.19 W, 62
2026/08/14 04:21:51.603, NVIDIA GeForce RTX 4090, 67 %, 37 %, 19206 MiB, 49140 MiB, 295.20 W, 64
2026/08/14 04:21:52.603, NVIDIA GeForce RTX 4090, 88 %, 47 %, 19206 MiB, 49140 MiB, 304.25 W, 69
2026/08/14 04:21:53.603, NVIDIA GeForce RTX 4090, 38 %, 15 %, 19206 MiB, 49140 MiB, 296.68 W, 62
2026/08/14 04:21:54.603, NVIDIA GeForce RTX 4090, 16 %, 6 %, 19206 MiB, 49140 MiB, 273.65 W, 60
2026/08/14 04:21:55.604, NVIDIA GeForce RTX 4090, 35 %, 12 %, 19206 MiB, 49140 MiB, 281.30 W, 61
2026/08/14 04:21:56.604, NVIDIA GeForce RTX 4090, 40 %, 15 %, 19206 MiB, 49140 MiB, 280.84 W, 61
2026/08/14 04:21:57.604, NVIDIA GeForce RTX 4090, 67 %, 38 %, 19206 MiB, 49140 MiB, 292.88 W, 63
2026/08/14 04:21:58.604, NVIDIA GeForce RTX 4090, 80 %, 40 %, 19206 MiB, 49140 MiB, 314.28 W, 63
2026/08/14 04:21:59.605, NVIDIA GeForce RTX 4090, 48 %, 23 %, 19206 MiB, 49140 MiB, 280.58 W, 62
2026/08/14 04:22:00.605, NVIDIA GeForce RTX 4090, 33 %, 11 %, 19206 MiB, 49140 MiB, 280.29 W, 61
2026/08/14 04:22:01.605, NVIDIA GeForce RTX 4090, 35 %, 12 %, 19206 MiB, 49140 MiB, 282.40 W, 61
2026/08/14 04:22:02.605, NVIDIA GeForce RTX 4090, 41 %, 16 %, 19206 MiB, 49140 MiB, 286.83 W, 61
2026/08/14 04:22:03.606, NVIDIA GeForce RTX 4090, 66 %, 37 %, 19206 MiB, 49140 MiB, 288.36 W, 63
2026/08/14 04:22:04.606, NVIDIA GeForce RTX 4090, 73 %, 43 %, 19206 MiB, 49140 MiB, 288.25 W, 68
2026/08/14 04:22:05.606, NVIDIA GeForce RTX 4090, 43 %, 20 %, 19206 MiB, 49140 MiB, 298.91 W, 62
2026/08/14 04:22:06.606, NVIDIA GeForce RTX 4090, 30 %, 11 %, 19206 MiB, 49140 MiB, 282.86 W, 61
2026/08/14 04:22:07.606, NVIDIA GeForce RTX 4090, 35 %, 12 %, 19206 MiB, 49140 MiB, 279.28 W, 61
2026/08/14 04:22:08.607, NVIDIA GeForce RTX 4090, 44 %, 15 %, 19206 MiB, 49140 MiB, 276.42 W, 61
2026/08/14 04:22:09.607, NVIDIA GeForce RTX 4090, 54 %, 21 %, 19206 MiB, 49140 MiB, 282.01 W, 62
2026/08/14 04:22:10.607, NVIDIA GeForce RTX 4090, 74 %, 42 %, 19206 MiB, 49140 MiB, 295.80 W, 71
2026/08/14 04:22:11.607, NVIDIA GeForce RTX 4090, 83 %, 42 %, 19206 MiB, 49140 MiB, 303.50 W, 63
2026/08/14 04:22:12.608, NVIDIA GeForce RTX 4090, 35 %, 13 %, 19206 MiB, 49140 MiB, 291.40 W, 61
2026/08/14 04:22:13.608, NVIDIA GeForce RTX 4090, 36 %, 13 %, 19206 MiB, 49140 MiB, 283.36 W, 61
2026/08/14 04:22:14.608, NVIDIA GeForce RTX 4090, 100 %, 55 %, 19206 MiB, 49140 MiB, 357.64 W, 70
2026/08/14 04:22:15.609, NVIDIA GeForce RTX 4090, 91 %, 47 %, 19206 MiB, 49140 MiB, 318.36 W, 64
2026/08/14 04:22:16.609, NVIDIA GeForce RTX 4090, 28 %, 11 %, 19206 MiB, 49140 MiB, 291.97 W, 61
2026/08/14 04:22:17.609, NVIDIA GeForce RTX 4090, 32 %, 12 %, 19206 MiB, 49140 MiB, 267.20 W, 61
2026/08/14 04:22:18.609, NVIDIA GeForce RTX 4090, 38 %, 13 %, 19206 MiB, 49140 MiB, 276.98 W, 61
2026/08/14 04:22:19.610, NVIDIA GeForce RTX 4090, 36 %, 14 %, 19206 MiB, 49140 MiB, 288.17 W, 61
2026/08/14 04:22:20.610, NVIDIA GeForce RTX 4090, 74 %, 42 %, 19206 MiB, 49140 MiB, 297.62 W, 70
2026/08/14 04:22:21.610, NVIDIA GeForce RTX 4090, 82 %, 42 %, 19206 MiB, 49140 MiB, 299.61 W, 63
2026/08/14 04:22:22.610, NVIDIA GeForce RTX 4090, 27 %, 11 %, 19206 MiB, 49140 MiB, 282.85 W, 61
2026/08/14 04:22:23.610, NVIDIA GeForce RTX 4090, 27 %, 9 %, 19206 MiB, 49140 MiB, 270.50 W, 60
2026/08/14 04:22:24.611, NVIDIA GeForce RTX 4090, 36 %, 13 %, 19206 MiB, 49140 MiB, 269.95 W, 61
2026/08/14 04:22:25.611, NVIDIA GeForce RTX 4090, 35 %, 12 %, 19206 MiB, 49140 MiB, 270.26 W, 61
2026/08/14 04:22:26.611, NVIDIA GeForce RTX 4090, 36 %, 14 %, 19206 MiB, 49140 MiB, 283.18 W, 61
2026/08/14 04:22:27.612, NVIDIA GeForce RTX 4090, 64 %, 36 %, 19206 MiB, 49140 MiB, 290.10 W, 64
2026/08/14 04:22:28.612, NVIDIA GeForce RTX 4090, 72 %, 43 %, 19206 MiB, 49140 MiB, 286.94 W, 66
2026/08/14 04:22:29.612, NVIDIA GeForce RTX 4090, 86 %, 44 %, 19206 MiB, 49140 MiB, 293.46 W, 63
2026/08/14 04:22:30.612, NVIDIA GeForce RTX 4090, 33 %, 11 %, 19206 MiB, 49140 MiB, 290.00 W, 61
2026/08/14 04:22:31.613, NVIDIA GeForce RTX 4090, 50 %, 17 %, 19206 MiB, 49140 MiB, 274.07 W, 61
2026/08/14 04:22:32.613, NVIDIA GeForce RTX 4090, 43 %, 15 %, 19206 MiB, 49140 MiB, 280.78 W, 61
2026/08/14 04:22:33.613, NVIDIA GeForce RTX 4090, 61 %, 30 %, 19206 MiB, 49140 MiB, 286.45 W, 64
2026/08/14 04:22:34.613, NVIDIA GeForce RTX 4090, 73 %, 43 %, 19206 MiB, 49140 MiB, 296.69 W, 66
2026/08/14 04:22:35.613, NVIDIA GeForce RTX 4090, 84 %, 43 %, 19206 MiB, 49140 MiB, 291.88 W, 63
2026/08/14 04:22:36.613, NVIDIA GeForce RTX 4090, 27 %, 11 %, 19206 MiB, 49140 MiB, 285.51 W, 61
2026/08/14 04:22:37.614, NVIDIA GeForce RTX 4090, 27 %, 9 %, 19206 MiB, 49140 MiB, 273.51 W, 60
2026/08/14 04:22:38.614, NVIDIA GeForce RTX 4090, 39 %, 14 %, 19206 MiB, 49140 MiB, 277.17 W, 61
2026/08/14 04:22:39.614, NVIDIA GeForce RTX 4090, 45 %, 16 %, 19206 MiB, 49140 MiB, 282.20 W, 61
2026/08/14 04:22:40.683, NVIDIA GeForce RTX 4090, 61 %, 30 %, 19206 MiB, 49140 MiB, 287.49 W, 64
2026/08/14 04:22:41.684, NVIDIA GeForce RTX 4090, 73 %, 43 %, 19206 MiB, 49140 MiB, 297.76 W, 66
2026/08/14 04:22:42.684, NVIDIA GeForce RTX 4090, 87 %, 45 %, 19206 MiB, 49140 MiB, 290.34 W, 63
2026/08/14 04:22:43.684, NVIDIA GeForce RTX 4090, 35 %, 13 %, 19206 MiB, 49140 MiB, 294.71 W, 61
2026/08/14 04:22:44.685, NVIDIA GeForce RTX 4090, 37 %, 13 %, 19206 MiB, 49140 MiB, 276.96 W, 61
2026/08/14 04:22:45.685, NVIDIA GeForce RTX 4090, 42 %, 14 %, 19206 MiB, 49140 MiB, 279.26 W, 62
2026/08/14 04:22:46.685, NVIDIA GeForce RTX 4090, 55 %, 22 %, 19206 MiB, 49140 MiB, 288.11 W, 62
2026/08/14 04:22:47.686, NVIDIA GeForce RTX 4090, 63 %, 35 %, 19206 MiB, 49140 MiB, 282.48 W, 65
2026/08/14 04:22:48.686, NVIDIA GeForce RTX 4090, 72 %, 42 %, 19206 MiB, 49140 MiB, 281.73 W, 67
2026/08/14 04:22:49.686, NVIDIA GeForce RTX 4090, 88 %, 45 %, 19206 MiB, 49140 MiB, 292.01 W, 64
2026/08/14 04:22:50.686, NVIDIA GeForce RTX 4090, 46 %, 17 %, 19206 MiB, 49140 MiB, 290.01 W, 63
2026/08/14 04:22:51.687, NVIDIA GeForce RTX 4090, 38 %, 13 %, 19206 MiB, 49140 MiB, 283.90 W, 61
2026/08/14 04:22:52.687, NVIDIA GeForce RTX 4090, 44 %, 15 %, 19206 MiB, 49140 MiB, 284.29 W, 62
2026/08/14 04:22:53.687, NVIDIA GeForce RTX 4090, 55 %, 22 %, 19206 MiB, 49140 MiB, 281.56 W, 62
2026/08/14 04:22:54.688, NVIDIA GeForce RTX 4090, 64 %, 35 %, 19206 MiB, 49140 MiB, 283.62 W, 64
2026/08/14 04:22:55.688, NVIDIA GeForce RTX 4090, 72 %, 42 %, 19206 MiB, 49140 MiB, 291.24 W, 68
2026/08/14 04:22:56.688, NVIDIA GeForce RTX 4090, 57 %, 25 %, 19206 MiB, 49140 MiB, 302.60 W, 63
2026/08/14 04:22:57.689, NVIDIA GeForce RTX 4090, 26 %, 9 %, 19206 MiB, 49140 MiB, 280.33 W, 61
2026/08/14 04:22:58.689, NVIDIA GeForce RTX 4090, 100 %, 54 %, 19206 MiB, 49140 MiB, 323.07 W, 69
2026/08/14 04:22:59.689, NVIDIA GeForce RTX 4090, 0 %, 0 %, 19206 MiB, 49140 MiB, 188.58 W, 57
2026/08/14 04:23:00.689, NVIDIA GeForce RTX 4090, 0 %, 0 %, 19206 MiB, 49140 MiB, 107.20 W, 56
2026/08/14 04:23:01.690, NVIDIA GeForce RTX 4090, 40 %, 14 %, 19206 MiB, 49140 MiB, 196.45 W, 60
2026/08/14 04:23:02.690, NVIDIA GeForce RTX 4090, 40 %, 15 %, 19206 MiB, 49140 MiB, 270.47 W, 60
2026/08/14 04:23:03.690, NVIDIA GeForce RTX 4090, 53 %, 28 %, 19206 MiB, 49140 MiB, 278.30 W, 64
2026/08/14 04:23:04.691, NVIDIA GeForce RTX 4090, 66 %, 38 %, 19206 MiB, 49140 MiB, 293.62 W, 68
2026/08/14 04:23:05.691, NVIDIA GeForce RTX 4090, 92 %, 53 %, 19206 MiB, 49140 MiB, 286.04 W, 68
2026/08/14 04:23:06.691, NVIDIA GeForce RTX 4090, 57 %, 26 %, 19206 MiB, 49140 MiB, 291.73 W, 62
2026/08/14 04:23:07.692, NVIDIA GeForce RTX 4090, 60 %, 29 %, 19206 MiB, 49140 MiB, 265.68 W, 62
2026/08/14 04:23:08.692, NVIDIA GeForce RTX 4090, 66 %, 31 %, 19206 MiB, 49140 MiB, 278.26 W, 62
2026/08/14 04:23:09.692, NVIDIA GeForce RTX 4090, 16 %, 6 %, 19206 MiB, 49140 MiB, 276.76 W, 60
2026/08/14 04:23:10.692, NVIDIA GeForce RTX 4090, 30 %, 11 %, 19206 MiB, 49140 MiB, 269.38 W, 60
2026/08/14 04:23:11.693, NVIDIA GeForce RTX 4090, 36 %, 12 %, 19206 MiB, 49140 MiB, 272.02 W, 61
2026/08/14 04:23:12.693, NVIDIA GeForce RTX 4090, 32 %, 11 %, 19206 MiB, 49140 MiB, 257.65 W, 60
2026/08/14 04:23:13.693, NVIDIA GeForce RTX 4090, 26 %, 9 %, 19206 MiB, 49140 MiB, 263.48 W, 59
2026/08/14 04:23:14.694, NVIDIA GeForce RTX 4090, 44 %, 14 %, 19206 MiB, 49140 MiB, 258.70 W, 61
2026/08/14 04:23:15.694, NVIDIA GeForce RTX 4090, 19 %, 7 %, 19206 MiB, 49140 MiB, 260.06 W, 59
2026/08/14 04:23:16.694, NVIDIA GeForce RTX 4090, 22 %, 7 %, 19206 MiB, 49140 MiB, 258.49 W, 59
2026/08/14 04:23:17.694, NVIDIA GeForce RTX 4090, 29 %, 10 %, 19206 MiB, 49140 MiB, 259.42 W, 59
2026/08/14 04:23:18.695, NVIDIA GeForce RTX 4090, 29 %, 10 %, 19206 MiB, 49140 MiB, 261.51 W, 60
2026/08/14 04:23:19.695, NVIDIA GeForce RTX 4090, 52 %, 20 %, 19206 MiB, 49140 MiB, 289.05 W, 62
2026/08/14 04:23:20.695, NVIDIA GeForce RTX 4090, 61 %, 34 %, 19206 MiB, 49140 MiB, 283.30 W, 65
2026/08/14 04:23:21.695, NVIDIA GeForce RTX 4090, 93 %, 54 %, 19206 MiB, 49140 MiB, 300.15 W, 64
2026/08/14 04:23:22.696, NVIDIA GeForce RTX 4090, 42 %, 17 %, 19206 MiB, 49140 MiB, 298.21 W, 61
2026/08/14 04:23:23.696, NVIDIA GeForce RTX 4090, 27 %, 9 %, 19206 MiB, 49140 MiB, 273.02 W, 60
2026/08/14 04:23:24.696, NVIDIA GeForce RTX 4090, 36 %, 13 %, 19206 MiB, 49140 MiB, 270.36 W, 60
2026/08/14 04:23:25.696, NVIDIA GeForce RTX 4090, 29 %, 10 %, 19206 MiB, 49140 MiB, 274.93 W, 60
2026/08/14 04:23:26.697, NVIDIA GeForce RTX 4090, 43 %, 15 %, 19206 MiB, 49140 MiB, 273.85 W, 61
2026/08/14 04:23:27.697, NVIDIA GeForce RTX 4090, 49 %, 21 %, 19206 MiB, 49140 MiB, 277.28 W, 63
2026/08/14 04:23:28.697, NVIDIA GeForce RTX 4090, 60 %, 34 %, 19206 MiB, 49140 MiB, 280.74 W, 66
2026/08/14 04:23:29.697, NVIDIA GeForce RTX 4090, 72 %, 43 %, 19206 MiB, 49140 MiB, 292.55 W, 69
2026/08/14 04:23:30.697, NVIDIA GeForce RTX 4090, 89 %, 48 %, 19206 MiB, 49140 MiB, 288.96 W, 64
2026/08/14 04:23:31.697, NVIDIA GeForce RTX 4090, 45 %, 19 %, 19206 MiB, 49140 MiB, 278.58 W, 61
2026/08/14 04:23:32.698, NVIDIA GeForce RTX 4090, 27 %, 9 %, 19206 MiB, 49140 MiB, 275.03 W, 60
2026/08/14 04:23:33.698, NVIDIA GeForce RTX 4090, 35 %, 12 %, 19206 MiB, 49140 MiB, 279.57 W, 61
2026/08/14 04:23:34.698, NVIDIA GeForce RTX 4090, 42 %, 15 %, 19206 MiB, 49140 MiB, 279.87 W, 62
2026/08/14 04:23:35.698, NVIDIA GeForce RTX 4090, 50 %, 25 %, 19206 MiB, 49140 MiB, 285.51 W, 66
2026/08/14 04:23:36.698, NVIDIA GeForce RTX 4090, 74 %, 43 %, 19206 MiB, 49140 MiB, 295.45 W, 67
2026/08/14 04:23:37.699, NVIDIA GeForce RTX 4090, 89 %, 48 %, 19206 MiB, 49140 MiB, 293.94 W, 65
2026/08/14 04:23:38.699, NVIDIA GeForce RTX 4090, 45 %, 20 %, 19206 MiB, 49140 MiB, 274.30 W, 61
2026/08/14 04:23:39.699, NVIDIA GeForce RTX 4090, 42 %, 15 %, 19206 MiB, 49140 MiB, 267.23 W, 60
2026/08/14 04:23:40.699, NVIDIA GeForce RTX 4090, 38 %, 13 %, 19206 MiB, 49140 MiB, 272.79 W, 61
2026/08/14 04:23:41.699, NVIDIA GeForce RTX 4090, 46 %, 18 %, 19206 MiB, 49140 MiB, 279.69 W, 62
2026/08/14 04:23:42.699, NVIDIA GeForce RTX 4090, 45 %, 21 %, 19206 MiB, 49140 MiB, 274.52 W, 61
2026/08/14 04:23:43.700, NVIDIA GeForce RTX 4090, 69 %, 41 %, 19206 MiB, 49140 MiB, 289.45 W, 67
2026/08/14 04:23:44.700, NVIDIA GeForce RTX 4090, 90 %, 39 %, 19206 MiB, 49140 MiB, 312.00 W, 67
2026/08/14 04:23:45.700, NVIDIA GeForce RTX 4090, 40 %, 15 %, 19206 MiB, 49140 MiB, 290.05 W, 62
2026/08/14 04:23:46.700, NVIDIA GeForce RTX 4090, 100 %, 54 %, 19206 MiB, 49140 MiB, 337.97 W, 70
2026/08/14 04:23:47.700, NVIDIA GeForce RTX 4090, 76 %, 42 %, 19206 MiB, 49140 MiB, 305.32 W, 69
2026/08/14 04:23:48.701, NVIDIA GeForce RTX 4090, 87 %, 46 %, 19206 MiB, 49140 MiB, 303.08 W, 69
2026/08/14 04:23:49.701, NVIDIA GeForce RTX 4090, 39 %, 17 %, 19206 MiB, 49140 MiB, 285.39 W, 66
2026/08/14 04:23:50.701, NVIDIA GeForce RTX 4090, 29 %, 10 %, 19206 MiB, 49140 MiB, 274.36 W, 62
2026/08/14 04:23:51.701, NVIDIA GeForce RTX 4090, 45 %, 16 %, 19206 MiB, 49140 MiB, 267.10 W, 61
2026/08/14 04:23:52.701, NVIDIA GeForce RTX 4090, 39 %, 13 %, 19206 MiB, 49140 MiB, 269.68 W, 61
2026/08/14 04:23:53.701, NVIDIA GeForce RTX 4090, 55 %, 22 %, 19206 MiB, 49140 MiB, 289.34 W, 62
2026/08/14 04:23:54.702, NVIDIA GeForce RTX 4090, 53 %, 28 %, 19206 MiB, 49140 MiB, 273.52 W, 64
2026/08/14 04:23:55.702, NVIDIA GeForce RTX 4090, 71 %, 43 %, 19206 MiB, 49140 MiB, 285.67 W, 70
2026/08/14 04:23:56.702, NVIDIA GeForce RTX 4090, 77 %, 40 %, 19206 MiB, 49140 MiB, 288.12 W, 69
2026/08/14 04:23:57.702, NVIDIA GeForce RTX 4090, 47 %, 20 %, 19206 MiB, 49140 MiB, 291.42 W, 66
2026/08/14 04:23:58.703, NVIDIA GeForce RTX 4090, 33 %, 12 %, 19206 MiB, 49140 MiB, 273.55 W, 62
2026/08/14 04:23:59.703, NVIDIA GeForce RTX 4090, 42 %, 15 %, 19206 MiB, 49140 MiB, 267.65 W, 61
2026/08/14 04:24:00.703, NVIDIA GeForce RTX 4090, 49 %, 17 %, 19206 MiB, 49140 MiB, 273.67 W, 62
2026/08/14 04:24:01.703, NVIDIA GeForce RTX 4090, 40 %, 14 %, 19206 MiB, 49140 MiB, 269.97 W, 61
2026/08/14 04:24:02.703, NVIDIA GeForce RTX 4090, 45 %, 18 %, 19206 MiB, 49140 MiB, 274.17 W, 62
2026/08/14 04:24:03.703, NVIDIA GeForce RTX 4090, 53 %, 28 %, 19206 MiB, 49140 MiB, 281.91 W, 64
2026/08/14 04:24:04.704, NVIDIA GeForce RTX 4090, 71 %, 43 %, 19206 MiB, 49140 MiB, 287.95 W, 69
2026/08/14 04:24:05.704, NVIDIA GeForce RTX 4090, 87 %, 45 %, 19206 MiB, 49140 MiB, 290.52 W, 69
2026/08/14 04:24:06.704, NVIDIA GeForce RTX 4090, 55 %, 20 %, 19206 MiB, 49140 MiB, 298.10 W, 64
2026/08/14 04:24:07.704, NVIDIA GeForce RTX 4090, 32 %, 11 %, 19206 MiB, 49140 MiB, 274.72 W, 61
2026/08/14 04:24:08.704, NVIDIA GeForce RTX 4090, 38 %, 13 %, 19206 MiB, 49140 MiB, 273.10 W, 61
2026/08/14 04:24:09.705, NVIDIA GeForce RTX 4090, 38 %, 14 %, 19206 MiB, 49140 MiB, 272.01 W, 61
2026/08/14 04:24:10.705, NVIDIA GeForce RTX 4090, 40 %, 16 %, 19206 MiB, 49140 MiB, 288.07 W, 62
2026/08/14 04:24:11.705, NVIDIA GeForce RTX 4090, 92 %, 53 %, 19206 MiB, 49140 MiB, 312.45 W, 67
2026/08/14 04:24:12.705, NVIDIA GeForce RTX 4090, 79 %, 35 %, 19206 MiB, 49140 MiB, 303.49 W, 67
2026/08/14 04:24:13.705, NVIDIA GeForce RTX 4090, 30 %, 10 %, 19206 MiB, 49140 MiB, 283.82 W, 61
2026/08/14 04:24:14.706, NVIDIA GeForce RTX 4090, 48 %, 17 %, 19206 MiB, 49140 MiB, 281.89 W, 62
2026/08/14 04:24:15.706, NVIDIA GeForce RTX 4090, 38 %, 14 %, 19206 MiB, 49140 MiB, 279.11 W, 62
2026/08/14 04:24:16.706, NVIDIA GeForce RTX 4090, 45 %, 17 %, 19206 MiB, 49140 MiB, 275.80 W, 63
2026/08/14 04:24:17.706, NVIDIA GeForce RTX 4090, 70 %, 38 %, 19206 MiB, 49140 MiB, 292.57 W, 69
2026/08/14 04:24:18.707, NVIDIA GeForce RTX 4090, 92 %, 53 %, 19206 MiB, 49140 MiB, 296.42 W, 68
2026/08/14 04:24:19.707, NVIDIA GeForce RTX 4090, 49 %, 22 %, 19206 MiB, 49140 MiB, 301.00 W, 66
2026/08/14 04:24:20.707, NVIDIA GeForce RTX 4090, 25 %, 8 %, 19206 MiB, 49140 MiB, 274.85 W, 63
2026/08/14 04:24:21.707, NVIDIA GeForce RTX 4090, 46 %, 16 %, 19206 MiB, 49140 MiB, 282.47 W, 62
2026/08/14 04:24:22.707, NVIDIA GeForce RTX 4090, 36 %, 13 %, 19206 MiB, 49140 MiB, 277.81 W, 62
2026/08/14 04:24:23.708, NVIDIA GeForce RTX 4090, 44 %, 17 %, 19206 MiB, 49140 MiB, 276.70 W, 63
2026/08/14 04:24:24.708, NVIDIA GeForce RTX 4090, 54 %, 27 %, 19206 MiB, 49140 MiB, 284.55 W, 64
2026/08/14 04:24:25.708, NVIDIA GeForce RTX 4090, 93 %, 53 %, 19206 MiB, 49140 MiB, 305.68 W, 68
2026/08/14 04:24:26.709, NVIDIA GeForce RTX 4090, 68 %, 32 %, 19206 MiB, 49140 MiB, 300.77 W, 68
2026/08/14 04:24:27.709, NVIDIA GeForce RTX 4090, 35 %, 13 %, 19206 MiB, 49140 MiB, 287.59 W, 62
2026/08/14 04:24:28.709, NVIDIA GeForce RTX 4090, 43 %, 16 %, 19206 MiB, 49140 MiB, 272.31 W, 62
2026/08/14 04:24:29.709, NVIDIA GeForce RTX 4090, 34 %, 12 %, 19206 MiB, 49140 MiB, 274.71 W, 62
2026/08/14 04:24:30.710, NVIDIA GeForce RTX 4090, 41 %, 16 %, 19206 MiB, 49140 MiB, 274.04 W, 62
2026/08/14 04:24:31.710, NVIDIA GeForce RTX 4090, 0 %, 0 %, 19206 MiB, 49140 MiB, 336.70 W, 61
2026/08/14 04:24:32.710, NVIDIA GeForce RTX 4090, 0 %, 0 %, 19206 MiB, 49140 MiB, 108.29 W, 56
2026/08/14 04:24:33.710, NVIDIA GeForce RTX 4090, 87 %, 45 %, 19206 MiB, 49140 MiB, 141.60 W, 62
2026/08/14 04:24:34.711, NVIDIA GeForce RTX 4090, 51 %, 20 %, 19206 MiB, 49140 MiB, 282.21 W, 64
2026/08/14 04:24:35.711, NVIDIA GeForce RTX 4090, 26 %, 9 %, 19206 MiB, 49140 MiB, 272.94 W, 61
2026/08/14 04:24:36.711, NVIDIA GeForce RTX 4090, 26 %, 10 %, 19206 MiB, 49140 MiB, 263.64 W, 61
2026/08/14 04:24:37.711, NVIDIA GeForce RTX 4090, 35 %, 12 %, 19206 MiB, 49140 MiB, 267.32 W, 61
2026/08/14 04:24:38.712, NVIDIA GeForce RTX 4090, 33 %, 12 %, 19206 MiB, 49140 MiB, 279.60 W, 61
2026/08/14 04:24:39.783, NVIDIA GeForce RTX 4090, 54 %, 29 %, 19206 MiB, 49140 MiB, 289.98 W, 65
2026/08/14 04:24:40.783, NVIDIA GeForce RTX 4090, 92 %, 52 %, 19206 MiB, 49140 MiB, 303.04 W, 67
2026/08/14 04:24:41.784, NVIDIA GeForce RTX 4090, 52 %, 28 %, 19206 MiB, 49140 MiB, 287.78 W, 65
2026/08/14 04:24:42.784, NVIDIA GeForce RTX 4090, 41 %, 14 %, 19206 MiB, 49140 MiB, 289.51 W, 63
2026/08/14 04:24:43.784, NVIDIA GeForce RTX 4090, 37 %, 12 %, 19206 MiB, 49140 MiB, 287.84 W, 63
2026/08/14 04:24:44.785, NVIDIA GeForce RTX 4090, 45 %, 17 %, 19206 MiB, 49140 MiB, 278.75 W, 63
2026/08/14 04:24:45.785, NVIDIA GeForce RTX 4090, 53 %, 28 %, 19206 MiB, 49140 MiB, 283.71 W, 66
2026/08/14 04:24:46.785, NVIDIA GeForce RTX 4090, 92 %, 53 %, 19206 MiB, 49140 MiB, 305.96 W, 68
2026/08/14 04:24:47.786, NVIDIA GeForce RTX 4090, 56 %, 28 %, 19206 MiB, 49140 MiB, 301.79 W, 70
2026/08/14 04:24:48.786, NVIDIA GeForce RTX 4090, 29 %, 11 %, 19206 MiB, 49140 MiB, 274.88 W, 62
2026/08/14 04:24:49.786, NVIDIA GeForce RTX 4090, 29 %, 11 %, 19206 MiB, 49140 MiB, 274.62 W, 61
2026/08/14 04:24:50.786, NVIDIA GeForce RTX 4090, 36 %, 12 %, 19206 MiB, 49140 MiB, 271.27 W, 62
2026/08/14 04:24:51.787, NVIDIA GeForce RTX 4090, 34 %, 12 %, 19206 MiB, 49140 MiB, 271.35 W, 62
2026/08/14 04:24:52.787, NVIDIA GeForce RTX 4090, 45 %, 17 %, 19206 MiB, 49140 MiB, 282.41 W, 64
2026/08/14 04:24:53.787, NVIDIA GeForce RTX 4090, 48 %, 28 %, 19206 MiB, 49140 MiB, 281.61 W, 68
2026/08/14 04:24:54.787, NVIDIA GeForce RTX 4090, 68 %, 41 %, 19206 MiB, 49140 MiB, 288.11 W, 68
2026/08/14 04:24:55.788, NVIDIA GeForce RTX 4090, 92 %, 49 %, 19206 MiB, 49140 MiB, 298.66 W, 69
2026/08/14 04:24:56.788, NVIDIA GeForce RTX 4090, 55 %, 27 %, 19206 MiB, 49140 MiB, 281.80 W, 69
2026/08/14 04:24:57.788, NVIDIA GeForce RTX 4090, 27 %, 10 %, 19206 MiB, 49140 MiB, 274.76 W, 62
2026/08/14 04:24:58.789, NVIDIA GeForce RTX 4090, 27 %, 10 %, 19206 MiB, 49140 MiB, 268.96 W, 62
2026/08/14 04:24:59.789, NVIDIA GeForce RTX 4090, 34 %, 12 %, 19206 MiB, 49140 MiB, 279.73 W, 62
2026/08/14 04:25:00.789, NVIDIA GeForce RTX 4090, 31 %, 11 %, 19206 MiB, 49140 MiB, 273.02 W, 62
2026/08/14 04:25:01.789, NVIDIA GeForce RTX 4090, 59 %, 23 %, 19206 MiB, 49140 MiB, 278.72 W, 69
2026/08/14 04:25:02.790, NVIDIA GeForce RTX 4090, 71 %, 40 %, 19206 MiB, 49140 MiB, 303.92 W, 68
2026/08/14 04:25:03.790, NVIDIA GeForce RTX 4090, 74 %, 42 %, 19206 MiB, 49140 MiB, 291.17 W, 70
2026/08/14 04:25:04.790, NVIDIA GeForce RTX 4090, 38 %, 13 %, 19206 MiB, 49140 MiB, 303.44 W, 66
2026/08/14 04:25:05.790, NVIDIA GeForce RTX 4090, 34 %, 11 %, 19206 MiB, 49140 MiB, 267.82 W, 63
2026/08/14 04:25:06.791, NVIDIA GeForce RTX 4090, 34 %, 11 %, 19206 MiB, 49140 MiB, 277.17 W, 63
2026/08/14 04:25:07.791, NVIDIA GeForce RTX 4090, 36 %, 14 %, 19206 MiB, 49140 MiB, 275.06 W, 65
2026/08/14 04:25:08.791, NVIDIA GeForce RTX 4090, 51 %, 28 %, 19206 MiB, 49140 MiB, 280.53 W, 69
2026/08/14 04:25:09.792, NVIDIA GeForce RTX 4090, 71 %, 39 %, 19206 MiB, 49140 MiB, 288.65 W, 69
2026/08/14 04:25:10.792, NVIDIA GeForce RTX 4090, 92 %, 49 %, 19206 MiB, 49140 MiB, 295.01 W, 69
2026/08/14 04:25:11.792, NVIDIA GeForce RTX 4090, 70 %, 31 %, 19206 MiB, 49140 MiB, 288.83 W, 63
2026/08/14 04:25:12.792, NVIDIA GeForce RTX 4090, 22 %, 9 %, 19206 MiB, 49140 MiB, 275.17 W, 63
2026/08/14 04:25:13.792, NVIDIA GeForce RTX 4090, 31 %, 11 %, 19206 MiB, 49140 MiB, 279.20 W, 61
2026/08/14 04:25:14.793, NVIDIA GeForce RTX 4090, 27 %, 9 %, 19206 MiB, 49140 MiB, 266.00 W, 63
2026/08/14 04:25:15.793, NVIDIA GeForce RTX 4090, 27 %, 9 %, 19206 MiB, 49140 MiB, 273.31 W, 65
2026/08/14 04:25:16.793, NVIDIA GeForce RTX 4090, 45 %, 17 %, 19206 MiB, 49140 MiB, 273.15 W, 70
2026/08/14 04:25:17.793, NVIDIA GeForce RTX 4090, 54 %, 28 %, 19206 MiB, 49140 MiB, 280.88 W, 68
2026/08/14 04:25:18.794, NVIDIA GeForce RTX 4090, 27 %, 10 %, 19206 MiB, 49140 MiB, 372.93 W, 65
2026/08/14 04:25:19.794, NVIDIA GeForce RTX 4090, 35 %, 12 %, 19206 MiB, 49140 MiB, 275.47 W, 64
2026/08/14 04:25:20.794, NVIDIA GeForce RTX 4090, 36 %, 12 %, 19206 MiB, 49140 MiB, 277.82 W, 64
2026/08/14 04:25:21.794, NVIDIA GeForce RTX 4090, 31 %, 10 %, 19206 MiB, 49140 MiB, 272.64 W, 66
2026/08/14 04:25:22.794, NVIDIA GeForce RTX 4090, 40 %, 14 %, 19206 MiB, 49140 MiB, 273.00 W, 68
2026/08/14 04:25:23.795, NVIDIA GeForce RTX 4090, 70 %, 39 %, 19206 MiB, 49140 MiB, 291.30 W, 70
2026/08/14 04:25:24.795, NVIDIA GeForce RTX 4090, 53 %, 30 %, 19206 MiB, 49140 MiB, 310.03 W, 69
2026/08/14 04:25:25.795, NVIDIA GeForce RTX 4090, 39 %, 14 %, 19206 MiB, 49140 MiB, 286.99 W, 64
2026/08/14 04:25:26.795, NVIDIA GeForce RTX 4090, 36 %, 12 %, 19206 MiB, 49140 MiB, 280.77 W, 65
2026/08/14 04:25:27.795, NVIDIA GeForce RTX 4090, 41 %, 15 %, 19206 MiB, 49140 MiB, 283.71 W, 69
2026/08/14 04:25:28.796, NVIDIA GeForce RTX 4090, 66 %, 41 %, 19206 MiB, 49140 MiB, 291.27 W, 70
2026/08/14 04:25:29.796, NVIDIA GeForce RTX 4090, 92 %, 52 %, 19206 MiB, 49140 MiB, 308.67 W, 70
2026/08/14 04:25:30.796, NVIDIA GeForce RTX 4090, 54 %, 21 %, 19206 MiB, 49140 MiB, 298.39 W, 65
2026/08/14 04:25:31.796, NVIDIA GeForce RTX 4090, 31 %, 11 %, 19206 MiB, 49140 MiB, 278.77 W, 64
2026/08/14 04:25:32.797, NVIDIA GeForce RTX 4090, 34 %, 11 %, 19206 MiB, 49140 MiB, 273.45 W, 64
2026/08/14 04:25:33.797, NVIDIA GeForce RTX 4090, 40 %, 13 %, 19206 MiB, 49140 MiB, 283.51 W, 66
2026/08/14 04:25:34.797, NVIDIA GeForce RTX 4090, 43 %, 22 %, 19206 MiB, 49140 MiB, 291.71 W, 69
2026/08/14 04:25:35.797, NVIDIA GeForce RTX 4090, 66 %, 40 %, 19206 MiB, 49140 MiB, 286.34 W, 69
2026/08/14 04:25:36.797, NVIDIA GeForce RTX 4090, 92 %, 52 %, 19206 MiB, 49140 MiB, 298.35 W, 69
2026/08/14 04:25:37.798, NVIDIA GeForce RTX 4090, 53 %, 25 %, 19206 MiB, 49140 MiB, 293.03 W, 64
2026/08/14 04:25:38.798, NVIDIA GeForce RTX 4090, 23 %, 8 %, 19206 MiB, 49140 MiB, 276.64 W, 64
2026/08/14 04:25:39.798, NVIDIA GeForce RTX 4090, 36 %, 13 %, 19206 MiB, 49140 MiB, 280.98 W, 65
2026/08/14 04:25:40.798, NVIDIA GeForce RTX 4090, 34 %, 11 %, 19206 MiB, 49140 MiB, 272.79 W, 67
2026/08/14 04:25:41.799, NVIDIA GeForce RTX 4090, 45 %, 17 %, 19206 MiB, 49140 MiB, 280.91 W, 68
2026/08/14 04:25:42.799, NVIDIA GeForce RTX 4090, 48 %, 25 %, 19206 MiB, 49140 MiB, 281.80 W, 69
2026/08/14 04:25:43.799, NVIDIA GeForce RTX 4090, 69 %, 38 %, 19206 MiB, 49140 MiB, 290.13 W, 68
2026/08/14 04:25:44.799, NVIDIA GeForce RTX 4090, 52 %, 29 %, 19206 MiB, 49140 MiB, 303.23 W, 64
2026/08/14 04:25:45.799, NVIDIA GeForce RTX 4090, 42 %, 17 %, 19206 MiB, 49140 MiB, 279.62 W, 66
2026/08/14 04:25:46.800, NVIDIA GeForce RTX 4090, 24 %, 8 %, 19206 MiB, 49140 MiB, 279.56 W, 65
2026/08/14 04:25:47.800, NVIDIA GeForce RTX 4090, 37 %, 12 %, 19206 MiB, 49140 MiB, 276.54 W, 68
2026/08/14 04:25:48.800, NVIDIA GeForce RTX 4090, 45 %, 17 %, 19206 MiB, 49140 MiB, 284.13 W, 68
2026/08/14 04:25:49.801, NVIDIA GeForce RTX 4090, 67 %, 39 %, 19206 MiB, 49140 MiB, 287.42 W, 69
2026/08/14 04:25:50.801, NVIDIA GeForce RTX 4090, 51 %, 27 %, 19206 MiB, 49140 MiB, 313.42 W, 70
2026/08/14 04:25:51.801, NVIDIA GeForce RTX 4090, 39 %, 14 %, 19206 MiB, 49140 MiB, 286.53 W, 65
2026/08/14 04:25:52.801, NVIDIA GeForce RTX 4090, 21 %, 7 %, 19206 MiB, 49140 MiB, 281.48 W, 65
2026/08/14 04:25:53.802, NVIDIA GeForce RTX 4090, 42 %, 15 %, 19206 MiB, 49140 MiB, 280.06 W, 66
2026/08/14 04:25:54.802, NVIDIA GeForce RTX 4090, 75 %, 41 %, 19206 MiB, 49140 MiB, 290.87 W, 70
2026/08/14 04:25:55.802, NVIDIA GeForce RTX 4090, 92 %, 53 %, 19206 MiB, 49140 MiB, 309.40 W, 69
2026/08/14 04:25:56.803, NVIDIA GeForce RTX 4090, 51 %, 24 %, 19206 MiB, 49140 MiB, 293.79 W, 65
2026/08/14 04:25:57.803, NVIDIA GeForce RTX 4090, 34 %, 13 %, 19206 MiB, 49140 MiB, 288.39 W, 66
2026/08/14 04:25:58.803, NVIDIA GeForce RTX 4090, 31 %, 10 %, 19206 MiB, 49140 MiB, 281.08 W, 69
2026/08/14 04:25:59.803, NVIDIA GeForce RTX 4090, 29 %, 11 %, 19206 MiB, 49140 MiB, 277.06 W, 69
2026/08/14 04:26:00.804, NVIDIA GeForce RTX 4090, 70 %, 37 %, 19206 MiB, 49140 MiB, 294.36 W, 70
2026/08/14 04:26:01.804, NVIDIA GeForce RTX 4090, 100 %, 50 %, 19206 MiB, 49140 MiB, 326.69 W, 71
2026/08/14 04:26:02.804, NVIDIA GeForce RTX 4090, 0 %, 0 %, 19206 MiB, 49140 MiB, 267.67 W, 58
2026/08/14 04:26:03.805, NVIDIA GeForce RTX 4090, 0 %, 0 %, 19206 MiB, 49140 MiB, 108.24 W, 57
2026/08/14 04:26:04.805, NVIDIA GeForce RTX 4090, 29 %, 10 %, 19206 MiB, 49140 MiB, 176.76 W, 65
2026/08/14 04:26:05.805, NVIDIA GeForce RTX 4090, 17 %, 6 %, 19206 MiB, 49140 MiB, 265.79 W, 67
2026/08/14 04:26:06.806, NVIDIA GeForce RTX 4090, 27 %, 11 %, 19206 MiB, 49140 MiB, 271.79 W, 61
2026/08/14 04:26:07.806, NVIDIA GeForce RTX 4090, 45 %, 17 %, 19206 MiB, 49140 MiB, 271.66 W, 67
2026/08/14 04:26:08.806, NVIDIA GeForce RTX 4090, 55 %, 25 %, 19206 MiB, 49140 MiB, 280.66 W, 67
2026/08/14 04:26:09.806, NVIDIA GeForce RTX 4090, 99 %, 58 %, 19206 MiB, 49140 MiB, 306.72 W, 69
2026/08/14 04:26:10.807, NVIDIA GeForce RTX 4090, 51 %, 24 %, 19206 MiB, 49140 MiB, 303.10 W, 64
2026/08/14 04:26:11.807, NVIDIA GeForce RTX 4090, 27 %, 10 %, 19206 MiB, 49140 MiB, 273.83 W, 63
2026/08/14 04:26:12.807, NVIDIA GeForce RTX 4090, 22 %, 8 %, 19206 MiB, 49140 MiB, 268.42 W, 67
2026/08/14 04:26:13.807, NVIDIA GeForce RTX 4090, 18 %, 7 %, 19206 MiB, 49140 MiB, 271.65 W, 66
2026/08/14 04:26:14.807, NVIDIA GeForce RTX 4090, 33 %, 12 %, 19206 MiB, 49140 MiB, 272.01 W, 68
2026/08/14 04:26:15.808, NVIDIA GeForce RTX 4090, 45 %, 17 %, 19206 MiB, 49140 MiB, 274.23 W, 67
2026/08/14 04:26:16.808, NVIDIA GeForce RTX 4090, 56 %, 24 %, 19206 MiB, 49140 MiB, 284.36 W, 67
2026/08/14 04:26:17.808, NVIDIA GeForce RTX 4090, 66 %, 36 %, 19206 MiB, 49140 MiB, 288.25 W, 66
2026/08/14 04:26:18.808, NVIDIA GeForce RTX 4090, 73 %, 39 %, 19206 MiB, 49140 MiB, 293.77 W, 69
2026/08/14 04:26:19.809, NVIDIA GeForce RTX 4090, 53 %, 26 %, 19206 MiB, 49140 MiB, 291.14 W, 64
2026/08/14 04:26:20.809, NVIDIA GeForce RTX 4090, 10 %, 5 %, 19206 MiB, 49140 MiB, 270.82 W, 65
2026/08/14 04:26:21.809, NVIDIA GeForce RTX 4090, 30 %, 11 %, 19206 MiB, 49140 MiB, 273.03 W, 68
2026/08/14 04:26:22.810, NVIDIA GeForce RTX 4090, 31 %, 11 %, 19206 MiB, 49140 MiB, 276.23 W, 68
2026/08/14 04:26:23.810, NVIDIA GeForce RTX 4090, 42 %, 16 %, 19206 MiB, 49140 MiB, 279.06 W, 68
2026/08/14 04:26:24.810, NVIDIA GeForce RTX 4090, 48 %, 22 %, 19206 MiB, 49140 MiB, 279.93 W, 68
2026/08/14 04:26:25.810, NVIDIA GeForce RTX 4090, 71 %, 39 %, 19206 MiB, 49140 MiB, 289.30 W, 66
2026/08/14 04:26:26.811, NVIDIA GeForce RTX 4090, 78 %, 43 %, 19206 MiB, 49140 MiB, 292.95 W, 68
2026/08/14 04:26:27.811, NVIDIA GeForce RTX 4090, 51 %, 25 %, 19206 MiB, 49140 MiB, 289.40 W, 65
2026/08/14 04:26:28.811, NVIDIA GeForce RTX 4090, 37 %, 14 %, 19206 MiB, 49140 MiB, 277.67 W, 67
2026/08/14 04:26:29.812, NVIDIA GeForce RTX 4090, 34 %, 12 %, 19206 MiB, 49140 MiB, 278.58 W, 69
2026/08/14 04:26:30.812, NVIDIA GeForce RTX 4090, 31 %, 11 %, 19206 MiB, 49140 MiB, 277.37 W, 68
2026/08/14 04:26:31.812, NVIDIA GeForce RTX 4090, 35 %, 14 %, 19206 MiB, 49140 MiB, 272.67 W, 68
2026/08/14 04:26:32.812, NVIDIA GeForce RTX 4090, 52 %, 22 %, 19206 MiB, 49140 MiB, 279.58 W, 67
2026/08/14 04:26:33.813, NVIDIA GeForce RTX 4090, 71 %, 39 %, 19206 MiB, 49140 MiB, 285.82 W, 66
2026/08/14 04:26:34.813, NVIDIA GeForce RTX 4090, 91 %, 51 %, 19206 MiB, 49140 MiB, 291.65 W, 66
2026/08/14 04:26:35.813, NVIDIA GeForce RTX 4090, 51 %, 25 %, 19206 MiB, 49140 MiB, 291.00 W, 64
2026/08/14 04:26:36.814, NVIDIA GeForce RTX 4090, 39 %, 15 %, 19206 MiB, 49140 MiB, 276.70 W, 67
2026/08/14 04:26:37.814, NVIDIA GeForce RTX 4090, 38 %, 13 %, 19206 MiB, 49140 MiB, 285.59 W, 67
2026/08/14 04:26:38.814, NVIDIA GeForce RTX 4090, 41 %, 13 %, 19206 MiB, 49140 MiB, 272.90 W, 68
2026/08/14 04:26:39.814, NVIDIA GeForce RTX 4090, 75 %, 38 %, 19206 MiB, 49140 MiB, 295.36 W, 69
2026/08/14 04:26:40.815, NVIDIA GeForce RTX 4090, 78 %, 43 %, 19206 MiB, 49140 MiB, 300.93 W, 66
2026/08/14 04:26:41.815, NVIDIA GeForce RTX 4090, 51 %, 25 %, 19206 MiB, 49140 MiB, 286.06 W, 66
2026/08/14 04:26:42.815, NVIDIA GeForce RTX 4090, 27 %, 11 %, 19206 MiB, 49140 MiB, 271.86 W, 65
2026/08/14 04:26:43.815, NVIDIA GeForce RTX 4090, 31 %, 11 %, 19206 MiB, 49140 MiB, 265.00 W, 67
2026/08/14 04:26:44.816, NVIDIA GeForce RTX 4090, 38 %, 13 %, 19206 MiB, 49140 MiB, 279.99 W, 68
2026/08/14 04:26:45.816, NVIDIA GeForce RTX 4090, 41 %, 14 %, 19206 MiB, 49140 MiB, 273.52 W, 68
2026/08/14 04:26:46.816, NVIDIA GeForce RTX 4090, 55 %, 22 %, 19206 MiB, 49140 MiB, 285.73 W, 69
2026/08/14 04:26:47.817, NVIDIA GeForce RTX 4090, 99 %, 59 %, 19206 MiB, 49140 MiB, 303.10 W, 68
2026/08/14 04:26:48.817, NVIDIA GeForce RTX 4090, 100 %, 53 %, 19206 MiB, 49140 MiB, 302.61 W, 69
2026/08/14 04:26:49.817, NVIDIA GeForce RTX 4090, 34 %, 12 %, 19206 MiB, 49140 MiB, 346.92 W, 68
2026/08/14 04:26:50.817, NVIDIA GeForce RTX 4090, 34 %, 12 %, 19206 MiB, 49140 MiB, 271.66 W, 68
2026/08/14 04:26:51.818, NVIDIA GeForce RTX 4090, 45 %, 16 %, 19206 MiB, 49140 MiB, 274.21 W, 68
2026/08/14 04:26:52.818, NVIDIA GeForce RTX 4090, 66 %, 32 %, 19206 MiB, 49140 MiB, 291.31 W, 68
2026/08/14 04:26:53.818, NVIDIA GeForce RTX 4090, 53 %, 25 %, 19206 MiB, 49140 MiB, 315.96 W, 67
2026/08/14 04:26:54.819, NVIDIA GeForce RTX 4090, 27 %, 10 %, 19206 MiB, 49140 MiB, 283.19 W, 68
2026/08/14 04:26:55.819, NVIDIA GeForce RTX 4090, 23 %, 8 %, 19206 MiB, 49140 MiB, 274.20 W, 69
2026/08/14 04:26:56.819, NVIDIA GeForce RTX 4090, 32 %, 11 %, 19206 MiB, 49140 MiB, 281.88 W, 68
2026/08/14 04:26:57.819, NVIDIA GeForce RTX 4090, 44 %, 15 %, 19206 MiB, 49140 MiB, 276.76 W, 69
2026/08/14 04:26:58.820, NVIDIA GeForce RTX 4090, 57 %, 22 %, 19206 MiB, 49140 MiB, 281.69 W, 68
2026/08/14 04:26:59.820, NVIDIA GeForce RTX 4090, 73 %, 40 %, 19206 MiB, 49140 MiB, 291.42 W, 67
2026/08/14 04:27:00.820, NVIDIA GeForce RTX 4090, 83 %, 46 %, 19206 MiB, 49140 MiB, 294.20 W, 68
2026/08/14 04:27:01.821, NVIDIA GeForce RTX 4090, 55 %, 29 %, 19206 MiB, 49140 MiB, 292.05 W, 68
2026/08/14 04:27:02.821, NVIDIA GeForce RTX 4090, 7 %, 2 %, 19206 MiB, 49140 MiB, 284.06 W, 67
2026/08/14 04:27:03.821, NVIDIA GeForce RTX 4090, 34 %, 11 %, 19206 MiB, 49140 MiB, 283.82 W, 67
2026/08/14 04:27:04.821, NVIDIA GeForce RTX 4090, 48 %, 17 %, 19206 MiB, 49140 MiB, 277.72 W, 68
2026/08/14 04:27:05.822, NVIDIA GeForce RTX 4090, 58 %, 23 %, 19206 MiB, 49140 MiB, 282.71 W, 67
2026/08/14 04:27:06.822, NVIDIA GeForce RTX 4090, 99 %, 59 %, 19206 MiB, 49140 MiB, 307.08 W, 66
2026/08/14 04:27:07.822, NVIDIA GeForce RTX 4090, 57 %, 30 %, 19206 MiB, 49140 MiB, 302.45 W, 69
2026/08/14 04:27:08.822, NVIDIA GeForce RTX 4090, 30 %, 12 %, 19206 MiB, 49140 MiB, 278.05 W, 69
2026/08/14 04:27:09.822, NVIDIA GeForce RTX 4090, 18 %, 6 %, 19206 MiB, 49140 MiB, 274.91 W, 68
2026/08/14 04:27:10.823, NVIDIA GeForce RTX 4090, 40 %, 14 %, 19206 MiB, 49140 MiB, 274.36 W, 69
2026/08/14 04:27:11.823, NVIDIA GeForce RTX 4090, 49 %, 17 %, 19206 MiB, 49140 MiB, 282.62 W, 68
2026/08/14 04:27:12.823, NVIDIA GeForce RTX 4090, 58 %, 22 %, 19206 MiB, 49140 MiB, 280.73 W, 67
2026/08/14 04:27:13.823, NVIDIA GeForce RTX 4090, 75 %, 41 %, 19206 MiB, 49140 MiB, 290.51 W, 67
2026/08/14 04:27:14.823, NVIDIA GeForce RTX 4090, 56 %, 27 %, 19206 MiB, 49140 MiB, 306.35 W, 68
2026/08/14 04:27:15.824, NVIDIA GeForce RTX 4090, 21 %, 8 %, 19206 MiB, 49140 MiB, 288.41 W, 69
2026/08/14 04:27:16.824, NVIDIA GeForce RTX 4090, 26 %, 10 %, 19206 MiB, 49140 MiB, 273.01 W, 69
2026/08/14 04:27:17.824, NVIDIA GeForce RTX 4090, 38 %, 13 %, 19206 MiB, 49140 MiB, 276.05 W, 67
2026/08/14 04:27:18.824, NVIDIA GeForce RTX 4090, 43 %, 16 %, 19206 MiB, 49140 MiB, 282.74 W, 66
2026/08/14 04:27:19.824, NVIDIA GeForce RTX 4090, 99 %, 61 %, 19206 MiB, 49140 MiB, 308.72 W, 68
2026/08/14 04:27:20.825, NVIDIA GeForce RTX 4090, 73 %, 39 %, 19206 MiB, 49140 MiB, 305.65 W, 68
2026/08/14 04:27:21.825, NVIDIA GeForce RTX 4090, 22 %, 9 %, 19206 MiB, 49140 MiB, 275.76 W, 68
2026/08/14 04:27:22.825, NVIDIA GeForce RTX 4090, 40 %, 14 %, 19206 MiB, 49140 MiB, 279.95 W, 69
2026/08/14 04:27:23.825, NVIDIA GeForce RTX 4090, 34 %, 11 %, 19206 MiB, 49140 MiB, 282.73 W, 68
2026/08/14 04:27:24.826, NVIDIA GeForce RTX 4090, 61 %, 24 %, 19206 MiB, 49140 MiB, 288.64 W, 67
2026/08/14 04:27:25.826, NVIDIA GeForce RTX 4090, 98 %, 60 %, 19206 MiB, 49140 MiB, 303.65 W, 67
2026/08/14 04:27:26.826, NVIDIA GeForce RTX 4090, 58 %, 31 %, 19206 MiB, 49140 MiB, 302.93 W, 68
2026/08/14 04:27:27.826, NVIDIA GeForce RTX 4090, 43 %, 17 %, 19206 MiB, 49140 MiB, 280.43 W, 69
2026/08/14 04:27:28.826, NVIDIA GeForce RTX 4090, 42 %, 15 %, 19206 MiB, 49140 MiB, 279.43 W, 69
2026/08/14 04:27:29.883, NVIDIA GeForce RTX 4090, 88 %, 45 %, 19206 MiB, 49140 MiB, 289.42 W, 70
2026/08/14 04:27:30.884, NVIDIA GeForce RTX 4090, 34 %, 13 %, 19206 MiB, 49140 MiB, 292.18 W, 68
2026/08/14 04:27:31.884, NVIDIA GeForce RTX 4090, 37 %, 13 %, 19206 MiB, 49140 MiB, 273.02 W, 68
2026/08/14 04:27:32.884, NVIDIA GeForce RTX 4090, 100 %, 55 %, 19206 MiB, 49140 MiB, 350.79 W, 71
2026/08/14 04:27:33.884, NVIDIA GeForce RTX 4090, 0 %, 0 %, 19206 MiB, 49140 MiB, 150.54 W, 57
2026/08/14 04:27:34.885, NVIDIA GeForce RTX 4090, 7 %, 1 %, 19206 MiB, 49140 MiB, 104.51 W, 60
2026/08/14 04:27:35.885, NVIDIA GeForce RTX 4090, 88 %, 48 %, 19206 MiB, 49140 MiB, 280.94 W, 70
2026/08/14 04:27:36.885, NVIDIA GeForce RTX 4090, 65 %, 34 %, 19206 MiB, 49140 MiB, 279.57 W, 68
2026/08/14 04:27:37.885, NVIDIA GeForce RTX 4090, 39 %, 15 %, 19206 MiB, 49140 MiB, 281.79 W, 68
2026/08/14 04:27:38.886, NVIDIA GeForce RTX 4090, 33 %, 11 %, 19206 MiB, 49140 MiB, 273.52 W, 67
2026/08/14 04:27:39.886, NVIDIA GeForce RTX 4090, 35 %, 12 %, 19206 MiB, 49140 MiB, 279.85 W, 67
2026/08/14 04:27:40.886, NVIDIA GeForce RTX 4090, 39 %, 15 %, 19206 MiB, 49140 MiB, 284.92 W, 66
2026/08/14 04:27:41.887, NVIDIA GeForce RTX 4090, 88 %, 53 %, 19206 MiB, 49140 MiB, 305.81 W, 70
2026/08/14 04:27:42.887, NVIDIA GeForce RTX 4090, 48 %, 23 %, 19206 MiB, 49140 MiB, 312.48 W, 68
2026/08/14 04:27:43.887, NVIDIA GeForce RTX 4090, 41 %, 15 %, 19206 MiB, 49140 MiB, 283.91 W, 66
2026/08/14 04:27:44.888, NVIDIA GeForce RTX 4090, 39 %, 13 %, 19206 MiB, 49140 MiB, 289.57 W, 66
2026/08/14 04:27:45.888, NVIDIA GeForce RTX 4090, 53 %, 21 %, 19206 MiB, 49140 MiB, 286.35 W, 66
2026/08/14 04:27:46.888, NVIDIA GeForce RTX 4090, 66 %, 38 %, 19206 MiB, 49140 MiB, 289.07 W, 67
2026/08/14 04:27:47.888, NVIDIA GeForce RTX 4090, 78 %, 46 %, 19206 MiB, 49140 MiB, 295.00 W, 67
2026/08/14 04:27:48.888, NVIDIA GeForce RTX 4090, 64 %, 34 %, 19206 MiB, 49140 MiB, 291.45 W, 68
2026/08/14 04:27:49.889, NVIDIA GeForce RTX 4090, 32 %, 13 %, 19206 MiB, 49140 MiB, 278.10 W, 67
2026/08/14 04:27:50.889, NVIDIA GeForce RTX 4090, 28 %, 10 %, 19206 MiB, 49140 MiB, 268.62 W, 66
2026/08/14 04:27:51.889, NVIDIA GeForce RTX 4090, 37 %, 13 %, 19206 MiB, 49140 MiB, 270.65 W, 67
2026/08/14 04:27:52.889, NVIDIA GeForce RTX 4090, 49 %, 17 %, 19206 MiB, 49140 MiB, 269.82 W, 67
2026/08/14 04:27:53.889, NVIDIA GeForce RTX 4090, 40 %, 15 %, 19206 MiB, 49140 MiB, 286.19 W, 67
2026/08/14 04:27:54.890, NVIDIA GeForce RTX 4090, 92 %, 54 %, 19206 MiB, 49140 MiB, 309.04 W, 71
2026/08/14 04:27:55.890, NVIDIA GeForce RTX 4090, 63 %, 34 %, 19206 MiB, 49140 MiB, 304.68 W, 68
2026/08/14 04:27:56.890, NVIDIA GeForce RTX 4090, 41 %, 16 %, 19206 MiB, 49140 MiB, 281.33 W, 67
2026/08/14 04:27:57.890, NVIDIA GeForce RTX 4090, 38 %, 13 %, 19206 MiB, 49140 MiB, 281.78 W, 67
2026/08/14 04:27:58.890, NVIDIA GeForce RTX 4090, 43 %, 15 %, 19206 MiB, 49140 MiB, 287.42 W, 66
2026/08/14 04:27:59.891, NVIDIA GeForce RTX 4090, 53 %, 21 %, 19206 MiB, 49140 MiB, 280.26 W, 67
2026/08/14 04:28:00.891, NVIDIA GeForce RTX 4090, 85 %, 52 %, 19206 MiB, 49140 MiB, 299.59 W, 71
2026/08/14 04:28:01.891, NVIDIA GeForce RTX 4090, 70 %, 36 %, 19206 MiB, 49140 MiB, 293.83 W, 66
2026/08/14 04:28:02.891, NVIDIA GeForce RTX 4090, 19 %, 7 %, 19206 MiB, 49140 MiB, 285.75 W, 66
2026/08/14 04:28:03.892, NVIDIA GeForce RTX 4090, 31 %, 11 %, 19206 MiB, 49140 MiB, 264.88 W, 66
2026/08/14 04:28:04.892, NVIDIA GeForce RTX 4090, 37 %, 13 %, 19206 MiB, 49140 MiB, 268.07 W, 66
2026/08/14 04:28:05.892, NVIDIA GeForce RTX 4090, 35 %, 12 %, 19206 MiB, 49140 MiB, 275.37 W, 66
2026/08/14 04:28:06.892, NVIDIA GeForce RTX 4090, 45 %, 16 %, 19206 MiB, 49140 MiB, 274.03 W, 66
2026/08/14 04:28:07.892, NVIDIA GeForce RTX 4090, 49 %, 19 %, 19206 MiB, 49140 MiB, 287.49 W, 66
2026/08/14 04:28:08.893, NVIDIA GeForce RTX 4090, 65 %, 36 %, 19206 MiB, 49140 MiB, 288.66 W, 67
2026/08/14 04:28:09.893, NVIDIA GeForce RTX 4090, 73 %, 37 %, 19206 MiB, 49140 MiB, 296.57 W, 66
2026/08/14 04:28:10.893, NVIDIA GeForce RTX 4090, 27 %, 11 %, 19206 MiB, 49140 MiB, 275.37 W, 65
2026/08/14 04:28:11.893, NVIDIA GeForce RTX 4090, 27 %, 9 %, 19206 MiB, 49140 MiB, 266.18 W, 65
2026/08/14 04:28:12.893, NVIDIA GeForce RTX 4090, 39 %, 14 %, 19206 MiB, 49140 MiB, 279.07 W, 66
2026/08/14 04:28:13.893, NVIDIA GeForce RTX 4090, 43 %, 15 %, 19206 MiB, 49140 MiB, 285.17 W, 66
2026/08/14 04:28:14.894, NVIDIA GeForce RTX 4090, 55 %, 22 %, 19206 MiB, 49140 MiB, 286.10 W, 66
2026/08/14 04:28:15.894, NVIDIA GeForce RTX 4090, 65 %, 36 %, 19206 MiB, 49140 MiB, 290.30 W, 67
2026/08/14 04:28:16.894, NVIDIA GeForce RTX 4090, 69 %, 37 %, 19206 MiB, 49140 MiB, 289.16 W, 69
2026/08/14 04:28:17.894, NVIDIA GeForce RTX 4090, 31 %, 12 %, 19206 MiB, 49140 MiB, 271.10 W, 67
2026/08/14 04:28:18.894, NVIDIA GeForce RTX 4090, 100 %, 55 %, 19206 MiB, 49140 MiB, 310.87 W, 71
2026/08/14 04:28:19.895, NVIDIA GeForce RTX 4090, 47 %, 18 %, 19206 MiB, 49140 MiB, 319.76 W, 67
2026/08/14 04:28:20.895, NVIDIA GeForce RTX 4090, 78 %, 44 %, 19206 MiB, 49140 MiB, 286.21 W, 65
2026/08/14 04:28:21.895, NVIDIA GeForce RTX 4090, 95 %, 57 %, 19206 MiB, 49140 MiB, 291.10 W, 66
2026/08/14 04:28:22.895, NVIDIA GeForce RTX 4090, 69 %, 37 %, 19206 MiB, 49140 MiB, 292.18 W, 69
2026/08/14 04:28:23.896, NVIDIA GeForce RTX 4090, 32 %, 13 %, 19206 MiB, 49140 MiB, 279.19 W, 67
2026/08/14 04:28:24.896, NVIDIA GeForce RTX 4090, 32 %, 11 %, 19206 MiB, 49140 MiB, 268.71 W, 66
2026/08/14 04:28:25.896, NVIDIA GeForce RTX 4090, 42 %, 15 %, 19206 MiB, 49140 MiB, 269.23 W, 66
2026/08/14 04:28:26.896, NVIDIA GeForce RTX 4090, 38 %, 13 %, 19206 MiB, 49140 MiB, 275.84 W, 66
2026/08/14 04:28:27.896, NVIDIA GeForce RTX 4090, 51 %, 18 %, 19206 MiB, 49140 MiB, 274.76 W, 66
2026/08/14 04:28:28.896, NVIDIA GeForce RTX 4090, 63 %, 25 %, 19206 MiB, 49140 MiB, 282.67 W, 66
2026/08/14 04:28:29.897, NVIDIA GeForce RTX 4090, 82 %, 46 %, 19206 MiB, 49140 MiB, 289.85 W, 66
2026/08/14 04:28:30.897, NVIDIA GeForce RTX 4090, 82 %, 51 %, 19206 MiB, 49140 MiB, 295.42 W, 66
2026/08/14 04:28:31.897, NVIDIA GeForce RTX 4090, 71 %, 37 %, 19206 MiB, 49140 MiB, 293.33 W, 69
2026/08/14 04:28:32.897, NVIDIA GeForce RTX 4090, 39 %, 15 %, 19206 MiB, 49140 MiB, 289.14 W, 66
2026/08/14 04:28:33.897, NVIDIA GeForce RTX 4090, 42 %, 15 %, 19206 MiB, 49140 MiB, 283.76 W, 64
2026/08/14 04:28:34.897, NVIDIA GeForce RTX 4090, 47 %, 18 %, 19206 MiB, 49140 MiB, 293.20 W, 65
2026/08/14 04:28:35.898, NVIDIA GeForce RTX 4090, 88 %, 49 %, 19206 MiB, 49140 MiB, 296.95 W, 65
2026/08/14 04:28:36.898, NVIDIA GeForce RTX 4090, 84 %, 52 %, 19206 MiB, 49140 MiB, 293.10 W, 66
2026/08/14 04:28:37.898, NVIDIA GeForce RTX 4090, 53 %, 25 %, 19206 MiB, 49140 MiB, 300.89 W, 63
2026/08/14 04:28:38.898, NVIDIA GeForce RTX 4090, 31 %, 11 %, 19206 MiB, 49140 MiB, 278.53 W, 65
2026/08/14 04:28:39.898, NVIDIA GeForce RTX 4090, 18 %, 6 %, 19206 MiB, 49140 MiB, 266.19 W, 65
2026/08/14 04:28:40.898, NVIDIA GeForce RTX 4090, 38 %, 13 %, 19206 MiB, 49140 MiB, 276.51 W, 66
2026/08/14 04:28:41.898, NVIDIA GeForce RTX 4090, 51 %, 18 %, 19206 MiB, 49140 MiB, 281.21 W, 66
2026/08/14 04:28:42.899, NVIDIA GeForce RTX 4090, 63 %, 25 %, 19206 MiB, 49140 MiB, 282.38 W, 65
2026/08/14 04:28:43.899, NVIDIA GeForce RTX 4090, 82 %, 46 %, 19206 MiB, 49140 MiB, 290.34 W, 65
2026/08/14 04:28:44.899, NVIDIA GeForce RTX 4090, 78 %, 49 %, 19206 MiB, 49140 MiB, 292.96 W, 65
2026/08/14 04:28:45.899, NVIDIA GeForce RTX 4090, 76 %, 40 %, 19206 MiB, 49140 MiB, 293.04 W, 69
2026/08/14 04:28:46.899, NVIDIA GeForce RTX 4090, 44 %, 17 %, 19206 MiB, 49140 MiB, 287.23 W, 64
2026/08/14 04:28:47.900, NVIDIA GeForce RTX 4090, 43 %, 15 %, 19206 MiB, 49140 MiB, 287.80 W, 64
2026/08/14 04:28:48.900, NVIDIA GeForce RTX 4090, 49 %, 17 %, 19206 MiB, 49140 MiB, 284.01 W, 64
2026/08/14 04:28:49.900, NVIDIA GeForce RTX 4090, 63 %, 25 %, 19206 MiB, 49140 MiB, 282.42 W, 64
2026/08/14 04:28:50.901, NVIDIA GeForce RTX 4090, 83 %, 50 %, 19206 MiB, 49140 MiB, 298.41 W, 65
2026/08/14 04:28:51.901, NVIDIA GeForce RTX 4090, 82 %, 43 %, 19206 MiB, 49140 MiB, 297.80 W, 70
2026/08/14 04:28:52.901, NVIDIA GeForce RTX 4090, 44 %, 17 %, 19206 MiB, 49140 MiB, 286.24 W, 66
2026/08/14 04:28:53.901, NVIDIA GeForce RTX 4090, 41 %, 15 %, 19206 MiB, 49140 MiB, 278.50 W, 64
2026/08/14 04:28:54.902, NVIDIA GeForce RTX 4090, 51 %, 18 %, 19206 MiB, 49140 MiB, 291.44 W, 65
2026/08/14 04:28:55.902, NVIDIA GeForce RTX 4090, 63 %, 25 %, 19206 MiB, 49140 MiB, 283.12 W, 65
2026/08/14 04:28:56.902, NVIDIA GeForce RTX 4090, 86 %, 48 %, 19206 MiB, 49140 MiB, 287.51 W, 64
2026/08/14 04:28:57.903, NVIDIA GeForce RTX 4090, 75 %, 48 %, 19206 MiB, 49140 MiB, 291.23 W, 65
2026/08/14 04:28:58.903, NVIDIA GeForce RTX 4090, 32 %, 13 %, 19206 MiB, 49140 MiB, 306.12 W, 64
2026/08/14 04:28:59.903, NVIDIA GeForce RTX 4090, 38 %, 13 %, 19206 MiB, 49140 MiB, 270.62 W, 61
2026/08/14 04:29:00.903, NVIDIA GeForce RTX 4090, 43 %, 15 %, 19206 MiB, 49140 MiB, 277.21 W, 61
2026/08/14 04:29:01.903, NVIDIA GeForce RTX 4090, 46 %, 18 %, 19206 MiB, 49140 MiB, 291.99 W, 67
2026/08/14 04:29:02.904, NVIDIA GeForce RTX 4090, 75 %, 43 %, 19206 MiB, 49140 MiB, 300.76 W, 62
2026/08/14 04:29:03.904, NVIDIA GeForce RTX 4090, 0 %, 0 %, 19206 MiB, 49140 MiB, 310.06 W, 59
2026/08/14 04:29:04.904, NVIDIA GeForce RTX 4090, 3 %, 0 %, 19206 MiB, 49140 MiB, 108.34 W, 57
2026/08/14 04:29:05.904, NVIDIA GeForce RTX 4090, 48 %, 19 %, 19206 MiB, 49140 MiB, 156.77 W, 62
2026/08/14 04:29:06.905, NVIDIA GeForce RTX 4090, 18 %, 6 %, 19206 MiB, 49140 MiB, 273.43 W, 62
2026/08/14 04:29:07.905, NVIDIA GeForce RTX 4090, 42 %, 15 %, 19206 MiB, 49140 MiB, 268.57 W, 60
2026/08/14 04:29:08.905, NVIDIA GeForce RTX 4090, 51 %, 18 %, 19206 MiB, 49140 MiB, 289.36 W, 62
2026/08/14 04:29:09.905, NVIDIA GeForce RTX 4090, 62 %, 24 %, 19206 MiB, 49140 MiB, 281.86 W, 62
2026/08/14 04:29:10.905, NVIDIA GeForce RTX 4090, 82 %, 50 %, 19206 MiB, 49140 MiB, 298.23 W, 64
2026/08/14 04:29:11.906, NVIDIA GeForce RTX 4090, 55 %, 26 %, 19206 MiB, 49140 MiB, 310.45 W, 63
2026/08/14 04:29:12.906, NVIDIA GeForce RTX 4090, 37 %, 13 %, 19206 MiB, 49140 MiB, 281.62 W, 62
2026/08/14 04:29:13.906, NVIDIA GeForce RTX 4090, 41 %, 14 %, 19206 MiB, 49140 MiB, 273.48 W, 61
2026/08/14 04:29:14.906, NVIDIA GeForce RTX 4090, 45 %, 17 %, 19206 MiB, 49140 MiB, 287.03 W, 61
2026/08/14 04:29:15.906, NVIDIA GeForce RTX 4090, 72 %, 42 %, 19206 MiB, 49140 MiB, 293.01 W, 62
2026/08/14 04:29:16.907, NVIDIA GeForce RTX 4090, 71 %, 45 %, 19206 MiB, 49140 MiB, 291.54 W, 63
2026/08/14 04:29:17.907, NVIDIA GeForce RTX 4090, 82 %, 41 %, 19206 MiB, 49140 MiB, 294.52 W, 68
2026/08/14 04:29:18.907, NVIDIA GeForce RTX 4090, 31 %, 12 %, 19206 MiB, 49140 MiB, 281.80 W, 63
2026/08/14 04:29:19.907, NVIDIA GeForce RTX 4090, 32 %, 11 %, 19206 MiB, 49140 MiB, 270.00 W, 61
2026/08/14 04:29:20.907, NVIDIA GeForce RTX 4090, 42 %, 15 %, 19206 MiB, 49140 MiB, 276.66 W, 60
2026/08/14 04:29:21.908, NVIDIA GeForce RTX 4090, 38 %, 13 %, 19206 MiB, 49140 MiB, 273.69 W, 60
2026/08/14 04:29:22.908, NVIDIA GeForce RTX 4090, 51 %, 18 %, 19206 MiB, 49140 MiB, 274.43 W, 60
2026/08/14 04:29:23.908, NVIDIA GeForce RTX 4090, 62 %, 24 %, 19206 MiB, 49140 MiB, 283.97 W, 61
2026/08/14 04:29:24.908, NVIDIA GeForce RTX 4090, 78 %, 47 %, 19206 MiB, 49140 MiB, 284.56 W, 62
2026/08/14 04:29:25.908, NVIDIA GeForce RTX 4090, 69 %, 43 %, 19206 MiB, 49140 MiB, 288.80 W, 63
2026/08/14 04:29:26.909, NVIDIA GeForce RTX 4090, 75 %, 39 %, 19206 MiB, 49140 MiB, 291.87 W, 65
2026/08/14 04:29:27.909, NVIDIA GeForce RTX 4090, 30 %, 12 %, 19206 MiB, 49140 MiB, 281.72 W, 63
2026/08/14 04:29:28.909, NVIDIA GeForce RTX 4090, 31 %, 11 %, 19206 MiB, 49140 MiB, 267.39 W, 61
2026/08/14 04:29:29.909, NVIDIA GeForce RTX 4090, 42 %, 15 %, 19206 MiB, 49140 MiB, 270.06 W, 60
2026/08/14 04:29:30.909, NVIDIA GeForce RTX 4090, 38 %, 13 %, 19206 MiB, 49140 MiB, 274.52 W, 61
2026/08/14 04:29:31.909, NVIDIA GeForce RTX 4090, 49 %, 17 %, 19206 MiB, 49140 MiB, 274.67 W, 61
2026/08/14 04:29:32.910, NVIDIA GeForce RTX 4090, 65 %, 26 %, 19206 MiB, 49140 MiB, 282.01 W, 61
2026/08/14 04:29:33.910, NVIDIA GeForce RTX 4090, 78 %, 44 %, 19206 MiB, 49140 MiB, 292.95 W, 64
2026/08/14 04:29:34.910, NVIDIA GeForce RTX 4090, 87 %, 44 %, 19206 MiB, 49140 MiB, 304.38 W, 66
2026/08/14 04:29:35.910, NVIDIA GeForce RTX 4090, 29 %, 11 %, 19206 MiB, 49140 MiB, 281.27 W, 63
2026/08/14 04:29:36.910, NVIDIA GeForce RTX 4090, 30 %, 10 %, 19206 MiB, 49140 MiB, 268.31 W, 61
2026/08/14 04:29:37.910, NVIDIA GeForce RTX 4090, 42 %, 15 %, 19206 MiB, 49140 MiB, 270.84 W, 61
2026/08/14 04:29:38.911, NVIDIA GeForce RTX 4090, 40 %, 13 %, 19206 MiB, 49140 MiB, 270.88 W, 61
2026/08/14 04:29:39.911, NVIDIA GeForce RTX 4090, 53 %, 19 %, 19206 MiB, 49140 MiB, 272.27 W, 61
2026/08/14 04:29:40.911, NVIDIA GeForce RTX 4090, 62 %, 25 %, 19206 MiB, 49140 MiB, 278.99 W, 61
2026/08/14 04:29:41.911, NVIDIA GeForce RTX 4090, 81 %, 49 %, 19206 MiB, 49140 MiB, 287.85 W, 63
2026/08/14 04:29:42.911, NVIDIA GeForce RTX 4090, 92 %, 50 %, 19206 MiB, 49140 MiB, 298.40 W, 70
2026/08/14 04:29:43.911, NVIDIA GeForce RTX 4090, 55 %, 26 %, 19206 MiB, 49140 MiB, 292.05 W, 63
2026/08/14 04:29:44.912, NVIDIA GeForce RTX 4090, 39 %, 14 %, 19206 MiB, 49140 MiB, 273.31 W, 63
2026/08/14 04:29:45.912, NVIDIA GeForce RTX 4090, 42 %, 15 %, 19206 MiB, 49140 MiB, 272.45 W, 61
2026/08/14 04:29:46.912, NVIDIA GeForce RTX 4090, 42 %, 14 %, 19206 MiB, 49140 MiB, 271.75 W, 61
2026/08/14 04:29:47.912, NVIDIA GeForce RTX 4090, 51 %, 18 %, 19206 MiB, 49140 MiB, 274.80 W, 61
2026/08/14 04:29:48.913, NVIDIA GeForce RTX 4090, 77 %, 30 %, 19206 MiB, 49140 MiB, 277.15 W, 61
2026/08/14 04:29:49.913, NVIDIA GeForce RTX 4090, 62 %, 37 %, 19206 MiB, 49140 MiB, 280.51 W, 62
2026/08/14 04:29:50.913, NVIDIA GeForce RTX 4090, 28 %, 11 %, 19206 MiB, 49140 MiB, 365.22 W, 62
2026/08/14 04:29:51.913, NVIDIA GeForce RTX 4090, 36 %, 12 %, 19206 MiB, 49140 MiB, 280.42 W, 62
2026/08/14 04:29:52.913, NVIDIA GeForce RTX 4090, 49 %, 17 %, 19206 MiB, 49140 MiB, 273.04 W, 61
2026/08/14 04:29:53.914, NVIDIA GeForce RTX 4090, 49 %, 19 %, 19206 MiB, 49140 MiB, 284.55 W, 61
2026/08/14 04:29:54.914, NVIDIA GeForce RTX 4090, 62 %, 32 %, 19206 MiB, 49140 MiB, 280.62 W, 64
2026/08/14 04:29:55.914, NVIDIA GeForce RTX 4090, 76 %, 46 %, 19206 MiB, 49140 MiB, 286.81 W, 69
2026/08/14 04:29:56.915, NVIDIA GeForce RTX 4090, 54 %, 26 %, 19206 MiB, 49140 MiB, 311.28 W, 63
2026/08/14 04:29:57.915, NVIDIA GeForce RTX 4090, 30 %, 10 %, 19206 MiB, 49140 MiB, 280.47 W, 61
2026/08/14 04:29:58.915, NVIDIA GeForce RTX 4090, 42 %, 15 %, 19206 MiB, 49140 MiB, 275.83 W, 61
2026/08/14 04:29:59.915, NVIDIA GeForce RTX 4090, 45 %, 15 %, 19206 MiB, 49140 MiB, 274.17 W, 61
2026/08/14 04:30:00.915, NVIDIA GeForce RTX 4090, 53 %, 18 %, 19206 MiB, 49140 MiB, 274.16 W, 61
2026/08/14 04:30:01.916, NVIDIA GeForce RTX 4090, 61 %, 24 %, 19206 MiB, 49140 MiB, 280.73 W, 63
2026/08/14 04:30:02.916, NVIDIA GeForce RTX 4090, 74 %, 46 %, 19206 MiB, 49140 MiB, 284.37 W, 64
2026/08/14 04:30:03.916, NVIDIA GeForce RTX 4090, 94 %, 52 %, 19206 MiB, 49140 MiB, 305.51 W, 64
2026/08/14 04:30:04.916, NVIDIA GeForce RTX 4090, 34 %, 14 %, 19206 MiB, 49140 MiB, 296.11 W, 61
2026/08/14 04:30:05.916, NVIDIA GeForce RTX 4090, 36 %, 12 %, 19206 MiB, 49140 MiB, 280.75 W, 62
2026/08/14 04:30:06.916, NVIDIA GeForce RTX 4090, 44 %, 15 %, 19206 MiB, 49140 MiB, 280.71 W, 61
2026/08/14 04:30:07.917, NVIDIA GeForce RTX 4090, 51 %, 18 %, 19206 MiB, 49140 MiB, 273.14 W, 62
2026/08/14 04:30:08.917, NVIDIA GeForce RTX 4090, 59 %, 23 %, 19206 MiB, 49140 MiB, 280.57 W, 63
2026/08/14 04:30:09.917, NVIDIA GeForce RTX 4090, 73 %, 44 %, 19206 MiB, 49140 MiB, 285.44 W, 64
2026/08/14 04:30:10.917, NVIDIA GeForce RTX 4090, 68 %, 40 %, 19206 MiB, 49140 MiB, 287.68 W, 68
2026/08/14 04:30:11.917, NVIDIA GeForce RTX 4090, 87 %, 46 %, 19206 MiB, 49140 MiB, 296.53 W, 64
2026/08/14 04:30:12.918, NVIDIA GeForce RTX 4090, 32 %, 13 %, 19206 MiB, 49140 MiB, 285.25 W, 61
2026/08/14 04:30:13.918, NVIDIA GeForce RTX 4090, 32 %, 11 %, 19206 MiB, 49140 MiB, 273.22 W, 61
2026/08/14 04:30:14.918, NVIDIA GeForce RTX 4090, 40 %, 14 %, 19206 MiB, 49140 MiB, 274.12 W, 61
2026/08/14 04:30:15.918, NVIDIA GeForce RTX 4090, 39 %, 13 %, 19206 MiB, 49140 MiB, 274.37 W, 61
2026/08/14 04:30:16.918, NVIDIA GeForce RTX 4090, 51 %, 18 %, 19206 MiB, 49140 MiB, 277.29 W, 62
2026/08/14 04:30:17.918, NVIDIA GeForce RTX 4090, 45 %, 17 %, 19206 MiB, 49140 MiB, 270.22 W, 61
2026/08/14 04:30:18.918, NVIDIA GeForce RTX 4090, 55 %, 33 %, 19206 MiB, 49140 MiB, 292.64 W, 65
2026/08/14 04:30:19.919, NVIDIA GeForce RTX 4090, 92 %, 53 %, 19206 MiB, 49140 MiB, 305.52 W, 69
2026/08/14 04:30:20.919, NVIDIA GeForce RTX 4090, 39 %, 14 %, 19206 MiB, 49140 MiB, 305.83 W, 61
2026/08/14 04:30:21.919, NVIDIA GeForce RTX 4090, 40 %, 14 %, 19206 MiB, 49140 MiB, 275.65 W, 61
2026/08/14 04:30:22.919, NVIDIA GeForce RTX 4090, 39 %, 13 %, 19206 MiB, 49140 MiB, 275.40 W, 61
2026/08/14 04:30:23.920, NVIDIA GeForce RTX 4090, 58 %, 22 %, 19206 MiB, 49140 MiB, 281.01 W, 61
2026/08/14 04:30:24.920, NVIDIA GeForce RTX 4090, 55 %, 33 %, 19206 MiB, 49140 MiB, 286.56 W, 65
2026/08/14 04:30:25.920, NVIDIA GeForce RTX 4090, 68 %, 40 %, 19206 MiB, 49140 MiB, 288.51 W, 69
2026/08/14 04:30:26.920, NVIDIA GeForce RTX 4090, 51 %, 24 %, 19206 MiB, 49140 MiB, 299.70 W, 63
2026/08/14 04:30:27.921, NVIDIA GeForce RTX 4090, 36 %, 12 %, 19206 MiB, 49140 MiB, 286.78 W, 61
2026/08/14 04:30:28.921, NVIDIA GeForce RTX 4090, 41 %, 14 %, 19206 MiB, 49140 MiB, 277.64 W, 61
2026/08/14 04:30:29.921, NVIDIA GeForce RTX 4090, 47 %, 18 %, 19206 MiB, 49140 MiB, 279.86 W, 62
2026/08/14 04:30:30.921, NVIDIA GeForce RTX 4090, 65 %, 40 %, 19206 MiB, 49140 MiB, 287.98 W, 66
2026/08/14 04:30:31.921, NVIDIA GeForce RTX 4090, 93 %, 53 %, 19206 MiB, 49140 MiB, 305.17 W, 65
2026/08/14 04:30:32.922, NVIDIA GeForce RTX 4090, 42 %, 16 %, 19206 MiB, 49140 MiB, 300.14 W, 62
2026/08/14 04:30:33.983, NVIDIA GeForce RTX 4090, 40 %, 14 %, 19206 MiB, 49140 MiB, 285.08 W, 62
2026/08/14 04:30:34.984, NVIDIA GeForce RTX 4090, 100 %, 52 %, 19206 MiB, 49140 MiB, 341.89 W, 71
2026/08/14 04:30:35.984, NVIDIA GeForce RTX 4090, 0 %, 0 %, 19206 MiB, 49140 MiB, 162.51 W, 57
2026/08/14 04:30:36.984, NVIDIA GeForce RTX 4090, 0 %, 0 %, 19206 MiB, 49140 MiB, 105.81 W, 56
2026/08/14 04:30:37.984, NVIDIA GeForce RTX 4090, 0 %, 0 %, 19206 MiB, 49140 MiB, 90.78 W, 55
2026/08/14 04:30:38.985, NVIDIA GeForce RTX 4090, 0 %, 0 %, 19206 MiB, 49140 MiB, 90.02 W, 54
2026/08/14 04:30:39.985, NVIDIA GeForce RTX 4090, 0 %, 0 %, 19206 MiB, 49140 MiB, 89.88 W, 54
2026/08/14 04:30:40.985, NVIDIA GeForce RTX 4090, 0 %, 0 %, 19206 MiB, 49140 MiB, 89.65 W, 54
2026/08/14 04:30:41.986, NVIDIA GeForce RTX 4090, 0 %, 0 %, 19206 MiB, 49140 MiB, 89.37 W, 53
2026/08/14 04:30:42.986, NVIDIA GeForce RTX 4090, 0 %, 0 %, 19206 MiB, 49140 MiB, 89.03 W, 53
2026/08/14 04:30:43.986, NVIDIA GeForce RTX 4090, 0 %, 0 %, 19206 MiB, 49140 MiB, 88.72 W, 53
2026/08/14 04:30:44.987, NVIDIA GeForce RTX 4090, 0 %, 0 %, 19206 MiB, 49140 MiB, 88.50 W, 52
2026/08/14 04:30:45.987, NVIDIA GeForce RTX 4090, 0 %, 0 %, 19206 MiB, 49140 MiB, 88.33 W, 52
2026/08/14 04:30:46.987, NVIDIA GeForce RTX 4090, 0 %, 0 %, 19206 MiB, 49140 MiB, 88.22 W, 52
2026/08/14 04:30:47.987, NVIDIA GeForce RTX 4090, 0 %, 0 %, 19206 MiB, 49140 MiB, 88.06 W, 51
2026/08/14 04:30:48.987, NVIDIA GeForce RTX 4090, 0 %, 0 %, 19206 MiB, 49140 MiB, 87.99 W, 51
2026/08/14 04:30:49.988, NVIDIA GeForce RTX 4090, 0 %, 0 %, 19206 MiB, 49140 MiB, 87.66 W, 51
2026/08/14 04:30:50.988, NVIDIA GeForce RTX 4090, 0 %, 0 %, 19206 MiB, 49140 MiB, 87.11 W, 51
