timestamp, name, utilization.gpu [%], utilization.memory [%], memory.used [MiB], memory.total [MiB], power.draw [W], temperature.gpu
2026/08/13 23:46:08.891, NVIDIA GeForce RTX 4090, 0 %, 0 %, 1 MiB, 49140 MiB, 27.71 W, 34
2026/08/13 23:46:09.900, NVIDIA GeForce RTX 4090, 0 %, 0 %, 1 MiB, 49140 MiB, 27.71 W, 34
2026/08/13 23:46:10.900, NVIDIA GeForce RTX 4090, 0 %, 0 %, 1 MiB, 49140 MiB, 27.81 W, 34
2026/08/13 23:46:11.900, NVIDIA GeForce RTX 4090, 0 %, 0 %, 1 MiB, 49140 MiB, 27.83 W, 34
2026/08/13 23:46:12.900, NVIDIA GeForce RTX 4090, 0 %, 0 %, 1 MiB, 49140 MiB, 27.82 W, 34
2026/08/13 23:46:13.901, NVIDIA GeForce RTX 4090, 0 %, 0 %, 4 MiB, 49140 MiB, 28.01 W, 34
2026/08/13 23:46:14.901, NVIDIA GeForce RTX 4090, 0 %, 0 %, 4 MiB, 49140 MiB, 28.19 W, 34
2026/08/13 23:46:15.901, NVIDIA GeForce RTX 4090, 0 %, 0 %, 4 MiB, 49140 MiB, 27.99 W, 34
2026/08/13 23:46:16.901, NVIDIA GeForce RTX 4090, 0 %, 0 %, 4 MiB, 49140 MiB, 28.14 W, 34
2026/08/13 23:46:17.902, NVIDIA GeForce RTX 4090, 0 %, 0 %, 4 MiB, 49140 MiB, 28.13 W, 34
2026/08/13 23:46:18.902, NVIDIA GeForce RTX 4090, 0 %, 0 %, 4 MiB, 49140 MiB, 27.87 W, 34
2026/08/13 23:46:19.902, NVIDIA GeForce RTX 4090, 0 %, 0 %, 4 MiB, 49140 MiB, 27.59 W, 34
2026/08/13 23:46:20.902, NVIDIA GeForce RTX 4090, 0 %, 0 %, 4 MiB, 49140 MiB, 27.33 W, 34
2026/08/13 23:46:21.902, NVIDIA GeForce RTX 4090, 0 %, 0 %, 4 MiB, 49140 MiB, 27.31 W, 34
2026/08/13 23:46:22.902, NVIDIA GeForce RTX 4090, 0 %, 0 %, 4 MiB, 49140 MiB, 27.41 W, 34
2026/08/13 23:46:23.903, NVIDIA GeForce RTX 4090, 0 %, 0 %, 4 MiB, 49140 MiB, 27.41 W, 34
2026/08/13 23:46:24.903, NVIDIA GeForce RTX 4090, 0 %, 0 %, 4 MiB, 49140 MiB, 27.50 W, 34
2026/08/13 23:46:25.903, NVIDIA GeForce RTX 4090, 0 %, 0 %, 4 MiB, 49140 MiB, 27.51 W, 34
2026/08/13 23:46:26.903, NVIDIA GeForce RTX 4090, 0 %, 0 %, 4 MiB, 49140 MiB, 27.38 W, 34
2026/08/13 23:46:27.903, NVIDIA GeForce RTX 4090, 0 %, 0 %, 4 MiB, 49140 MiB, 27.54 W, 34
2026/08/13 23:46:28.903, NVIDIA GeForce RTX 4090, 0 %, 0 %, 4 MiB, 49140 MiB, 27.80 W, 34
2026/08/13 23:46:29.904, NVIDIA GeForce RTX 4090, 0 %, 0 %, 4 MiB, 49140 MiB, 27.90 W, 34
2026/08/13 23:46:30.904, NVIDIA GeForce RTX 4090, 0 %, 0 %, 4 MiB, 49140 MiB, 27.86 W, 34
2026/08/13 23:46:31.904, NVIDIA GeForce RTX 4090, 0 %, 0 %, 4 MiB, 49140 MiB, 27.67 W, 34
2026/08/13 23:46:32.904, NVIDIA GeForce RTX 4090, 0 %, 0 %, 4 MiB, 49140 MiB, 27.53 W, 34
2026/08/13 23:46:33.904, NVIDIA GeForce RTX 4090, 0 %, 0 %, 4 MiB, 49140 MiB, 27.51 W, 34
2026/08/13 23:46:34.905, NVIDIA GeForce RTX 4090, 0 %, 0 %, 4 MiB, 49140 MiB, 27.41 W, 34
2026/08/13 23:46:35.905, NVIDIA GeForce RTX 4090, 0 %, 0 %, 4 MiB, 49140 MiB, 27.32 W, 34
2026/08/13 23:46:36.905, NVIDIA GeForce RTX 4090, 0 %, 0 %, 4 MiB, 49140 MiB, 27.40 W, 34
2026/08/13 23:46:37.905, NVIDIA GeForce RTX 4090, 0 %, 0 %, 4 MiB, 49140 MiB, 27.40 W, 34
2026/08/13 23:46:38.905, NVIDIA GeForce RTX 4090, 0 %, 0 %, 4 MiB, 49140 MiB, 27.38 W, 34
2026/08/13 23:46:39.905, NVIDIA GeForce RTX 4090, 0 %, 0 %, 4 MiB, 49140 MiB, 27.32 W, 34
2026/08/13 23:46:40.906, NVIDIA GeForce RTX 4090, 0 %, 0 %, 4 MiB, 49140 MiB, 27.32 W, 34
2026/08/13 23:46:41.906, NVIDIA GeForce RTX 4090, 0 %, 0 %, 4 MiB, 49140 MiB, 27.54 W, 34
2026/08/13 23:46:42.906, NVIDIA GeForce RTX 4090, 0 %, 0 %, 4 MiB, 49140 MiB, 27.61 W, 34
2026/08/13 23:46:43.906, NVIDIA GeForce RTX 4090, 0 %, 0 %, 4 MiB, 49140 MiB, 27.51 W, 34
2026/08/13 23:46:44.906, NVIDIA GeForce RTX 4090, 0 %, 0 %, 4 MiB, 49140 MiB, 27.57 W, 34
2026/08/13 23:46:45.907, NVIDIA GeForce RTX 4090, 0 %, 0 %, 4 MiB, 49140 MiB, 27.70 W, 34
2026/08/13 23:46:46.907, NVIDIA GeForce RTX 4090, 0 %, 0 %, 4 MiB, 49140 MiB, 27.74 W, 34
2026/08/13 23:46:47.907, NVIDIA GeForce RTX 4090, 0 %, 0 %, 4 MiB, 49140 MiB, 27.73 W, 34
2026/08/13 23:46:48.907, NVIDIA GeForce RTX 4090, 0 %, 0 %, 4 MiB, 49140 MiB, 27.70 W, 34
2026/08/13 23:46:49.908, NVIDIA GeForce RTX 4090, 0 %, 0 %, 4 MiB, 49140 MiB, 27.72 W, 34
2026/08/13 23:46:50.908, NVIDIA GeForce RTX 4090, 0 %, 0 %, 4 MiB, 49140 MiB, 27.98 W, 34
2026/08/13 23:46:51.983, NVIDIA GeForce RTX 4090, 0 %, 0 %, 4 MiB, 49140 MiB, 28.23 W, 34
2026/08/13 23:46:52.984, NVIDIA GeForce RTX 4090, 0 %, 0 %, 4 MiB, 49140 MiB, 27.92 W, 34
2026/08/13 23:46:53.984, NVIDIA GeForce RTX 4090, 0 %, 0 %, 4 MiB, 49140 MiB, 27.62 W, 34
2026/08/13 23:46:54.984, NVIDIA GeForce RTX 4090, 0 %, 0 %, 2442 MiB, 49140 MiB, 27.66 W, 34
2026/08/13 23:46:55.985, NVIDIA GeForce RTX 4090, 59 %, 1 %, 9480 MiB, 49140 MiB, 62.01 W, 36
2026/08/13 23:46:56.985, NVIDIA GeForce RTX 4090, 82 %, 1 %, 17394 MiB, 49140 MiB, 88.67 W, 37
2026/08/13 23:46:57.985, NVIDIA GeForce RTX 4090, 35 %, 11 %, 19200 MiB, 49140 MiB, 180.00 W, 43
2026/08/13 23:46:58.985, NVIDIA GeForce RTX 4090, 38 %, 15 %, 19202 MiB, 49140 MiB, 253.19 W, 44
2026/08/13 23:46:59.986, NVIDIA GeForce RTX 4090, 41 %, 26 %, 19204 MiB, 49140 MiB, 263.44 W, 50
2026/08/13 23:47:00.986, NVIDIA GeForce RTX 4090, 94 %, 54 %, 19204 MiB, 49140 MiB, 281.52 W, 51
2026/08/13 23:47:01.986, NVIDIA GeForce RTX 4090, 51 %, 24 %, 19204 MiB, 49140 MiB, 279.75 W, 47
2026/08/13 23:47:02.986, NVIDIA GeForce RTX 4090, 34 %, 13 %, 19204 MiB, 49140 MiB, 263.38 W, 46
2026/08/13 23:47:03.987, NVIDIA GeForce RTX 4090, 38 %, 12 %, 19204 MiB, 49140 MiB, 257.52 W, 47
2026/08/13 23:47:04.987, NVIDIA GeForce RTX 4090, 41 %, 16 %, 19204 MiB, 49140 MiB, 261.82 W, 50
2026/08/13 23:47:05.987, NVIDIA GeForce RTX 4090, 69 %, 42 %, 19204 MiB, 49140 MiB, 271.52 W, 52
2026/08/13 23:47:06.987, NVIDIA GeForce RTX 4090, 90 %, 47 %, 19204 MiB, 49140 MiB, 287.61 W, 53
2026/08/13 23:47:07.987, NVIDIA GeForce RTX 4090, 51 %, 20 %, 19204 MiB, 49140 MiB, 276.56 W, 48
2026/08/13 23:47:08.988, NVIDIA GeForce RTX 4090, 29 %, 10 %, 19204 MiB, 49140 MiB, 261.92 W, 48
2026/08/13 23:47:09.988, NVIDIA GeForce RTX 4090, 31 %, 11 %, 19204 MiB, 49140 MiB, 264.68 W, 50
2026/08/13 23:47:10.988, NVIDIA GeForce RTX 4090, 36 %, 16 %, 19204 MiB, 49140 MiB, 260.90 W, 54
2026/08/13 23:47:11.988, NVIDIA GeForce RTX 4090, 92 %, 53 %, 19204 MiB, 49140 MiB, 291.25 W, 58
2026/08/13 23:47:12.988, NVIDIA GeForce RTX 4090, 52 %, 20 %, 19204 MiB, 49140 MiB, 289.67 W, 51
2026/08/13 23:47:13.989, NVIDIA GeForce RTX 4090, 28 %, 11 %, 19204 MiB, 49140 MiB, 258.38 W, 50
2026/08/13 23:47:14.989, NVIDIA GeForce RTX 4090, 35 %, 12 %, 19204 MiB, 49140 MiB, 252.52 W, 50
2026/08/13 23:47:15.989, NVIDIA GeForce RTX 4090, 53 %, 19 %, 19204 MiB, 49140 MiB, 260.08 W, 52
2026/08/13 23:47:16.989, NVIDIA GeForce RTX 4090, 44 %, 17 %, 19204 MiB, 49140 MiB, 255.95 W, 56
2026/08/13 23:47:17.990, NVIDIA GeForce RTX 4090, 69 %, 41 %, 19204 MiB, 49140 MiB, 274.98 W, 57
2026/08/13 23:47:18.990, NVIDIA GeForce RTX 4090, 93 %, 51 %, 19204 MiB, 49140 MiB, 281.00 W, 60
2026/08/13 23:47:19.990, NVIDIA GeForce RTX 4090, 69 %, 32 %, 19204 MiB, 49140 MiB, 282.76 W, 52
2026/08/13 23:47:20.990, NVIDIA GeForce RTX 4090, 33 %, 12 %, 19204 MiB, 49140 MiB, 257.23 W, 50
2026/08/13 23:47:21.990, NVIDIA GeForce RTX 4090, 25 %, 9 %, 19204 MiB, 49140 MiB, 256.95 W, 53
2026/08/13 23:47:22.991, NVIDIA GeForce RTX 4090, 26 %, 9 %, 19204 MiB, 49140 MiB, 253.50 W, 53
2026/08/13 23:47:23.991, NVIDIA GeForce RTX 4090, 44 %, 17 %, 19204 MiB, 49140 MiB, 271.63 W, 59
2026/08/13 23:47:24.991, NVIDIA GeForce RTX 4090, 47 %, 26 %, 19204 MiB, 49140 MiB, 271.81 W, 59
2026/08/13 23:47:25.991, NVIDIA GeForce RTX 4090, 67 %, 41 %, 19204 MiB, 49140 MiB, 282.52 W, 60
2026/08/13 23:47:26.992, NVIDIA GeForce RTX 4090, 54 %, 31 %, 19204 MiB, 49140 MiB, 276.42 W, 53
2026/08/13 23:47:27.992, NVIDIA GeForce RTX 4090, 38 %, 14 %, 19204 MiB, 49140 MiB, 264.64 W, 54
2026/08/13 23:47:28.992, NVIDIA GeForce RTX 4090, 30 %, 11 %, 19204 MiB, 49140 MiB, 258.08 W, 54
2026/08/13 23:47:29.992, NVIDIA GeForce RTX 4090, 34 %, 11 %, 19204 MiB, 49140 MiB, 267.26 W, 55
2026/08/13 23:47:30.992, NVIDIA GeForce RTX 4090, 42 %, 16 %, 19204 MiB, 49140 MiB, 267.32 W, 60
2026/08/13 23:47:31.993, NVIDIA GeForce RTX 4090, 70 %, 39 %, 19204 MiB, 49140 MiB, 290.14 W, 60
2026/08/13 23:47:32.993, NVIDIA GeForce RTX 4090, 96 %, 54 %, 19204 MiB, 49140 MiB, 285.49 W, 61
2026/08/13 23:47:33.993, NVIDIA GeForce RTX 4090, 35 %, 18 %, 19204 MiB, 49140 MiB, 267.34 W, 60
2026/08/13 23:47:34.993, NVIDIA GeForce RTX 4090, 40 %, 14 %, 19204 MiB, 49140 MiB, 267.69 W, 55
2026/08/13 23:47:35.994, NVIDIA GeForce RTX 4090, 39 %, 13 %, 19204 MiB, 49140 MiB, 265.35 W, 55
2026/08/13 23:47:36.994, NVIDIA GeForce RTX 4090, 27 %, 9 %, 19204 MiB, 49140 MiB, 260.45 W, 57
2026/08/13 23:47:37.994, NVIDIA GeForce RTX 4090, 36 %, 14 %, 19204 MiB, 49140 MiB, 279.00 W, 61
2026/08/13 23:47:38.995, NVIDIA GeForce RTX 4090, 66 %, 40 %, 19204 MiB, 49140 MiB, 288.15 W, 62
2026/08/13 23:47:39.995, NVIDIA GeForce RTX 4090, 87 %, 45 %, 19204 MiB, 49140 MiB, 301.11 W, 63
2026/08/13 23:47:40.995, NVIDIA GeForce RTX 4090, 100 %, 52 %, 19204 MiB, 49140 MiB, 307.86 W, 64
2026/08/13 23:47:41.995, NVIDIA GeForce RTX 4090, 39 %, 13 %, 19204 MiB, 49140 MiB, 303.04 W, 57
2026/08/13 23:47:42.995, NVIDIA GeForce RTX 4090, 39 %, 16 %, 19204 MiB, 49140 MiB, 273.96 W, 61
2026/08/13 23:47:43.996, NVIDIA GeForce RTX 4090, 68 %, 39 %, 19204 MiB, 49140 MiB, 296.98 W, 62
2026/08/13 23:47:44.996, NVIDIA GeForce RTX 4090, 55 %, 24 %, 19204 MiB, 49140 MiB, 281.61 W, 63
2026/08/13 23:47:45.996, NVIDIA GeForce RTX 4090, 36 %, 14 %, 19204 MiB, 49140 MiB, 267.03 W, 57
2026/08/13 23:47:46.996, NVIDIA GeForce RTX 4090, 25 %, 9 %, 19204 MiB, 49140 MiB, 272.18 W, 57
2026/08/13 23:47:47.996, NVIDIA GeForce RTX 4090, 39 %, 13 %, 19204 MiB, 49140 MiB, 265.66 W, 57
2026/08/13 23:47:48.997, NVIDIA GeForce RTX 4090, 39 %, 14 %, 19204 MiB, 49140 MiB, 273.33 W, 59
2026/08/13 23:47:49.997, NVIDIA GeForce RTX 4090, 54 %, 27 %, 19204 MiB, 49140 MiB, 286.91 W, 62
2026/08/13 23:47:50.997, NVIDIA GeForce RTX 4090, 70 %, 40 %, 19204 MiB, 49140 MiB, 289.08 W, 62
2026/08/13 23:47:51.997, NVIDIA GeForce RTX 4090, 53 %, 29 %, 19204 MiB, 49140 MiB, 272.62 W, 63
2026/08/13 23:47:52.997, NVIDIA GeForce RTX 4090, 20 %, 8 %, 19204 MiB, 49140 MiB, 282.70 W, 63
2026/08/13 23:47:53.997, NVIDIA GeForce RTX 4090, 41 %, 15 %, 19204 MiB, 49140 MiB, 272.03 W, 58
2026/08/13 23:47:54.998, NVIDIA GeForce RTX 4090, 35 %, 12 %, 19204 MiB, 49140 MiB, 273.10 W, 59
2026/08/13 23:47:55.998, NVIDIA GeForce RTX 4090, 59 %, 29 %, 19204 MiB, 49140 MiB, 278.52 W, 61
2026/08/13 23:47:56.998, NVIDIA GeForce RTX 4090, 54 %, 27 %, 19204 MiB, 49140 MiB, 278.81 W, 62
2026/08/13 23:47:57.998, NVIDIA GeForce RTX 4090, 92 %, 51 %, 19206 MiB, 49140 MiB, 289.67 W, 62
2026/08/13 23:47:58.999, NVIDIA GeForce RTX 4090, 57 %, 26 %, 19206 MiB, 49140 MiB, 283.56 W, 63
2026/08/13 23:47:59.999, NVIDIA GeForce RTX 4090, 35 %, 13 %, 19206 MiB, 49140 MiB, 265.25 W, 58
2026/08/13 23:48:00.999, NVIDIA GeForce RTX 4090, 31 %, 11 %, 19206 MiB, 49140 MiB, 266.47 W, 57
2026/08/13 23:48:01.999, NVIDIA GeForce RTX 4090, 45 %, 15 %, 19206 MiB, 49140 MiB, 269.54 W, 60
2026/08/13 23:48:02.999, NVIDIA GeForce RTX 4090, 52 %, 19 %, 19206 MiB, 49140 MiB, 270.18 W, 62
2026/08/13 23:48:04.000, NVIDIA GeForce RTX 4090, 44 %, 17 %, 19206 MiB, 49140 MiB, 270.26 W, 62
2026/08/13 23:48:05.000, NVIDIA GeForce RTX 4090, 75 %, 42 %, 19206 MiB, 49140 MiB, 278.50 W, 62
2026/08/13 23:48:06.000, NVIDIA GeForce RTX 4090, 93 %, 54 %, 19206 MiB, 49140 MiB, 290.39 W, 62
2026/08/13 23:48:07.000, NVIDIA GeForce RTX 4090, 91 %, 52 %, 19206 MiB, 49140 MiB, 284.05 W, 59
2026/08/13 23:48:08.000, NVIDIA GeForce RTX 4090, 45 %, 16 %, 19206 MiB, 49140 MiB, 271.49 W, 62
2026/08/13 23:48:09.000, NVIDIA GeForce RTX 4090, 43 %, 15 %, 19206 MiB, 49140 MiB, 271.42 W, 60
2026/08/13 23:48:10.000, NVIDIA GeForce RTX 4090, 39 %, 13 %, 19206 MiB, 49140 MiB, 265.70 W, 59
2026/08/13 23:48:11.001, NVIDIA GeForce RTX 4090, 51 %, 20 %, 19206 MiB, 49140 MiB, 268.09 W, 63
2026/08/13 23:48:12.001, NVIDIA GeForce RTX 4090, 58 %, 28 %, 19206 MiB, 49140 MiB, 275.19 W, 63
2026/08/13 23:48:13.001, NVIDIA GeForce RTX 4090, 73 %, 42 %, 19206 MiB, 49140 MiB, 282.40 W, 63
2026/08/13 23:48:14.001, NVIDIA GeForce RTX 4090, 93 %, 54 %, 19206 MiB, 49140 MiB, 289.28 W, 62
2026/08/13 23:48:15.001, NVIDIA GeForce RTX 4090, 29 %, 15 %, 19206 MiB, 49140 MiB, 265.21 W, 59
2026/08/13 23:48:16.002, NVIDIA GeForce RTX 4090, 37 %, 13 %, 19206 MiB, 49140 MiB, 267.50 W, 61
2026/08/13 23:48:17.002, NVIDIA GeForce RTX 4090, 42 %, 14 %, 19206 MiB, 49140 MiB, 273.17 W, 62
2026/08/13 23:48:18.002, NVIDIA GeForce RTX 4090, 25 %, 8 %, 19206 MiB, 49140 MiB, 268.43 W, 64
2026/08/13 23:48:19.007, NVIDIA GeForce RTX 4090, 22 %, 8 %, 19206 MiB, 49140 MiB, 277.72 W, 62
2026/08/13 23:48:20.084, NVIDIA GeForce RTX 4090, 26 %, 9 %, 19206 MiB, 49140 MiB, 264.84 W, 63
2026/08/13 23:48:21.084, NVIDIA GeForce RTX 4090, 36 %, 15 %, 19206 MiB, 49140 MiB, 280.59 W, 64
2026/08/13 23:48:22.084, NVIDIA GeForce RTX 4090, 63 %, 37 %, 19206 MiB, 49140 MiB, 293.56 W, 63
2026/08/13 23:48:23.084, NVIDIA GeForce RTX 4090, 49 %, 26 %, 19206 MiB, 49140 MiB, 296.75 W, 65
2026/08/13 23:48:24.085, NVIDIA GeForce RTX 4090, 39 %, 14 %, 19206 MiB, 49140 MiB, 281.26 W, 65
2026/08/13 23:48:25.085, NVIDIA GeForce RTX 4090, 100 %, 52 %, 19206 MiB, 49140 MiB, 328.56 W, 65
2026/08/13 23:48:26.085, NVIDIA GeForce RTX 4090, 0 %, 0 %, 19206 MiB, 49140 MiB, 177.79 W, 52
2026/08/13 23:48:27.085, NVIDIA GeForce RTX 4090, 0 %, 0 %, 19206 MiB, 49140 MiB, 101.23 W, 51
2026/08/13 23:48:28.086, NVIDIA GeForce RTX 4090, 34 %, 12 %, 19206 MiB, 49140 MiB, 166.28 W, 62
2026/08/13 23:48:29.086, NVIDIA GeForce RTX 4090, 5 %, 2 %, 19206 MiB, 49140 MiB, 243.32 W, 57
2026/08/13 23:48:30.086, NVIDIA GeForce RTX 4090, 38 %, 13 %, 19206 MiB, 49140 MiB, 264.00 W, 63
2026/08/13 23:48:31.089, NVIDIA GeForce RTX 4090, 38 %, 14 %, 19206 MiB, 49140 MiB, 270.35 W, 62
2026/08/13 23:48:32.089, NVIDIA GeForce RTX 4090, 70 %, 37 %, 19206 MiB, 49140 MiB, 290.83 W, 62
2026/08/13 23:48:33.089, NVIDIA GeForce RTX 4090, 98 %, 58 %, 19206 MiB, 49140 MiB, 293.42 W, 63
2026/08/13 23:48:34.090, NVIDIA GeForce RTX 4090, 25 %, 10 %, 19206 MiB, 49140 MiB, 302.28 W, 61
2026/08/13 23:48:35.090, NVIDIA GeForce RTX 4090, 31 %, 11 %, 19206 MiB, 49140 MiB, 269.00 W, 61
2026/08/13 23:48:36.090, NVIDIA GeForce RTX 4090, 15 %, 6 %, 19206 MiB, 49140 MiB, 273.18 W, 61
2026/08/13 23:48:37.091, NVIDIA GeForce RTX 4090, 39 %, 15 %, 19206 MiB, 49140 MiB, 270.63 W, 62
2026/08/13 23:48:38.091, NVIDIA GeForce RTX 4090, 98 %, 57 %, 19206 MiB, 49140 MiB, 301.44 W, 63
2026/08/13 23:48:39.091, NVIDIA GeForce RTX 4090, 25 %, 10 %, 19206 MiB, 49140 MiB, 295.40 W, 62
2026/08/13 23:48:40.092, NVIDIA GeForce RTX 4090, 25 %, 9 %, 19206 MiB, 49140 MiB, 272.32 W, 63
2026/08/13 23:48:41.092, NVIDIA GeForce RTX 4090, 38 %, 13 %, 19206 MiB, 49140 MiB, 273.16 W, 63
2026/08/13 23:48:42.092, NVIDIA GeForce RTX 4090, 52 %, 22 %, 19206 MiB, 49140 MiB, 278.33 W, 63
2026/08/13 23:48:43.092, NVIDIA GeForce RTX 4090, 99 %, 58 %, 19206 MiB, 49140 MiB, 300.67 W, 64
2026/08/13 23:48:44.093, NVIDIA GeForce RTX 4090, 53 %, 27 %, 19206 MiB, 49140 MiB, 303.70 W, 62
2026/08/13 23:48:45.093, NVIDIA GeForce RTX 4090, 34 %, 12 %, 19206 MiB, 49140 MiB, 281.35 W, 62
2026/08/13 23:48:46.093, NVIDIA GeForce RTX 4090, 40 %, 15 %, 19206 MiB, 49140 MiB, 294.58 W, 63
2026/08/13 23:48:47.093, NVIDIA GeForce RTX 4090, 70 %, 35 %, 19206 MiB, 49140 MiB, 279.41 W, 63
2026/08/13 23:48:48.093, NVIDIA GeForce RTX 4090, 91 %, 52 %, 19206 MiB, 49140 MiB, 301.93 W, 62
2026/08/13 23:48:49.093, NVIDIA GeForce RTX 4090, 53 %, 27 %, 19206 MiB, 49140 MiB, 285.19 W, 61
2026/08/13 23:48:50.094, NVIDIA GeForce RTX 4090, 4 %, 2 %, 19206 MiB, 49140 MiB, 267.26 W, 60
2026/08/13 23:48:51.094, NVIDIA GeForce RTX 4090, 25 %, 9 %, 19206 MiB, 49140 MiB, 262.47 W, 60
2026/08/13 23:48:52.094, NVIDIA GeForce RTX 4090, 35 %, 12 %, 19206 MiB, 49140 MiB, 269.72 W, 64
2026/08/13 23:48:53.094, NVIDIA GeForce RTX 4090, 39 %, 13 %, 19206 MiB, 49140 MiB, 272.24 W, 63
2026/08/13 23:48:54.094, NVIDIA GeForce RTX 4090, 52 %, 20 %, 19206 MiB, 49140 MiB, 279.14 W, 64
2026/08/13 23:48:55.094, NVIDIA GeForce RTX 4090, 68 %, 36 %, 19206 MiB, 49140 MiB, 283.17 W, 63
2026/08/13 23:48:56.095, NVIDIA GeForce RTX 4090, 84 %, 42 %, 19206 MiB, 49140 MiB, 307.42 W, 63
2026/08/13 23:48:57.095, NVIDIA GeForce RTX 4090, 39 %, 14 %, 19206 MiB, 49140 MiB, 264.12 W, 62
2026/08/13 23:48:58.095, NVIDIA GeForce RTX 4090, 34 %, 12 %, 19206 MiB, 49140 MiB, 269.43 W, 64
2026/08/13 23:48:59.095, NVIDIA GeForce RTX 4090, 31 %, 10 %, 19206 MiB, 49140 MiB, 266.46 W, 64
2026/08/13 23:49:00.095, NVIDIA GeForce RTX 4090, 42 %, 15 %, 19206 MiB, 49140 MiB, 282.58 W, 64
2026/08/13 23:49:01.096, NVIDIA GeForce RTX 4090, 65 %, 33 %, 19206 MiB, 49140 MiB, 288.09 W, 64
2026/08/13 23:49:02.096, NVIDIA GeForce RTX 4090, 81 %, 44 %, 19206 MiB, 49140 MiB, 299.59 W, 62
2026/08/13 23:49:03.096, NVIDIA GeForce RTX 4090, 54 %, 28 %, 19206 MiB, 49140 MiB, 283.23 W, 62
2026/08/13 23:49:04.097, NVIDIA GeForce RTX 4090, 25 %, 10 %, 19206 MiB, 49140 MiB, 271.70 W, 64
2026/08/13 23:49:05.097, NVIDIA GeForce RTX 4090, 35 %, 12 %, 19206 MiB, 49140 MiB, 272.82 W, 65
2026/08/13 23:49:06.097, NVIDIA GeForce RTX 4090, 35 %, 12 %, 19206 MiB, 49140 MiB, 268.67 W, 64
2026/08/13 23:49:07.097, NVIDIA GeForce RTX 4090, 42 %, 16 %, 19206 MiB, 49140 MiB, 277.40 W, 63
2026/08/13 23:49:08.097, NVIDIA GeForce RTX 4090, 68 %, 35 %, 19206 MiB, 49140 MiB, 290.40 W, 63
2026/08/13 23:49:09.097, NVIDIA GeForce RTX 4090, 51 %, 24 %, 19206 MiB, 49140 MiB, 300.74 W, 64
2026/08/13 23:49:10.098, NVIDIA GeForce RTX 4090, 52 %, 26 %, 19206 MiB, 49140 MiB, 277.43 W, 66
2026/08/13 23:49:11.098, NVIDIA GeForce RTX 4090, 100 %, 50 %, 19206 MiB, 49140 MiB, 320.20 W, 66
2026/08/13 23:49:12.098, NVIDIA GeForce RTX 4090, 41 %, 15 %, 19206 MiB, 49140 MiB, 310.62 W, 63
2026/08/13 23:49:13.098, NVIDIA GeForce RTX 4090, 73 %, 35 %, 19206 MiB, 49140 MiB, 281.24 W, 64
2026/08/13 23:49:14.098, NVIDIA GeForce RTX 4090, 92 %, 54 %, 19206 MiB, 49140 MiB, 299.47 W, 63
2026/08/13 23:49:15.098, NVIDIA GeForce RTX 4090, 54 %, 27 %, 19206 MiB, 49140 MiB, 287.62 W, 65
2026/08/13 23:49:16.099, NVIDIA GeForce RTX 4090, 32 %, 12 %, 19206 MiB, 49140 MiB, 281.49 W, 63
2026/08/13 23:49:17.099, NVIDIA GeForce RTX 4090, 33 %, 12 %, 19206 MiB, 49140 MiB, 269.70 W, 64
2026/08/13 23:49:18.099, NVIDIA GeForce RTX 4090, 34 %, 13 %, 19206 MiB, 49140 MiB, 282.38 W, 64
2026/08/13 23:49:19.100, NVIDIA GeForce RTX 4090, 59 %, 24 %, 19206 MiB, 49140 MiB, 278.88 W, 64
2026/08/13 23:49:20.100, NVIDIA GeForce RTX 4090, 98 %, 59 %, 19206 MiB, 49140 MiB, 302.05 W, 63
2026/08/13 23:49:21.100, NVIDIA GeForce RTX 4090, 57 %, 29 %, 19206 MiB, 49140 MiB, 299.97 W, 64
2026/08/13 23:49:22.100, NVIDIA GeForce RTX 4090, 19 %, 7 %, 19206 MiB, 49140 MiB, 271.91 W, 63
2026/08/13 23:49:23.100, NVIDIA GeForce RTX 4090, 34 %, 12 %, 19206 MiB, 49140 MiB, 264.12 W, 62
2026/08/13 23:49:24.100, NVIDIA GeForce RTX 4090, 40 %, 14 %, 19206 MiB, 49140 MiB, 268.89 W, 64
2026/08/13 23:49:25.100, NVIDIA GeForce RTX 4090, 36 %, 14 %, 19206 MiB, 49140 MiB, 284.00 W, 64
2026/08/13 23:49:26.101, NVIDIA GeForce RTX 4090, 44 %, 17 %, 19206 MiB, 49140 MiB, 267.80 W, 62
2026/08/13 23:49:27.101, NVIDIA GeForce RTX 4090, 75 %, 42 %, 19206 MiB, 49140 MiB, 291.45 W, 63
2026/08/13 23:49:28.101, NVIDIA GeForce RTX 4090, 92 %, 53 %, 19206 MiB, 49140 MiB, 285.84 W, 65
2026/08/13 23:49:29.101, NVIDIA GeForce RTX 4090, 85 %, 44 %, 19206 MiB, 49140 MiB, 286.36 W, 65
2026/08/13 23:49:30.101, NVIDIA GeForce RTX 4090, 36 %, 13 %, 19206 MiB, 49140 MiB, 289.53 W, 63
2026/08/13 23:49:31.101, NVIDIA GeForce RTX 4090, 40 %, 14 %, 19206 MiB, 49140 MiB, 275.23 W, 62
2026/08/13 23:49:32.102, NVIDIA GeForce RTX 4090, 38 %, 14 %, 19206 MiB, 49140 MiB, 281.89 W, 63
2026/08/13 23:49:33.102, NVIDIA GeForce RTX 4090, 78 %, 38 %, 19206 MiB, 49140 MiB, 289.34 W, 63
2026/08/13 23:49:34.102, NVIDIA GeForce RTX 4090, 98 %, 54 %, 19206 MiB, 49140 MiB, 300.04 W, 65
2026/08/13 23:49:35.102, NVIDIA GeForce RTX 4090, 61 %, 33 %, 19206 MiB, 49140 MiB, 292.21 W, 63
2026/08/13 23:49:36.102, NVIDIA GeForce RTX 4090, 26 %, 10 %, 19206 MiB, 49140 MiB, 272.80 W, 64
2026/08/13 23:49:37.103, NVIDIA GeForce RTX 4090, 18 %, 6 %, 19206 MiB, 49140 MiB, 263.95 W, 62
2026/08/13 23:49:38.103, NVIDIA GeForce RTX 4090, 38 %, 13 %, 19206 MiB, 49140 MiB, 274.90 W, 63
2026/08/13 23:49:39.103, NVIDIA GeForce RTX 4090, 34 %, 13 %, 19206 MiB, 49140 MiB, 277.67 W, 62
2026/08/13 23:49:40.103, NVIDIA GeForce RTX 4090, 78 %, 38 %, 19206 MiB, 49140 MiB, 278.88 W, 63
2026/08/13 23:49:41.103, NVIDIA GeForce RTX 4090, 91 %, 52 %, 19206 MiB, 49140 MiB, 301.63 W, 66
2026/08/13 23:49:42.104, NVIDIA GeForce RTX 4090, 86 %, 43 %, 19206 MiB, 49140 MiB, 285.75 W, 66
2026/08/13 23:49:43.104, NVIDIA GeForce RTX 4090, 40 %, 15 %, 19206 MiB, 49140 MiB, 281.05 W, 63
2026/08/13 23:49:44.104, NVIDIA GeForce RTX 4090, 45 %, 15 %, 19206 MiB, 49140 MiB, 275.11 W, 65
2026/08/13 23:49:45.104, NVIDIA GeForce RTX 4090, 51 %, 18 %, 19206 MiB, 49140 MiB, 279.79 W, 63
2026/08/13 23:49:46.104, NVIDIA GeForce RTX 4090, 58 %, 22 %, 19206 MiB, 49140 MiB, 276.11 W, 62
2026/08/13 23:49:47.104, NVIDIA GeForce RTX 4090, 76 %, 43 %, 19206 MiB, 49140 MiB, 282.97 W, 63
2026/08/13 23:49:48.183, NVIDIA GeForce RTX 4090, 93 %, 53 %, 19206 MiB, 49140 MiB, 292.97 W, 66
2026/08/13 23:49:49.184, NVIDIA GeForce RTX 4090, 53 %, 25 %, 19206 MiB, 49140 MiB, 285.26 W, 64
2026/08/13 23:49:50.184, NVIDIA GeForce RTX 4090, 44 %, 15 %, 19206 MiB, 49140 MiB, 275.44 W, 62
2026/08/13 23:49:51.184, NVIDIA GeForce RTX 4090, 39 %, 13 %, 19206 MiB, 49140 MiB, 274.51 W, 62
2026/08/13 23:49:52.184, NVIDIA GeForce RTX 4090, 49 %, 17 %, 19206 MiB, 49140 MiB, 272.67 W, 63
2026/08/13 23:49:53.184, NVIDIA GeForce RTX 4090, 59 %, 23 %, 19206 MiB, 49140 MiB, 276.80 W, 63
2026/08/13 23:49:54.185, NVIDIA GeForce RTX 4090, 91 %, 55 %, 19206 MiB, 49140 MiB, 295.69 W, 65
2026/08/13 23:49:55.185, NVIDIA GeForce RTX 4090, 100 %, 56 %, 19206 MiB, 49140 MiB, 308.35 W, 66
2026/08/13 23:49:56.185, NVIDIA GeForce RTX 4090, 0 %, 0 %, 19206 MiB, 49140 MiB, 259.39 W, 54
2026/08/13 23:49:57.185, NVIDIA GeForce RTX 4090, 0 %, 0 %, 19206 MiB, 49140 MiB, 105.14 W, 53
2026/08/13 23:49:58.186, NVIDIA GeForce RTX 4090, 40 %, 14 %, 19206 MiB, 49140 MiB, 171.31 W, 61
2026/08/13 23:49:59.186, NVIDIA GeForce RTX 4090, 38 %, 13 %, 19206 MiB, 49140 MiB, 268.13 W, 61
2026/08/13 23:50:00.186, NVIDIA GeForce RTX 4090, 44 %, 15 %, 19206 MiB, 49140 MiB, 267.74 W, 61
2026/08/13 23:50:01.186, NVIDIA GeForce RTX 4090, 46 %, 15 %, 19206 MiB, 49140 MiB, 259.77 W, 63
2026/08/13 23:50:02.187, NVIDIA GeForce RTX 4090, 42 %, 17 %, 19206 MiB, 49140 MiB, 283.54 W, 62
2026/08/13 23:50:03.187, NVIDIA GeForce RTX 4090, 78 %, 44 %, 19206 MiB, 49140 MiB, 280.77 W, 63
2026/08/13 23:50:04.187, NVIDIA GeForce RTX 4090, 87 %, 45 %, 19206 MiB, 49140 MiB, 304.11 W, 66
2026/08/13 23:50:05.188, NVIDIA GeForce RTX 4090, 44 %, 17 %, 19206 MiB, 49140 MiB, 286.94 W, 63
2026/08/13 23:50:06.188, NVIDIA GeForce RTX 4090, 35 %, 12 %, 19206 MiB, 49140 MiB, 268.84 W, 61
2026/08/13 23:50:07.189, NVIDIA GeForce RTX 4090, 39 %, 13 %, 19206 MiB, 49140 MiB, 273.25 W, 62
2026/08/13 23:50:08.189, NVIDIA GeForce RTX 4090, 48 %, 18 %, 19206 MiB, 49140 MiB, 281.53 W, 62
2026/08/13 23:50:09.189, NVIDIA GeForce RTX 4090, 78 %, 44 %, 19206 MiB, 49140 MiB, 291.60 W, 63
2026/08/13 23:50:10.190, NVIDIA GeForce RTX 4090, 71 %, 35 %, 19206 MiB, 49140 MiB, 299.70 W, 61
2026/08/13 23:50:11.190, NVIDIA GeForce RTX 4090, 42 %, 17 %, 19206 MiB, 49140 MiB, 286.70 W, 63
2026/08/13 23:50:12.190, NVIDIA GeForce RTX 4090, 28 %, 10 %, 19206 MiB, 49140 MiB, 269.90 W, 61
2026/08/13 23:50:13.190, NVIDIA GeForce RTX 4090, 39 %, 13 %, 19206 MiB, 49140 MiB, 268.34 W, 62
2026/08/13 23:50:14.191, NVIDIA GeForce RTX 4090, 52 %, 18 %, 19206 MiB, 49140 MiB, 269.99 W, 62
2026/08/13 23:50:15.191, NVIDIA GeForce RTX 4090, 63 %, 25 %, 19206 MiB, 49140 MiB, 275.08 W, 62
2026/08/13 23:50:16.191, NVIDIA GeForce RTX 4090, 75 %, 42 %, 19206 MiB, 49140 MiB, 282.36 W, 63
2026/08/13 23:50:17.191, NVIDIA GeForce RTX 4090, 87 %, 51 %, 19206 MiB, 49140 MiB, 287.75 W, 63
2026/08/13 23:50:18.191, NVIDIA GeForce RTX 4090, 68 %, 36 %, 19206 MiB, 49140 MiB, 286.65 W, 62
2026/08/13 23:50:19.191, NVIDIA GeForce RTX 4090, 23 %, 9 %, 19206 MiB, 49140 MiB, 271.74 W, 62
2026/08/13 23:50:20.191, NVIDIA GeForce RTX 4090, 37 %, 13 %, 19206 MiB, 49140 MiB, 263.45 W, 62
2026/08/13 23:50:21.192, NVIDIA GeForce RTX 4090, 43 %, 15 %, 19206 MiB, 49140 MiB, 266.59 W, 62
2026/08/13 23:50:22.192, NVIDIA GeForce RTX 4090, 39 %, 13 %, 19206 MiB, 49140 MiB, 265.40 W, 62
2026/08/13 23:50:23.192, NVIDIA GeForce RTX 4090, 49 %, 17 %, 19206 MiB, 49140 MiB, 272.53 W, 62
2026/08/13 23:50:24.192, NVIDIA GeForce RTX 4090, 63 %, 25 %, 19206 MiB, 49140 MiB, 274.90 W, 61
2026/08/13 23:50:25.192, NVIDIA GeForce RTX 4090, 87 %, 49 %, 19206 MiB, 49140 MiB, 283.97 W, 62
2026/08/13 23:50:26.193, NVIDIA GeForce RTX 4090, 90 %, 53 %, 19206 MiB, 49140 MiB, 286.92 W, 65
2026/08/13 23:50:27.193, NVIDIA GeForce RTX 4090, 58 %, 24 %, 19206 MiB, 49140 MiB, 299.38 W, 63
2026/08/13 23:50:28.193, NVIDIA GeForce RTX 4090, 42 %, 15 %, 19206 MiB, 49140 MiB, 276.25 W, 62
2026/08/13 23:50:29.193, NVIDIA GeForce RTX 4090, 46 %, 15 %, 19206 MiB, 49140 MiB, 276.28 W, 62
2026/08/13 23:50:30.193, NVIDIA GeForce RTX 4090, 63 %, 25 %, 19206 MiB, 49140 MiB, 284.17 W, 61
2026/08/13 23:50:31.193, NVIDIA GeForce RTX 4090, 78 %, 44 %, 19206 MiB, 49140 MiB, 281.73 W, 63
2026/08/13 23:50:32.194, NVIDIA GeForce RTX 4090, 93 %, 57 %, 19206 MiB, 49140 MiB, 287.05 W, 60
2026/08/13 23:50:33.194, NVIDIA GeForce RTX 4090, 54 %, 26 %, 19206 MiB, 49140 MiB, 288.99 W, 63
2026/08/13 23:50:34.194, NVIDIA GeForce RTX 4090, 30 %, 11 %, 19206 MiB, 49140 MiB, 272.96 W, 61
2026/08/13 23:50:35.194, NVIDIA GeForce RTX 4090, 42 %, 15 %, 19206 MiB, 49140 MiB, 271.88 W, 61
2026/08/13 23:50:36.194, NVIDIA GeForce RTX 4090, 50 %, 18 %, 19206 MiB, 49140 MiB, 283.18 W, 61
2026/08/13 23:50:37.194, NVIDIA GeForce RTX 4090, 63 %, 25 %, 19206 MiB, 49140 MiB, 277.37 W, 61
2026/08/13 23:50:38.195, NVIDIA GeForce RTX 4090, 78 %, 44 %, 19206 MiB, 49140 MiB, 283.57 W, 62
2026/08/13 23:50:39.195, NVIDIA GeForce RTX 4090, 86 %, 44 %, 19206 MiB, 49140 MiB, 303.41 W, 66
2026/08/13 23:50:40.195, NVIDIA GeForce RTX 4090, 44 %, 17 %, 19206 MiB, 49140 MiB, 290.61 W, 62
2026/08/13 23:50:41.195, NVIDIA GeForce RTX 4090, 42 %, 15 %, 19206 MiB, 49140 MiB, 274.39 W, 62
2026/08/13 23:50:42.196, NVIDIA GeForce RTX 4090, 100 %, 52 %, 19206 MiB, 49140 MiB, 344.37 W, 67
2026/08/13 23:50:43.196, NVIDIA GeForce RTX 4090, 79 %, 49 %, 19206 MiB, 49140 MiB, 302.35 W, 68
2026/08/13 23:50:44.196, NVIDIA GeForce RTX 4090, 79 %, 41 %, 19206 MiB, 49140 MiB, 293.20 W, 59
2026/08/13 23:50:45.196, NVIDIA GeForce RTX 4090, 28 %, 11 %, 19206 MiB, 49140 MiB, 276.46 W, 62
2026/08/13 23:50:46.198, NVIDIA GeForce RTX 4090, 35 %, 12 %, 19206 MiB, 49140 MiB, 264.30 W, 62
2026/08/13 23:50:47.198, NVIDIA GeForce RTX 4090, 41 %, 15 %, 19206 MiB, 49140 MiB, 267.46 W, 61
2026/08/13 23:50:48.198, NVIDIA GeForce RTX 4090, 38 %, 13 %, 19206 MiB, 49140 MiB, 270.03 W, 61
2026/08/13 23:50:49.199, NVIDIA GeForce RTX 4090, 47 %, 18 %, 19206 MiB, 49140 MiB, 283.81 W, 61
2026/08/13 23:50:50.199, NVIDIA GeForce RTX 4090, 78 %, 44 %, 19206 MiB, 49140 MiB, 291.18 W, 61
2026/08/13 23:50:51.199, NVIDIA GeForce RTX 4090, 77 %, 49 %, 19206 MiB, 49140 MiB, 287.25 W, 66
2026/08/13 23:50:52.199, NVIDIA GeForce RTX 4090, 71 %, 32 %, 19206 MiB, 49140 MiB, 296.12 W, 61
2026/08/13 23:50:53.199, NVIDIA GeForce RTX 4090, 34 %, 12 %, 19206 MiB, 49140 MiB, 279.70 W, 61
2026/08/13 23:50:54.200, NVIDIA GeForce RTX 4090, 42 %, 15 %, 19206 MiB, 49140 MiB, 266.78 W, 61
2026/08/13 23:50:55.200, NVIDIA GeForce RTX 4090, 38 %, 13 %, 19206 MiB, 49140 MiB, 269.16 W, 61
2026/08/13 23:50:56.200, NVIDIA GeForce RTX 4090, 49 %, 17 %, 19206 MiB, 49140 MiB, 277.00 W, 61
2026/08/13 23:50:57.200, NVIDIA GeForce RTX 4090, 60 %, 24 %, 19206 MiB, 49140 MiB, 279.44 W, 61
2026/08/13 23:50:58.200, NVIDIA GeForce RTX 4090, 79 %, 47 %, 19206 MiB, 49140 MiB, 293.58 W, 66
2026/08/13 23:50:59.200, NVIDIA GeForce RTX 4090, 76 %, 40 %, 19206 MiB, 49140 MiB, 300.96 W, 62
2026/08/13 23:51:00.201, NVIDIA GeForce RTX 4090, 45 %, 17 %, 19206 MiB, 49140 MiB, 287.65 W, 63
2026/08/13 23:51:01.201, NVIDIA GeForce RTX 4090, 43 %, 15 %, 19206 MiB, 49140 MiB, 276.00 W, 59
2026/08/13 23:51:02.201, NVIDIA GeForce RTX 4090, 46 %, 18 %, 19206 MiB, 49140 MiB, 284.21 W, 58
2026/08/13 23:51:03.201, NVIDIA GeForce RTX 4090, 94 %, 53 %, 19206 MiB, 49140 MiB, 292.87 W, 60
2026/08/13 23:51:04.202, NVIDIA GeForce RTX 4090, 73 %, 46 %, 19206 MiB, 49140 MiB, 286.67 W, 65
2026/08/13 23:51:05.202, NVIDIA GeForce RTX 4090, 53 %, 25 %, 19206 MiB, 49140 MiB, 297.06 W, 59
2026/08/13 23:51:06.202, NVIDIA GeForce RTX 4090, 30 %, 11 %, 19206 MiB, 49140 MiB, 271.45 W, 57
2026/08/13 23:51:07.202, NVIDIA GeForce RTX 4090, 23 %, 8 %, 19206 MiB, 49140 MiB, 266.81 W, 57
2026/08/13 23:51:08.202, NVIDIA GeForce RTX 4090, 48 %, 16 %, 19206 MiB, 49140 MiB, 273.42 W, 59
2026/08/13 23:51:09.203, NVIDIA GeForce RTX 4090, 45 %, 17 %, 19206 MiB, 49140 MiB, 272.53 W, 58
2026/08/13 23:51:10.203, NVIDIA GeForce RTX 4090, 74 %, 36 %, 19206 MiB, 49140 MiB, 279.12 W, 61
2026/08/13 23:51:11.203, NVIDIA GeForce RTX 4090, 71 %, 45 %, 19206 MiB, 49140 MiB, 297.54 W, 65
2026/08/13 23:51:12.203, NVIDIA GeForce RTX 4090, 81 %, 41 %, 19206 MiB, 49140 MiB, 290.19 W, 60
2026/08/13 23:51:13.203, NVIDIA GeForce RTX 4090, 43 %, 17 %, 19206 MiB, 49140 MiB, 278.28 W, 59
2026/08/13 23:51:14.204, NVIDIA GeForce RTX 4090, 42 %, 15 %, 19206 MiB, 49140 MiB, 283.32 W, 58
2026/08/13 23:51:15.204, NVIDIA GeForce RTX 4090, 54 %, 19 %, 19206 MiB, 49140 MiB, 277.66 W, 58
2026/08/13 23:51:16.204, NVIDIA GeForce RTX 4090, 72 %, 36 %, 19206 MiB, 49140 MiB, 286.65 W, 60
2026/08/13 23:51:17.204, NVIDIA GeForce RTX 4090, 86 %, 43 %, 19206 MiB, 49140 MiB, 312.39 W, 63
2026/08/13 23:51:18.204, NVIDIA GeForce RTX 4090, 35 %, 14 %, 19206 MiB, 49140 MiB, 290.31 W, 58
2026/08/13 23:51:19.205, NVIDIA GeForce RTX 4090, 43 %, 15 %, 19206 MiB, 49140 MiB, 281.68 W, 58
2026/08/13 23:51:20.205, NVIDIA GeForce RTX 4090, 51 %, 18 %, 19206 MiB, 49140 MiB, 280.36 W, 58
2026/08/13 23:51:21.205, NVIDIA GeForce RTX 4090, 71 %, 36 %, 19206 MiB, 49140 MiB, 284.65 W, 60
2026/08/13 23:51:22.206, NVIDIA GeForce RTX 4090, 69 %, 44 %, 19206 MiB, 49140 MiB, 295.30 W, 66
2026/08/13 23:51:23.206, NVIDIA GeForce RTX 4090, 52 %, 19 %, 19206 MiB, 49140 MiB, 309.09 W, 59
2026/08/13 23:51:24.206, NVIDIA GeForce RTX 4090, 42 %, 15 %, 19206 MiB, 49140 MiB, 277.88 W, 58
2026/08/13 23:51:25.206, NVIDIA GeForce RTX 4090, 45 %, 17 %, 19206 MiB, 49140 MiB, 283.48 W, 62
2026/08/13 23:51:26.207, NVIDIA GeForce RTX 4090, 0 %, 0 %, 19206 MiB, 49140 MiB, 329.81 W, 56
2026/08/13 23:51:27.207, NVIDIA GeForce RTX 4090, 0 %, 0 %, 19206 MiB, 49140 MiB, 105.34 W, 54
2026/08/13 23:51:28.207, NVIDIA GeForce RTX 4090, 0 %, 0 %, 19206 MiB, 49140 MiB, 100.56 W, 57
2026/08/13 23:51:29.208, NVIDIA GeForce RTX 4090, 79 %, 41 %, 19206 MiB, 49140 MiB, 278.54 W, 61
2026/08/13 23:51:30.208, NVIDIA GeForce RTX 4090, 88 %, 47 %, 19206 MiB, 49140 MiB, 274.08 W, 60
2026/08/13 23:51:31.208, NVIDIA GeForce RTX 4090, 86 %, 46 %, 19206 MiB, 49140 MiB, 269.47 W, 59
2026/08/13 23:51:32.215, NVIDIA GeForce RTX 4090, 50 %, 25 %, 19206 MiB, 49140 MiB, 278.88 W, 57
2026/08/13 23:51:33.215, NVIDIA GeForce RTX 4090, 42 %, 15 %, 19206 MiB, 49140 MiB, 283.79 W, 57
2026/08/13 23:51:34.215, NVIDIA GeForce RTX 4090, 45 %, 15 %, 19206 MiB, 49140 MiB, 278.05 W, 57
2026/08/13 23:51:35.215, NVIDIA GeForce RTX 4090, 70 %, 27 %, 19206 MiB, 49140 MiB, 280.42 W, 58
2026/08/13 23:51:36.216, NVIDIA GeForce RTX 4090, 67 %, 42 %, 19206 MiB, 49140 MiB, 296.41 W, 63
2026/08/13 23:51:37.216, NVIDIA GeForce RTX 4090, 56 %, 21 %, 19206 MiB, 49140 MiB, 309.31 W, 58
2026/08/13 23:51:38.216, NVIDIA GeForce RTX 4090, 44 %, 16 %, 19206 MiB, 49140 MiB, 276.78 W, 57
2026/08/13 23:51:39.216, NVIDIA GeForce RTX 4090, 49 %, 17 %, 19206 MiB, 49140 MiB, 276.21 W, 58
2026/08/13 23:51:40.217, NVIDIA GeForce RTX 4090, 66 %, 34 %, 19206 MiB, 49140 MiB, 282.18 W, 60
2026/08/13 23:51:41.217, NVIDIA GeForce RTX 4090, 87 %, 45 %, 19206 MiB, 49140 MiB, 318.99 W, 60
2026/08/13 23:51:42.218, NVIDIA GeForce RTX 4090, 39 %, 14 %, 19206 MiB, 49140 MiB, 290.65 W, 61
2026/08/13 23:51:43.218, NVIDIA GeForce RTX 4090, 46 %, 16 %, 19206 MiB, 49140 MiB, 274.82 W, 58
2026/08/13 23:51:44.218, NVIDIA GeForce RTX 4090, 49 %, 17 %, 19206 MiB, 49140 MiB, 276.48 W, 58
2026/08/13 23:51:45.218, NVIDIA GeForce RTX 4090, 80 %, 41 %, 19206 MiB, 49140 MiB, 282.00 W, 60
2026/08/13 23:51:46.219, NVIDIA GeForce RTX 4090, 68 %, 43 %, 19206 MiB, 49140 MiB, 292.68 W, 62
2026/08/13 23:51:47.219, NVIDIA GeForce RTX 4090, 88 %, 44 %, 19206 MiB, 49140 MiB, 290.89 W, 59
2026/08/13 23:51:48.219, NVIDIA GeForce RTX 4090, 38 %, 14 %, 19206 MiB, 49140 MiB, 281.11 W, 58
2026/08/13 23:51:49.219, NVIDIA GeForce RTX 4090, 40 %, 14 %, 19206 MiB, 49140 MiB, 270.06 W, 57
2026/08/13 23:51:50.220, NVIDIA GeForce RTX 4090, 54 %, 18 %, 19206 MiB, 49140 MiB, 277.14 W, 58
2026/08/13 23:51:51.220, NVIDIA GeForce RTX 4090, 63 %, 32 %, 19206 MiB, 49140 MiB, 289.94 W, 60
2026/08/13 23:51:52.220, NVIDIA GeForce RTX 4090, 92 %, 51 %, 19206 MiB, 49140 MiB, 308.98 W, 60
2026/08/13 23:51:53.220, NVIDIA GeForce RTX 4090, 43 %, 17 %, 19206 MiB, 49140 MiB, 293.68 W, 58
2026/08/13 23:51:54.220, NVIDIA GeForce RTX 4090, 40 %, 15 %, 19206 MiB, 49140 MiB, 276.46 W, 58
2026/08/13 23:51:55.221, NVIDIA GeForce RTX 4090, 46 %, 18 %, 19206 MiB, 49140 MiB, 293.38 W, 58
2026/08/13 23:51:56.221, NVIDIA GeForce RTX 4090, 69 %, 41 %, 19206 MiB, 49140 MiB, 310.21 W, 66
2026/08/13 23:51:57.221, NVIDIA GeForce RTX 4090, 89 %, 47 %, 19206 MiB, 49140 MiB, 290.81 W, 60
2026/08/13 23:51:58.221, NVIDIA GeForce RTX 4090, 40 %, 15 %, 19206 MiB, 49140 MiB, 277.08 W, 58
2026/08/13 23:51:59.222, NVIDIA GeForce RTX 4090, 39 %, 13 %, 19206 MiB, 49140 MiB, 281.59 W, 63
2026/08/13 23:52:00.222, NVIDIA GeForce RTX 4090, 49 %, 17 %, 19206 MiB, 49140 MiB, 276.38 W, 58
2026/08/13 23:52:01.222, NVIDIA GeForce RTX 4090, 61 %, 31 %, 19206 MiB, 49140 MiB, 292.35 W, 61
2026/08/13 23:52:02.222, NVIDIA GeForce RTX 4090, 93 %, 52 %, 19206 MiB, 49140 MiB, 306.05 W, 61
2026/08/13 23:52:03.222, NVIDIA GeForce RTX 4090, 39 %, 14 %, 19206 MiB, 49140 MiB, 285.76 W, 58
2026/08/13 23:52:04.283, NVIDIA GeForce RTX 4090, 42 %, 15 %, 19206 MiB, 49140 MiB, 270.79 W, 58
2026/08/13 23:52:05.284, NVIDIA GeForce RTX 4090, 46 %, 15 %, 19206 MiB, 49140 MiB, 280.08 W, 58
2026/08/13 23:52:06.284, NVIDIA GeForce RTX 4090, 73 %, 29 %, 19206 MiB, 49140 MiB, 281.40 W, 59
2026/08/13 23:52:07.284, NVIDIA GeForce RTX 4090, 71 %, 40 %, 19206 MiB, 49140 MiB, 296.04 W, 67
2026/08/13 23:52:08.284, NVIDIA GeForce RTX 4090, 88 %, 47 %, 19206 MiB, 49140 MiB, 291.54 W, 61
2026/08/13 23:52:09.285, NVIDIA GeForce RTX 4090, 45 %, 17 %, 19206 MiB, 49140 MiB, 269.08 W, 59
2026/08/13 23:52:10.285, NVIDIA GeForce RTX 4090, 42 %, 15 %, 19206 MiB, 49140 MiB, 270.86 W, 58
2026/08/13 23:52:11.285, NVIDIA GeForce RTX 4090, 100 %, 54 %, 19206 MiB, 49140 MiB, 350.43 W, 67
2026/08/13 23:52:12.285, NVIDIA GeForce RTX 4090, 69 %, 38 %, 19206 MiB, 49140 MiB, 300.96 W, 65
2026/08/13 23:52:13.286, NVIDIA GeForce RTX 4090, 88 %, 47 %, 19206 MiB, 49140 MiB, 293.17 W, 61
2026/08/13 23:52:14.286, NVIDIA GeForce RTX 4090, 36 %, 12 %, 19206 MiB, 49140 MiB, 284.96 W, 59
2026/08/13 23:52:15.286, NVIDIA GeForce RTX 4090, 41 %, 14 %, 19206 MiB, 49140 MiB, 275.73 W, 58
2026/08/13 23:52:16.286, NVIDIA GeForce RTX 4090, 54 %, 21 %, 19206 MiB, 49140 MiB, 273.75 W, 59
2026/08/13 23:52:17.286, NVIDIA GeForce RTX 4090, 63 %, 26 %, 19206 MiB, 49140 MiB, 277.58 W, 59
2026/08/13 23:52:18.287, NVIDIA GeForce RTX 4090, 56 %, 34 %, 19206 MiB, 49140 MiB, 282.45 W, 62
2026/08/13 23:52:19.287, NVIDIA GeForce RTX 4090, 92 %, 53 %, 19206 MiB, 49140 MiB, 298.03 W, 61
2026/08/13 23:52:20.287, NVIDIA GeForce RTX 4090, 49 %, 19 %, 19206 MiB, 49140 MiB, 282.80 W, 59
2026/08/13 23:52:21.287, NVIDIA GeForce RTX 4090, 40 %, 14 %, 19206 MiB, 49140 MiB, 275.91 W, 59
2026/08/13 23:52:22.288, NVIDIA GeForce RTX 4090, 45 %, 15 %, 19206 MiB, 49140 MiB, 279.25 W, 59
2026/08/13 23:52:23.288, NVIDIA GeForce RTX 4090, 55 %, 23 %, 19206 MiB, 49140 MiB, 295.63 W, 66
2026/08/13 23:52:24.288, NVIDIA GeForce RTX 4090, 91 %, 49 %, 19206 MiB, 49140 MiB, 306.65 W, 67
2026/08/13 23:52:25.288, NVIDIA GeForce RTX 4090, 40 %, 16 %, 19206 MiB, 49140 MiB, 286.29 W, 61
2026/08/13 23:52:26.289, NVIDIA GeForce RTX 4090, 37 %, 15 %, 19206 MiB, 49140 MiB, 269.72 W, 59
2026/08/13 23:52:27.289, NVIDIA GeForce RTX 4090, 36 %, 13 %, 19206 MiB, 49140 MiB, 266.64 W, 58
2026/08/13 23:52:28.289, NVIDIA GeForce RTX 4090, 42 %, 15 %, 19206 MiB, 49140 MiB, 269.00 W, 58
2026/08/13 23:52:29.289, NVIDIA GeForce RTX 4090, 40 %, 15 %, 19206 MiB, 49140 MiB, 279.04 W, 59
2026/08/13 23:52:30.289, NVIDIA GeForce RTX 4090, 59 %, 33 %, 19206 MiB, 49140 MiB, 283.43 W, 60
2026/08/13 23:52:31.290, NVIDIA GeForce RTX 4090, 93 %, 54 %, 19206 MiB, 49140 MiB, 301.71 W, 66
2026/08/13 23:52:32.290, NVIDIA GeForce RTX 4090, 41 %, 17 %, 19206 MiB, 49140 MiB, 296.07 W, 62
2026/08/13 23:52:33.290, NVIDIA GeForce RTX 4090, 34 %, 13 %, 19206 MiB, 49140 MiB, 270.29 W, 58
2026/08/13 23:52:34.290, NVIDIA GeForce RTX 4090, 36 %, 13 %, 19206 MiB, 49140 MiB, 269.10 W, 58
2026/08/13 23:52:35.291, NVIDIA GeForce RTX 4090, 42 %, 15 %, 19206 MiB, 49140 MiB, 270.02 W, 59
2026/08/13 23:52:36.291, NVIDIA GeForce RTX 4090, 43 %, 15 %, 19206 MiB, 49140 MiB, 272.70 W, 58
2026/08/13 23:52:37.291, NVIDIA GeForce RTX 4090, 51 %, 20 %, 19206 MiB, 49140 MiB, 273.16 W, 59
2026/08/13 23:52:38.291, NVIDIA GeForce RTX 4090, 74 %, 42 %, 19206 MiB, 49140 MiB, 289.15 W, 63
2026/08/13 23:52:39.292, NVIDIA GeForce RTX 4090, 64 %, 29 %, 19206 MiB, 49140 MiB, 315.55 W, 66
2026/08/13 23:52:40.292, NVIDIA GeForce RTX 4090, 32 %, 11 %, 19206 MiB, 49140 MiB, 281.20 W, 60
2026/08/13 23:52:41.292, NVIDIA GeForce RTX 4090, 34 %, 11 %, 19206 MiB, 49140 MiB, 274.64 W, 58
2026/08/13 23:52:42.292, NVIDIA GeForce RTX 4090, 43 %, 15 %, 19206 MiB, 49140 MiB, 264.05 W, 58
2026/08/13 23:52:43.293, NVIDIA GeForce RTX 4090, 40 %, 15 %, 19206 MiB, 49140 MiB, 269.59 W, 59
2026/08/13 23:52:44.293, NVIDIA GeForce RTX 4090, 60 %, 34 %, 19206 MiB, 49140 MiB, 282.26 W, 61
2026/08/13 23:52:45.293, NVIDIA GeForce RTX 4090, 73 %, 44 %, 19206 MiB, 49140 MiB, 283.36 W, 65
2026/08/13 23:52:46.293, NVIDIA GeForce RTX 4090, 88 %, 47 %, 19206 MiB, 49140 MiB, 288.99 W, 66
2026/08/13 23:52:47.294, NVIDIA GeForce RTX 4090, 46 %, 20 %, 19206 MiB, 49140 MiB, 287.20 W, 62
2026/08/13 23:52:48.294, NVIDIA GeForce RTX 4090, 26 %, 9 %, 19206 MiB, 49140 MiB, 268.47 W, 59
2026/08/13 23:52:49.294, NVIDIA GeForce RTX 4090, 31 %, 11 %, 19206 MiB, 49140 MiB, 266.13 W, 58
2026/08/13 23:52:50.294, NVIDIA GeForce RTX 4090, 34 %, 11 %, 19206 MiB, 49140 MiB, 269.72 W, 59
2026/08/13 23:52:51.295, NVIDIA GeForce RTX 4090, 42 %, 15 %, 19206 MiB, 49140 MiB, 269.57 W, 59
2026/08/13 23:52:52.295, NVIDIA GeForce RTX 4090, 47 %, 16 %, 19206 MiB, 49140 MiB, 268.11 W, 59
2026/08/13 23:52:53.295, NVIDIA GeForce RTX 4090, 73 %, 43 %, 19206 MiB, 49140 MiB, 295.78 W, 65
2026/08/13 23:52:54.295, NVIDIA GeForce RTX 4090, 64 %, 30 %, 19206 MiB, 49140 MiB, 303.91 W, 66
2026/08/13 23:52:55.296, NVIDIA GeForce RTX 4090, 100 %, 54 %, 19206 MiB, 49140 MiB, 312.23 W, 68
2026/08/13 23:52:56.296, NVIDIA GeForce RTX 4090, 0 %, 0 %, 19206 MiB, 49140 MiB, 216.71 W, 55
2026/08/13 23:52:57.296, NVIDIA GeForce RTX 4090, 0 %, 0 %, 19206 MiB, 49140 MiB, 105.80 W, 54
2026/08/13 23:52:58.296, NVIDIA GeForce RTX 4090, 29 %, 11 %, 19206 MiB, 49140 MiB, 160.19 W, 58
2026/08/13 23:52:59.297, NVIDIA GeForce RTX 4090, 18 %, 6 %, 19206 MiB, 49140 MiB, 263.18 W, 57
2026/08/13 23:53:00.297, NVIDIA GeForce RTX 4090, 36 %, 12 %, 19206 MiB, 49140 MiB, 260.27 W, 57
2026/08/13 23:53:01.297, NVIDIA GeForce RTX 4090, 19 %, 6 %, 19206 MiB, 49140 MiB, 248.84 W, 58
2026/08/13 23:53:02.297, NVIDIA GeForce RTX 4090, 41 %, 14 %, 19206 MiB, 49140 MiB, 262.87 W, 58
2026/08/13 23:53:03.298, NVIDIA GeForce RTX 4090, 43 %, 16 %, 19206 MiB, 49140 MiB, 269.45 W, 58
2026/08/13 23:53:04.298, NVIDIA GeForce RTX 4090, 44 %, 17 %, 19206 MiB, 49140 MiB, 266.85 W, 57
2026/08/13 23:53:05.298, NVIDIA GeForce RTX 4090, 47 %, 23 %, 19206 MiB, 49140 MiB, 260.58 W, 58
2026/08/13 23:53:06.298, NVIDIA GeForce RTX 4090, 74 %, 42 %, 19206 MiB, 49140 MiB, 277.85 W, 61
2026/08/13 23:53:07.299, NVIDIA GeForce RTX 4090, 94 %, 55 %, 19206 MiB, 49140 MiB, 284.56 W, 64
2026/08/13 23:53:08.299, NVIDIA GeForce RTX 4090, 57 %, 25 %, 19206 MiB, 49140 MiB, 296.05 W, 62
2026/08/13 23:53:09.299, NVIDIA GeForce RTX 4090, 36 %, 13 %, 19206 MiB, 49140 MiB, 280.82 W, 59
2026/08/13 23:53:10.299, NVIDIA GeForce RTX 4090, 37 %, 12 %, 19206 MiB, 49140 MiB, 275.68 W, 59
2026/08/13 23:53:11.300, NVIDIA GeForce RTX 4090, 53 %, 21 %, 19206 MiB, 49140 MiB, 283.35 W, 60
2026/08/13 23:53:12.300, NVIDIA GeForce RTX 4090, 74 %, 42 %, 19206 MiB, 49140 MiB, 289.61 W, 66
2026/08/13 23:53:13.300, NVIDIA GeForce RTX 4090, 90 %, 47 %, 19206 MiB, 49140 MiB, 303.50 W, 67
2026/08/13 23:53:14.301, NVIDIA GeForce RTX 4090, 35 %, 13 %, 19206 MiB, 49140 MiB, 296.98 W, 59
2026/08/13 23:53:15.301, NVIDIA GeForce RTX 4090, 35 %, 12 %, 19206 MiB, 49140 MiB, 281.47 W, 59
2026/08/13 23:53:16.301, NVIDIA GeForce RTX 4090, 45 %, 17 %, 19206 MiB, 49140 MiB, 280.07 W, 59
2026/08/13 23:53:17.301, NVIDIA GeForce RTX 4090, 48 %, 22 %, 19206 MiB, 49140 MiB, 266.62 W, 58
2026/08/13 23:53:18.302, NVIDIA GeForce RTX 4090, 73 %, 45 %, 19206 MiB, 49140 MiB, 288.83 W, 66
2026/08/13 23:53:19.302, NVIDIA GeForce RTX 4090, 57 %, 30 %, 19206 MiB, 49140 MiB, 298.68 W, 63
2026/08/13 23:53:20.302, NVIDIA GeForce RTX 4090, 33 %, 11 %, 19206 MiB, 49140 MiB, 285.32 W, 59
2026/08/13 23:53:21.303, NVIDIA GeForce RTX 4090, 38 %, 13 %, 19206 MiB, 49140 MiB, 280.71 W, 59
2026/08/13 23:53:22.303, NVIDIA GeForce RTX 4090, 52 %, 20 %, 19206 MiB, 49140 MiB, 284.16 W, 60
2026/08/13 23:53:23.303, NVIDIA GeForce RTX 4090, 60 %, 32 %, 19206 MiB, 49140 MiB, 278.17 W, 62
2026/08/13 23:53:24.303, NVIDIA GeForce RTX 4090, 76 %, 46 %, 19206 MiB, 49140 MiB, 284.91 W, 65
2026/08/13 23:53:25.303, NVIDIA GeForce RTX 4090, 77 %, 42 %, 19206 MiB, 49140 MiB, 287.65 W, 67
2026/08/13 23:53:26.303, NVIDIA GeForce RTX 4090, 46 %, 23 %, 19206 MiB, 49140 MiB, 287.28 W, 64
2026/08/13 23:53:27.304, NVIDIA GeForce RTX 4090, 33 %, 12 %, 19206 MiB, 49140 MiB, 278.13 W, 60
2026/08/13 23:53:28.304, NVIDIA GeForce RTX 4090, 39 %, 13 %, 19206 MiB, 49140 MiB, 277.79 W, 59
2026/08/13 23:53:29.304, NVIDIA GeForce RTX 4090, 49 %, 18 %, 19206 MiB, 49140 MiB, 277.87 W, 60
2026/08/13 23:53:30.304, NVIDIA GeForce RTX 4090, 59 %, 29 %, 19206 MiB, 49140 MiB, 283.55 W, 62
2026/08/13 23:53:31.304, NVIDIA GeForce RTX 4090, 94 %, 55 %, 19206 MiB, 49140 MiB, 300.91 W, 65
2026/08/13 23:53:32.305, NVIDIA GeForce RTX 4090, 60 %, 31 %, 19206 MiB, 49140 MiB, 277.30 W, 64
2026/08/13 23:53:33.305, NVIDIA GeForce RTX 4090, 42 %, 15 %, 19206 MiB, 49140 MiB, 286.78 W, 60
2026/08/13 23:53:34.305, NVIDIA GeForce RTX 4090, 34 %, 12 %, 19206 MiB, 49140 MiB, 275.89 W, 59
2026/08/13 23:53:35.305, NVIDIA GeForce RTX 4090, 40 %, 15 %, 19206 MiB, 49140 MiB, 274.49 W, 59
2026/08/13 23:53:36.305, NVIDIA GeForce RTX 4090, 52 %, 20 %, 19206 MiB, 49140 MiB, 271.78 W, 60
2026/08/13 23:53:37.305, NVIDIA GeForce RTX 4090, 59 %, 29 %, 19206 MiB, 49140 MiB, 278.90 W, 65
2026/08/13 23:53:38.306, NVIDIA GeForce RTX 4090, 93 %, 54 %, 19206 MiB, 49140 MiB, 301.11 W, 67
2026/08/13 23:53:39.306, NVIDIA GeForce RTX 4090, 54 %, 20 %, 19206 MiB, 49140 MiB, 294.78 W, 60
2026/08/13 23:53:40.306, NVIDIA GeForce RTX 4090, 41 %, 15 %, 19206 MiB, 49140 MiB, 274.04 W, 60
2026/08/13 23:53:41.306, NVIDIA GeForce RTX 4090, 35 %, 12 %, 19206 MiB, 49140 MiB, 269.27 W, 60
2026/08/13 23:53:42.306, NVIDIA GeForce RTX 4090, 99 %, 55 %, 19206 MiB, 49140 MiB, 350.61 W, 67
2026/08/13 23:53:43.306, NVIDIA GeForce RTX 4090, 93 %, 53 %, 19206 MiB, 49140 MiB, 305.44 W, 67
2026/08/13 23:53:44.307, NVIDIA GeForce RTX 4090, 58 %, 28 %, 19206 MiB, 49140 MiB, 298.79 W, 61
2026/08/13 23:53:45.307, NVIDIA GeForce RTX 4090, 45 %, 16 %, 19206 MiB, 49140 MiB, 277.66 W, 60
2026/08/13 23:53:46.307, NVIDIA GeForce RTX 4090, 41 %, 14 %, 19206 MiB, 49140 MiB, 276.21 W, 60
2026/08/13 23:53:47.307, NVIDIA GeForce RTX 4090, 39 %, 14 %, 19206 MiB, 49140 MiB, 271.64 W, 61
2026/08/13 23:53:48.307, NVIDIA GeForce RTX 4090, 58 %, 22 %, 19206 MiB, 49140 MiB, 271.48 W, 64
2026/08/13 23:53:49.307, NVIDIA GeForce RTX 4090, 59 %, 29 %, 19206 MiB, 49140 MiB, 282.40 W, 66
2026/08/13 23:53:50.308, NVIDIA GeForce RTX 4090, 74 %, 42 %, 19206 MiB, 49140 MiB, 285.00 W, 68
2026/08/13 23:53:51.308, NVIDIA GeForce RTX 4090, 76 %, 43 %, 19206 MiB, 49140 MiB, 288.78 W, 65
2026/08/13 23:53:52.308, NVIDIA GeForce RTX 4090, 57 %, 27 %, 19206 MiB, 49140 MiB, 289.02 W, 61
2026/08/13 23:53:53.308, NVIDIA GeForce RTX 4090, 34 %, 12 %, 19206 MiB, 49140 MiB, 279.96 W, 60
2026/08/13 23:53:54.308, NVIDIA GeForce RTX 4090, 41 %, 14 %, 19206 MiB, 49140 MiB, 267.02 W, 60
2026/08/13 23:53:55.308, NVIDIA GeForce RTX 4090, 39 %, 13 %, 19206 MiB, 49140 MiB, 266.73 W, 61
2026/08/13 23:53:56.308, NVIDIA GeForce RTX 4090, 50 %, 20 %, 19206 MiB, 49140 MiB, 278.84 W, 65
2026/08/13 23:53:57.309, NVIDIA GeForce RTX 4090, 60 %, 29 %, 19206 MiB, 49140 MiB, 278.51 W, 66
2026/08/13 23:53:58.309, NVIDIA GeForce RTX 4090, 74 %, 42 %, 19206 MiB, 49140 MiB, 283.75 W, 68
2026/08/13 23:53:59.309, NVIDIA GeForce RTX 4090, 93 %, 52 %, 19206 MiB, 49140 MiB, 283.68 W, 68
2026/08/13 23:54:00.309, NVIDIA GeForce RTX 4090, 54 %, 25 %, 19206 MiB, 49140 MiB, 287.22 W, 60
2026/08/13 23:54:01.310, NVIDIA GeForce RTX 4090, 41 %, 15 %, 19206 MiB, 49140 MiB, 280.61 W, 61
2026/08/13 23:54:02.310, NVIDIA GeForce RTX 4090, 45 %, 15 %, 19206 MiB, 49140 MiB, 273.61 W, 61
2026/08/13 23:54:03.310, NVIDIA GeForce RTX 4090, 50 %, 20 %, 19206 MiB, 49140 MiB, 285.99 W, 67
2026/08/13 23:54:04.310, NVIDIA GeForce RTX 4090, 74 %, 42 %, 19206 MiB, 49140 MiB, 300.07 W, 67
2026/08/13 23:54:05.310, NVIDIA GeForce RTX 4090, 89 %, 47 %, 19206 MiB, 49140 MiB, 295.44 W, 67
2026/08/13 23:54:06.310, NVIDIA GeForce RTX 4090, 58 %, 21 %, 19206 MiB, 49140 MiB, 292.84 W, 62
2026/08/13 23:54:07.311, NVIDIA GeForce RTX 4090, 37 %, 13 %, 19206 MiB, 49140 MiB, 274.23 W, 61
2026/08/13 23:54:08.311, NVIDIA GeForce RTX 4090, 41 %, 14 %, 19206 MiB, 49140 MiB, 267.72 W, 60
2026/08/13 23:54:09.311, NVIDIA GeForce RTX 4090, 39 %, 13 %, 19206 MiB, 49140 MiB, 268.25 W, 62
2026/08/13 23:54:10.311, NVIDIA GeForce RTX 4090, 49 %, 20 %, 19206 MiB, 49140 MiB, 278.99 W, 67
2026/08/13 23:54:11.311, NVIDIA GeForce RTX 4090, 59 %, 30 %, 19206 MiB, 49140 MiB, 277.73 W, 66
2026/08/13 23:54:12.312, NVIDIA GeForce RTX 4090, 74 %, 42 %, 19206 MiB, 49140 MiB, 284.30 W, 67
2026/08/13 23:54:13.312, NVIDIA GeForce RTX 4090, 59 %, 32 %, 19206 MiB, 49140 MiB, 298.10 W, 67
2026/08/13 23:54:14.312, NVIDIA GeForce RTX 4090, 33 %, 13 %, 19206 MiB, 49140 MiB, 281.31 W, 60
2026/08/13 23:54:15.312, NVIDIA GeForce RTX 4090, 35 %, 12 %, 19206 MiB, 49140 MiB, 264.55 W, 61
2026/08/13 23:54:16.312, NVIDIA GeForce RTX 4090, 41 %, 14 %, 19206 MiB, 49140 MiB, 265.58 W, 61
2026/08/13 23:54:17.312, NVIDIA GeForce RTX 4090, 39 %, 13 %, 19206 MiB, 49140 MiB, 268.31 W, 62
2026/08/13 23:54:18.313, NVIDIA GeForce RTX 4090, 47 %, 20 %, 19206 MiB, 49140 MiB, 284.01 W, 66
2026/08/13 23:54:19.313, NVIDIA GeForce RTX 4090, 74 %, 42 %, 19206 MiB, 49140 MiB, 290.97 W, 66
2026/08/13 23:54:20.313, NVIDIA GeForce RTX 4090, 93 %, 51 %, 19206 MiB, 49140 MiB, 293.24 W, 67
2026/08/13 23:54:21.313, NVIDIA GeForce RTX 4090, 57 %, 23 %, 19206 MiB, 49140 MiB, 294.13 W, 62
2026/08/13 23:54:22.313, NVIDIA GeForce RTX 4090, 33 %, 12 %, 19206 MiB, 49140 MiB, 274.88 W, 61
2026/08/13 23:54:23.313, NVIDIA GeForce RTX 4090, 41 %, 15 %, 19206 MiB, 49140 MiB, 263.65 W, 61
2026/08/13 23:54:24.314, NVIDIA GeForce RTX 4090, 45 %, 17 %, 19206 MiB, 49140 MiB, 278.33 W, 62
2026/08/13 23:54:25.314, NVIDIA GeForce RTX 4090, 61 %, 31 %, 19206 MiB, 49140 MiB, 283.94 W, 67
2026/08/13 23:54:26.314, NVIDIA GeForce RTX 4090, 99 %, 53 %, 19206 MiB, 49140 MiB, 302.25 W, 66
2026/08/13 23:54:27.315, NVIDIA GeForce RTX 4090, 0 %, 0 %, 19206 MiB, 49140 MiB, 289.39 W, 56
2026/08/13 23:54:28.315, NVIDIA GeForce RTX 4090, 0 %, 0 %, 19206 MiB, 49140 MiB, 106.17 W, 54
2026/08/13 23:54:29.315, NVIDIA GeForce RTX 4090, 34 %, 12 %, 19206 MiB, 49140 MiB, 102.22 W, 59
2026/08/13 23:54:30.315, NVIDIA GeForce RTX 4090, 80 %, 43 %, 19206 MiB, 49140 MiB, 264.98 W, 63
2026/08/13 23:54:31.316, NVIDIA GeForce RTX 4090, 54 %, 23 %, 19206 MiB, 49140 MiB, 290.43 W, 62
2026/08/13 23:54:32.316, NVIDIA GeForce RTX 4090, 38 %, 13 %, 19206 MiB, 49140 MiB, 276.37 W, 62
2026/08/13 23:54:33.316, NVIDIA GeForce RTX 4090, 25 %, 9 %, 19206 MiB, 49140 MiB, 253.93 W, 61
2026/08/13 23:54:34.316, NVIDIA GeForce RTX 4090, 26 %, 9 %, 19206 MiB, 49140 MiB, 251.39 W, 62
2026/08/13 23:54:35.317, NVIDIA GeForce RTX 4090, 44 %, 15 %, 19206 MiB, 49140 MiB, 272.30 W, 61
2026/08/13 23:54:36.317, NVIDIA GeForce RTX 4090, 37 %, 13 %, 19206 MiB, 49140 MiB, 264.34 W, 63
2026/08/13 23:54:37.317, NVIDIA GeForce RTX 4090, 54 %, 20 %, 19206 MiB, 49140 MiB, 272.04 W, 62
2026/08/13 23:54:38.383, NVIDIA GeForce RTX 4090, 60 %, 29 %, 19206 MiB, 49140 MiB, 286.75 W, 67
2026/08/13 23:54:39.384, NVIDIA GeForce RTX 4090, 95 %, 52 %, 19206 MiB, 49140 MiB, 303.85 W, 66
2026/08/13 23:54:40.384, NVIDIA GeForce RTX 4090, 72 %, 35 %, 19206 MiB, 49140 MiB, 300.62 W, 62
2026/08/13 23:54:41.384, NVIDIA GeForce RTX 4090, 36 %, 13 %, 19206 MiB, 49140 MiB, 278.25 W, 60
2026/08/13 23:54:42.384, NVIDIA GeForce RTX 4090, 46 %, 16 %, 19206 MiB, 49140 MiB, 271.15 W, 61
2026/08/13 23:54:43.385, NVIDIA GeForce RTX 4090, 46 %, 16 %, 19206 MiB, 49140 MiB, 271.73 W, 61
2026/08/13 23:54:44.385, NVIDIA GeForce RTX 4090, 57 %, 22 %, 19206 MiB, 49140 MiB, 276.94 W, 65
2026/08/13 23:54:45.385, NVIDIA GeForce RTX 4090, 74 %, 41 %, 19206 MiB, 49140 MiB, 289.28 W, 67
2026/08/13 23:54:46.385, NVIDIA GeForce RTX 4090, 94 %, 52 %, 19206 MiB, 49140 MiB, 307.04 W, 67
2026/08/13 23:54:47.386, NVIDIA GeForce RTX 4090, 70 %, 34 %, 19206 MiB, 49140 MiB, 290.49 W, 61
2026/08/13 23:54:48.386, NVIDIA GeForce RTX 4090, 37 %, 14 %, 19206 MiB, 49140 MiB, 277.53 W, 61
2026/08/13 23:54:49.386, NVIDIA GeForce RTX 4090, 42 %, 14 %, 19206 MiB, 49140 MiB, 265.67 W, 62
2026/08/13 23:54:50.386, NVIDIA GeForce RTX 4090, 44 %, 15 %, 19206 MiB, 49140 MiB, 279.12 W, 64
2026/08/13 23:54:51.386, NVIDIA GeForce RTX 4090, 58 %, 23 %, 19206 MiB, 49140 MiB, 277.07 W, 64
2026/08/13 23:54:52.386, NVIDIA GeForce RTX 4090, 74 %, 40 %, 19206 MiB, 49140 MiB, 287.56 W, 67
2026/08/13 23:54:53.387, NVIDIA GeForce RTX 4090, 85 %, 42 %, 19206 MiB, 49140 MiB, 321.21 W, 68
2026/08/13 23:54:54.387, NVIDIA GeForce RTX 4090, 42 %, 15 %, 19206 MiB, 49140 MiB, 287.39 W, 63
2026/08/13 23:54:55.387, NVIDIA GeForce RTX 4090, 48 %, 17 %, 19206 MiB, 49140 MiB, 266.25 W, 63
2026/08/13 23:54:56.387, NVIDIA GeForce RTX 4090, 43 %, 14 %, 19206 MiB, 49140 MiB, 276.76 W, 65
2026/08/13 23:54:57.387, NVIDIA GeForce RTX 4090, 52 %, 20 %, 19206 MiB, 49140 MiB, 272.74 W, 66
2026/08/13 23:54:58.387, NVIDIA GeForce RTX 4090, 65 %, 30 %, 19206 MiB, 49140 MiB, 277.81 W, 66
2026/08/13 23:54:59.388, NVIDIA GeForce RTX 4090, 75 %, 42 %, 19206 MiB, 49140 MiB, 285.71 W, 65
2026/08/13 23:55:00.388, NVIDIA GeForce RTX 4090, 93 %, 54 %, 19206 MiB, 49140 MiB, 290.26 W, 67
2026/08/13 23:55:01.388, NVIDIA GeForce RTX 4090, 56 %, 26 %, 19206 MiB, 49140 MiB, 290.85 W, 67
2026/08/13 23:55:02.388, NVIDIA GeForce RTX 4090, 46 %, 17 %, 19206 MiB, 49140 MiB, 280.40 W, 64
2026/08/13 23:55:03.389, NVIDIA GeForce RTX 4090, 43 %, 15 %, 19206 MiB, 49140 MiB, 270.40 W, 63
2026/08/13 23:55:04.389, NVIDIA GeForce RTX 4090, 52 %, 19 %, 19206 MiB, 49140 MiB, 285.43 W, 66
2026/08/13 23:55:05.389, NVIDIA GeForce RTX 4090, 77 %, 40 %, 19206 MiB, 49140 MiB, 287.71 W, 67
2026/08/13 23:55:06.389, NVIDIA GeForce RTX 4090, 93 %, 54 %, 19206 MiB, 49140 MiB, 305.98 W, 66
2026/08/13 23:55:07.389, NVIDIA GeForce RTX 4090, 67 %, 34 %, 19206 MiB, 49140 MiB, 290.23 W, 63
2026/08/13 23:55:08.390, NVIDIA GeForce RTX 4090, 23 %, 9 %, 19206 MiB, 49140 MiB, 272.25 W, 66
2026/08/13 23:55:09.390, NVIDIA GeForce RTX 4090, 39 %, 14 %, 19206 MiB, 49140 MiB, 266.12 W, 66
2026/08/13 23:55:10.390, NVIDIA GeForce RTX 4090, 41 %, 14 %, 19206 MiB, 49140 MiB, 269.02 W, 64
2026/08/13 23:55:11.390, NVIDIA GeForce RTX 4090, 39 %, 13 %, 19206 MiB, 49140 MiB, 270.30 W, 66
2026/08/13 23:55:12.390, NVIDIA GeForce RTX 4090, 54 %, 21 %, 19206 MiB, 49140 MiB, 280.73 W, 66
2026/08/13 23:55:13.390, NVIDIA GeForce RTX 4090, 75 %, 43 %, 19206 MiB, 49140 MiB, 293.28 W, 65
2026/08/13 23:55:14.391, NVIDIA GeForce RTX 4090, 46 %, 17 %, 19206 MiB, 49140 MiB, 366.40 W, 64
2026/08/13 23:55:15.391, NVIDIA GeForce RTX 4090, 43 %, 15 %, 19206 MiB, 49140 MiB, 278.44 W, 64
2026/08/13 23:55:16.391, NVIDIA GeForce RTX 4090, 55 %, 21 %, 19206 MiB, 49140 MiB, 284.96 W, 67
2026/08/13 23:55:17.391, NVIDIA GeForce RTX 4090, 75 %, 40 %, 19206 MiB, 49140 MiB, 293.01 W, 67
2026/08/13 23:55:18.391, NVIDIA GeForce RTX 4090, 93 %, 54 %, 19206 MiB, 49140 MiB, 303.91 W, 66
2026/08/13 23:55:19.392, NVIDIA GeForce RTX 4090, 74 %, 38 %, 19206 MiB, 49140 MiB, 289.20 W, 64
2026/08/13 23:55:20.392, NVIDIA GeForce RTX 4090, 32 %, 12 %, 19206 MiB, 49140 MiB, 273.59 W, 63
2026/08/13 23:55:21.392, NVIDIA GeForce RTX 4090, 33 %, 12 %, 19206 MiB, 49140 MiB, 266.98 W, 66
2026/08/13 23:55:22.392, NVIDIA GeForce RTX 4090, 41 %, 15 %, 19206 MiB, 49140 MiB, 269.67 W, 67
2026/08/13 23:55:23.392, NVIDIA GeForce RTX 4090, 46 %, 15 %, 19206 MiB, 49140 MiB, 269.55 W, 67
2026/08/13 23:55:24.393, NVIDIA GeForce RTX 4090, 45 %, 18 %, 19206 MiB, 49140 MiB, 281.38 W, 66
2026/08/13 23:55:25.393, NVIDIA GeForce RTX 4090, 74 %, 43 %, 19206 MiB, 49140 MiB, 298.93 W, 65
2026/08/13 23:55:26.393, NVIDIA GeForce RTX 4090, 61 %, 31 %, 19206 MiB, 49140 MiB, 300.80 W, 65
2026/08/13 23:55:27.393, NVIDIA GeForce RTX 4090, 40 %, 20 %, 19206 MiB, 49140 MiB, 273.04 W, 67
2026/08/13 23:55:28.393, NVIDIA GeForce RTX 4090, 39 %, 14 %, 19206 MiB, 49140 MiB, 282.97 W, 67
2026/08/13 23:55:29.393, NVIDIA GeForce RTX 4090, 41 %, 14 %, 19206 MiB, 49140 MiB, 275.89 W, 67
2026/08/13 23:55:30.394, NVIDIA GeForce RTX 4090, 55 %, 20 %, 19206 MiB, 49140 MiB, 272.42 W, 67
2026/08/13 23:55:31.394, NVIDIA GeForce RTX 4090, 61 %, 28 %, 19206 MiB, 49140 MiB, 282.10 W, 66
2026/08/13 23:55:32.394, NVIDIA GeForce RTX 4090, 73 %, 41 %, 19206 MiB, 49140 MiB, 286.08 W, 65
2026/08/13 23:55:33.395, NVIDIA GeForce RTX 4090, 61 %, 32 %, 19206 MiB, 49140 MiB, 304.39 W, 66
2026/08/13 23:55:34.395, NVIDIA GeForce RTX 4090, 34 %, 13 %, 19206 MiB, 49140 MiB, 281.63 W, 64
2026/08/13 23:55:35.395, NVIDIA GeForce RTX 4090, 37 %, 13 %, 19206 MiB, 49140 MiB, 271.57 W, 67
2026/08/13 23:55:36.395, NVIDIA GeForce RTX 4090, 41 %, 15 %, 19206 MiB, 49140 MiB, 264.54 W, 66
2026/08/13 23:55:37.396, NVIDIA GeForce RTX 4090, 39 %, 13 %, 19206 MiB, 49140 MiB, 268.37 W, 67
2026/08/13 23:55:38.396, NVIDIA GeForce RTX 4090, 52 %, 19 %, 19206 MiB, 49140 MiB, 273.62 W, 66
2026/08/13 23:55:39.396, NVIDIA GeForce RTX 4090, 59 %, 25 %, 19206 MiB, 49140 MiB, 277.59 W, 66
2026/08/13 23:55:40.396, NVIDIA GeForce RTX 4090, 99 %, 60 %, 19206 MiB, 49140 MiB, 301.39 W, 67
2026/08/13 23:55:41.397, NVIDIA GeForce RTX 4090, 54 %, 26 %, 19206 MiB, 49140 MiB, 305.59 W, 67
2026/08/13 23:55:42.397, NVIDIA GeForce RTX 4090, 45 %, 16 %, 19206 MiB, 49140 MiB, 273.91 W, 62
2026/08/13 23:55:43.397, NVIDIA GeForce RTX 4090, 43 %, 15 %, 19206 MiB, 49140 MiB, 272.38 W, 67
2026/08/13 23:55:44.397, NVIDIA GeForce RTX 4090, 51 %, 18 %, 19206 MiB, 49140 MiB, 274.60 W, 66
2026/08/13 23:55:45.398, NVIDIA GeForce RTX 4090, 62 %, 29 %, 19206 MiB, 49140 MiB, 288.25 W, 66
2026/08/13 23:55:46.398, NVIDIA GeForce RTX 4090, 99 %, 60 %, 19206 MiB, 49140 MiB, 300.42 W, 65
2026/08/13 23:55:47.398, NVIDIA GeForce RTX 4090, 63 %, 31 %, 19206 MiB, 49140 MiB, 298.03 W, 67
2026/08/13 23:55:48.398, NVIDIA GeForce RTX 4090, 41 %, 15 %, 19206 MiB, 49140 MiB, 281.02 W, 65
2026/08/13 23:55:49.399, NVIDIA GeForce RTX 4090, 41 %, 15 %, 19206 MiB, 49140 MiB, 271.15 W, 67
2026/08/13 23:55:50.399, NVIDIA GeForce RTX 4090, 48 %, 17 %, 19206 MiB, 49140 MiB, 285.87 W, 67
2026/08/13 23:55:51.399, NVIDIA GeForce RTX 4090, 63 %, 30 %, 19206 MiB, 49140 MiB, 279.57 W, 66
2026/08/13 23:55:52.399, NVIDIA GeForce RTX 4090, 98 %, 59 %, 19206 MiB, 49140 MiB, 303.71 W, 66
2026/08/13 23:55:53.400, NVIDIA GeForce RTX 4090, 58 %, 30 %, 19206 MiB, 49140 MiB, 301.68 W, 67
2026/08/13 23:55:54.400, NVIDIA GeForce RTX 4090, 46 %, 17 %, 19206 MiB, 49140 MiB, 274.98 W, 68
2026/08/13 23:55:55.400, NVIDIA GeForce RTX 4090, 40 %, 14 %, 19206 MiB, 49140 MiB, 278.85 W, 67
2026/08/13 23:55:56.400, NVIDIA GeForce RTX 4090, 44 %, 15 %, 19206 MiB, 49140 MiB, 280.04 W, 66
2026/08/13 23:55:57.400, NVIDIA GeForce RTX 4090, 45 %, 19 %, 19206 MiB, 49140 MiB, 286.24 W, 65
2026/08/13 23:55:58.401, NVIDIA GeForce RTX 4090, 0 %, 0 %, 19206 MiB, 49140 MiB, 320.13 W, 57
2026/08/13 23:55:59.401, NVIDIA GeForce RTX 4090, 0 %, 0 %, 19206 MiB, 49140 MiB, 106.98 W, 55
2026/08/13 23:56:00.401, NVIDIA GeForce RTX 4090, 4 %, 0 %, 19206 MiB, 49140 MiB, 100.51 W, 54
2026/08/13 23:56:01.402, NVIDIA GeForce RTX 4090, 72 %, 36 %, 19206 MiB, 49140 MiB, 225.11 W, 64
2026/08/13 23:56:02.402, NVIDIA GeForce RTX 4090, 88 %, 52 %, 19206 MiB, 49140 MiB, 300.68 W, 68
2026/08/13 23:56:03.402, NVIDIA GeForce RTX 4090, 62 %, 34 %, 19206 MiB, 49140 MiB, 291.74 W, 66
2026/08/13 23:56:04.402, NVIDIA GeForce RTX 4090, 39 %, 15 %, 19206 MiB, 49140 MiB, 277.51 W, 65
2026/08/13 23:56:05.403, NVIDIA GeForce RTX 4090, 35 %, 14 %, 19206 MiB, 49140 MiB, 267.26 W, 62
2026/08/13 23:56:06.403, NVIDIA GeForce RTX 4090, 30 %, 10 %, 19206 MiB, 49140 MiB, 265.79 W, 63
2026/08/13 23:56:07.403, NVIDIA GeForce RTX 4090, 34 %, 12 %, 19206 MiB, 49140 MiB, 258.08 W, 66
2026/08/13 23:56:08.403, NVIDIA GeForce RTX 4090, 45 %, 15 %, 19206 MiB, 49140 MiB, 275.63 W, 66
2026/08/13 23:56:09.404, NVIDIA GeForce RTX 4090, 42 %, 16 %, 19206 MiB, 49140 MiB, 277.88 W, 64
2026/08/13 23:56:10.404, NVIDIA GeForce RTX 4090, 93 %, 57 %, 19206 MiB, 49140 MiB, 308.58 W, 65
2026/08/13 23:56:11.404, NVIDIA GeForce RTX 4090, 48 %, 23 %, 19206 MiB, 49140 MiB, 306.92 W, 67
2026/08/13 23:56:12.404, NVIDIA GeForce RTX 4090, 38 %, 14 %, 19206 MiB, 49140 MiB, 277.95 W, 65
2026/08/13 23:56:13.404, NVIDIA GeForce RTX 4090, 33 %, 12 %, 19206 MiB, 49140 MiB, 271.14 W, 66
2026/08/13 23:56:14.406, NVIDIA GeForce RTX 4090, 46 %, 16 %, 19206 MiB, 49140 MiB, 279.35 W, 66
2026/08/13 23:56:15.406, NVIDIA GeForce RTX 4090, 69 %, 34 %, 19206 MiB, 49140 MiB, 290.08 W, 65
2026/08/13 23:56:16.407, NVIDIA GeForce RTX 4090, 92 %, 57 %, 19206 MiB, 49140 MiB, 289.89 W, 65
2026/08/13 23:56:17.407, NVIDIA GeForce RTX 4090, 60 %, 33 %, 19206 MiB, 49140 MiB, 300.01 W, 65
2026/08/13 23:56:18.407, NVIDIA GeForce RTX 4090, 39 %, 15 %, 19206 MiB, 49140 MiB, 279.90 W, 67
2026/08/13 23:56:19.407, NVIDIA GeForce RTX 4090, 31 %, 12 %, 19206 MiB, 49140 MiB, 275.06 W, 65
2026/08/13 23:56:20.408, NVIDIA GeForce RTX 4090, 41 %, 14 %, 19206 MiB, 49140 MiB, 279.89 W, 66
2026/08/13 23:56:21.408, NVIDIA GeForce RTX 4090, 40 %, 16 %, 19206 MiB, 49140 MiB, 285.32 W, 64
2026/08/13 23:56:22.484, NVIDIA GeForce RTX 4090, 88 %, 52 %, 19206 MiB, 49140 MiB, 306.98 W, 68
2026/08/13 23:56:23.484, NVIDIA GeForce RTX 4090, 48 %, 23 %, 19206 MiB, 49140 MiB, 286.50 W, 66
2026/08/13 23:56:24.484, NVIDIA GeForce RTX 4090, 33 %, 11 %, 19206 MiB, 49140 MiB, 278.81 W, 65
2026/08/13 23:56:25.484, NVIDIA GeForce RTX 4090, 34 %, 11 %, 19206 MiB, 49140 MiB, 276.79 W, 65
2026/08/13 23:56:26.485, NVIDIA GeForce RTX 4090, 39 %, 15 %, 19206 MiB, 49140 MiB, 277.17 W, 65
2026/08/13 23:56:27.485, NVIDIA GeForce RTX 4090, 66 %, 37 %, 19206 MiB, 49140 MiB, 297.93 W, 65
2026/08/13 23:56:28.485, NVIDIA GeForce RTX 4090, 89 %, 46 %, 19206 MiB, 49140 MiB, 304.15 W, 69
2026/08/13 23:56:29.485, NVIDIA GeForce RTX 4090, 41 %, 15 %, 19206 MiB, 49140 MiB, 289.56 W, 66
2026/08/13 23:56:30.486, NVIDIA GeForce RTX 4090, 37 %, 13 %, 19206 MiB, 49140 MiB, 271.27 W, 66
2026/08/13 23:56:31.486, NVIDIA GeForce RTX 4090, 34 %, 11 %, 19206 MiB, 49140 MiB, 272.53 W, 65
2026/08/13 23:56:32.486, NVIDIA GeForce RTX 4090, 43 %, 15 %, 19206 MiB, 49140 MiB, 273.17 W, 65
2026/08/13 23:56:33.487, NVIDIA GeForce RTX 4090, 67 %, 34 %, 19206 MiB, 49140 MiB, 298.56 W, 66
2026/08/13 23:56:34.487, NVIDIA GeForce RTX 4090, 65 %, 33 %, 19206 MiB, 49140 MiB, 306.82 W, 66
2026/08/13 23:56:35.487, NVIDIA GeForce RTX 4090, 34 %, 13 %, 19206 MiB, 49140 MiB, 284.68 W, 66
2026/08/13 23:56:36.487, NVIDIA GeForce RTX 4090, 37 %, 13 %, 19206 MiB, 49140 MiB, 270.85 W, 66
2026/08/13 23:56:37.487, NVIDIA GeForce RTX 4090, 35 %, 12 %, 19206 MiB, 49140 MiB, 276.60 W, 65
2026/08/13 23:56:38.488, NVIDIA GeForce RTX 4090, 40 %, 15 %, 19206 MiB, 49140 MiB, 291.53 W, 64
2026/08/13 23:56:39.488, NVIDIA GeForce RTX 4090, 70 %, 39 %, 19206 MiB, 49140 MiB, 290.99 W, 66
2026/08/13 23:56:40.488, NVIDIA GeForce RTX 4090, 83 %, 50 %, 19206 MiB, 49140 MiB, 291.55 W, 68
2026/08/13 23:56:41.489, NVIDIA GeForce RTX 4090, 63 %, 34 %, 19206 MiB, 49140 MiB, 276.91 W, 66
2026/08/13 23:56:42.489, NVIDIA GeForce RTX 4090, 34 %, 13 %, 19206 MiB, 49140 MiB, 277.18 W, 65
2026/08/13 23:56:43.489, NVIDIA GeForce RTX 4090, 39 %, 14 %, 19206 MiB, 49140 MiB, 277.75 W, 65
2026/08/13 23:56:44.489, NVIDIA GeForce RTX 4090, 91 %, 47 %, 19206 MiB, 49140 MiB, 372.23 W, 68
2026/08/13 23:56:45.489, NVIDIA GeForce RTX 4090, 42 %, 16 %, 19206 MiB, 49140 MiB, 302.28 W, 68
2026/08/13 23:56:46.489, NVIDIA GeForce RTX 4090, 42 %, 15 %, 19206 MiB, 49140 MiB, 287.52 W, 64
2026/08/13 23:56:47.490, NVIDIA GeForce RTX 4090, 49 %, 17 %, 19206 MiB, 49140 MiB, 282.17 W, 65
2026/08/13 23:56:48.490, NVIDIA GeForce RTX 4090, 81 %, 39 %, 19206 MiB, 49140 MiB, 289.15 W, 64
2026/08/13 23:56:49.490, NVIDIA GeForce RTX 4090, 89 %, 52 %, 19206 MiB, 49140 MiB, 302.93 W, 66
2026/08/13 23:56:50.490, NVIDIA GeForce RTX 4090, 53 %, 25 %, 19206 MiB, 49140 MiB, 297.48 W, 65
2026/08/13 23:56:51.491, NVIDIA GeForce RTX 4090, 43 %, 15 %, 19206 MiB, 49140 MiB, 278.80 W, 66
2026/08/13 23:56:52.491, NVIDIA GeForce RTX 4090, 46 %, 15 %, 19206 MiB, 49140 MiB, 285.25 W, 65
2026/08/13 23:56:53.491, NVIDIA GeForce RTX 4090, 81 %, 38 %, 19206 MiB, 49140 MiB, 283.85 W, 66
2026/08/13 23:56:54.491, NVIDIA GeForce RTX 4090, 98 %, 57 %, 19206 MiB, 49140 MiB, 303.11 W, 66
2026/08/13 23:56:55.492, NVIDIA GeForce RTX 4090, 53 %, 25 %, 19206 MiB, 49140 MiB, 293.87 W, 64
2026/08/13 23:56:56.492, NVIDIA GeForce RTX 4090, 37 %, 13 %, 19206 MiB, 49140 MiB, 278.27 W, 65
2026/08/13 23:56:57.492, NVIDIA GeForce RTX 4090, 38 %, 13 %, 19206 MiB, 49140 MiB, 275.80 W, 65
2026/08/13 23:56:58.492, NVIDIA GeForce RTX 4090, 66 %, 24 %, 19206 MiB, 49140 MiB, 276.63 W, 64
2026/08/13 23:56:59.492, NVIDIA GeForce RTX 4090, 78 %, 44 %, 19206 MiB, 49140 MiB, 301.20 W, 66
2026/08/13 23:57:00.492, NVIDIA GeForce RTX 4090, 72 %, 36 %, 19206 MiB, 49140 MiB, 299.80 W, 68
2026/08/13 23:57:01.493, NVIDIA GeForce RTX 4090, 41 %, 17 %, 19206 MiB, 49140 MiB, 285.77 W, 66
2026/08/13 23:57:02.493, NVIDIA GeForce RTX 4090, 39 %, 14 %, 19206 MiB, 49140 MiB, 268.67 W, 66
2026/08/13 23:57:03.493, NVIDIA GeForce RTX 4090, 49 %, 16 %, 19206 MiB, 49140 MiB, 282.08 W, 65
2026/08/13 23:57:04.493, NVIDIA GeForce RTX 4090, 80 %, 39 %, 19206 MiB, 49140 MiB, 292.63 W, 65
2026/08/13 23:57:05.493, NVIDIA GeForce RTX 4090, 85 %, 50 %, 19206 MiB, 49140 MiB, 298.27 W, 65
2026/08/13 23:57:06.494, NVIDIA GeForce RTX 4090, 56 %, 22 %, 19206 MiB, 49140 MiB, 303.00 W, 70
2026/08/13 23:57:07.494, NVIDIA GeForce RTX 4090, 40 %, 14 %, 19206 MiB, 49140 MiB, 284.56 W, 65
2026/08/13 23:57:08.494, NVIDIA GeForce RTX 4090, 39 %, 13 %, 19206 MiB, 49140 MiB, 271.32 W, 65
2026/08/13 23:57:09.494, NVIDIA GeForce RTX 4090, 49 %, 19 %, 19206 MiB, 49140 MiB, 279.01 W, 65
2026/08/13 23:57:10.494, NVIDIA GeForce RTX 4090, 78 %, 44 %, 19206 MiB, 49140 MiB, 292.52 W, 64
2026/08/13 23:57:11.495, NVIDIA GeForce RTX 4090, 98 %, 58 %, 19206 MiB, 49140 MiB, 291.80 W, 65
2026/08/13 23:57:12.495, NVIDIA GeForce RTX 4090, 70 %, 37 %, 19206 MiB, 49140 MiB, 288.86 W, 68
2026/08/13 23:57:13.495, NVIDIA GeForce RTX 4090, 38 %, 14 %, 19206 MiB, 49140 MiB, 287.69 W, 66
2026/08/13 23:57:14.495, NVIDIA GeForce RTX 4090, 40 %, 14 %, 19206 MiB, 49140 MiB, 270.85 W, 64
2026/08/13 23:57:15.495, NVIDIA GeForce RTX 4090, 38 %, 13 %, 19206 MiB, 49140 MiB, 271.47 W, 65
2026/08/13 23:57:16.495, NVIDIA GeForce RTX 4090, 53 %, 18 %, 19206 MiB, 49140 MiB, 276.18 W, 65
2026/08/13 23:57:17.496, NVIDIA GeForce RTX 4090, 63 %, 25 %, 19206 MiB, 49140 MiB, 279.77 W, 64
2026/08/13 23:57:18.496, NVIDIA GeForce RTX 4090, 99 %, 60 %, 19206 MiB, 49140 MiB, 296.30 W, 65
2026/08/13 23:57:19.496, NVIDIA GeForce RTX 4090, 71 %, 38 %, 19206 MiB, 49140 MiB, 300.75 W, 68
2026/08/13 23:57:20.496, NVIDIA GeForce RTX 4090, 30 %, 12 %, 19206 MiB, 49140 MiB, 279.34 W, 65
2026/08/13 23:57:21.496, NVIDIA GeForce RTX 4090, 31 %, 11 %, 19206 MiB, 49140 MiB, 266.83 W, 64
2026/08/13 23:57:22.496, NVIDIA GeForce RTX 4090, 42 %, 15 %, 19206 MiB, 49140 MiB, 269.91 W, 65
2026/08/13 23:57:23.497, NVIDIA GeForce RTX 4090, 41 %, 14 %, 19206 MiB, 49140 MiB, 273.44 W, 66
2026/08/13 23:57:24.497, NVIDIA GeForce RTX 4090, 49 %, 17 %, 19206 MiB, 49140 MiB, 275.30 W, 65
2026/08/13 23:57:25.497, NVIDIA GeForce RTX 4090, 62 %, 24 %, 19206 MiB, 49140 MiB, 281.36 W, 64
2026/08/13 23:57:26.497, NVIDIA GeForce RTX 4090, 76 %, 43 %, 19206 MiB, 49140 MiB, 287.94 W, 63
2026/08/13 23:57:27.497, NVIDIA GeForce RTX 4090, 80 %, 47 %, 19206 MiB, 49140 MiB, 288.95 W, 65
2026/08/13 23:57:28.498, NVIDIA GeForce RTX 4090, 0 %, 0 %, 19206 MiB, 49140 MiB, 284.57 W, 57
2026/08/13 23:57:29.498, NVIDIA GeForce RTX 4090, 0 %, 0 %, 19206 MiB, 49140 MiB, 106.38 W, 56
2026/08/13 23:57:30.498, NVIDIA GeForce RTX 4090, 89 %, 44 %, 19206 MiB, 49140 MiB, 120.91 W, 59
2026/08/13 23:57:31.498, NVIDIA GeForce RTX 4090, 86 %, 43 %, 19206 MiB, 49140 MiB, 281.42 W, 64
2026/08/13 23:57:32.499, NVIDIA GeForce RTX 4090, 42 %, 17 %, 19206 MiB, 49140 MiB, 283.85 W, 63
2026/08/13 23:57:33.499, NVIDIA GeForce RTX 4090, 18 %, 6 %, 19206 MiB, 49140 MiB, 266.69 W, 63
2026/08/13 23:57:34.499, NVIDIA GeForce RTX 4090, 26 %, 9 %, 19206 MiB, 49140 MiB, 265.69 W, 61
2026/08/13 23:57:35.499, NVIDIA GeForce RTX 4090, 39 %, 13 %, 19206 MiB, 49140 MiB, 273.55 W, 62
2026/08/13 23:57:36.500, NVIDIA GeForce RTX 4090, 50 %, 18 %, 19206 MiB, 49140 MiB, 273.64 W, 63
2026/08/13 23:57:37.500, NVIDIA GeForce RTX 4090, 49 %, 19 %, 19206 MiB, 49140 MiB, 268.12 W, 63
2026/08/13 23:57:38.500, NVIDIA GeForce RTX 4090, 78 %, 44 %, 19206 MiB, 49140 MiB, 292.12 W, 63
2026/08/13 23:57:39.501, NVIDIA GeForce RTX 4090, 78 %, 39 %, 19206 MiB, 49140 MiB, 304.17 W, 68
2026/08/13 23:57:40.501, NVIDIA GeForce RTX 4090, 43 %, 17 %, 19206 MiB, 49140 MiB, 293.57 W, 63
2026/08/13 23:57:41.501, NVIDIA GeForce RTX 4090, 40 %, 15 %, 19206 MiB, 49140 MiB, 267.74 W, 61
2026/08/13 23:57:42.501, NVIDIA GeForce RTX 4090, 43 %, 15 %, 19206 MiB, 49140 MiB, 279.11 W, 60
2026/08/13 23:57:43.502, NVIDIA GeForce RTX 4090, 49 %, 17 %, 19206 MiB, 49140 MiB, 276.22 W, 60
2026/08/13 23:57:44.502, NVIDIA GeForce RTX 4090, 65 %, 26 %, 19206 MiB, 49140 MiB, 280.34 W, 60
2026/08/13 23:57:45.502, NVIDIA GeForce RTX 4090, 76 %, 46 %, 19206 MiB, 49140 MiB, 296.62 W, 62
2026/08/13 23:57:46.502, NVIDIA GeForce RTX 4090, 77 %, 41 %, 19206 MiB, 49140 MiB, 301.38 W, 67
2026/08/13 23:57:47.503, NVIDIA GeForce RTX 4090, 44 %, 15 %, 19206 MiB, 49140 MiB, 290.77 W, 62
2026/08/13 23:57:48.503, NVIDIA GeForce RTX 4090, 39 %, 13 %, 19206 MiB, 49140 MiB, 280.01 W, 65
2026/08/13 23:57:49.503, NVIDIA GeForce RTX 4090, 50 %, 18 %, 19206 MiB, 49140 MiB, 274.75 W, 61
2026/08/13 23:57:50.503, NVIDIA GeForce RTX 4090, 84 %, 48 %, 19206 MiB, 49140 MiB, 299.30 W, 61
2026/08/13 23:57:51.504, NVIDIA GeForce RTX 4090, 74 %, 46 %, 19206 MiB, 49140 MiB, 287.14 W, 63
2026/08/13 23:57:52.504, NVIDIA GeForce RTX 4090, 55 %, 26 %, 19206 MiB, 49140 MiB, 298.62 W, 61
2026/08/13 23:57:53.504, NVIDIA GeForce RTX 4090, 44 %, 15 %, 19206 MiB, 49140 MiB, 281.42 W, 61
2026/08/13 23:57:54.504, NVIDIA GeForce RTX 4090, 45 %, 15 %, 19206 MiB, 49140 MiB, 287.47 W, 61
2026/08/13 23:57:55.505, NVIDIA GeForce RTX 4090, 62 %, 25 %, 19206 MiB, 49140 MiB, 285.03 W, 60
2026/08/13 23:57:56.505, NVIDIA GeForce RTX 4090, 73 %, 44 %, 19206 MiB, 49140 MiB, 295.46 W, 65
2026/08/13 23:57:57.505, NVIDIA GeForce RTX 4090, 69 %, 32 %, 19206 MiB, 49140 MiB, 317.32 W, 69
2026/08/13 23:57:58.505, NVIDIA GeForce RTX 4090, 42 %, 15 %, 19206 MiB, 49140 MiB, 286.00 W, 60
2026/08/13 23:57:59.506, NVIDIA GeForce RTX 4090, 50 %, 16 %, 19206 MiB, 49140 MiB, 277.08 W, 60
2026/08/13 23:58:00.506, NVIDIA GeForce RTX 4090, 74 %, 37 %, 19206 MiB, 49140 MiB, 293.11 W, 60
2026/08/13 23:58:01.506, NVIDIA GeForce RTX 4090, 89 %, 46 %, 19206 MiB, 49140 MiB, 312.38 W, 69
2026/08/13 23:58:02.506, NVIDIA GeForce RTX 4090, 35 %, 12 %, 19206 MiB, 49140 MiB, 307.48 W, 61
2026/08/13 23:58:03.506, NVIDIA GeForce RTX 4090, 40 %, 14 %, 19206 MiB, 49140 MiB, 279.46 W, 60
2026/08/13 23:58:04.507, NVIDIA GeForce RTX 4090, 71 %, 28 %, 19206 MiB, 49140 MiB, 286.60 W, 60
2026/08/13 23:58:05.507, NVIDIA GeForce RTX 4090, 71 %, 44 %, 19206 MiB, 49140 MiB, 291.74 W, 62
2026/08/13 23:58:06.507, NVIDIA GeForce RTX 4090, 54 %, 26 %, 19206 MiB, 49140 MiB, 312.34 W, 62
2026/08/13 23:58:07.507, NVIDIA GeForce RTX 4090, 35 %, 12 %, 19206 MiB, 49140 MiB, 281.69 W, 61
2026/08/13 23:58:08.508, NVIDIA GeForce RTX 4090, 39 %, 13 %, 19206 MiB, 49140 MiB, 277.90 W, 60
2026/08/13 23:58:09.583, NVIDIA GeForce RTX 4090, 34 %, 13 %, 19206 MiB, 49140 MiB, 290.78 W, 61
2026/08/13 23:58:10.584, NVIDIA GeForce RTX 4090, 34 %, 12 %, 19206 MiB, 49140 MiB, 274.76 W, 59
2026/08/13 23:58:11.584, NVIDIA GeForce RTX 4090, 34 %, 11 %, 19206 MiB, 49140 MiB, 273.05 W, 59
2026/08/13 23:58:12.584, NVIDIA GeForce RTX 4090, 44 %, 15 %, 19206 MiB, 49140 MiB, 274.69 W, 59
2026/08/13 23:58:13.584, NVIDIA GeForce RTX 4090, 91 %, 48 %, 19206 MiB, 49140 MiB, 373.39 W, 68
2026/08/13 23:58:14.584, NVIDIA GeForce RTX 4090, 48 %, 23 %, 19206 MiB, 49140 MiB, 294.27 W, 62
2026/08/13 23:58:15.585, NVIDIA GeForce RTX 4090, 34 %, 13 %, 19206 MiB, 49140 MiB, 272.97 W, 60
2026/08/13 23:58:16.585, NVIDIA GeForce RTX 4090, 36 %, 13 %, 19206 MiB, 49140 MiB, 270.19 W, 59
2026/08/13 23:58:17.585, NVIDIA GeForce RTX 4090, 32 %, 11 %, 19206 MiB, 49140 MiB, 274.52 W, 59
2026/08/13 23:58:18.585, NVIDIA GeForce RTX 4090, 44 %, 15 %, 19206 MiB, 49140 MiB, 274.56 W, 59
2026/08/13 23:58:19.585, NVIDIA GeForce RTX 4090, 46 %, 18 %, 19206 MiB, 49140 MiB, 278.09 W, 61
2026/08/13 23:58:20.586, NVIDIA GeForce RTX 4090, 65 %, 36 %, 19206 MiB, 49140 MiB, 281.65 W, 63
2026/08/13 23:58:21.586, NVIDIA GeForce RTX 4090, 87 %, 46 %, 19206 MiB, 49140 MiB, 301.11 W, 69
2026/08/13 23:58:22.586, NVIDIA GeForce RTX 4090, 32 %, 13 %, 19206 MiB, 49140 MiB, 290.64 W, 60
2026/08/13 23:58:23.586, NVIDIA GeForce RTX 4090, 32 %, 11 %, 19206 MiB, 49140 MiB, 273.58 W, 60
2026/08/13 23:58:24.587, NVIDIA GeForce RTX 4090, 32 %, 11 %, 19206 MiB, 49140 MiB, 279.82 W, 60
2026/08/13 23:58:25.587, NVIDIA GeForce RTX 4090, 39 %, 15 %, 19206 MiB, 49140 MiB, 278.47 W, 60
2026/08/13 23:58:26.587, NVIDIA GeForce RTX 4090, 58 %, 32 %, 19206 MiB, 49140 MiB, 286.18 W, 63
2026/08/13 23:58:27.587, NVIDIA GeForce RTX 4090, 88 %, 48 %, 19206 MiB, 49140 MiB, 301.28 W, 63
2026/08/13 23:58:28.588, NVIDIA GeForce RTX 4090, 40 %, 15 %, 19206 MiB, 49140 MiB, 297.40 W, 61
2026/08/13 23:58:29.588, NVIDIA GeForce RTX 4090, 32 %, 11 %, 19206 MiB, 49140 MiB, 273.00 W, 60
2026/08/13 23:58:30.588, NVIDIA GeForce RTX 4090, 37 %, 12 %, 19206 MiB, 49140 MiB, 283.72 W, 60
2026/08/13 23:58:31.588, NVIDIA GeForce RTX 4090, 55 %, 22 %, 19206 MiB, 49140 MiB, 279.70 W, 61
2026/08/13 23:58:32.589, NVIDIA GeForce RTX 4090, 62 %, 36 %, 19206 MiB, 49140 MiB, 282.99 W, 63
2026/08/13 23:58:33.589, NVIDIA GeForce RTX 4090, 72 %, 43 %, 19206 MiB, 49140 MiB, 288.43 W, 66
2026/08/13 23:58:34.589, NVIDIA GeForce RTX 4090, 52 %, 24 %, 19206 MiB, 49140 MiB, 300.88 W, 62
2026/08/13 23:58:35.589, NVIDIA GeForce RTX 4090, 36 %, 13 %, 19206 MiB, 49140 MiB, 277.94 W, 61
2026/08/13 23:58:36.590, NVIDIA GeForce RTX 4090, 37 %, 13 %, 19206 MiB, 49140 MiB, 272.38 W, 60
2026/08/13 23:58:37.590, NVIDIA GeForce RTX 4090, 31 %, 10 %, 19206 MiB, 49140 MiB, 273.96 W, 60
2026/08/13 23:58:38.590, NVIDIA GeForce RTX 4090, 42 %, 15 %, 19206 MiB, 49140 MiB, 279.02 W, 61
2026/08/13 23:58:39.590, NVIDIA GeForce RTX 4090, 55 %, 22 %, 19206 MiB, 49140 MiB, 279.85 W, 61
2026/08/13 23:58:40.590, NVIDIA GeForce RTX 4090, 61 %, 36 %, 19206 MiB, 49140 MiB, 281.45 W, 63
2026/08/13 23:58:41.590, NVIDIA GeForce RTX 4090, 93 %, 51 %, 19206 MiB, 49140 MiB, 301.52 W, 69
2026/08/13 23:58:42.591, NVIDIA GeForce RTX 4090, 33 %, 13 %, 19206 MiB, 49140 MiB, 293.93 W, 60
2026/08/13 23:58:43.591, NVIDIA GeForce RTX 4090, 28 %, 10 %, 19206 MiB, 49140 MiB, 269.34 W, 60
2026/08/13 23:58:44.591, NVIDIA GeForce RTX 4090, 33 %, 12 %, 19206 MiB, 49140 MiB, 270.67 W, 60
2026/08/13 23:58:45.591, NVIDIA GeForce RTX 4090, 41 %, 14 %, 19206 MiB, 49140 MiB, 272.38 W, 60
2026/08/13 23:58:46.591, NVIDIA GeForce RTX 4090, 59 %, 30 %, 19206 MiB, 49140 MiB, 287.76 W, 63
2026/08/13 23:58:47.592, NVIDIA GeForce RTX 4090, 77 %, 44 %, 19206 MiB, 49140 MiB, 282.83 W, 68
2026/08/13 23:58:48.592, NVIDIA GeForce RTX 4090, 88 %, 46 %, 19206 MiB, 49140 MiB, 303.52 W, 63
2026/08/13 23:58:49.592, NVIDIA GeForce RTX 4090, 37 %, 14 %, 19206 MiB, 49140 MiB, 297.56 W, 61
2026/08/13 23:58:50.592, NVIDIA GeForce RTX 4090, 30 %, 11 %, 19206 MiB, 49140 MiB, 276.62 W, 60
2026/08/13 23:58:51.592, NVIDIA GeForce RTX 4090, 36 %, 14 %, 19206 MiB, 49140 MiB, 289.29 W, 61
2026/08/13 23:58:52.593, NVIDIA GeForce RTX 4090, 60 %, 35 %, 19206 MiB, 49140 MiB, 288.20 W, 64
2026/08/13 23:58:53.593, NVIDIA GeForce RTX 4090, 73 %, 43 %, 19206 MiB, 49140 MiB, 286.13 W, 67
2026/08/13 23:58:54.593, NVIDIA GeForce RTX 4090, 89 %, 47 %, 19206 MiB, 49140 MiB, 295.77 W, 63
2026/08/13 23:58:55.593, NVIDIA GeForce RTX 4090, 36 %, 14 %, 19206 MiB, 49140 MiB, 289.65 W, 61
2026/08/13 23:58:56.593, NVIDIA GeForce RTX 4090, 28 %, 10 %, 19206 MiB, 49140 MiB, 268.37 W, 60
2026/08/13 23:58:57.594, NVIDIA GeForce RTX 4090, 100 %, 54 %, 19206 MiB, 49140 MiB, 322.22 W, 68
2026/08/13 23:58:58.594, NVIDIA GeForce RTX 4090, 2 %, 0 %, 19206 MiB, 49140 MiB, 187.60 W, 56
2026/08/13 23:58:59.594, NVIDIA GeForce RTX 4090, 0 %, 0 %, 19206 MiB, 49140 MiB, 106.51 W, 55
2026/08/13 23:59:00.594, NVIDIA GeForce RTX 4090, 34 %, 11 %, 19206 MiB, 49140 MiB, 182.98 W, 59
2026/08/13 23:59:01.594, NVIDIA GeForce RTX 4090, 37 %, 13 %, 19206 MiB, 49140 MiB, 275.25 W, 60
2026/08/13 23:59:02.595, NVIDIA GeForce RTX 4090, 21 %, 8 %, 19206 MiB, 49140 MiB, 263.07 W, 58
2026/08/13 23:59:03.595, NVIDIA GeForce RTX 4090, 52 %, 21 %, 19206 MiB, 49140 MiB, 270.03 W, 62
2026/08/13 23:59:04.595, NVIDIA GeForce RTX 4090, 61 %, 34 %, 19206 MiB, 49140 MiB, 282.93 W, 64
2026/08/13 23:59:05.596, NVIDIA GeForce RTX 4090, 54 %, 33 %, 19206 MiB, 49140 MiB, 279.62 W, 65
2026/08/13 23:59:06.596, NVIDIA GeForce RTX 4090, 75 %, 43 %, 19206 MiB, 49140 MiB, 268.13 W, 67
2026/08/13 23:59:07.596, NVIDIA GeForce RTX 4090, 90 %, 48 %, 19206 MiB, 49140 MiB, 292.14 W, 62
2026/08/13 23:59:08.596, NVIDIA GeForce RTX 4090, 30 %, 11 %, 19206 MiB, 49140 MiB, 295.47 W, 60
2026/08/13 23:59:09.597, NVIDIA GeForce RTX 4090, 37 %, 13 %, 19206 MiB, 49140 MiB, 275.02 W, 60
2026/08/13 23:59:10.597, NVIDIA GeForce RTX 4090, 45 %, 16 %, 19206 MiB, 49140 MiB, 279.82 W, 60
2026/08/13 23:59:11.597, NVIDIA GeForce RTX 4090, 53 %, 21 %, 19206 MiB, 49140 MiB, 276.52 W, 61
2026/08/13 23:59:12.597, NVIDIA GeForce RTX 4090, 74 %, 41 %, 19206 MiB, 49140 MiB, 288.49 W, 67
2026/08/13 23:59:13.597, NVIDIA GeForce RTX 4090, 89 %, 48 %, 19206 MiB, 49140 MiB, 302.27 W, 63
2026/08/13 23:59:14.598, NVIDIA GeForce RTX 4090, 36 %, 13 %, 19206 MiB, 49140 MiB, 294.33 W, 60
2026/08/13 23:59:15.598, NVIDIA GeForce RTX 4090, 31 %, 11 %, 19206 MiB, 49140 MiB, 278.93 W, 60
2026/08/13 23:59:16.598, NVIDIA GeForce RTX 4090, 45 %, 16 %, 19206 MiB, 49140 MiB, 281.89 W, 61
2026/08/13 23:59:17.598, NVIDIA GeForce RTX 4090, 50 %, 21 %, 19206 MiB, 49140 MiB, 277.02 W, 62
2026/08/13 23:59:18.599, NVIDIA GeForce RTX 4090, 74 %, 42 %, 19206 MiB, 49140 MiB, 291.06 W, 66
2026/08/13 23:59:19.599, NVIDIA GeForce RTX 4090, 90 %, 49 %, 19206 MiB, 49140 MiB, 301.84 W, 63
2026/08/13 23:59:20.599, NVIDIA GeForce RTX 4090, 44 %, 16 %, 19206 MiB, 49140 MiB, 293.84 W, 61
2026/08/13 23:59:21.599, NVIDIA GeForce RTX 4090, 34 %, 11 %, 19206 MiB, 49140 MiB, 287.93 W, 60
2026/08/13 23:59:22.600, NVIDIA GeForce RTX 4090, 37 %, 13 %, 19206 MiB, 49140 MiB, 274.18 W, 61
2026/08/13 23:59:23.600, NVIDIA GeForce RTX 4090, 50 %, 25 %, 19206 MiB, 49140 MiB, 278.11 W, 65
2026/08/13 23:59:24.600, NVIDIA GeForce RTX 4090, 72 %, 43 %, 19206 MiB, 49140 MiB, 288.96 W, 69
2026/08/13 23:59:25.600, NVIDIA GeForce RTX 4090, 64 %, 29 %, 19206 MiB, 49140 MiB, 306.57 W, 61
2026/08/13 23:59:26.600, NVIDIA GeForce RTX 4090, 29 %, 10 %, 19206 MiB, 49140 MiB, 285.16 W, 61
2026/08/13 23:59:27.601, NVIDIA GeForce RTX 4090, 34 %, 11 %, 19206 MiB, 49140 MiB, 274.13 W, 60
2026/08/13 23:59:28.601, NVIDIA GeForce RTX 4090, 43 %, 15 %, 19206 MiB, 49140 MiB, 271.18 W, 61
2026/08/13 23:59:29.601, NVIDIA GeForce RTX 4090, 47 %, 19 %, 19206 MiB, 49140 MiB, 272.25 W, 62
2026/08/13 23:59:30.601, NVIDIA GeForce RTX 4090, 74 %, 43 %, 19206 MiB, 49140 MiB, 289.66 W, 67
2026/08/13 23:59:31.606, NVIDIA GeForce RTX 4090, 89 %, 48 %, 19206 MiB, 49140 MiB, 303.58 W, 64
2026/08/13 23:59:32.683, NVIDIA GeForce RTX 4090, 45 %, 20 %, 19206 MiB, 49140 MiB, 286.35 W, 61
2026/08/13 23:59:33.683, NVIDIA GeForce RTX 4090, 26 %, 9 %, 19206 MiB, 49140 MiB, 270.39 W, 60
2026/08/13 23:59:34.684, NVIDIA GeForce RTX 4090, 34 %, 12 %, 19206 MiB, 49140 MiB, 273.11 W, 60
2026/08/13 23:59:35.684, NVIDIA GeForce RTX 4090, 35 %, 12 %, 19206 MiB, 49140 MiB, 269.17 W, 60
2026/08/13 23:59:36.684, NVIDIA GeForce RTX 4090, 49 %, 19 %, 19206 MiB, 49140 MiB, 288.37 W, 62
2026/08/13 23:59:37.684, NVIDIA GeForce RTX 4090, 59 %, 32 %, 19206 MiB, 49140 MiB, 277.76 W, 68
2026/08/13 23:59:38.685, NVIDIA GeForce RTX 4090, 73 %, 43 %, 19206 MiB, 49140 MiB, 284.29 W, 68
2026/08/13 23:59:39.685, NVIDIA GeForce RTX 4090, 90 %, 48 %, 19206 MiB, 49140 MiB, 290.39 W, 64
2026/08/13 23:59:40.685, NVIDIA GeForce RTX 4090, 39 %, 15 %, 19206 MiB, 49140 MiB, 287.42 W, 61
2026/08/13 23:59:41.685, NVIDIA GeForce RTX 4090, 34 %, 12 %, 19206 MiB, 49140 MiB, 280.64 W, 61
2026/08/13 23:59:42.685, NVIDIA GeForce RTX 4090, 44 %, 15 %, 19206 MiB, 49140 MiB, 281.42 W, 61
2026/08/13 23:59:43.686, NVIDIA GeForce RTX 4090, 50 %, 20 %, 19206 MiB, 49140 MiB, 272.86 W, 63
2026/08/13 23:59:44.686, NVIDIA GeForce RTX 4090, 61 %, 34 %, 19206 MiB, 49140 MiB, 381.91 W, 62
2026/08/13 23:59:45.686, NVIDIA GeForce RTX 4090, 50 %, 19 %, 19206 MiB, 49140 MiB, 282.23 W, 62
2026/08/13 23:59:46.686, NVIDIA GeForce RTX 4090, 36 %, 13 %, 19206 MiB, 49140 MiB, 276.74 W, 61
2026/08/13 23:59:47.686, NVIDIA GeForce RTX 4090, 31 %, 10 %, 19206 MiB, 49140 MiB, 271.56 W, 61
2026/08/13 23:59:48.686, NVIDIA GeForce RTX 4090, 42 %, 15 %, 19206 MiB, 49140 MiB, 273.57 W, 61
2026/08/13 23:59:49.686, NVIDIA GeForce RTX 4090, 52 %, 21 %, 19206 MiB, 49140 MiB, 270.67 W, 62
2026/08/13 23:59:50.687, NVIDIA GeForce RTX 4090, 59 %, 31 %, 19206 MiB, 49140 MiB, 277.38 W, 68
2026/08/13 23:59:51.687, NVIDIA GeForce RTX 4090, 73 %, 44 %, 19206 MiB, 49140 MiB, 284.77 W, 68
2026/08/13 23:59:52.687, NVIDIA GeForce RTX 4090, 88 %, 46 %, 19206 MiB, 49140 MiB, 291.06 W, 65
2026/08/13 23:59:53.687, NVIDIA GeForce RTX 4090, 65 %, 30 %, 19206 MiB, 49140 MiB, 290.54 W, 61
2026/08/13 23:59:54.688, NVIDIA GeForce RTX 4090, 31 %, 12 %, 19206 MiB, 49140 MiB, 277.15 W, 61
2026/08/13 23:59:55.688, NVIDIA GeForce RTX 4090, 39 %, 13 %, 19206 MiB, 49140 MiB, 281.50 W, 61
2026/08/13 23:59:56.688, NVIDIA GeForce RTX 4090, 40 %, 14 %, 19206 MiB, 49140 MiB, 279.39 W, 61
2026/08/13 23:59:57.688, NVIDIA GeForce RTX 4090, 53 %, 20 %, 19206 MiB, 49140 MiB, 273.89 W, 63
2026/08/13 23:59:58.688, NVIDIA GeForce RTX 4090, 58 %, 31 %, 19206 MiB, 49140 MiB, 280.95 W, 69
2026/08/13 23:59:59.688, NVIDIA GeForce RTX 4090, 93 %, 56 %, 19206 MiB, 49140 MiB, 304.91 W, 66
2026/08/14 00:00:00.689, NVIDIA GeForce RTX 4090, 61 %, 28 %, 19206 MiB, 49140 MiB, 301.54 W, 62
2026/08/14 00:00:01.689, NVIDIA GeForce RTX 4090, 33 %, 12 %, 19206 MiB, 49140 MiB, 281.66 W, 61
2026/08/14 00:00:02.689, NVIDIA GeForce RTX 4090, 43 %, 14 %, 19206 MiB, 49140 MiB, 279.88 W, 62
2026/08/14 00:00:03.689, NVIDIA GeForce RTX 4090, 47 %, 21 %, 19206 MiB, 49140 MiB, 289.25 W, 68
2026/08/14 00:00:04.689, NVIDIA GeForce RTX 4090, 74 %, 45 %, 19206 MiB, 49140 MiB, 289.68 W, 69
2026/08/14 00:00:05.689, NVIDIA GeForce RTX 4090, 88 %, 48 %, 19206 MiB, 49140 MiB, 294.30 W, 66
2026/08/14 00:00:06.690, NVIDIA GeForce RTX 4090, 60 %, 28 %, 19206 MiB, 49140 MiB, 276.00 W, 63
2026/08/14 00:00:07.690, NVIDIA GeForce RTX 4090, 38 %, 14 %, 19206 MiB, 49140 MiB, 284.28 W, 62
2026/08/14 00:00:08.691, NVIDIA GeForce RTX 4090, 39 %, 13 %, 19206 MiB, 49140 MiB, 270.83 W, 61
2026/08/14 00:00:09.692, NVIDIA GeForce RTX 4090, 43 %, 15 %, 19206 MiB, 49140 MiB, 274.62 W, 62
2026/08/14 00:00:10.693, NVIDIA GeForce RTX 4090, 47 %, 21 %, 19206 MiB, 49140 MiB, 282.61 W, 68
2026/08/14 00:00:11.695, NVIDIA GeForce RTX 4090, 94 %, 56 %, 19206 MiB, 49140 MiB, 308.22 W, 66
2026/08/14 00:00:12.696, NVIDIA GeForce RTX 4090, 52 %, 25 %, 19206 MiB, 49140 MiB, 290.23 W, 61
2026/08/14 00:00:13.697, NVIDIA GeForce RTX 4090, 27 %, 10 %, 19206 MiB, 49140 MiB, 272.42 W, 61
2026/08/14 00:00:14.699, NVIDIA GeForce RTX 4090, 36 %, 13 %, 19206 MiB, 49140 MiB, 269.10 W, 61
2026/08/14 00:00:15.700, NVIDIA GeForce RTX 4090, 33 %, 11 %, 19206 MiB, 49140 MiB, 270.84 W, 61
2026/08/14 00:00:16.701, NVIDIA GeForce RTX 4090, 42 %, 15 %, 19206 MiB, 49140 MiB, 273.15 W, 62
2026/08/14 00:00:17.702, NVIDIA GeForce RTX 4090, 52 %, 20 %, 19206 MiB, 49140 MiB, 275.46 W, 64
2026/08/14 00:00:18.704, NVIDIA GeForce RTX 4090, 60 %, 32 %, 19206 MiB, 49140 MiB, 280.00 W, 69
2026/08/14 00:00:19.705, NVIDIA GeForce RTX 4090, 72 %, 44 %, 19206 MiB, 49140 MiB, 284.71 W, 69
2026/08/14 00:00:20.706, NVIDIA GeForce RTX 4090, 88 %, 41 %, 19206 MiB, 49140 MiB, 312.32 W, 63
2026/08/14 00:00:21.707, NVIDIA GeForce RTX 4090, 36 %, 13 %, 19206 MiB, 49140 MiB, 291.70 W, 61
2026/08/14 00:00:22.709, NVIDIA GeForce RTX 4090, 38 %, 13 %, 19206 MiB, 49140 MiB, 277.52 W, 62
2026/08/14 00:00:23.710, NVIDIA GeForce RTX 4090, 53 %, 21 %, 19206 MiB, 49140 MiB, 278.44 W, 64
2026/08/14 00:00:24.711, NVIDIA GeForce RTX 4090, 73 %, 41 %, 19206 MiB, 49140 MiB, 292.31 W, 67
2026/08/14 00:00:25.712, NVIDIA GeForce RTX 4090, 57 %, 29 %, 19206 MiB, 49140 MiB, 309.68 W, 64
2026/08/14 00:00:26.714, NVIDIA GeForce RTX 4090, 36 %, 13 %, 19206 MiB, 49140 MiB, 291.94 W, 61
2026/08/14 00:00:27.715, NVIDIA GeForce RTX 4090, 35 %, 12 %, 19206 MiB, 49140 MiB, 268.75 W, 61
2026/08/14 00:00:28.716, NVIDIA GeForce RTX 4090, 93 %, 51 %, 19206 MiB, 49140 MiB, 352.10 W, 63
2026/08/14 00:00:29.718, NVIDIA GeForce RTX 4090, 0 %, 0 %, 19206 MiB, 49140 MiB, 134.95 W, 56
2026/08/14 00:00:30.718, NVIDIA GeForce RTX 4090, 0 %, 0 %, 19206 MiB, 49140 MiB, 103.78 W, 55
2026/08/14 00:00:31.718, NVIDIA GeForce RTX 4090, 41 %, 16 %, 19206 MiB, 49140 MiB, 202.55 W, 60
2026/08/14 00:00:32.719, NVIDIA GeForce RTX 4090, 33 %, 13 %, 19206 MiB, 49140 MiB, 272.04 W, 60
2026/08/14 00:00:33.719, NVIDIA GeForce RTX 4090, 74 %, 42 %, 19206 MiB, 49140 MiB, 283.36 W, 63
2026/08/14 00:00:34.719, NVIDIA GeForce RTX 4090, 69 %, 39 %, 19206 MiB, 49140 MiB, 271.27 W, 66
2026/08/14 00:00:35.783, NVIDIA GeForce RTX 4090, 91 %, 54 %, 19206 MiB, 49140 MiB, 294.95 W, 65
2026/08/14 00:00:36.784, NVIDIA GeForce RTX 4090, 65 %, 34 %, 19206 MiB, 49140 MiB, 291.06 W, 63
2026/08/14 00:00:37.784, NVIDIA GeForce RTX 4090, 35 %, 12 %, 19206 MiB, 49140 MiB, 289.09 W, 61
2026/08/14 00:00:38.784, NVIDIA GeForce RTX 4090, 36 %, 12 %, 19206 MiB, 49140 MiB, 280.75 W, 61
2026/08/14 00:00:39.784, NVIDIA GeForce RTX 4090, 38 %, 14 %, 19206 MiB, 49140 MiB, 280.88 W, 61
2026/08/14 00:00:40.785, NVIDIA GeForce RTX 4090, 59 %, 31 %, 19206 MiB, 49140 MiB, 289.03 W, 69
2026/08/14 00:00:41.785, NVIDIA GeForce RTX 4090, 73 %, 45 %, 19206 MiB, 49140 MiB, 284.77 W, 68
2026/08/14 00:00:42.785, NVIDIA GeForce RTX 4090, 55 %, 28 %, 19206 MiB, 49140 MiB, 301.20 W, 64
2026/08/14 00:00:43.785, NVIDIA GeForce RTX 4090, 23 %, 8 %, 19206 MiB, 49140 MiB, 282.37 W, 60
2026/08/14 00:00:44.785, NVIDIA GeForce RTX 4090, 36 %, 13 %, 19206 MiB, 49140 MiB, 280.50 W, 61
2026/08/14 00:00:45.786, NVIDIA GeForce RTX 4090, 39 %, 14 %, 19206 MiB, 49140 MiB, 278.07 W, 62
2026/08/14 00:00:46.786, NVIDIA GeForce RTX 4090, 54 %, 21 %, 19206 MiB, 49140 MiB, 273.60 W, 64
2026/08/14 00:00:47.786, NVIDIA GeForce RTX 4090, 59 %, 32 %, 19206 MiB, 49140 MiB, 288.65 W, 67
2026/08/14 00:00:48.787, NVIDIA GeForce RTX 4090, 55 %, 29 %, 19206 MiB, 49140 MiB, 308.24 W, 64
2026/08/14 00:00:49.787, NVIDIA GeForce RTX 4090, 37 %, 13 %, 19206 MiB, 49140 MiB, 285.61 W, 62
2026/08/14 00:00:50.787, NVIDIA GeForce RTX 4090, 35 %, 12 %, 19206 MiB, 49140 MiB, 277.93 W, 61
2026/08/14 00:00:51.787, NVIDIA GeForce RTX 4090, 48 %, 17 %, 19206 MiB, 49140 MiB, 283.57 W, 61
2026/08/14 00:00:52.788, NVIDIA GeForce RTX 4090, 74 %, 43 %, 19206 MiB, 49140 MiB, 297.05 W, 67
2026/08/14 00:00:53.788, NVIDIA GeForce RTX 4090, 78 %, 43 %, 19206 MiB, 49140 MiB, 301.17 W, 68
2026/08/14 00:00:54.788, NVIDIA GeForce RTX 4090, 59 %, 28 %, 19206 MiB, 49140 MiB, 285.59 W, 62
2026/08/14 00:00:55.789, NVIDIA GeForce RTX 4090, 39 %, 14 %, 19206 MiB, 49140 MiB, 281.92 W, 61
2026/08/14 00:00:56.789, NVIDIA GeForce RTX 4090, 46 %, 15 %, 19206 MiB, 49140 MiB, 277.71 W, 62
2026/08/14 00:00:57.789, NVIDIA GeForce RTX 4090, 48 %, 18 %, 19206 MiB, 49140 MiB, 272.67 W, 61
2026/08/14 00:00:58.790, NVIDIA GeForce RTX 4090, 62 %, 32 %, 19206 MiB, 49140 MiB, 286.22 W, 67
2026/08/14 00:00:59.790, NVIDIA GeForce RTX 4090, 93 %, 54 %, 19206 MiB, 49140 MiB, 301.51 W, 68
2026/08/14 00:01:00.790, NVIDIA GeForce RTX 4090, 61 %, 29 %, 19206 MiB, 49140 MiB, 299.31 W, 63
2026/08/14 00:01:01.790, NVIDIA GeForce RTX 4090, 40 %, 14 %, 19206 MiB, 49140 MiB, 283.39 W, 61
2026/08/14 00:01:02.791, NVIDIA GeForce RTX 4090, 41 %, 14 %, 19206 MiB, 49140 MiB, 271.75 W, 61
2026/08/14 00:01:03.791, NVIDIA GeForce RTX 4090, 39 %, 14 %, 19206 MiB, 49140 MiB, 273.93 W, 62
2026/08/14 00:01:04.791, NVIDIA GeForce RTX 4090, 52 %, 20 %, 19206 MiB, 49140 MiB, 275.39 W, 64
2026/08/14 00:01:05.791, NVIDIA GeForce RTX 4090, 61 %, 31 %, 19206 MiB, 49140 MiB, 281.07 W, 68
2026/08/14 00:01:06.792, NVIDIA GeForce RTX 4090, 93 %, 53 %, 19206 MiB, 49140 MiB, 296.65 W, 68
2026/08/14 00:01:07.792, NVIDIA GeForce RTX 4090, 55 %, 27 %, 19206 MiB, 49140 MiB, 298.44 W, 61
2026/08/14 00:01:08.792, NVIDIA GeForce RTX 4090, 28 %, 10 %, 19206 MiB, 49140 MiB, 273.51 W, 61
2026/08/14 00:01:09.793, NVIDIA GeForce RTX 4090, 35 %, 12 %, 19206 MiB, 49140 MiB, 267.47 W, 61
2026/08/14 00:01:10.793, NVIDIA GeForce RTX 4090, 41 %, 14 %, 19206 MiB, 49140 MiB, 269.98 W, 62
2026/08/14 00:01:11.793, NVIDIA GeForce RTX 4090, 48 %, 18 %, 19206 MiB, 49140 MiB, 279.80 W, 62
2026/08/14 00:01:12.793, NVIDIA GeForce RTX 4090, 61 %, 31 %, 19206 MiB, 49140 MiB, 292.81 W, 67
2026/08/14 00:01:13.794, NVIDIA GeForce RTX 4090, 73 %, 39 %, 19206 MiB, 49140 MiB, 285.17 W, 67
2026/08/14 00:01:14.794, NVIDIA GeForce RTX 4090, 99 %, 51 %, 19206 MiB, 49140 MiB, 313.99 W, 69
2026/08/14 00:01:15.794, NVIDIA GeForce RTX 4090, 33 %, 12 %, 19206 MiB, 49140 MiB, 336.76 W, 62
2026/08/14 00:01:16.794, NVIDIA GeForce RTX 4090, 44 %, 14 %, 19206 MiB, 49140 MiB, 277.45 W, 62
2026/08/14 00:01:17.794, NVIDIA GeForce RTX 4090, 48 %, 17 %, 19206 MiB, 49140 MiB, 274.22 W, 62
2026/08/14 00:01:18.795, NVIDIA GeForce RTX 4090, 64 %, 32 %, 19206 MiB, 49140 MiB, 294.48 W, 68
2026/08/14 00:01:19.795, NVIDIA GeForce RTX 4090, 75 %, 43 %, 19206 MiB, 49140 MiB, 298.53 W, 70
2026/08/14 00:01:20.795, NVIDIA GeForce RTX 4090, 55 %, 28 %, 19206 MiB, 49140 MiB, 291.95 W, 69
2026/08/14 00:01:21.795, NVIDIA GeForce RTX 4090, 28 %, 10 %, 19206 MiB, 49140 MiB, 273.82 W, 62
2026/08/14 00:01:22.795, NVIDIA GeForce RTX 4090, 28 %, 10 %, 19206 MiB, 49140 MiB, 268.55 W, 61
2026/08/14 00:01:23.796, NVIDIA GeForce RTX 4090, 34 %, 12 %, 19206 MiB, 49140 MiB, 267.80 W, 62
2026/08/14 00:01:24.796, NVIDIA GeForce RTX 4090, 34 %, 12 %, 19206 MiB, 49140 MiB, 269.21 W, 62
2026/08/14 00:01:25.796, NVIDIA GeForce RTX 4090, 38 %, 16 %, 19206 MiB, 49140 MiB, 281.92 W, 63
2026/08/14 00:01:26.796, NVIDIA GeForce RTX 4090, 93 %, 53 %, 19206 MiB, 49140 MiB, 311.89 W, 67
2026/08/14 00:01:27.796, NVIDIA GeForce RTX 4090, 54 %, 27 %, 19206 MiB, 49140 MiB, 298.37 W, 68
2026/08/14 00:01:28.797, NVIDIA GeForce RTX 4090, 29 %, 10 %, 19206 MiB, 49140 MiB, 274.04 W, 62
2026/08/14 00:01:29.797, NVIDIA GeForce RTX 4090, 26 %, 10 %, 19206 MiB, 49140 MiB, 267.10 W, 61
2026/08/14 00:01:30.797, NVIDIA GeForce RTX 4090, 34 %, 12 %, 19206 MiB, 49140 MiB, 267.61 W, 62
2026/08/14 00:01:31.797, NVIDIA GeForce RTX 4090, 34 %, 11 %, 19206 MiB, 49140 MiB, 268.80 W, 62
2026/08/14 00:01:32.797, NVIDIA GeForce RTX 4090, 43 %, 16 %, 19206 MiB, 49140 MiB, 273.13 W, 63
2026/08/14 00:01:33.798, NVIDIA GeForce RTX 4090, 52 %, 28 %, 19206 MiB, 49140 MiB, 278.71 W, 68
2026/08/14 00:01:34.798, NVIDIA GeForce RTX 4090, 69 %, 38 %, 19206 MiB, 49140 MiB, 287.46 W, 68
2026/08/14 00:01:35.798, NVIDIA GeForce RTX 4090, 75 %, 41 %, 19206 MiB, 49140 MiB, 289.48 W, 68
2026/08/14 00:01:36.798, NVIDIA GeForce RTX 4090, 53 %, 26 %, 19206 MiB, 49140 MiB, 288.98 W, 68
2026/08/14 00:01:37.798, NVIDIA GeForce RTX 4090, 35 %, 13 %, 19206 MiB, 49140 MiB, 276.83 W, 64
2026/08/14 00:01:38.798, NVIDIA GeForce RTX 4090, 33 %, 11 %, 19206 MiB, 49140 MiB, 279.21 W, 63
2026/08/14 00:01:39.799, NVIDIA GeForce RTX 4090, 34 %, 11 %, 19206 MiB, 49140 MiB, 270.10 W, 62
2026/08/14 00:01:40.799, NVIDIA GeForce RTX 4090, 34 %, 13 %, 19206 MiB, 49140 MiB, 278.67 W, 63
2026/08/14 00:01:41.799, NVIDIA GeForce RTX 4090, 96 %, 55 %, 19206 MiB, 49140 MiB, 311.60 W, 69
2026/08/14 00:01:42.799, NVIDIA GeForce RTX 4090, 53 %, 25 %, 19206 MiB, 49140 MiB, 286.34 W, 68
2026/08/14 00:01:43.799, NVIDIA GeForce RTX 4090, 31 %, 11 %, 19206 MiB, 49140 MiB, 286.36 W, 63
2026/08/14 00:01:44.800, NVIDIA GeForce RTX 4090, 32 %, 10 %, 19206 MiB, 49140 MiB, 274.74 W, 63
2026/08/14 00:01:45.800, NVIDIA GeForce RTX 4090, 37 %, 14 %, 19206 MiB, 49140 MiB, 285.42 W, 64
2026/08/14 00:01:46.800, NVIDIA GeForce RTX 4090, 97 %, 53 %, 19206 MiB, 49140 MiB, 311.14 W, 69
2026/08/14 00:01:47.800, NVIDIA GeForce RTX 4090, 50 %, 19 %, 19206 MiB, 49140 MiB, 306.08 W, 68
2026/08/14 00:01:48.800, NVIDIA GeForce RTX 4090, 31 %, 11 %, 19206 MiB, 49140 MiB, 277.40 W, 63
2026/08/14 00:01:49.800, NVIDIA GeForce RTX 4090, 32 %, 10 %, 19206 MiB, 49140 MiB, 282.00 W, 63
2026/08/14 00:01:50.800, NVIDIA GeForce RTX 4090, 44 %, 17 %, 19206 MiB, 49140 MiB, 274.28 W, 65
2026/08/14 00:01:51.801, NVIDIA GeForce RTX 4090, 53 %, 27 %, 19206 MiB, 49140 MiB, 277.62 W, 67
2026/08/14 00:01:52.883, NVIDIA GeForce RTX 4090, 98 %, 55 %, 19206 MiB, 49140 MiB, 305.04 W, 69
2026/08/14 00:01:53.883, NVIDIA GeForce RTX 4090, 47 %, 25 %, 19206 MiB, 49140 MiB, 291.78 W, 68
2026/08/14 00:01:54.884, NVIDIA GeForce RTX 4090, 26 %, 10 %, 19206 MiB, 49140 MiB, 283.83 W, 63
2026/08/14 00:01:55.884, NVIDIA GeForce RTX 4090, 36 %, 12 %, 19206 MiB, 49140 MiB, 270.46 W, 63
2026/08/14 00:01:56.884, NVIDIA GeForce RTX 4090, 38 %, 13 %, 19206 MiB, 49140 MiB, 279.96 W, 63
2026/08/14 00:01:57.884, NVIDIA GeForce RTX 4090, 44 %, 17 %, 19206 MiB, 49140 MiB, 282.73 W, 64
2026/08/14 00:01:58.884, NVIDIA GeForce RTX 4090, 52 %, 27 %, 19206 MiB, 49140 MiB, 279.34 W, 67
2026/08/14 00:01:59.884, NVIDIA GeForce RTX 4090, 0 %, 0 %, 19206 MiB, 49140 MiB, 321.58 W, 58
2026/08/14 00:02:00.885, NVIDIA GeForce RTX 4090, 0 %, 0 %, 19206 MiB, 49140 MiB, 108.54 W, 55
2026/08/14 00:02:01.885, NVIDIA GeForce RTX 4090, 57 %, 25 %, 19206 MiB, 49140 MiB, 110.79 W, 54
2026/08/14 00:02:02.885, NVIDIA GeForce RTX 4090, 89 %, 46 %, 19206 MiB, 49140 MiB, 290.73 W, 66
2026/08/14 00:02:03.885, NVIDIA GeForce RTX 4090, 70 %, 33 %, 19206 MiB, 49140 MiB, 263.11 W, 64
2026/08/14 00:02:04.885, NVIDIA GeForce RTX 4090, 68 %, 32 %, 19206 MiB, 49140 MiB, 269.65 W, 64
2026/08/14 00:02:05.886, NVIDIA GeForce RTX 4090, 66 %, 31 %, 19206 MiB, 49140 MiB, 269.35 W, 63
2026/08/14 00:02:06.886, NVIDIA GeForce RTX 4090, 34 %, 17 %, 19206 MiB, 49140 MiB, 252.73 W, 64
2026/08/14 00:02:07.886, NVIDIA GeForce RTX 4090, 30 %, 10 %, 19206 MiB, 49140 MiB, 279.34 W, 64
2026/08/14 00:02:08.886, NVIDIA GeForce RTX 4090, 31 %, 10 %, 19206 MiB, 49140 MiB, 275.41 W, 62
2026/08/14 00:02:09.887, NVIDIA GeForce RTX 4090, 38 %, 13 %, 19206 MiB, 49140 MiB, 277.58 W, 63
2026/08/14 00:02:10.887, NVIDIA GeForce RTX 4090, 43 %, 23 %, 19206 MiB, 49140 MiB, 285.05 W, 65
2026/08/14 00:02:11.887, NVIDIA GeForce RTX 4090, 71 %, 39 %, 19206 MiB, 49140 MiB, 286.54 W, 66
2026/08/14 00:02:12.887, NVIDIA GeForce RTX 4090, 92 %, 52 %, 19206 MiB, 49140 MiB, 291.19 W, 64
2026/08/14 00:02:13.888, NVIDIA GeForce RTX 4090, 53 %, 23 %, 19206 MiB, 49140 MiB, 286.44 W, 66
2026/08/14 00:02:14.888, NVIDIA GeForce RTX 4090, 19 %, 7 %, 19206 MiB, 49140 MiB, 282.46 W, 62
2026/08/14 00:02:15.889, NVIDIA GeForce RTX 4090, 27 %, 9 %, 19206 MiB, 49140 MiB, 275.99 W, 62
2026/08/14 00:02:16.889, NVIDIA GeForce RTX 4090, 36 %, 14 %, 19206 MiB, 49140 MiB, 277.70 W, 64
2026/08/14 00:02:17.889, NVIDIA GeForce RTX 4090, 63 %, 37 %, 19206 MiB, 49140 MiB, 292.90 W, 65
2026/08/14 00:02:18.889, NVIDIA GeForce RTX 4090, 85 %, 45 %, 19206 MiB, 49140 MiB, 312.64 W, 66
2026/08/14 00:02:19.890, NVIDIA GeForce RTX 4090, 31 %, 12 %, 19206 MiB, 49140 MiB, 293.87 W, 62
2026/08/14 00:02:20.890, NVIDIA GeForce RTX 4090, 31 %, 10 %, 19206 MiB, 49140 MiB, 283.10 W, 62
2026/08/14 00:02:21.890, NVIDIA GeForce RTX 4090, 30 %, 12 %, 19206 MiB, 49140 MiB, 278.78 W, 64
2026/08/14 00:02:22.890, NVIDIA GeForce RTX 4090, 70 %, 38 %, 19206 MiB, 49140 MiB, 292.47 W, 65
2026/08/14 00:02:23.891, NVIDIA GeForce RTX 4090, 48 %, 25 %, 19206 MiB, 49140 MiB, 300.29 W, 67
2026/08/14 00:02:24.891, NVIDIA GeForce RTX 4090, 41 %, 17 %, 19206 MiB, 49140 MiB, 275.76 W, 66
2026/08/14 00:02:25.891, NVIDIA GeForce RTX 4090, 38 %, 14 %, 19206 MiB, 49140 MiB, 276.65 W, 64
2026/08/14 00:02:26.891, NVIDIA GeForce RTX 4090, 33 %, 12 %, 19206 MiB, 49140 MiB, 275.35 W, 63
2026/08/14 00:02:27.892, NVIDIA GeForce RTX 4090, 44 %, 17 %, 19206 MiB, 49140 MiB, 277.52 W, 65
2026/08/14 00:02:28.892, NVIDIA GeForce RTX 4090, 66 %, 36 %, 19206 MiB, 49140 MiB, 288.75 W, 66
2026/08/14 00:02:29.892, NVIDIA GeForce RTX 4090, 92 %, 54 %, 19206 MiB, 49140 MiB, 305.84 W, 65
2026/08/14 00:02:30.893, NVIDIA GeForce RTX 4090, 36 %, 14 %, 19206 MiB, 49140 MiB, 302.99 W, 69
2026/08/14 00:02:31.893, NVIDIA GeForce RTX 4090, 13 %, 5 %, 19206 MiB, 49140 MiB, 270.33 W, 63
2026/08/14 00:02:32.893, NVIDIA GeForce RTX 4090, 32 %, 11 %, 19206 MiB, 49140 MiB, 275.05 W, 63
2026/08/14 00:02:33.893, NVIDIA GeForce RTX 4090, 36 %, 15 %, 19206 MiB, 49140 MiB, 278.64 W, 66
2026/08/14 00:02:34.894, NVIDIA GeForce RTX 4090, 70 %, 38 %, 19206 MiB, 49140 MiB, 292.58 W, 66
2026/08/14 00:02:35.894, NVIDIA GeForce RTX 4090, 46 %, 23 %, 19206 MiB, 49140 MiB, 302.16 W, 67
2026/08/14 00:02:36.894, NVIDIA GeForce RTX 4090, 28 %, 10 %, 19206 MiB, 49140 MiB, 279.46 W, 62
2026/08/14 00:02:37.894, NVIDIA GeForce RTX 4090, 35 %, 13 %, 19206 MiB, 49140 MiB, 271.25 W, 66
2026/08/14 00:02:38.894, NVIDIA GeForce RTX 4090, 15 %, 6 %, 19206 MiB, 49140 MiB, 280.16 W, 65
2026/08/14 00:02:39.894, NVIDIA GeForce RTX 4090, 39 %, 15 %, 19206 MiB, 49140 MiB, 275.52 W, 66
2026/08/14 00:02:40.895, NVIDIA GeForce RTX 4090, 99 %, 58 %, 19206 MiB, 49140 MiB, 308.59 W, 67
2026/08/14 00:02:41.895, NVIDIA GeForce RTX 4090, 39 %, 15 %, 19206 MiB, 49140 MiB, 306.36 W, 69
2026/08/14 00:02:42.895, NVIDIA GeForce RTX 4090, 26 %, 9 %, 19206 MiB, 49140 MiB, 278.17 W, 66
2026/08/14 00:02:43.895, NVIDIA GeForce RTX 4090, 37 %, 13 %, 19206 MiB, 49140 MiB, 276.66 W, 65
2026/08/14 00:02:44.895, NVIDIA GeForce RTX 4090, 52 %, 23 %, 19206 MiB, 49140 MiB, 281.89 W, 65
2026/08/14 00:02:45.896, NVIDIA GeForce RTX 4090, 39 %, 15 %, 19206 MiB, 49140 MiB, 376.28 W, 67
2026/08/14 00:02:46.896, NVIDIA GeForce RTX 4090, 31 %, 11 %, 19206 MiB, 49140 MiB, 281.92 W, 65
2026/08/14 00:02:47.896, NVIDIA GeForce RTX 4090, 34 %, 12 %, 19206 MiB, 49140 MiB, 264.73 W, 66
2026/08/14 00:02:48.896, NVIDIA GeForce RTX 4090, 41 %, 14 %, 19206 MiB, 49140 MiB, 283.90 W, 65
2026/08/14 00:02:49.896, NVIDIA GeForce RTX 4090, 47 %, 21 %, 19206 MiB, 49140 MiB, 284.04 W, 66
2026/08/14 00:02:50.897, NVIDIA GeForce RTX 4090, 92 %, 52 %, 19206 MiB, 49140 MiB, 312.58 W, 65
2026/08/14 00:02:51.897, NVIDIA GeForce RTX 4090, 75 %, 35 %, 19206 MiB, 49140 MiB, 293.90 W, 68
2026/08/14 00:02:52.897, NVIDIA GeForce RTX 4090, 6 %, 2 %, 19206 MiB, 49140 MiB, 281.70 W, 65
2026/08/14 00:02:53.897, NVIDIA GeForce RTX 4090, 35 %, 13 %, 19206 MiB, 49140 MiB, 266.53 W, 66
2026/08/14 00:02:54.897, NVIDIA GeForce RTX 4090, 33 %, 11 %, 19206 MiB, 49140 MiB, 268.82 W, 67
2026/08/14 00:02:55.898, NVIDIA GeForce RTX 4090, 19 %, 7 %, 19206 MiB, 49140 MiB, 269.92 W, 66
2026/08/14 00:02:56.898, NVIDIA GeForce RTX 4090, 30 %, 12 %, 19206 MiB, 49140 MiB, 267.44 W, 66
2026/08/14 00:02:57.898, NVIDIA GeForce RTX 4090, 71 %, 39 %, 19206 MiB, 49140 MiB, 293.01 W, 64
2026/08/14 00:02:58.898, NVIDIA GeForce RTX 4090, 93 %, 53 %, 19206 MiB, 49140 MiB, 293.82 W, 64
2026/08/14 00:02:59.899, NVIDIA GeForce RTX 4090, 36 %, 14 %, 19206 MiB, 49140 MiB, 291.68 W, 66
2026/08/14 00:03:00.899, NVIDIA GeForce RTX 4090, 36 %, 13 %, 19206 MiB, 49140 MiB, 274.90 W, 66
2026/08/14 00:03:01.899, NVIDIA GeForce RTX 4090, 43 %, 14 %, 19206 MiB, 49140 MiB, 272.09 W, 67
2026/08/14 00:03:02.899, NVIDIA GeForce RTX 4090, 70 %, 35 %, 19206 MiB, 49140 MiB, 296.57 W, 67
2026/08/14 00:03:03.899, NVIDIA GeForce RTX 4090, 52 %, 24 %, 19206 MiB, 49140 MiB, 311.78 W, 66
2026/08/14 00:03:04.900, NVIDIA GeForce RTX 4090, 9 %, 2 %, 19206 MiB, 49140 MiB, 275.78 W, 67
2026/08/14 00:03:05.900, NVIDIA GeForce RTX 4090, 37 %, 13 %, 19206 MiB, 49140 MiB, 267.37 W, 67
2026/08/14 00:03:06.900, NVIDIA GeForce RTX 4090, 15 %, 5 %, 19206 MiB, 49140 MiB, 275.29 W, 66
2026/08/14 00:03:07.900, NVIDIA GeForce RTX 4090, 45 %, 16 %, 19206 MiB, 49140 MiB, 271.64 W, 67
2026/08/14 00:03:08.900, NVIDIA GeForce RTX 4090, 52 %, 20 %, 19206 MiB, 49140 MiB, 276.39 W, 66
2026/08/14 00:03:09.901, NVIDIA GeForce RTX 4090, 70 %, 38 %, 19206 MiB, 49140 MiB, 283.00 W, 65
2026/08/14 00:03:10.901, NVIDIA GeForce RTX 4090, 85 %, 42 %, 19206 MiB, 49140 MiB, 308.53 W, 69
2026/08/14 00:03:11.901, NVIDIA GeForce RTX 4090, 35 %, 13 %, 19206 MiB, 49140 MiB, 289.17 W, 66
2026/08/14 00:03:12.901, NVIDIA GeForce RTX 4090, 37 %, 13 %, 19206 MiB, 49140 MiB, 270.70 W, 66
2026/08/14 00:03:13.901, NVIDIA GeForce RTX 4090, 27 %, 9 %, 19206 MiB, 49140 MiB, 276.74 W, 67
2026/08/14 00:03:14.902, NVIDIA GeForce RTX 4090, 41 %, 15 %, 19206 MiB, 49140 MiB, 273.05 W, 66
2026/08/14 00:03:15.902, NVIDIA GeForce RTX 4090, 71 %, 39 %, 19206 MiB, 49140 MiB, 293.38 W, 65
2026/08/14 00:03:16.902, NVIDIA GeForce RTX 4090, 82 %, 47 %, 19206 MiB, 49140 MiB, 285.53 W, 66
2026/08/14 00:03:17.902, NVIDIA GeForce RTX 4090, 53 %, 27 %, 19206 MiB, 49140 MiB, 290.05 W, 67
2026/08/14 00:03:18.903, NVIDIA GeForce RTX 4090, 33 %, 12 %, 19206 MiB, 49140 MiB, 288.93 W, 67
2026/08/14 00:03:19.903, NVIDIA GeForce RTX 4090, 36 %, 12 %, 19206 MiB, 49140 MiB, 277.32 W, 66
2026/08/14 00:03:20.903, NVIDIA GeForce RTX 4090, 27 %, 10 %, 19206 MiB, 49140 MiB, 278.78 W, 65
2026/08/14 00:03:21.903, NVIDIA GeForce RTX 4090, 99 %, 59 %, 19206 MiB, 49140 MiB, 308.79 W, 64
2026/08/14 00:03:22.904, NVIDIA GeForce RTX 4090, 54 %, 27 %, 19206 MiB, 49140 MiB, 301.51 W, 67
2026/08/14 00:03:23.904, NVIDIA GeForce RTX 4090, 38 %, 14 %, 19206 MiB, 49140 MiB, 284.52 W, 65
2026/08/14 00:03:24.904, NVIDIA GeForce RTX 4090, 38 %, 14 %, 19206 MiB, 49140 MiB, 276.46 W, 68
2026/08/14 00:03:25.904, NVIDIA GeForce RTX 4090, 44 %, 15 %, 19206 MiB, 49140 MiB, 272.55 W, 66
2026/08/14 00:03:26.905, NVIDIA GeForce RTX 4090, 57 %, 22 %, 19206 MiB, 49140 MiB, 287.36 W, 66
2026/08/14 00:03:27.905, NVIDIA GeForce RTX 4090, 68 %, 35 %, 19206 MiB, 49140 MiB, 285.70 W, 66
2026/08/14 00:03:28.905, NVIDIA GeForce RTX 4090, 99 %, 55 %, 19206 MiB, 49140 MiB, 292.32 W, 68
2026/08/14 00:03:29.905, NVIDIA GeForce RTX 4090, 0 %, 0 %, 19206 MiB, 49140 MiB, 284.86 W, 56
2026/08/14 00:03:30.905, NVIDIA GeForce RTX 4090, 0 %, 0 %, 19206 MiB, 49140 MiB, 105.84 W, 55
2026/08/14 00:03:31.906, NVIDIA GeForce RTX 4090, 6 %, 0 %, 19206 MiB, 49140 MiB, 95.47 W, 53
2026/08/14 00:03:32.906, NVIDIA GeForce RTX 4090, 0 %, 0 %, 19206 MiB, 49140 MiB, 89.02 W, 53
2026/08/14 00:03:33.906, NVIDIA GeForce RTX 4090, 0 %, 0 %, 19206 MiB, 49140 MiB, 88.16 W, 52
2026/08/14 00:03:34.906, NVIDIA GeForce RTX 4090, 0 %, 0 %, 19206 MiB, 49140 MiB, 87.87 W, 52
2026/08/14 00:03:35.906, NVIDIA GeForce RTX 4090, 0 %, 0 %, 19206 MiB, 49140 MiB, 87.45 W, 52
2026/08/14 00:03:36.907, NVIDIA GeForce RTX 4090, 0 %, 0 %, 19206 MiB, 49140 MiB, 86.74 W, 51
2026/08/14 00:03:37.907, NVIDIA GeForce RTX 4090, 0 %, 0 %, 19206 MiB, 49140 MiB, 86.03 W, 51
2026/08/14 00:03:38.907, NVIDIA GeForce RTX 4090, 0 %, 0 %, 19206 MiB, 49140 MiB, 85.80 W, 51
2026/08/14 00:03:39.907, NVIDIA GeForce RTX 4090, 0 %, 0 %, 19206 MiB, 49140 MiB, 85.50 W, 50
2026/08/14 00:03:40.908, NVIDIA GeForce RTX 4090, 0 %, 0 %, 19206 MiB, 49140 MiB, 85.04 W, 50
2026/08/14 00:03:41.908, NVIDIA GeForce RTX 4090, 0 %, 0 %, 19206 MiB, 49140 MiB, 84.79 W, 50
2026/08/14 00:03:42.908, NVIDIA GeForce RTX 4090, 0 %, 0 %, 19206 MiB, 49140 MiB, 84.55 W, 49
2026/08/14 00:03:43.909, NVIDIA GeForce RTX 4090, 0 %, 0 %, 19206 MiB, 49140 MiB, 84.17 W, 49
2026/08/14 00:03:44.909, NVIDIA GeForce RTX 4090, 0 %, 0 %, 19206 MiB, 49140 MiB, 83.50 W, 49
2026/08/14 00:03:45.909, NVIDIA GeForce RTX 4090, 0 %, 0 %, 19206 MiB, 49140 MiB, 82.62 W, 49
