timestamp, name, utilization.gpu [%], utilization.memory [%], memory.used [MiB], memory.total [MiB], power.draw [W], temperature.gpu
2026/08/14 04:30:53.094, NVIDIA GeForce RTX 4090, 0 %, 0 %, 1 MiB, 49140 MiB, 107.23 W, 51
2026/08/14 04:30:54.101, NVIDIA GeForce RTX 4090, 0 %, 0 %, 1 MiB, 49140 MiB, 106.03 W, 51
2026/08/14 04:30:55.101, NVIDIA GeForce RTX 4090, 0 %, 0 %, 1 MiB, 49140 MiB, 94.92 W, 49
2026/08/14 04:30:56.101, NVIDIA GeForce RTX 4090, 0 %, 0 %, 1 MiB, 49140 MiB, 72.94 W, 49
2026/08/14 04:30:57.102, NVIDIA GeForce RTX 4090, 0 %, 0 %, 1 MiB, 49140 MiB, 49.60 W, 48
2026/08/14 04:30:58.102, NVIDIA GeForce RTX 4090, 0 %, 0 %, 4 MiB, 49140 MiB, 43.83 W, 48
2026/08/14 04:30:59.102, NVIDIA GeForce RTX 4090, 0 %, 0 %, 4 MiB, 49140 MiB, 43.41 W, 47
2026/08/14 04:31:00.102, NVIDIA GeForce RTX 4090, 0 %, 0 %, 4 MiB, 49140 MiB, 42.65 W, 47
2026/08/14 04:31:01.103, NVIDIA GeForce RTX 4090, 0 %, 0 %, 4 MiB, 49140 MiB, 42.10 W, 47
2026/08/14 04:31:02.103, NVIDIA GeForce RTX 4090, 0 %, 0 %, 4 MiB, 49140 MiB, 41.19 W, 47
2026/08/14 04:31:03.103, NVIDIA GeForce RTX 4090, 0 %, 0 %, 4 MiB, 49140 MiB, 40.49 W, 46
2026/08/14 04:31:04.183, NVIDIA GeForce RTX 4090, 0 %, 0 %, 4 MiB, 49140 MiB, 39.86 W, 46
2026/08/14 04:31:05.184, NVIDIA GeForce RTX 4090, 0 %, 0 %, 4 MiB, 49140 MiB, 39.20 W, 46
2026/08/14 04:31:06.184, NVIDIA GeForce RTX 4090, 0 %, 0 %, 4 MiB, 49140 MiB, 38.46 W, 46
2026/08/14 04:31:07.184, NVIDIA GeForce RTX 4090, 0 %, 0 %, 4 MiB, 49140 MiB, 37.90 W, 46
2026/08/14 04:31:08.184, NVIDIA GeForce RTX 4090, 0 %, 0 %, 4 MiB, 49140 MiB, 37.48 W, 45
2026/08/14 04:31:09.184, NVIDIA GeForce RTX 4090, 0 %, 0 %, 4 MiB, 49140 MiB, 36.98 W, 45
2026/08/14 04:31:10.185, NVIDIA GeForce RTX 4090, 0 %, 0 %, 4 MiB, 49140 MiB, 36.58 W, 45
2026/08/14 04:31:11.185, NVIDIA GeForce RTX 4090, 0 %, 0 %, 4 MiB, 49140 MiB, 36.21 W, 45
2026/08/14 04:31:12.185, NVIDIA GeForce RTX 4090, 0 %, 0 %, 4 MiB, 49140 MiB, 35.77 W, 45
2026/08/14 04:31:13.185, NVIDIA GeForce RTX 4090, 0 %, 0 %, 4 MiB, 49140 MiB, 35.18 W, 45
2026/08/14 04:31:14.185, NVIDIA GeForce RTX 4090, 0 %, 0 %, 4 MiB, 49140 MiB, 34.91 W, 44
2026/08/14 04:31:15.186, NVIDIA GeForce RTX 4090, 0 %, 0 %, 4 MiB, 49140 MiB, 34.76 W, 44
2026/08/14 04:31:16.186, NVIDIA GeForce RTX 4090, 0 %, 0 %, 4 MiB, 49140 MiB, 34.58 W, 44
2026/08/14 04:31:17.186, NVIDIA GeForce RTX 4090, 0 %, 0 %, 4 MiB, 49140 MiB, 34.74 W, 44
2026/08/14 04:31:18.186, NVIDIA GeForce RTX 4090, 0 %, 0 %, 4 MiB, 49140 MiB, 34.61 W, 44
2026/08/14 04:31:19.187, NVIDIA GeForce RTX 4090, 0 %, 0 %, 4 MiB, 49140 MiB, 34.66 W, 44
2026/08/14 04:31:20.187, NVIDIA GeForce RTX 4090, 0 %, 0 %, 4 MiB, 49140 MiB, 34.68 W, 44
2026/08/14 04:31:21.187, NVIDIA GeForce RTX 4090, 0 %, 0 %, 4 MiB, 49140 MiB, 34.09 W, 44
2026/08/14 04:31:22.187, NVIDIA GeForce RTX 4090, 0 %, 0 %, 4 MiB, 49140 MiB, 33.59 W, 44
2026/08/14 04:31:23.187, NVIDIA GeForce RTX 4090, 0 %, 0 %, 4 MiB, 49140 MiB, 33.35 W, 43
2026/08/14 04:31:24.188, NVIDIA GeForce RTX 4090, 0 %, 0 %, 4 MiB, 49140 MiB, 33.13 W, 43
2026/08/14 04:31:25.188, NVIDIA GeForce RTX 4090, 0 %, 0 %, 4 MiB, 49140 MiB, 33.07 W, 43
2026/08/14 04:31:26.188, NVIDIA GeForce RTX 4090, 0 %, 0 %, 4 MiB, 49140 MiB, 33.03 W, 43
2026/08/14 04:31:27.188, NVIDIA GeForce RTX 4090, 0 %, 0 %, 4 MiB, 49140 MiB, 32.82 W, 43
2026/08/14 04:31:28.188, NVIDIA GeForce RTX 4090, 0 %, 0 %, 4 MiB, 49140 MiB, 32.67 W, 43
2026/08/14 04:31:29.189, NVIDIA GeForce RTX 4090, 0 %, 0 %, 4 MiB, 49140 MiB, 32.77 W, 43
2026/08/14 04:31:30.189, NVIDIA GeForce RTX 4090, 0 %, 0 %, 4 MiB, 49140 MiB, 32.70 W, 43
2026/08/14 04:31:31.189, NVIDIA GeForce RTX 4090, 0 %, 0 %, 4 MiB, 49140 MiB, 32.31 W, 43
2026/08/14 04:31:32.189, NVIDIA GeForce RTX 4090, 0 %, 0 %, 4 MiB, 49140 MiB, 31.92 W, 43
2026/08/14 04:31:33.189, NVIDIA GeForce RTX 4090, 0 %, 0 %, 4 MiB, 49140 MiB, 31.86 W, 42
2026/08/14 04:31:34.189, NVIDIA GeForce RTX 4090, 0 %, 0 %, 4 MiB, 49140 MiB, 32.06 W, 42
2026/08/14 04:31:35.190, NVIDIA GeForce RTX 4090, 0 %, 0 %, 4 MiB, 49140 MiB, 31.70 W, 42
2026/08/14 04:31:36.190, NVIDIA GeForce RTX 4090, 0 %, 0 %, 4 MiB, 49140 MiB, 31.37 W, 42
2026/08/14 04:31:37.190, NVIDIA GeForce RTX 4090, 0 %, 0 %, 4 MiB, 49140 MiB, 31.55 W, 42
2026/08/14 04:31:38.190, NVIDIA GeForce RTX 4090, 0 %, 0 %, 4 MiB, 49140 MiB, 31.47 W, 42
2026/08/14 04:31:39.191, NVIDIA GeForce RTX 4090, 0 %, 0 %, 4 MiB, 49140 MiB, 31.52 W, 42
2026/08/14 04:31:40.191, NVIDIA GeForce RTX 4090, 0 %, 0 %, 1454 MiB, 49140 MiB, 31.71 W, 42
2026/08/14 04:31:41.191, NVIDIA GeForce RTX 4090, 51 %, 1 %, 7514 MiB, 49140 MiB, 60.99 W, 44
2026/08/14 04:31:42.192, NVIDIA GeForce RTX 4090, 61 %, 1 %, 15992 MiB, 49140 MiB, 93.04 W, 44
2026/08/14 04:31:43.192, NVIDIA GeForce RTX 4090, 80 %, 41 %, 19198 MiB, 49140 MiB, 132.09 W, 55
2026/08/14 04:31:44.192, NVIDIA GeForce RTX 4090, 40 %, 15 %, 19200 MiB, 49140 MiB, 264.20 W, 51
2026/08/14 04:31:45.192, NVIDIA GeForce RTX 4090, 34 %, 12 %, 19204 MiB, 49140 MiB, 270.07 W, 51
2026/08/14 04:31:46.193, NVIDIA GeForce RTX 4090, 33 %, 12 %, 19204 MiB, 49140 MiB, 260.52 W, 52
2026/08/14 04:31:47.193, NVIDIA GeForce RTX 4090, 42 %, 17 %, 19204 MiB, 49140 MiB, 265.35 W, 56
2026/08/14 04:31:48.193, NVIDIA GeForce RTX 4090, 55 %, 29 %, 19204 MiB, 49140 MiB, 265.81 W, 58
2026/08/14 04:31:49.193, NVIDIA GeForce RTX 4090, 68 %, 40 %, 19204 MiB, 49140 MiB, 273.10 W, 61
2026/08/14 04:31:50.193, NVIDIA GeForce RTX 4090, 88 %, 43 %, 19204 MiB, 49140 MiB, 298.30 W, 56
2026/08/14 04:31:51.193, NVIDIA GeForce RTX 4090, 34 %, 13 %, 19204 MiB, 49140 MiB, 269.88 W, 54
2026/08/14 04:31:52.194, NVIDIA GeForce RTX 4090, 36 %, 13 %, 19204 MiB, 49140 MiB, 261.51 W, 54
2026/08/14 04:31:53.194, NVIDIA GeForce RTX 4090, 44 %, 17 %, 19204 MiB, 49140 MiB, 276.26 W, 58
2026/08/14 04:31:54.194, NVIDIA GeForce RTX 4090, 69 %, 42 %, 19204 MiB, 49140 MiB, 291.85 W, 62
2026/08/14 04:31:55.194, NVIDIA GeForce RTX 4090, 53 %, 28 %, 19204 MiB, 49140 MiB, 292.65 W, 57
2026/08/14 04:31:56.195, NVIDIA GeForce RTX 4090, 33 %, 12 %, 19204 MiB, 49140 MiB, 278.98 W, 55
2026/08/14 04:31:57.195, NVIDIA GeForce RTX 4090, 34 %, 12 %, 19204 MiB, 49140 MiB, 270.11 W, 55
2026/08/14 04:31:58.195, NVIDIA GeForce RTX 4090, 39 %, 14 %, 19204 MiB, 49140 MiB, 265.36 W, 56
2026/08/14 04:31:59.196, NVIDIA GeForce RTX 4090, 39 %, 17 %, 19204 MiB, 49140 MiB, 273.14 W, 61
2026/08/14 04:32:00.196, NVIDIA GeForce RTX 4090, 71 %, 43 %, 19204 MiB, 49140 MiB, 284.70 W, 63
2026/08/14 04:32:01.196, NVIDIA GeForce RTX 4090, 79 %, 36 %, 19204 MiB, 49140 MiB, 310.52 W, 58
2026/08/14 04:32:02.196, NVIDIA GeForce RTX 4090, 30 %, 11 %, 19204 MiB, 49140 MiB, 275.23 W, 56
2026/08/14 04:32:03.197, NVIDIA GeForce RTX 4090, 34 %, 12 %, 19204 MiB, 49140 MiB, 261.80 W, 56
2026/08/14 04:32:04.197, NVIDIA GeForce RTX 4090, 38 %, 15 %, 19204 MiB, 49140 MiB, 272.70 W, 57
2026/08/14 04:32:05.197, NVIDIA GeForce RTX 4090, 53 %, 29 %, 19204 MiB, 49140 MiB, 281.39 W, 63
2026/08/14 04:32:06.198, NVIDIA GeForce RTX 4090, 94 %, 54 %, 19204 MiB, 49140 MiB, 296.81 W, 65
2026/08/14 04:32:07.198, NVIDIA GeForce RTX 4090, 52 %, 20 %, 19204 MiB, 49140 MiB, 300.94 W, 58
2026/08/14 04:32:08.198, NVIDIA GeForce RTX 4090, 31 %, 11 %, 19204 MiB, 49140 MiB, 276.30 W, 58
2026/08/14 04:32:09.198, NVIDIA GeForce RTX 4090, 31 %, 11 %, 19204 MiB, 49140 MiB, 273.25 W, 59
2026/08/14 04:32:10.199, NVIDIA GeForce RTX 4090, 38 %, 15 %, 19204 MiB, 49140 MiB, 284.40 W, 63
2026/08/14 04:32:11.199, NVIDIA GeForce RTX 4090, 93 %, 53 %, 19204 MiB, 49140 MiB, 324.91 W, 66
2026/08/14 04:32:12.199, NVIDIA GeForce RTX 4090, 32 %, 12 %, 19204 MiB, 49140 MiB, 292.87 W, 60
2026/08/14 04:32:13.199, NVIDIA GeForce RTX 4090, 37 %, 13 %, 19204 MiB, 49140 MiB, 274.05 W, 58
2026/08/14 04:32:14.199, NVIDIA GeForce RTX 4090, 38 %, 14 %, 19204 MiB, 49140 MiB, 273.85 W, 59
2026/08/14 04:32:15.200, NVIDIA GeForce RTX 4090, 55 %, 28 %, 19204 MiB, 49140 MiB, 290.19 W, 64
2026/08/14 04:32:16.200, NVIDIA GeForce RTX 4090, 94 %, 53 %, 19204 MiB, 49140 MiB, 309.11 W, 66
2026/08/14 04:32:17.200, NVIDIA GeForce RTX 4090, 52 %, 26 %, 19204 MiB, 49140 MiB, 298.36 W, 61
2026/08/14 04:32:18.201, NVIDIA GeForce RTX 4090, 27 %, 9 %, 19204 MiB, 49140 MiB, 273.61 W, 61
2026/08/14 04:32:19.205, NVIDIA GeForce RTX 4090, 36 %, 12 %, 19204 MiB, 49140 MiB, 277.84 W, 60
2026/08/14 04:32:20.206, NVIDIA GeForce RTX 4090, 40 %, 15 %, 19204 MiB, 49140 MiB, 272.01 W, 59
2026/08/14 04:32:21.206, NVIDIA GeForce RTX 4090, 52 %, 27 %, 19204 MiB, 49140 MiB, 290.91 W, 64
2026/08/14 04:32:22.206, NVIDIA GeForce RTX 4090, 95 %, 54 %, 19204 MiB, 49140 MiB, 303.76 W, 66
2026/08/14 04:32:23.206, NVIDIA GeForce RTX 4090, 50 %, 19 %, 19204 MiB, 49140 MiB, 289.41 W, 60
2026/08/14 04:32:24.206, NVIDIA GeForce RTX 4090, 30 %, 10 %, 19204 MiB, 49140 MiB, 266.59 W, 58
2026/08/14 04:32:25.207, NVIDIA GeForce RTX 4090, 36 %, 12 %, 19204 MiB, 49140 MiB, 267.19 W, 59
2026/08/14 04:32:26.207, NVIDIA GeForce RTX 4090, 100 %, 50 %, 19204 MiB, 49140 MiB, 365.20 W, 68
2026/08/14 04:32:27.207, NVIDIA GeForce RTX 4090, 96 %, 53 %, 19204 MiB, 49140 MiB, 293.51 W, 65
2026/08/14 04:32:28.207, NVIDIA GeForce RTX 4090, 52 %, 30 %, 19204 MiB, 49140 MiB, 277.24 W, 66
2026/08/14 04:32:29.207, NVIDIA GeForce RTX 4090, 41 %, 14 %, 19204 MiB, 49140 MiB, 278.67 W, 60
2026/08/14 04:32:30.207, NVIDIA GeForce RTX 4090, 39 %, 13 %, 19204 MiB, 49140 MiB, 272.14 W, 60
2026/08/14 04:32:31.208, NVIDIA GeForce RTX 4090, 34 %, 11 %, 19204 MiB, 49140 MiB, 270.39 W, 62
2026/08/14 04:32:32.208, NVIDIA GeForce RTX 4090, 59 %, 30 %, 19204 MiB, 49140 MiB, 275.31 W, 66
2026/08/14 04:32:33.208, NVIDIA GeForce RTX 4090, 93 %, 49 %, 19204 MiB, 49140 MiB, 300.92 W, 67
2026/08/14 04:32:34.208, NVIDIA GeForce RTX 4090, 97 %, 54 %, 19204 MiB, 49140 MiB, 285.75 W, 66
2026/08/14 04:32:35.208, NVIDIA GeForce RTX 4090, 54 %, 31 %, 19204 MiB, 49140 MiB, 275.75 W, 66
2026/08/14 04:32:36.209, NVIDIA GeForce RTX 4090, 28 %, 11 %, 19204 MiB, 49140 MiB, 275.23 W, 59
2026/08/14 04:32:37.209, NVIDIA GeForce RTX 4090, 41 %, 15 %, 19204 MiB, 49140 MiB, 264.43 W, 60
2026/08/14 04:32:38.209, NVIDIA GeForce RTX 4090, 40 %, 13 %, 19204 MiB, 49140 MiB, 274.06 W, 61
2026/08/14 04:32:39.209, NVIDIA GeForce RTX 4090, 34 %, 11 %, 19204 MiB, 49140 MiB, 270.92 W, 63
2026/08/14 04:32:40.209, NVIDIA GeForce RTX 4090, 73 %, 40 %, 19204 MiB, 49140 MiB, 288.92 W, 65
2026/08/14 04:32:41.210, NVIDIA GeForce RTX 4090, 98 %, 55 %, 19204 MiB, 49140 MiB, 310.57 W, 67
2026/08/14 04:32:42.210, NVIDIA GeForce RTX 4090, 57 %, 24 %, 19204 MiB, 49140 MiB, 278.07 W, 67
2026/08/14 04:32:43.210, NVIDIA GeForce RTX 4090, 33 %, 12 %, 19206 MiB, 49140 MiB, 276.99 W, 60
2026/08/14 04:32:44.211, NVIDIA GeForce RTX 4090, 41 %, 14 %, 19206 MiB, 49140 MiB, 266.10 W, 61
2026/08/14 04:32:45.211, NVIDIA GeForce RTX 4090, 39 %, 13 %, 19206 MiB, 49140 MiB, 274.07 W, 61
2026/08/14 04:32:46.211, NVIDIA GeForce RTX 4090, 47 %, 19 %, 19206 MiB, 49140 MiB, 278.98 W, 63
2026/08/14 04:32:47.283, NVIDIA GeForce RTX 4090, 34 %, 12 %, 19206 MiB, 49140 MiB, 270.45 W, 61
2026/08/14 04:32:48.283, NVIDIA GeForce RTX 4090, 43 %, 16 %, 19206 MiB, 49140 MiB, 290.28 W, 64
2026/08/14 04:32:49.284, NVIDIA GeForce RTX 4090, 66 %, 40 %, 19206 MiB, 49140 MiB, 288.80 W, 67
2026/08/14 04:32:50.284, NVIDIA GeForce RTX 4090, 51 %, 29 %, 19206 MiB, 49140 MiB, 310.00 W, 67
2026/08/14 04:32:51.284, NVIDIA GeForce RTX 4090, 26 %, 10 %, 19206 MiB, 49140 MiB, 282.10 W, 62
2026/08/14 04:32:52.285, NVIDIA GeForce RTX 4090, 22 %, 7 %, 19206 MiB, 49140 MiB, 283.56 W, 63
2026/08/14 04:32:53.285, NVIDIA GeForce RTX 4090, 33 %, 11 %, 19206 MiB, 49140 MiB, 271.85 W, 62
2026/08/14 04:32:54.285, NVIDIA GeForce RTX 4090, 92 %, 49 %, 19206 MiB, 49140 MiB, 300.00 W, 66
2026/08/14 04:32:55.285, NVIDIA GeForce RTX 4090, 74 %, 41 %, 19206 MiB, 49140 MiB, 307.74 W, 67
2026/08/14 04:32:56.285, NVIDIA GeForce RTX 4090, 51 %, 25 %, 19206 MiB, 49140 MiB, 289.88 W, 67
2026/08/14 04:32:57.286, NVIDIA GeForce RTX 4090, 36 %, 13 %, 19206 MiB, 49140 MiB, 274.61 W, 65
2026/08/14 04:32:58.286, NVIDIA GeForce RTX 4090, 16 %, 6 %, 19206 MiB, 49140 MiB, 267.11 W, 60
2026/08/14 04:32:59.286, NVIDIA GeForce RTX 4090, 21 %, 7 %, 19206 MiB, 49140 MiB, 270.88 W, 64
2026/08/14 04:33:00.286, NVIDIA GeForce RTX 4090, 44 %, 17 %, 19206 MiB, 49140 MiB, 277.91 W, 67
2026/08/14 04:33:01.287, NVIDIA GeForce RTX 4090, 70 %, 39 %, 19206 MiB, 49140 MiB, 290.63 W, 67
2026/08/14 04:33:02.287, NVIDIA GeForce RTX 4090, 49 %, 26 %, 19206 MiB, 49140 MiB, 305.05 W, 68
2026/08/14 04:33:03.287, NVIDIA GeForce RTX 4090, 45 %, 18 %, 19206 MiB, 49140 MiB, 278.09 W, 68
2026/08/14 04:33:04.288, NVIDIA GeForce RTX 4090, 34 %, 12 %, 19206 MiB, 49140 MiB, 276.63 W, 65
2026/08/14 04:33:05.288, NVIDIA GeForce RTX 4090, 34 %, 12 %, 19206 MiB, 49140 MiB, 269.61 W, 64
2026/08/14 04:33:06.289, NVIDIA GeForce RTX 4090, 26 %, 11 %, 19206 MiB, 49140 MiB, 282.50 W, 68
2026/08/14 04:33:07.289, NVIDIA GeForce RTX 4090, 70 %, 38 %, 19206 MiB, 49140 MiB, 296.64 W, 67
2026/08/14 04:33:08.290, NVIDIA GeForce RTX 4090, 92 %, 53 %, 19206 MiB, 49140 MiB, 307.00 W, 66
2026/08/14 04:33:09.290, NVIDIA GeForce RTX 4090, 100 %, 51 %, 19206 MiB, 49140 MiB, 303.89 W, 68
2026/08/14 04:33:10.290, NVIDIA GeForce RTX 4090, 0 %, 0 %, 19206 MiB, 49140 MiB, 254.51 W, 57
2026/08/14 04:33:11.290, NVIDIA GeForce RTX 4090, 0 %, 0 %, 19206 MiB, 49140 MiB, 106.50 W, 55
2026/08/14 04:33:12.291, NVIDIA GeForce RTX 4090, 20 %, 7 %, 19206 MiB, 49140 MiB, 169.65 W, 59
2026/08/14 04:33:13.291, NVIDIA GeForce RTX 4090, 32 %, 12 %, 19206 MiB, 49140 MiB, 279.50 W, 66
2026/08/14 04:33:14.291, NVIDIA GeForce RTX 4090, 39 %, 16 %, 19206 MiB, 49140 MiB, 271.93 W, 65
2026/08/14 04:33:15.291, NVIDIA GeForce RTX 4090, 69 %, 38 %, 19206 MiB, 49140 MiB, 277.18 W, 66
2026/08/14 04:33:16.292, NVIDIA GeForce RTX 4090, 74 %, 40 %, 19206 MiB, 49140 MiB, 298.11 W, 66
2026/08/14 04:33:17.292, NVIDIA GeForce RTX 4090, 46 %, 17 %, 19206 MiB, 49140 MiB, 296.18 W, 67
2026/08/14 04:33:18.292, NVIDIA GeForce RTX 4090, 33 %, 12 %, 19206 MiB, 49140 MiB, 275.10 W, 66
2026/08/14 04:33:19.292, NVIDIA GeForce RTX 4090, 38 %, 13 %, 19206 MiB, 49140 MiB, 278.02 W, 67
2026/08/14 04:33:20.292, NVIDIA GeForce RTX 4090, 23 %, 9 %, 19206 MiB, 49140 MiB, 274.40 W, 67
2026/08/14 04:33:21.293, NVIDIA GeForce RTX 4090, 39 %, 15 %, 19206 MiB, 49140 MiB, 272.53 W, 66
2026/08/14 04:33:22.293, NVIDIA GeForce RTX 4090, 69 %, 37 %, 19206 MiB, 49140 MiB, 288.71 W, 67
2026/08/14 04:33:23.293, NVIDIA GeForce RTX 4090, 74 %, 39 %, 19206 MiB, 49140 MiB, 293.46 W, 66
2026/08/14 04:33:24.294, NVIDIA GeForce RTX 4090, 46 %, 24 %, 19206 MiB, 49140 MiB, 288.94 W, 66
2026/08/14 04:33:25.294, NVIDIA GeForce RTX 4090, 29 %, 10 %, 19206 MiB, 49140 MiB, 279.00 W, 66
2026/08/14 04:33:26.294, NVIDIA GeForce RTX 4090, 36 %, 12 %, 19206 MiB, 49140 MiB, 278.57 W, 67
2026/08/14 04:33:27.294, NVIDIA GeForce RTX 4090, 29 %, 11 %, 19206 MiB, 49140 MiB, 281.18 W, 67
2026/08/14 04:33:28.295, NVIDIA GeForce RTX 4090, 55 %, 24 %, 19206 MiB, 49140 MiB, 278.10 W, 67
2026/08/14 04:33:29.295, NVIDIA GeForce RTX 4090, 98 %, 57 %, 19206 MiB, 49140 MiB, 300.10 W, 68
2026/08/14 04:33:30.295, NVIDIA GeForce RTX 4090, 25 %, 9 %, 19206 MiB, 49140 MiB, 301.50 W, 66
2026/08/14 04:33:31.295, NVIDIA GeForce RTX 4090, 26 %, 9 %, 19206 MiB, 49140 MiB, 271.32 W, 68
2026/08/14 04:33:32.296, NVIDIA GeForce RTX 4090, 31 %, 11 %, 19206 MiB, 49140 MiB, 280.43 W, 68
2026/08/14 04:33:33.296, NVIDIA GeForce RTX 4090, 42 %, 16 %, 19206 MiB, 49140 MiB, 272.97 W, 68
2026/08/14 04:33:34.296, NVIDIA GeForce RTX 4090, 62 %, 35 %, 19206 MiB, 49140 MiB, 294.78 W, 67
2026/08/14 04:33:35.296, NVIDIA GeForce RTX 4090, 75 %, 40 %, 19206 MiB, 49140 MiB, 303.03 W, 66
2026/08/14 04:33:36.297, NVIDIA GeForce RTX 4090, 52 %, 25 %, 19206 MiB, 49140 MiB, 296.23 W, 66
2026/08/14 04:33:37.297, NVIDIA GeForce RTX 4090, 22 %, 8 %, 19206 MiB, 49140 MiB, 277.23 W, 63
2026/08/14 04:33:38.297, NVIDIA GeForce RTX 4090, 27 %, 10 %, 19206 MiB, 49140 MiB, 275.35 W, 68
2026/08/14 04:33:39.297, NVIDIA GeForce RTX 4090, 44 %, 16 %, 19206 MiB, 49140 MiB, 280.46 W, 68
2026/08/14 04:33:40.298, NVIDIA GeForce RTX 4090, 76 %, 38 %, 19206 MiB, 49140 MiB, 289.78 W, 68
2026/08/14 04:33:41.298, NVIDIA GeForce RTX 4090, 98 %, 59 %, 19206 MiB, 49140 MiB, 294.23 W, 68
2026/08/14 04:33:42.298, NVIDIA GeForce RTX 4090, 54 %, 27 %, 19206 MiB, 49140 MiB, 309.03 W, 67
2026/08/14 04:33:43.298, NVIDIA GeForce RTX 4090, 22 %, 8 %, 19206 MiB, 49140 MiB, 273.94 W, 63
2026/08/14 04:33:44.299, NVIDIA GeForce RTX 4090, 34 %, 11 %, 19206 MiB, 49140 MiB, 288.26 W, 68
2026/08/14 04:33:45.299, NVIDIA GeForce RTX 4090, 31 %, 12 %, 19206 MiB, 49140 MiB, 279.38 W, 68
2026/08/14 04:33:46.299, NVIDIA GeForce RTX 4090, 68 %, 36 %, 19206 MiB, 49140 MiB, 294.48 W, 68
2026/08/14 04:33:47.299, NVIDIA GeForce RTX 4090, 50 %, 23 %, 19206 MiB, 49140 MiB, 301.77 W, 68
2026/08/14 04:33:48.300, NVIDIA GeForce RTX 4090, 23 %, 9 %, 19206 MiB, 49140 MiB, 283.61 W, 69
2026/08/14 04:33:49.300, NVIDIA GeForce RTX 4090, 36 %, 13 %, 19206 MiB, 49140 MiB, 275.97 W, 67
2026/08/14 04:33:50.300, NVIDIA GeForce RTX 4090, 41 %, 13 %, 19206 MiB, 49140 MiB, 278.38 W, 68
2026/08/14 04:33:51.300, NVIDIA GeForce RTX 4090, 38 %, 14 %, 19206 MiB, 49140 MiB, 277.07 W, 68
2026/08/14 04:33:52.300, NVIDIA GeForce RTX 4090, 98 %, 59 %, 19206 MiB, 49140 MiB, 312.47 W, 68
2026/08/14 04:33:53.301, NVIDIA GeForce RTX 4090, 48 %, 23 %, 19206 MiB, 49140 MiB, 301.88 W, 64
2026/08/14 04:33:54.301, NVIDIA GeForce RTX 4090, 27 %, 10 %, 19206 MiB, 49140 MiB, 269.67 W, 65
2026/08/14 04:33:55.301, NVIDIA GeForce RTX 4090, 100 %, 52 %, 19206 MiB, 49140 MiB, 316.48 W, 70
2026/08/14 04:33:56.301, NVIDIA GeForce RTX 4090, 42 %, 16 %, 19206 MiB, 49140 MiB, 315.02 W, 67
2026/08/14 04:33:57.301, NVIDIA GeForce RTX 4090, 98 %, 58 %, 19206 MiB, 49140 MiB, 306.77 W, 67
2026/08/14 04:33:58.302, NVIDIA GeForce RTX 4090, 52 %, 25 %, 19206 MiB, 49140 MiB, 295.08 W, 64
2026/08/14 04:33:59.302, NVIDIA GeForce RTX 4090, 13 %, 5 %, 19206 MiB, 49140 MiB, 272.48 W, 68
2026/08/14 04:34:00.302, NVIDIA GeForce RTX 4090, 25 %, 9 %, 19206 MiB, 49140 MiB, 264.93 W, 64
2026/08/14 04:34:01.302, NVIDIA GeForce RTX 4090, 35 %, 12 %, 19206 MiB, 49140 MiB, 266.32 W, 69
2026/08/14 04:34:02.302, NVIDIA GeForce RTX 4090, 15 %, 5 %, 19206 MiB, 49140 MiB, 272.30 W, 68
2026/08/14 04:34:03.303, NVIDIA GeForce RTX 4090, 44 %, 15 %, 19206 MiB, 49140 MiB, 274.74 W, 69
2026/08/14 04:34:04.303, NVIDIA GeForce RTX 4090, 53 %, 20 %, 19206 MiB, 49140 MiB, 278.38 W, 68
2026/08/14 04:34:05.303, NVIDIA GeForce RTX 4090, 70 %, 38 %, 19206 MiB, 49140 MiB, 287.18 W, 66
2026/08/14 04:34:06.303, NVIDIA GeForce RTX 4090, 92 %, 53 %, 19206 MiB, 49140 MiB, 293.83 W, 67
2026/08/14 04:34:07.303, NVIDIA GeForce RTX 4090, 49 %, 24 %, 19206 MiB, 49140 MiB, 292.39 W, 69
2026/08/14 04:34:08.303, NVIDIA GeForce RTX 4090, 36 %, 13 %, 19206 MiB, 49140 MiB, 285.37 W, 67
2026/08/14 04:34:09.304, NVIDIA GeForce RTX 4090, 17 %, 5 %, 19206 MiB, 49140 MiB, 285.34 W, 68
2026/08/14 04:34:10.304, NVIDIA GeForce RTX 4090, 46 %, 16 %, 19206 MiB, 49140 MiB, 277.48 W, 68
2026/08/14 04:34:11.304, NVIDIA GeForce RTX 4090, 55 %, 21 %, 19206 MiB, 49140 MiB, 279.66 W, 67
2026/08/14 04:34:12.304, NVIDIA GeForce RTX 4090, 72 %, 39 %, 19206 MiB, 49140 MiB, 287.95 W, 67
2026/08/14 04:34:13.304, NVIDIA GeForce RTX 4090, 92 %, 52 %, 19206 MiB, 49140 MiB, 295.93 W, 68
2026/08/14 04:34:14.304, NVIDIA GeForce RTX 4090, 52 %, 25 %, 19206 MiB, 49140 MiB, 299.18 W, 70
2026/08/14 04:34:15.305, NVIDIA GeForce RTX 4090, 29 %, 10 %, 19206 MiB, 49140 MiB, 276.95 W, 67
2026/08/14 04:34:16.305, NVIDIA GeForce RTX 4090, 22 %, 8 %, 19206 MiB, 49140 MiB, 271.61 W, 69
2026/08/14 04:34:17.305, NVIDIA GeForce RTX 4090, 37 %, 12 %, 19206 MiB, 49140 MiB, 276.70 W, 68
2026/08/14 04:34:18.305, NVIDIA GeForce RTX 4090, 44 %, 14 %, 19206 MiB, 49140 MiB, 271.10 W, 68
2026/08/14 04:34:19.305, NVIDIA GeForce RTX 4090, 74 %, 36 %, 19206 MiB, 49140 MiB, 297.80 W, 67
2026/08/14 04:34:20.305, NVIDIA GeForce RTX 4090, 92 %, 52 %, 19206 MiB, 49140 MiB, 303.04 W, 68
2026/08/14 04:34:21.306, NVIDIA GeForce RTX 4090, 53 %, 26 %, 19206 MiB, 49140 MiB, 293.85 W, 68
2026/08/14 04:34:22.306, NVIDIA GeForce RTX 4090, 43 %, 17 %, 19206 MiB, 49140 MiB, 281.60 W, 69
2026/08/14 04:34:23.306, NVIDIA GeForce RTX 4090, 25 %, 9 %, 19206 MiB, 49140 MiB, 278.48 W, 69
2026/08/14 04:34:24.306, NVIDIA GeForce RTX 4090, 38 %, 13 %, 19206 MiB, 49140 MiB, 278.73 W, 67
2026/08/14 04:34:25.306, NVIDIA GeForce RTX 4090, 49 %, 17 %, 19206 MiB, 49140 MiB, 277.10 W, 68
2026/08/14 04:34:26.306, NVIDIA GeForce RTX 4090, 60 %, 24 %, 19206 MiB, 49140 MiB, 281.59 W, 66
2026/08/14 04:34:27.306, NVIDIA GeForce RTX 4090, 76 %, 36 %, 19206 MiB, 49140 MiB, 280.64 W, 67
2026/08/14 04:34:28.307, NVIDIA GeForce RTX 4090, 57 %, 27 %, 19206 MiB, 49140 MiB, 316.45 W, 67
2026/08/14 04:34:29.307, NVIDIA GeForce RTX 4090, 31 %, 13 %, 19206 MiB, 49140 MiB, 286.47 W, 68
2026/08/14 04:34:30.307, NVIDIA GeForce RTX 4090, 24 %, 8 %, 19206 MiB, 49140 MiB, 268.82 W, 63
2026/08/14 04:34:31.307, NVIDIA GeForce RTX 4090, 41 %, 15 %, 19206 MiB, 49140 MiB, 274.07 W, 69
2026/08/14 04:34:32.307, NVIDIA GeForce RTX 4090, 39 %, 13 %, 19206 MiB, 49140 MiB, 274.78 W, 67
2026/08/14 04:34:33.307, NVIDIA GeForce RTX 4090, 50 %, 17 %, 19206 MiB, 49140 MiB, 276.97 W, 68
2026/08/14 04:34:34.308, NVIDIA GeForce RTX 4090, 61 %, 24 %, 19206 MiB, 49140 MiB, 282.64 W, 67
2026/08/14 04:34:35.308, NVIDIA GeForce RTX 4090, 77 %, 42 %, 19206 MiB, 49140 MiB, 288.23 W, 67
2026/08/14 04:34:36.308, NVIDIA GeForce RTX 4090, 92 %, 51 %, 19206 MiB, 49140 MiB, 293.53 W, 70
2026/08/14 04:34:37.308, NVIDIA GeForce RTX 4090, 51 %, 23 %, 19206 MiB, 49140 MiB, 290.17 W, 68
2026/08/14 04:34:38.308, NVIDIA GeForce RTX 4090, 39 %, 14 %, 19206 MiB, 49140 MiB, 275.71 W, 64
2026/08/14 04:34:39.308, NVIDIA GeForce RTX 4090, 36 %, 12 %, 19206 MiB, 49140 MiB, 267.05 W, 67
2026/08/14 04:34:40.309, NVIDIA GeForce RTX 4090, 100 %, 55 %, 19206 MiB, 49140 MiB, 348.99 W, 71
2026/08/14 04:34:41.309, NVIDIA GeForce RTX 4090, 0 %, 0 %, 19206 MiB, 49140 MiB, 160.73 W, 57
2026/08/14 04:34:42.309, NVIDIA GeForce RTX 4090, 0 %, 0 %, 19206 MiB, 49140 MiB, 105.73 W, 56
2026/08/14 04:34:43.309, NVIDIA GeForce RTX 4090, 62 %, 31 %, 19206 MiB, 49140 MiB, 275.75 W, 67
2026/08/14 04:34:44.309, NVIDIA GeForce RTX 4090, 52 %, 25 %, 19206 MiB, 49140 MiB, 283.25 W, 68
2026/08/14 04:34:45.310, NVIDIA GeForce RTX 4090, 18 %, 6 %, 19206 MiB, 49140 MiB, 281.03 W, 66
2026/08/14 04:34:46.310, NVIDIA GeForce RTX 4090, 45 %, 15 %, 19206 MiB, 49140 MiB, 280.72 W, 66
2026/08/14 04:34:47.310, NVIDIA GeForce RTX 4090, 46 %, 18 %, 19206 MiB, 49140 MiB, 275.79 W, 66
2026/08/14 04:34:48.310, NVIDIA GeForce RTX 4090, 98 %, 59 %, 19206 MiB, 49140 MiB, 308.63 W, 69
2026/08/14 04:34:49.310, NVIDIA GeForce RTX 4090, 66 %, 37 %, 19206 MiB, 49140 MiB, 303.24 W, 68
2026/08/14 04:34:50.310, NVIDIA GeForce RTX 4090, 28 %, 11 %, 19206 MiB, 49140 MiB, 275.54 W, 67
2026/08/14 04:34:51.311, NVIDIA GeForce RTX 4090, 21 %, 7 %, 19206 MiB, 49140 MiB, 268.91 W, 66
2026/08/14 04:34:52.311, NVIDIA GeForce RTX 4090, 42 %, 15 %, 19206 MiB, 49140 MiB, 271.97 W, 67
2026/08/14 04:34:53.311, NVIDIA GeForce RTX 4090, 38 %, 13 %, 19206 MiB, 49140 MiB, 273.86 W, 66
2026/08/14 04:34:54.311, NVIDIA GeForce RTX 4090, 50 %, 18 %, 19206 MiB, 49140 MiB, 274.68 W, 67
2026/08/14 04:34:55.311, NVIDIA GeForce RTX 4090, 78 %, 38 %, 19206 MiB, 49140 MiB, 295.62 W, 67
2026/08/14 04:34:56.312, NVIDIA GeForce RTX 4090, 98 %, 59 %, 19206 MiB, 49140 MiB, 295.28 W, 69
2026/08/14 04:34:57.312, NVIDIA GeForce RTX 4090, 66 %, 35 %, 19206 MiB, 49140 MiB, 302.10 W, 68
2026/08/14 04:34:58.312, NVIDIA GeForce RTX 4090, 35 %, 14 %, 19206 MiB, 49140 MiB, 276.87 W, 68
2026/08/14 04:34:59.312, NVIDIA GeForce RTX 4090, 42 %, 15 %, 19206 MiB, 49140 MiB, 280.84 W, 67
2026/08/14 04:35:00.313, NVIDIA GeForce RTX 4090, 46 %, 15 %, 19206 MiB, 49140 MiB, 279.01 W, 66
2026/08/14 04:35:01.313, NVIDIA GeForce RTX 4090, 75 %, 36 %, 19206 MiB, 49140 MiB, 298.75 W, 67
2026/08/14 04:35:02.313, NVIDIA GeForce RTX 4090, 66 %, 31 %, 19206 MiB, 49140 MiB, 313.86 W, 68
2026/08/14 04:35:03.313, NVIDIA GeForce RTX 4090, 37 %, 15 %, 19206 MiB, 49140 MiB, 284.12 W, 68
2026/08/14 04:35:04.313, NVIDIA GeForce RTX 4090, 45 %, 16 %, 19206 MiB, 49140 MiB, 274.34 W, 66
2026/08/14 04:35:05.314, NVIDIA GeForce RTX 4090, 34 %, 11 %, 19206 MiB, 49140 MiB, 277.66 W, 67
2026/08/14 04:35:06.314, NVIDIA GeForce RTX 4090, 49 %, 17 %, 19206 MiB, 49140 MiB, 277.11 W, 66
2026/08/14 04:35:07.314, NVIDIA GeForce RTX 4090, 64 %, 25 %, 19206 MiB, 49140 MiB, 281.92 W, 67
2026/08/14 04:35:08.314, NVIDIA GeForce RTX 4090, 90 %, 54 %, 19206 MiB, 49140 MiB, 300.27 W, 70
2026/08/14 04:35:09.315, NVIDIA GeForce RTX 4090, 80 %, 43 %, 19206 MiB, 49140 MiB, 301.34 W, 68
2026/08/14 04:35:10.315, NVIDIA GeForce RTX 4090, 31 %, 13 %, 19206 MiB, 49140 MiB, 278.58 W, 68
2026/08/14 04:35:11.315, NVIDIA GeForce RTX 4090, 39 %, 14 %, 19206 MiB, 49140 MiB, 263.12 W, 67
2026/08/14 04:35:12.315, NVIDIA GeForce RTX 4090, 41 %, 14 %, 19206 MiB, 49140 MiB, 280.87 W, 67
2026/08/14 04:35:13.316, NVIDIA GeForce RTX 4090, 49 %, 17 %, 19206 MiB, 49140 MiB, 281.88 W, 66
2026/08/14 04:35:14.316, NVIDIA GeForce RTX 4090, 63 %, 25 %, 19206 MiB, 49140 MiB, 280.10 W, 66
2026/08/14 04:35:15.316, NVIDIA GeForce RTX 4090, 78 %, 44 %, 19206 MiB, 49140 MiB, 284.36 W, 67
2026/08/14 04:35:16.383, NVIDIA GeForce RTX 4090, 67 %, 33 %, 19206 MiB, 49140 MiB, 305.32 W, 66
2026/08/14 04:35:17.384, NVIDIA GeForce RTX 4090, 30 %, 12 %, 19206 MiB, 49140 MiB, 287.95 W, 65
2026/08/14 04:35:18.384, NVIDIA GeForce RTX 4090, 29 %, 10 %, 19206 MiB, 49140 MiB, 267.83 W, 66
2026/08/14 04:35:19.384, NVIDIA GeForce RTX 4090, 44 %, 15 %, 19206 MiB, 49140 MiB, 274.14 W, 66
2026/08/14 04:35:20.384, NVIDIA GeForce RTX 4090, 49 %, 17 %, 19206 MiB, 49140 MiB, 280.36 W, 66
2026/08/14 04:35:21.385, NVIDIA GeForce RTX 4090, 63 %, 25 %, 19206 MiB, 49140 MiB, 279.41 W, 66
2026/08/14 04:35:22.385, NVIDIA GeForce RTX 4090, 75 %, 42 %, 19206 MiB, 49140 MiB, 283.82 W, 68
2026/08/14 04:35:23.385, NVIDIA GeForce RTX 4090, 97 %, 57 %, 19206 MiB, 49140 MiB, 291.29 W, 69
2026/08/14 04:35:24.385, NVIDIA GeForce RTX 4090, 69 %, 37 %, 19206 MiB, 49140 MiB, 290.58 W, 67
2026/08/14 04:35:25.386, NVIDIA GeForce RTX 4090, 34 %, 14 %, 19206 MiB, 49140 MiB, 277.59 W, 67
2026/08/14 04:35:26.386, NVIDIA GeForce RTX 4090, 100 %, 55 %, 19206 MiB, 49140 MiB, 310.40 W, 69
2026/08/14 04:35:27.386, NVIDIA GeForce RTX 4090, 49 %, 17 %, 19206 MiB, 49140 MiB, 314.90 W, 67
2026/08/14 04:35:28.386, NVIDIA GeForce RTX 4090, 78 %, 38 %, 19206 MiB, 49140 MiB, 291.80 W, 67
2026/08/14 04:35:29.387, NVIDIA GeForce RTX 4090, 85 %, 51 %, 19206 MiB, 49140 MiB, 303.61 W, 69
2026/08/14 04:35:30.387, NVIDIA GeForce RTX 4090, 81 %, 43 %, 19206 MiB, 49140 MiB, 291.54 W, 68
2026/08/14 04:35:31.387, NVIDIA GeForce RTX 4090, 43 %, 17 %, 19206 MiB, 49140 MiB, 281.39 W, 67
2026/08/14 04:35:32.388, NVIDIA GeForce RTX 4090, 42 %, 15 %, 19206 MiB, 49140 MiB, 280.13 W, 67
2026/08/14 04:35:33.388, NVIDIA GeForce RTX 4090, 38 %, 13 %, 19206 MiB, 49140 MiB, 276.45 W, 66
2026/08/14 04:35:34.388, NVIDIA GeForce RTX 4090, 72 %, 26 %, 19206 MiB, 49140 MiB, 281.58 W, 68
2026/08/14 04:35:35.388, NVIDIA GeForce RTX 4090, 85 %, 52 %, 19206 MiB, 49140 MiB, 315.05 W, 70
2026/08/14 04:35:36.389, NVIDIA GeForce RTX 4090, 70 %, 37 %, 19206 MiB, 49140 MiB, 304.93 W, 68
2026/08/14 04:35:37.389, NVIDIA GeForce RTX 4090, 43 %, 17 %, 19206 MiB, 49140 MiB, 282.37 W, 67
2026/08/14 04:35:38.389, NVIDIA GeForce RTX 4090, 35 %, 12 %, 19206 MiB, 49140 MiB, 273.90 W, 64
2026/08/14 04:35:39.389, NVIDIA GeForce RTX 4090, 38 %, 13 %, 19206 MiB, 49140 MiB, 280.98 W, 66
2026/08/14 04:35:40.389, NVIDIA GeForce RTX 4090, 49 %, 17 %, 19206 MiB, 49140 MiB, 283.22 W, 66
2026/08/14 04:35:41.389, NVIDIA GeForce RTX 4090, 76 %, 37 %, 19206 MiB, 49140 MiB, 295.16 W, 66
2026/08/14 04:35:42.389, NVIDIA GeForce RTX 4090, 82 %, 51 %, 19206 MiB, 49140 MiB, 307.10 W, 70
2026/08/14 04:35:43.390, NVIDIA GeForce RTX 4090, 47 %, 21 %, 19206 MiB, 49140 MiB, 295.36 W, 66
2026/08/14 04:35:44.390, NVIDIA GeForce RTX 4090, 37 %, 13 %, 19206 MiB, 49140 MiB, 284.54 W, 64
2026/08/14 04:35:45.390, NVIDIA GeForce RTX 4090, 36 %, 12 %, 19206 MiB, 49140 MiB, 275.24 W, 66
2026/08/14 04:35:46.390, NVIDIA GeForce RTX 4090, 49 %, 17 %, 19206 MiB, 49140 MiB, 281.48 W, 65
2026/08/14 04:35:47.390, NVIDIA GeForce RTX 4090, 62 %, 24 %, 19206 MiB, 49140 MiB, 283.13 W, 65
2026/08/14 04:35:48.391, NVIDIA GeForce RTX 4090, 79 %, 49 %, 19206 MiB, 49140 MiB, 299.59 W, 69
2026/08/14 04:35:49.391, NVIDIA GeForce RTX 4090, 73 %, 38 %, 19206 MiB, 49140 MiB, 304.23 W, 67
2026/08/14 04:35:50.391, NVIDIA GeForce RTX 4090, 31 %, 12 %, 19206 MiB, 49140 MiB, 280.38 W, 65
2026/08/14 04:35:51.391, NVIDIA GeForce RTX 4090, 35 %, 12 %, 19206 MiB, 49140 MiB, 268.38 W, 66
2026/08/14 04:35:52.391, NVIDIA GeForce RTX 4090, 26 %, 9 %, 19206 MiB, 49140 MiB, 268.09 W, 63
2026/08/14 04:35:53.391, NVIDIA GeForce RTX 4090, 46 %, 15 %, 19206 MiB, 49140 MiB, 279.80 W, 64
2026/08/14 04:35:54.392, NVIDIA GeForce RTX 4090, 62 %, 24 %, 19206 MiB, 49140 MiB, 287.98 W, 64
2026/08/14 04:35:55.392, NVIDIA GeForce RTX 4090, 78 %, 44 %, 19206 MiB, 49140 MiB, 289.69 W, 65
2026/08/14 04:35:56.392, NVIDIA GeForce RTX 4090, 79 %, 49 %, 19206 MiB, 49140 MiB, 290.87 W, 69
2026/08/14 04:35:57.392, NVIDIA GeForce RTX 4090, 53 %, 25 %, 19206 MiB, 49140 MiB, 297.85 W, 65
2026/08/14 04:35:58.392, NVIDIA GeForce RTX 4090, 45 %, 17 %, 19206 MiB, 49140 MiB, 277.90 W, 65
2026/08/14 04:35:59.393, NVIDIA GeForce RTX 4090, 42 %, 15 %, 19206 MiB, 49140 MiB, 275.34 W, 65
2026/08/14 04:36:00.393, NVIDIA GeForce RTX 4090, 38 %, 13 %, 19206 MiB, 49140 MiB, 273.80 W, 65
2026/08/14 04:36:01.393, NVIDIA GeForce RTX 4090, 46 %, 18 %, 19206 MiB, 49140 MiB, 288.51 W, 65
2026/08/14 04:36:02.393, NVIDIA GeForce RTX 4090, 76 %, 46 %, 19206 MiB, 49140 MiB, 305.26 W, 70
2026/08/14 04:36:03.394, NVIDIA GeForce RTX 4090, 76 %, 38 %, 19206 MiB, 49140 MiB, 305.78 W, 65
2026/08/14 04:36:04.394, NVIDIA GeForce RTX 4090, 43 %, 17 %, 19206 MiB, 49140 MiB, 283.00 W, 64
2026/08/14 04:36:05.394, NVIDIA GeForce RTX 4090, 41 %, 15 %, 19206 MiB, 49140 MiB, 275.12 W, 62
2026/08/14 04:36:06.394, NVIDIA GeForce RTX 4090, 42 %, 14 %, 19206 MiB, 49140 MiB, 281.15 W, 63
2026/08/14 04:36:07.394, NVIDIA GeForce RTX 4090, 45 %, 17 %, 19206 MiB, 49140 MiB, 283.49 W, 62
2026/08/14 04:36:08.395, NVIDIA GeForce RTX 4090, 77 %, 37 %, 19206 MiB, 49140 MiB, 284.30 W, 64
2026/08/14 04:36:09.395, NVIDIA GeForce RTX 4090, 73 %, 46 %, 19206 MiB, 49140 MiB, 302.33 W, 69
2026/08/14 04:36:10.395, NVIDIA GeForce RTX 4090, 100 %, 52 %, 19206 MiB, 49140 MiB, 298.88 W, 71
2026/08/14 04:36:11.395, NVIDIA GeForce RTX 4090, 0 %, 0 %, 19206 MiB, 49140 MiB, 268.37 W, 58
2026/08/14 04:36:12.396, NVIDIA GeForce RTX 4090, 0 %, 0 %, 19206 MiB, 49140 MiB, 107.58 W, 57
2026/08/14 04:36:13.396, NVIDIA GeForce RTX 4090, 49 %, 16 %, 19206 MiB, 49140 MiB, 198.81 W, 61
2026/08/14 04:36:14.396, NVIDIA GeForce RTX 4090, 47 %, 15 %, 19206 MiB, 49140 MiB, 264.11 W, 61
2026/08/14 04:36:15.396, NVIDIA GeForce RTX 4090, 46 %, 16 %, 19206 MiB, 49140 MiB, 271.10 W, 61
2026/08/14 04:36:16.396, NVIDIA GeForce RTX 4090, 60 %, 24 %, 19206 MiB, 49140 MiB, 283.19 W, 63
2026/08/14 04:36:17.396, NVIDIA GeForce RTX 4090, 71 %, 41 %, 19206 MiB, 49140 MiB, 288.85 W, 64
2026/08/14 04:36:18.397, NVIDIA GeForce RTX 4090, 54 %, 34 %, 19206 MiB, 49140 MiB, 283.18 W, 69
2026/08/14 04:36:19.397, NVIDIA GeForce RTX 4090, 84 %, 44 %, 19206 MiB, 49140 MiB, 292.73 W, 64
2026/08/14 04:36:20.397, NVIDIA GeForce RTX 4090, 53 %, 20 %, 19206 MiB, 49140 MiB, 293.59 W, 62
2026/08/14 04:36:21.397, NVIDIA GeForce RTX 4090, 19 %, 6 %, 19206 MiB, 49140 MiB, 274.99 W, 60
2026/08/14 04:36:22.397, NVIDIA GeForce RTX 4090, 28 %, 10 %, 19206 MiB, 49140 MiB, 265.96 W, 60
2026/08/14 04:36:23.398, NVIDIA GeForce RTX 4090, 46 %, 15 %, 19206 MiB, 49140 MiB, 281.13 W, 61
2026/08/14 04:36:24.398, NVIDIA GeForce RTX 4090, 62 %, 24 %, 19206 MiB, 49140 MiB, 287.34 W, 62
2026/08/14 04:36:25.398, NVIDIA GeForce RTX 4090, 70 %, 41 %, 19206 MiB, 49140 MiB, 288.15 W, 63
2026/08/14 04:36:26.398, NVIDIA GeForce RTX 4090, 81 %, 50 %, 19206 MiB, 49140 MiB, 280.51 W, 70
2026/08/14 04:36:27.398, NVIDIA GeForce RTX 4090, 71 %, 45 %, 19206 MiB, 49140 MiB, 281.11 W, 68
2026/08/14 04:36:28.399, NVIDIA GeForce RTX 4090, 55 %, 26 %, 19206 MiB, 49140 MiB, 302.32 W, 62
2026/08/14 04:36:29.399, NVIDIA GeForce RTX 4090, 38 %, 13 %, 19206 MiB, 49140 MiB, 276.80 W, 60
2026/08/14 04:36:30.399, NVIDIA GeForce RTX 4090, 42 %, 15 %, 19206 MiB, 49140 MiB, 269.87 W, 60
2026/08/14 04:36:31.400, NVIDIA GeForce RTX 4090, 39 %, 13 %, 19206 MiB, 49140 MiB, 273.69 W, 60
2026/08/14 04:36:32.400, NVIDIA GeForce RTX 4090, 46 %, 18 %, 19206 MiB, 49140 MiB, 285.43 W, 61
2026/08/14 04:36:33.400, NVIDIA GeForce RTX 4090, 79 %, 48 %, 19206 MiB, 49140 MiB, 289.33 W, 63
2026/08/14 04:36:34.401, NVIDIA GeForce RTX 4090, 89 %, 48 %, 19206 MiB, 49140 MiB, 302.86 W, 63
2026/08/14 04:36:35.401, NVIDIA GeForce RTX 4090, 35 %, 14 %, 19206 MiB, 49140 MiB, 297.70 W, 61
2026/08/14 04:36:36.401, NVIDIA GeForce RTX 4090, 35 %, 12 %, 19206 MiB, 49140 MiB, 279.55 W, 61
2026/08/14 04:36:37.401, NVIDIA GeForce RTX 4090, 39 %, 13 %, 19206 MiB, 49140 MiB, 277.85 W, 61
2026/08/14 04:36:38.402, NVIDIA GeForce RTX 4090, 49 %, 17 %, 19206 MiB, 49140 MiB, 273.59 W, 61
2026/08/14 04:36:39.402, NVIDIA GeForce RTX 4090, 62 %, 24 %, 19206 MiB, 49140 MiB, 281.28 W, 62
2026/08/14 04:36:40.402, NVIDIA GeForce RTX 4090, 70 %, 43 %, 19206 MiB, 49140 MiB, 293.23 W, 71
2026/08/14 04:36:41.402, NVIDIA GeForce RTX 4090, 86 %, 43 %, 19206 MiB, 49140 MiB, 304.27 W, 63
2026/08/14 04:36:42.403, NVIDIA GeForce RTX 4090, 43 %, 17 %, 19206 MiB, 49140 MiB, 280.85 W, 61
2026/08/14 04:36:43.403, NVIDIA GeForce RTX 4090, 24 %, 9 %, 19206 MiB, 49140 MiB, 272.02 W, 60
2026/08/14 04:36:44.403, NVIDIA GeForce RTX 4090, 49 %, 17 %, 19206 MiB, 49140 MiB, 294.71 W, 61
2026/08/14 04:36:45.403, NVIDIA GeForce RTX 4090, 62 %, 24 %, 19206 MiB, 49140 MiB, 281.34 W, 62
2026/08/14 04:36:46.404, NVIDIA GeForce RTX 4090, 69 %, 42 %, 19206 MiB, 49140 MiB, 303.34 W, 70
2026/08/14 04:36:47.404, NVIDIA GeForce RTX 4090, 88 %, 44 %, 19206 MiB, 49140 MiB, 296.23 W, 63
2026/08/14 04:36:48.404, NVIDIA GeForce RTX 4090, 43 %, 17 %, 19206 MiB, 49140 MiB, 285.40 W, 61
2026/08/14 04:36:49.405, NVIDIA GeForce RTX 4090, 42 %, 15 %, 19206 MiB, 49140 MiB, 272.80 W, 61
2026/08/14 04:36:50.405, NVIDIA GeForce RTX 4090, 39 %, 13 %, 19206 MiB, 49140 MiB, 276.25 W, 61
2026/08/14 04:36:51.405, NVIDIA GeForce RTX 4090, 45 %, 17 %, 19206 MiB, 49140 MiB, 285.80 W, 61
2026/08/14 04:36:52.405, NVIDIA GeForce RTX 4090, 66 %, 39 %, 19206 MiB, 49140 MiB, 296.36 W, 64
2026/08/14 04:36:53.406, NVIDIA GeForce RTX 4090, 70 %, 41 %, 19206 MiB, 49140 MiB, 293.69 W, 66
2026/08/14 04:36:54.406, NVIDIA GeForce RTX 4090, 53 %, 25 %, 19206 MiB, 49140 MiB, 293.56 W, 63
2026/08/14 04:36:55.406, NVIDIA GeForce RTX 4090, 29 %, 10 %, 19206 MiB, 49140 MiB, 278.18 W, 61
2026/08/14 04:36:56.406, NVIDIA GeForce RTX 4090, 40 %, 14 %, 19206 MiB, 49140 MiB, 270.31 W, 61
2026/08/14 04:36:57.407, NVIDIA GeForce RTX 4090, 100 %, 57 %, 19206 MiB, 49140 MiB, 358.63 W, 70
2026/08/14 04:36:58.407, NVIDIA GeForce RTX 4090, 70 %, 39 %, 19206 MiB, 49140 MiB, 309.01 W, 70
2026/08/14 04:36:59.407, NVIDIA GeForce RTX 4090, 88 %, 44 %, 19206 MiB, 49140 MiB, 296.64 W, 64
2026/08/14 04:37:00.407, NVIDIA GeForce RTX 4090, 35 %, 14 %, 19206 MiB, 49140 MiB, 266.82 W, 62
2026/08/14 04:37:01.408, NVIDIA GeForce RTX 4090, 44 %, 17 %, 19206 MiB, 49140 MiB, 268.99 W, 61
2026/08/14 04:37:02.408, NVIDIA GeForce RTX 4090, 46 %, 16 %, 19206 MiB, 49140 MiB, 279.54 W, 62
2026/08/14 04:37:03.408, NVIDIA GeForce RTX 4090, 49 %, 17 %, 19206 MiB, 49140 MiB, 287.90 W, 62
2026/08/14 04:37:04.408, NVIDIA GeForce RTX 4090, 72 %, 42 %, 19206 MiB, 49140 MiB, 303.73 W, 65
2026/08/14 04:37:05.409, NVIDIA GeForce RTX 4090, 66 %, 39 %, 19206 MiB, 49140 MiB, 291.83 W, 68
2026/08/14 04:37:06.409, NVIDIA GeForce RTX 4090, 89 %, 45 %, 19206 MiB, 49140 MiB, 286.58 W, 64
2026/08/14 04:37:07.409, NVIDIA GeForce RTX 4090, 39 %, 14 %, 19206 MiB, 49140 MiB, 283.56 W, 62
2026/08/14 04:37:08.409, NVIDIA GeForce RTX 4090, 49 %, 17 %, 19206 MiB, 49140 MiB, 284.09 W, 62
2026/08/14 04:37:09.410, NVIDIA GeForce RTX 4090, 54 %, 21 %, 19206 MiB, 49140 MiB, 285.13 W, 62
2026/08/14 04:37:10.410, NVIDIA GeForce RTX 4090, 61 %, 31 %, 19206 MiB, 49140 MiB, 293.08 W, 65
2026/08/14 04:37:11.410, NVIDIA GeForce RTX 4090, 89 %, 46 %, 19206 MiB, 49140 MiB, 304.28 W, 68
2026/08/14 04:37:12.483, NVIDIA GeForce RTX 4090, 45 %, 17 %, 19206 MiB, 49140 MiB, 290.79 W, 64
2026/08/14 04:37:13.484, NVIDIA GeForce RTX 4090, 37 %, 13 %, 19206 MiB, 49140 MiB, 288.02 W, 62
2026/08/14 04:37:14.484, NVIDIA GeForce RTX 4090, 44 %, 15 %, 19206 MiB, 49140 MiB, 280.50 W, 61
2026/08/14 04:37:15.484, NVIDIA GeForce RTX 4090, 52 %, 20 %, 19206 MiB, 49140 MiB, 285.15 W, 61
2026/08/14 04:37:16.484, NVIDIA GeForce RTX 4090, 69 %, 36 %, 19206 MiB, 49140 MiB, 312.77 W, 71
2026/08/14 04:37:17.485, NVIDIA GeForce RTX 4090, 44 %, 17 %, 19206 MiB, 49140 MiB, 287.55 W, 64
2026/08/14 04:37:18.485, NVIDIA GeForce RTX 4090, 36 %, 13 %, 19206 MiB, 49140 MiB, 283.42 W, 62
2026/08/14 04:37:19.485, NVIDIA GeForce RTX 4090, 41 %, 14 %, 19206 MiB, 49140 MiB, 281.68 W, 62
2026/08/14 04:37:20.485, NVIDIA GeForce RTX 4090, 46 %, 18 %, 19206 MiB, 49140 MiB, 289.22 W, 62
2026/08/14 04:37:21.486, NVIDIA GeForce RTX 4090, 93 %, 51 %, 19206 MiB, 49140 MiB, 308.64 W, 70
2026/08/14 04:37:22.486, NVIDIA GeForce RTX 4090, 39 %, 15 %, 19206 MiB, 49140 MiB, 298.73 W, 64
2026/08/14 04:37:23.486, NVIDIA GeForce RTX 4090, 37 %, 13 %, 19206 MiB, 49140 MiB, 281.96 W, 62
2026/08/14 04:37:24.486, NVIDIA GeForce RTX 4090, 34 %, 11 %, 19206 MiB, 49140 MiB, 272.04 W, 62
2026/08/14 04:37:25.486, NVIDIA GeForce RTX 4090, 68 %, 33 %, 19206 MiB, 49140 MiB, 297.88 W, 65
2026/08/14 04:37:26.487, NVIDIA GeForce RTX 4090, 93 %, 53 %, 19206 MiB, 49140 MiB, 343.29 W, 69
2026/08/14 04:37:27.487, NVIDIA GeForce RTX 4090, 37 %, 13 %, 19206 MiB, 49140 MiB, 290.34 W, 61
2026/08/14 04:37:28.487, NVIDIA GeForce RTX 4090, 35 %, 12 %, 19206 MiB, 49140 MiB, 272.90 W, 61
2026/08/14 04:37:29.487, NVIDIA GeForce RTX 4090, 63 %, 21 %, 19206 MiB, 49140 MiB, 285.77 W, 63
2026/08/14 04:37:30.487, NVIDIA GeForce RTX 4090, 61 %, 35 %, 19206 MiB, 49140 MiB, 289.09 W, 62
2026/08/14 04:37:31.488, NVIDIA GeForce RTX 4090, 94 %, 51 %, 19206 MiB, 49140 MiB, 303.74 W, 69
2026/08/14 04:37:32.488, NVIDIA GeForce RTX 4090, 47 %, 18 %, 19206 MiB, 49140 MiB, 300.64 W, 63
2026/08/14 04:37:33.488, NVIDIA GeForce RTX 4090, 41 %, 15 %, 19206 MiB, 49140 MiB, 284.52 W, 61
2026/08/14 04:37:34.489, NVIDIA GeForce RTX 4090, 40 %, 13 %, 19206 MiB, 49140 MiB, 278.07 W, 61
2026/08/14 04:37:35.489, NVIDIA GeForce RTX 4090, 52 %, 21 %, 19206 MiB, 49140 MiB, 280.69 W, 61
2026/08/14 04:37:36.489, NVIDIA GeForce RTX 4090, 61 %, 26 %, 19206 MiB, 49140 MiB, 278.25 W, 62
2026/08/14 04:37:37.490, NVIDIA GeForce RTX 4090, 72 %, 43 %, 19206 MiB, 49140 MiB, 284.68 W, 65
2026/08/14 04:37:38.490, NVIDIA GeForce RTX 4090, 78 %, 34 %, 19206 MiB, 49140 MiB, 310.70 W, 69
2026/08/14 04:37:39.490, NVIDIA GeForce RTX 4090, 37 %, 13 %, 19206 MiB, 49140 MiB, 298.03 W, 61
2026/08/14 04:37:40.490, NVIDIA GeForce RTX 4090, 100 %, 53 %, 19206 MiB, 49140 MiB, 352.23 W, 71
2026/08/14 04:37:41.491, NVIDIA GeForce RTX 4090, 0 %, 0 %, 19206 MiB, 49140 MiB, 143.29 W, 57
2026/08/14 04:37:42.491, NVIDIA GeForce RTX 4090, 78 %, 37 %, 19206 MiB, 49140 MiB, 121.77 W, 61
2026/08/14 04:37:43.491, NVIDIA GeForce RTX 4090, 53 %, 25 %, 19206 MiB, 49140 MiB, 300.54 W, 62
2026/08/14 04:37:44.491, NVIDIA GeForce RTX 4090, 35 %, 12 %, 19206 MiB, 49140 MiB, 279.73 W, 61
2026/08/14 04:37:45.491, NVIDIA GeForce RTX 4090, 44 %, 15 %, 19206 MiB, 49140 MiB, 279.55 W, 61
2026/08/14 04:37:46.492, NVIDIA GeForce RTX 4090, 52 %, 20 %, 19206 MiB, 49140 MiB, 278.89 W, 61
2026/08/14 04:37:47.492, NVIDIA GeForce RTX 4090, 74 %, 42 %, 19206 MiB, 49140 MiB, 290.55 W, 65
2026/08/14 04:37:48.492, NVIDIA GeForce RTX 4090, 90 %, 48 %, 19206 MiB, 49140 MiB, 305.84 W, 69
2026/08/14 04:37:49.493, NVIDIA GeForce RTX 4090, 45 %, 16 %, 19206 MiB, 49140 MiB, 294.71 W, 63
2026/08/14 04:37:50.493, NVIDIA GeForce RTX 4090, 25 %, 9 %, 19206 MiB, 49140 MiB, 277.79 W, 60
2026/08/14 04:37:51.493, NVIDIA GeForce RTX 4090, 40 %, 13 %, 19206 MiB, 49140 MiB, 281.98 W, 61
2026/08/14 04:37:52.493, NVIDIA GeForce RTX 4090, 49 %, 21 %, 19206 MiB, 49140 MiB, 280.65 W, 62
2026/08/14 04:37:53.494, NVIDIA GeForce RTX 4090, 74 %, 42 %, 19206 MiB, 49140 MiB, 289.89 W, 66
2026/08/14 04:37:54.494, NVIDIA GeForce RTX 4090, 90 %, 48 %, 19206 MiB, 49140 MiB, 302.71 W, 70
2026/08/14 04:37:55.494, NVIDIA GeForce RTX 4090, 44 %, 19 %, 19206 MiB, 49140 MiB, 291.43 W, 64
2026/08/14 04:37:56.494, NVIDIA GeForce RTX 4090, 35 %, 12 %, 19206 MiB, 49140 MiB, 287.41 W, 62
2026/08/14 04:37:57.495, NVIDIA GeForce RTX 4090, 54 %, 18 %, 19206 MiB, 49140 MiB, 286.57 W, 62
2026/08/14 04:37:58.495, NVIDIA GeForce RTX 4090, 72 %, 42 %, 19206 MiB, 49140 MiB, 305.77 W, 67
2026/08/14 04:37:59.495, NVIDIA GeForce RTX 4090, 35 %, 13 %, 19206 MiB, 49140 MiB, 317.50 W, 62
2026/08/14 04:38:00.496, NVIDIA GeForce RTX 4090, 38 %, 13 %, 19206 MiB, 49140 MiB, 276.99 W, 61
2026/08/14 04:38:01.496, NVIDIA GeForce RTX 4090, 40 %, 14 %, 19206 MiB, 49140 MiB, 279.57 W, 61
2026/08/14 04:38:02.496, NVIDIA GeForce RTX 4090, 51 %, 25 %, 19206 MiB, 49140 MiB, 280.58 W, 62
2026/08/14 04:38:03.497, NVIDIA GeForce RTX 4090, 73 %, 44 %, 19206 MiB, 49140 MiB, 290.29 W, 68
2026/08/14 04:38:04.497, NVIDIA GeForce RTX 4090, 84 %, 44 %, 19206 MiB, 49140 MiB, 292.28 W, 69
2026/08/14 04:38:05.497, NVIDIA GeForce RTX 4090, 48 %, 18 %, 19206 MiB, 49140 MiB, 295.08 W, 63
2026/08/14 04:38:06.497, NVIDIA GeForce RTX 4090, 36 %, 13 %, 19206 MiB, 49140 MiB, 277.68 W, 61
2026/08/14 04:38:07.498, NVIDIA GeForce RTX 4090, 34 %, 11 %, 19206 MiB, 49140 MiB, 266.95 W, 61
2026/08/14 04:38:08.498, NVIDIA GeForce RTX 4090, 36 %, 12 %, 19206 MiB, 49140 MiB, 263.94 W, 61
2026/08/14 04:38:09.498, NVIDIA GeForce RTX 4090, 52 %, 26 %, 19206 MiB, 49140 MiB, 287.34 W, 62
2026/08/14 04:38:10.499, NVIDIA GeForce RTX 4090, 87 %, 46 %, 19206 MiB, 49140 MiB, 314.92 W, 68
2026/08/14 04:38:11.499, NVIDIA GeForce RTX 4090, 41 %, 15 %, 19206 MiB, 49140 MiB, 298.13 W, 64
2026/08/14 04:38:12.499, NVIDIA GeForce RTX 4090, 36 %, 13 %, 19206 MiB, 49140 MiB, 276.21 W, 62
2026/08/14 04:38:13.499, NVIDIA GeForce RTX 4090, 41 %, 14 %, 19206 MiB, 49140 MiB, 273.68 W, 61
2026/08/14 04:38:14.500, NVIDIA GeForce RTX 4090, 45 %, 21 %, 19206 MiB, 49140 MiB, 285.55 W, 62
2026/08/14 04:38:15.500, NVIDIA GeForce RTX 4090, 73 %, 44 %, 19206 MiB, 49140 MiB, 290.97 W, 69
2026/08/14 04:38:16.500, NVIDIA GeForce RTX 4090, 61 %, 29 %, 19206 MiB, 49140 MiB, 297.16 W, 66
2026/08/14 04:38:17.500, NVIDIA GeForce RTX 4090, 38 %, 13 %, 19206 MiB, 49140 MiB, 282.73 W, 62
2026/08/14 04:38:18.501, NVIDIA GeForce RTX 4090, 29 %, 10 %, 19206 MiB, 49140 MiB, 280.21 W, 62
2026/08/14 04:38:19.501, NVIDIA GeForce RTX 4090, 44 %, 17 %, 19206 MiB, 49140 MiB, 277.65 W, 62
2026/08/14 04:38:20.501, NVIDIA GeForce RTX 4090, 74 %, 42 %, 19206 MiB, 49140 MiB, 296.60 W, 70
2026/08/14 04:38:21.502, NVIDIA GeForce RTX 4090, 89 %, 47 %, 19206 MiB, 49140 MiB, 301.75 W, 68
2026/08/14 04:38:22.502, NVIDIA GeForce RTX 4090, 51 %, 18 %, 19206 MiB, 49140 MiB, 297.82 W, 63
2026/08/14 04:38:23.502, NVIDIA GeForce RTX 4090, 35 %, 12 %, 19206 MiB, 49140 MiB, 288.80 W, 62
2026/08/14 04:38:24.502, NVIDIA GeForce RTX 4090, 44 %, 17 %, 19206 MiB, 49140 MiB, 278.73 W, 62
2026/08/14 04:38:25.503, NVIDIA GeForce RTX 4090, 92 %, 49 %, 19206 MiB, 49140 MiB, 377.70 W, 70
2026/08/14 04:38:26.503, NVIDIA GeForce RTX 4090, 39 %, 14 %, 19206 MiB, 49140 MiB, 312.12 W, 63
2026/08/14 04:38:27.503, NVIDIA GeForce RTX 4090, 46 %, 17 %, 19206 MiB, 49140 MiB, 285.83 W, 63
2026/08/14 04:38:28.503, NVIDIA GeForce RTX 4090, 75 %, 42 %, 19206 MiB, 49140 MiB, 295.29 W, 68
2026/08/14 04:38:29.503, NVIDIA GeForce RTX 4090, 57 %, 30 %, 19206 MiB, 49140 MiB, 311.25 W, 65
2026/08/14 04:38:30.503, NVIDIA GeForce RTX 4090, 35 %, 12 %, 19206 MiB, 49140 MiB, 288.12 W, 62
2026/08/14 04:38:31.503, NVIDIA GeForce RTX 4090, 37 %, 13 %, 19206 MiB, 49140 MiB, 274.39 W, 62
2026/08/14 04:38:32.504, NVIDIA GeForce RTX 4090, 39 %, 15 %, 19206 MiB, 49140 MiB, 287.31 W, 63
2026/08/14 04:38:33.504, NVIDIA GeForce RTX 4090, 60 %, 32 %, 19206 MiB, 49140 MiB, 286.17 W, 70
2026/08/14 04:38:34.504, NVIDIA GeForce RTX 4090, 94 %, 56 %, 19206 MiB, 49140 MiB, 305.51 W, 67
2026/08/14 04:38:35.504, NVIDIA GeForce RTX 4090, 56 %, 26 %, 19206 MiB, 49140 MiB, 302.17 W, 63
2026/08/14 04:38:36.504, NVIDIA GeForce RTX 4090, 33 %, 12 %, 19206 MiB, 49140 MiB, 286.27 W, 62
2026/08/14 04:38:37.504, NVIDIA GeForce RTX 4090, 43 %, 14 %, 19206 MiB, 49140 MiB, 274.82 W, 63
2026/08/14 04:38:38.505, NVIDIA GeForce RTX 4090, 47 %, 21 %, 19206 MiB, 49140 MiB, 290.04 W, 70
2026/08/14 04:38:39.505, NVIDIA GeForce RTX 4090, 74 %, 45 %, 19206 MiB, 49140 MiB, 292.71 W, 70
2026/08/14 04:38:40.505, NVIDIA GeForce RTX 4090, 57 %, 30 %, 19206 MiB, 49140 MiB, 301.28 W, 66
2026/08/14 04:38:41.506, NVIDIA GeForce RTX 4090, 26 %, 9 %, 19206 MiB, 49140 MiB, 284.45 W, 62
2026/08/14 04:38:42.506, NVIDIA GeForce RTX 4090, 38 %, 13 %, 19206 MiB, 49140 MiB, 275.21 W, 63
2026/08/14 04:38:43.506, NVIDIA GeForce RTX 4090, 38 %, 14 %, 19206 MiB, 49140 MiB, 277.85 W, 64
2026/08/14 04:38:44.506, NVIDIA GeForce RTX 4090, 75 %, 43 %, 19206 MiB, 49140 MiB, 309.00 W, 69
2026/08/14 04:38:45.507, NVIDIA GeForce RTX 4090, 57 %, 30 %, 19206 MiB, 49140 MiB, 311.29 W, 66
2026/08/14 04:38:46.507, NVIDIA GeForce RTX 4090, 22 %, 8 %, 19206 MiB, 49140 MiB, 287.50 W, 62
2026/08/14 04:38:47.507, NVIDIA GeForce RTX 4090, 35 %, 13 %, 19206 MiB, 49140 MiB, 269.88 W, 62
2026/08/14 04:38:48.507, NVIDIA GeForce RTX 4090, 60 %, 21 %, 19206 MiB, 49140 MiB, 282.52 W, 64
2026/08/14 04:38:49.507, NVIDIA GeForce RTX 4090, 48 %, 21 %, 19206 MiB, 49140 MiB, 290.32 W, 69
2026/08/14 04:38:50.508, NVIDIA GeForce RTX 4090, 74 %, 42 %, 19206 MiB, 49140 MiB, 283.76 W, 68
2026/08/14 04:38:51.508, NVIDIA GeForce RTX 4090, 60 %, 31 %, 19206 MiB, 49140 MiB, 308.93 W, 66
2026/08/14 04:38:52.508, NVIDIA GeForce RTX 4090, 26 %, 9 %, 19206 MiB, 49140 MiB, 286.23 W, 61
2026/08/14 04:38:53.508, NVIDIA GeForce RTX 4090, 35 %, 12 %, 19206 MiB, 49140 MiB, 274.32 W, 63
2026/08/14 04:38:54.508, NVIDIA GeForce RTX 4090, 40 %, 14 %, 19206 MiB, 49140 MiB, 279.13 W, 64
2026/08/14 04:38:55.509, NVIDIA GeForce RTX 4090, 52 %, 20 %, 19206 MiB, 49140 MiB, 275.64 W, 67
2026/08/14 04:38:56.509, NVIDIA GeForce RTX 4090, 74 %, 40 %, 19206 MiB, 49140 MiB, 292.04 W, 68
2026/08/14 04:38:57.509, NVIDIA GeForce RTX 4090, 89 %, 47 %, 19206 MiB, 49140 MiB, 309.68 W, 70
2026/08/14 04:38:58.509, NVIDIA GeForce RTX 4090, 57 %, 21 %, 19206 MiB, 49140 MiB, 289.70 W, 63
2026/08/14 04:38:59.510, NVIDIA GeForce RTX 4090, 45 %, 16 %, 19206 MiB, 49140 MiB, 282.42 W, 63
2026/08/14 04:39:00.510, NVIDIA GeForce RTX 4090, 44 %, 15 %, 19206 MiB, 49140 MiB, 278.23 W, 64
2026/08/14 04:39:01.510, NVIDIA GeForce RTX 4090, 50 %, 20 %, 19206 MiB, 49140 MiB, 283.35 W, 69
2026/08/14 04:39:02.583, NVIDIA GeForce RTX 4090, 74 %, 43 %, 19206 MiB, 49140 MiB, 304.08 W, 71
2026/08/14 04:39:03.583, NVIDIA GeForce RTX 4090, 60 %, 34 %, 19206 MiB, 49140 MiB, 302.56 W, 67
2026/08/14 04:39:04.584, NVIDIA GeForce RTX 4090, 37 %, 13 %, 19206 MiB, 49140 MiB, 285.63 W, 64
2026/08/14 04:39:05.584, NVIDIA GeForce RTX 4090, 32 %, 11 %, 19206 MiB, 49140 MiB, 277.58 W, 62
2026/08/14 04:39:06.584, NVIDIA GeForce RTX 4090, 39 %, 13 %, 19206 MiB, 49140 MiB, 276.65 W, 65
2026/08/14 04:39:07.585, NVIDIA GeForce RTX 4090, 52 %, 20 %, 19206 MiB, 49140 MiB, 274.10 W, 69
2026/08/14 04:39:08.585, NVIDIA GeForce RTX 4090, 0 %, 0 %, 19206 MiB, 49140 MiB, 332.08 W, 60
2026/08/14 04:39:09.585, NVIDIA GeForce RTX 4090, 0 %, 0 %, 19206 MiB, 49140 MiB, 109.23 W, 57
2026/08/14 04:39:10.585, NVIDIA GeForce RTX 4090, 77 %, 36 %, 19206 MiB, 49140 MiB, 148.35 W, 63
2026/08/14 04:39:11.586, NVIDIA GeForce RTX 4090, 33 %, 12 %, 19206 MiB, 49140 MiB, 271.63 W, 63
2026/08/14 04:39:12.586, NVIDIA GeForce RTX 4090, 37 %, 14 %, 19206 MiB, 49140 MiB, 266.59 W, 61
2026/08/14 04:39:13.586, NVIDIA GeForce RTX 4090, 43 %, 15 %, 19206 MiB, 49140 MiB, 279.14 W, 63
2026/08/14 04:39:14.586, NVIDIA GeForce RTX 4090, 51 %, 20 %, 19206 MiB, 49140 MiB, 285.23 W, 69
2026/08/14 04:39:15.587, NVIDIA GeForce RTX 4090, 94 %, 52 %, 19206 MiB, 49140 MiB, 315.78 W, 69
2026/08/14 04:39:16.587, NVIDIA GeForce RTX 4090, 55 %, 26 %, 19206 MiB, 49140 MiB, 299.43 W, 64
2026/08/14 04:39:17.587, NVIDIA GeForce RTX 4090, 51 %, 18 %, 19206 MiB, 49140 MiB, 284.51 W, 62
2026/08/14 04:39:18.587, NVIDIA GeForce RTX 4090, 68 %, 25 %, 19206 MiB, 49140 MiB, 295.68 W, 69
2026/08/14 04:39:19.587, NVIDIA GeForce RTX 4090, 93 %, 50 %, 19206 MiB, 49140 MiB, 320.41 W, 69
2026/08/14 04:39:20.588, NVIDIA GeForce RTX 4090, 55 %, 22 %, 19206 MiB, 49140 MiB, 305.21 W, 64
2026/08/14 04:39:21.588, NVIDIA GeForce RTX 4090, 34 %, 12 %, 19206 MiB, 49140 MiB, 279.33 W, 61
2026/08/14 04:39:22.588, NVIDIA GeForce RTX 4090, 45 %, 16 %, 19206 MiB, 49140 MiB, 271.88 W, 64
2026/08/14 04:39:23.589, NVIDIA GeForce RTX 4090, 39 %, 12 %, 19206 MiB, 49140 MiB, 272.50 W, 66
2026/08/14 04:39:24.589, NVIDIA GeForce RTX 4090, 47 %, 20 %, 19206 MiB, 49140 MiB, 280.71 W, 69
2026/08/14 04:39:25.589, NVIDIA GeForce RTX 4090, 76 %, 43 %, 19206 MiB, 49140 MiB, 295.46 W, 68
2026/08/14 04:39:26.589, NVIDIA GeForce RTX 4090, 85 %, 42 %, 19206 MiB, 49140 MiB, 310.40 W, 66
2026/08/14 04:39:27.590, NVIDIA GeForce RTX 4090, 39 %, 14 %, 19206 MiB, 49140 MiB, 291.53 W, 64
2026/08/14 04:39:28.590, NVIDIA GeForce RTX 4090, 42 %, 14 %, 19206 MiB, 49140 MiB, 271.24 W, 63
2026/08/14 04:39:29.590, NVIDIA GeForce RTX 4090, 47 %, 17 %, 19206 MiB, 49140 MiB, 283.32 W, 65
2026/08/14 04:39:30.590, NVIDIA GeForce RTX 4090, 47 %, 19 %, 19206 MiB, 49140 MiB, 277.36 W, 68
2026/08/14 04:39:31.591, NVIDIA GeForce RTX 4090, 74 %, 41 %, 19206 MiB, 49140 MiB, 291.73 W, 68
2026/08/14 04:39:32.591, NVIDIA GeForce RTX 4090, 95 %, 52 %, 19206 MiB, 49140 MiB, 296.77 W, 69
2026/08/14 04:39:33.591, NVIDIA GeForce RTX 4090, 47 %, 17 %, 19206 MiB, 49140 MiB, 294.46 W, 64
2026/08/14 04:39:34.592, NVIDIA GeForce RTX 4090, 45 %, 15 %, 19206 MiB, 49140 MiB, 284.20 W, 67
2026/08/14 04:39:35.592, NVIDIA GeForce RTX 4090, 57 %, 22 %, 19206 MiB, 49140 MiB, 282.96 W, 68
2026/08/14 04:39:36.592, NVIDIA GeForce RTX 4090, 74 %, 41 %, 19206 MiB, 49140 MiB, 292.02 W, 68
2026/08/14 04:39:37.593, NVIDIA GeForce RTX 4090, 93 %, 54 %, 19206 MiB, 49140 MiB, 308.35 W, 68
2026/08/14 04:39:38.593, NVIDIA GeForce RTX 4090, 55 %, 24 %, 19206 MiB, 49140 MiB, 297.47 W, 65
2026/08/14 04:39:39.593, NVIDIA GeForce RTX 4090, 48 %, 17 %, 19206 MiB, 49140 MiB, 278.48 W, 69
2026/08/14 04:39:40.594, NVIDIA GeForce RTX 4090, 39 %, 13 %, 19206 MiB, 49140 MiB, 289.92 W, 69
2026/08/14 04:39:41.594, NVIDIA GeForce RTX 4090, 47 %, 18 %, 19206 MiB, 49140 MiB, 283.07 W, 68
2026/08/14 04:39:42.594, NVIDIA GeForce RTX 4090, 97 %, 54 %, 19206 MiB, 49140 MiB, 311.31 W, 69
2026/08/14 04:39:43.594, NVIDIA GeForce RTX 4090, 57 %, 26 %, 19206 MiB, 49140 MiB, 291.04 W, 65
2026/08/14 04:39:44.595, NVIDIA GeForce RTX 4090, 25 %, 9 %, 19206 MiB, 49140 MiB, 277.93 W, 65
2026/08/14 04:39:45.595, NVIDIA GeForce RTX 4090, 44 %, 15 %, 19206 MiB, 49140 MiB, 279.51 W, 68
2026/08/14 04:39:46.595, NVIDIA GeForce RTX 4090, 52 %, 19 %, 19206 MiB, 49140 MiB, 282.15 W, 68
2026/08/14 04:39:47.596, NVIDIA GeForce RTX 4090, 76 %, 40 %, 19206 MiB, 49140 MiB, 294.27 W, 68
2026/08/14 04:39:48.596, NVIDIA GeForce RTX 4090, 71 %, 39 %, 19206 MiB, 49140 MiB, 301.12 W, 67
2026/08/14 04:39:49.596, NVIDIA GeForce RTX 4090, 77 %, 38 %, 19206 MiB, 49140 MiB, 291.67 W, 70
2026/08/14 04:39:50.596, NVIDIA GeForce RTX 4090, 44 %, 16 %, 19206 MiB, 49140 MiB, 280.01 W, 65
2026/08/14 04:39:51.597, NVIDIA GeForce RTX 4090, 42 %, 14 %, 19206 MiB, 49140 MiB, 277.34 W, 67
2026/08/14 04:39:52.597, NVIDIA GeForce RTX 4090, 51 %, 17 %, 19206 MiB, 49140 MiB, 280.72 W, 68
2026/08/14 04:39:53.597, NVIDIA GeForce RTX 4090, 90 %, 48 %, 19206 MiB, 49140 MiB, 379.24 W, 71
2026/08/14 04:39:54.597, NVIDIA GeForce RTX 4090, 57 %, 27 %, 19206 MiB, 49140 MiB, 293.83 W, 67
2026/08/14 04:39:55.598, NVIDIA GeForce RTX 4090, 42 %, 15 %, 19206 MiB, 49140 MiB, 286.99 W, 69
2026/08/14 04:39:56.598, NVIDIA GeForce RTX 4090, 58 %, 22 %, 19206 MiB, 49140 MiB, 283.59 W, 69
2026/08/14 04:39:57.598, NVIDIA GeForce RTX 4090, 74 %, 39 %, 19206 MiB, 49140 MiB, 292.66 W, 69
2026/08/14 04:39:58.598, NVIDIA GeForce RTX 4090, 93 %, 55 %, 19206 MiB, 49140 MiB, 305.66 W, 67
2026/08/14 04:39:59.599, NVIDIA GeForce RTX 4090, 34 %, 13 %, 19206 MiB, 49140 MiB, 299.51 W, 65
2026/08/14 04:40:00.599, NVIDIA GeForce RTX 4090, 44 %, 16 %, 19206 MiB, 49140 MiB, 273.61 W, 68
2026/08/14 04:40:01.599, NVIDIA GeForce RTX 4090, 48 %, 17 %, 19206 MiB, 49140 MiB, 287.54 W, 68
2026/08/14 04:40:02.599, NVIDIA GeForce RTX 4090, 74 %, 39 %, 19206 MiB, 49140 MiB, 297.75 W, 69
2026/08/14 04:40:03.599, NVIDIA GeForce RTX 4090, 99 %, 59 %, 19206 MiB, 49140 MiB, 297.24 W, 68
2026/08/14 04:40:04.600, NVIDIA GeForce RTX 4090, 57 %, 29 %, 19206 MiB, 49140 MiB, 290.72 W, 64
2026/08/14 04:40:05.600, NVIDIA GeForce RTX 4090, 38 %, 15 %, 19206 MiB, 49140 MiB, 274.74 W, 64
2026/08/14 04:40:06.600, NVIDIA GeForce RTX 4090, 45 %, 16 %, 19206 MiB, 49140 MiB, 271.31 W, 68
2026/08/14 04:40:07.600, NVIDIA GeForce RTX 4090, 39 %, 13 %, 19206 MiB, 49140 MiB, 279.05 W, 69
2026/08/14 04:40:08.600, NVIDIA GeForce RTX 4090, 81 %, 36 %, 19206 MiB, 49140 MiB, 297.30 W, 69
2026/08/14 04:40:09.601, NVIDIA GeForce RTX 4090, 99 %, 59 %, 19206 MiB, 49140 MiB, 311.86 W, 68
2026/08/14 04:40:10.601, NVIDIA GeForce RTX 4090, 62 %, 30 %, 19206 MiB, 49140 MiB, 298.18 W, 66
2026/08/14 04:40:11.601, NVIDIA GeForce RTX 4090, 46 %, 18 %, 19206 MiB, 49140 MiB, 275.39 W, 69
2026/08/14 04:40:12.601, NVIDIA GeForce RTX 4090, 44 %, 15 %, 19206 MiB, 49140 MiB, 282.52 W, 69
2026/08/14 04:40:13.602, NVIDIA GeForce RTX 4090, 51 %, 18 %, 19206 MiB, 49140 MiB, 283.15 W, 69
2026/08/14 04:40:14.602, NVIDIA GeForce RTX 4090, 99 %, 60 %, 19206 MiB, 49140 MiB, 319.01 W, 67
2026/08/14 04:40:15.602, NVIDIA GeForce RTX 4090, 52 %, 25 %, 19206 MiB, 49140 MiB, 309.02 W, 64
2026/08/14 04:40:16.602, NVIDIA GeForce RTX 4090, 43 %, 15 %, 19206 MiB, 49140 MiB, 281.55 W, 64
2026/08/14 04:40:17.602, NVIDIA GeForce RTX 4090, 51 %, 18 %, 19206 MiB, 49140 MiB, 273.43 W, 69
2026/08/14 04:40:18.602, NVIDIA GeForce RTX 4090, 51 %, 19 %, 19206 MiB, 49140 MiB, 282.06 W, 69
2026/08/14 04:40:19.602, NVIDIA GeForce RTX 4090, 73 %, 37 %, 19206 MiB, 49140 MiB, 290.73 W, 68
2026/08/14 04:40:20.603, NVIDIA GeForce RTX 4090, 97 %, 59 %, 19206 MiB, 49140 MiB, 298.73 W, 67
2026/08/14 04:40:21.603, NVIDIA GeForce RTX 4090, 61 %, 31 %, 19206 MiB, 49140 MiB, 303.89 W, 68
2026/08/14 04:40:22.603, NVIDIA GeForce RTX 4090, 39 %, 14 %, 19206 MiB, 49140 MiB, 285.02 W, 67
2026/08/14 04:40:23.603, NVIDIA GeForce RTX 4090, 38 %, 14 %, 19206 MiB, 49140 MiB, 275.37 W, 68
2026/08/14 04:40:24.603, NVIDIA GeForce RTX 4090, 47 %, 15 %, 19206 MiB, 49140 MiB, 271.51 W, 67
2026/08/14 04:40:25.683, NVIDIA GeForce RTX 4090, 48 %, 18 %, 19206 MiB, 49140 MiB, 274.65 W, 67
2026/08/14 04:40:26.683, NVIDIA GeForce RTX 4090, 55 %, 22 %, 19206 MiB, 49140 MiB, 282.00 W, 66
2026/08/14 04:40:27.684, NVIDIA GeForce RTX 4090, 93 %, 56 %, 19206 MiB, 49140 MiB, 305.06 W, 67
2026/08/14 04:40:28.684, NVIDIA GeForce RTX 4090, 37 %, 14 %, 19206 MiB, 49140 MiB, 310.40 W, 68
2026/08/14 04:40:29.684, NVIDIA GeForce RTX 4090, 34 %, 12 %, 19206 MiB, 49140 MiB, 275.35 W, 68
2026/08/14 04:40:30.684, NVIDIA GeForce RTX 4090, 34 %, 11 %, 19206 MiB, 49140 MiB, 279.87 W, 67
2026/08/14 04:40:31.684, NVIDIA GeForce RTX 4090, 70 %, 26 %, 19206 MiB, 49140 MiB, 280.03 W, 67
2026/08/14 04:40:32.685, NVIDIA GeForce RTX 4090, 93 %, 57 %, 19206 MiB, 49140 MiB, 316.71 W, 66
2026/08/14 04:40:33.685, NVIDIA GeForce RTX 4090, 77 %, 39 %, 19206 MiB, 49140 MiB, 305.95 W, 70
2026/08/14 04:40:34.685, NVIDIA GeForce RTX 4090, 37 %, 13 %, 19206 MiB, 49140 MiB, 297.59 W, 69
2026/08/14 04:40:35.685, NVIDIA GeForce RTX 4090, 35 %, 12 %, 19206 MiB, 49140 MiB, 274.85 W, 66
2026/08/14 04:40:36.686, NVIDIA GeForce RTX 4090, 75 %, 40 %, 19206 MiB, 49140 MiB, 352.51 W, 62
2026/08/14 04:40:37.686, NVIDIA GeForce RTX 4090, 0 %, 0 %, 19206 MiB, 49140 MiB, 131.71 W, 57
2026/08/14 04:40:38.686, NVIDIA GeForce RTX 4090, 91 %, 46 %, 19206 MiB, 49140 MiB, 130.34 W, 65
2026/08/14 04:40:39.686, NVIDIA GeForce RTX 4090, 89 %, 49 %, 19206 MiB, 49140 MiB, 278.95 W, 69
2026/08/14 04:40:40.686, NVIDIA GeForce RTX 4090, 38 %, 15 %, 19206 MiB, 49140 MiB, 284.71 W, 65
2026/08/14 04:40:41.686, NVIDIA GeForce RTX 4090, 17 %, 6 %, 19206 MiB, 49140 MiB, 267.94 W, 63
2026/08/14 04:40:42.686, NVIDIA GeForce RTX 4090, 29 %, 10 %, 19206 MiB, 49140 MiB, 260.27 W, 64
2026/08/14 04:40:43.687, NVIDIA GeForce RTX 4090, 36 %, 13 %, 19206 MiB, 49140 MiB, 264.45 W, 65
2026/08/14 04:40:44.687, NVIDIA GeForce RTX 4090, 35 %, 12 %, 19206 MiB, 49140 MiB, 274.23 W, 65
2026/08/14 04:40:45.687, NVIDIA GeForce RTX 4090, 41 %, 14 %, 19206 MiB, 49140 MiB, 269.37 W, 65
2026/08/14 04:40:46.687, NVIDIA GeForce RTX 4090, 45 %, 16 %, 19206 MiB, 49140 MiB, 269.45 W, 66
2026/08/14 04:40:47.687, NVIDIA GeForce RTX 4090, 43 %, 15 %, 19206 MiB, 49140 MiB, 264.26 W, 66
2026/08/14 04:40:48.687, NVIDIA GeForce RTX 4090, 25 %, 8 %, 19206 MiB, 49140 MiB, 257.64 W, 64
2026/08/14 04:40:49.688, NVIDIA GeForce RTX 4090, 62 %, 23 %, 19206 MiB, 49140 MiB, 270.44 W, 66
2026/08/14 04:40:50.688, NVIDIA GeForce RTX 4090, 34 %, 19 %, 19206 MiB, 49140 MiB, 301.11 W, 65
2026/08/14 04:40:51.688, NVIDIA GeForce RTX 4090, 61 %, 33 %, 19206 MiB, 49140 MiB, 300.24 W, 67
2026/08/14 04:40:52.689, NVIDIA GeForce RTX 4090, 27 %, 11 %, 19206 MiB, 49140 MiB, 276.46 W, 66
2026/08/14 04:40:53.689, NVIDIA GeForce RTX 4090, 32 %, 11 %, 19206 MiB, 49140 MiB, 271.55 W, 65
2026/08/14 04:40:54.689, NVIDIA GeForce RTX 4090, 35 %, 12 %, 19206 MiB, 49140 MiB, 277.09 W, 66
2026/08/14 04:40:55.689, NVIDIA GeForce RTX 4090, 53 %, 21 %, 19206 MiB, 49140 MiB, 291.81 W, 66
2026/08/14 04:40:56.690, NVIDIA GeForce RTX 4090, 86 %, 53 %, 19206 MiB, 49140 MiB, 299.83 W, 69
2026/08/14 04:40:57.690, NVIDIA GeForce RTX 4090, 64 %, 34 %, 19206 MiB, 49140 MiB, 300.56 W, 67
2026/08/14 04:40:58.690, NVIDIA GeForce RTX 4090, 34 %, 13 %, 19206 MiB, 49140 MiB, 286.09 W, 65
2026/08/14 04:40:59.690, NVIDIA GeForce RTX 4090, 37 %, 13 %, 19206 MiB, 49140 MiB, 272.26 W, 66
2026/08/14 04:41:00.690, NVIDIA GeForce RTX 4090, 40 %, 13 %, 19206 MiB, 49140 MiB, 277.26 W, 65
2026/08/14 04:41:01.690, NVIDIA GeForce RTX 4090, 40 %, 15 %, 19206 MiB, 49140 MiB, 273.30 W, 65
2026/08/14 04:41:02.691, NVIDIA GeForce RTX 4090, 67 %, 32 %, 19206 MiB, 49140 MiB, 281.25 W, 66
2026/08/14 04:41:03.691, NVIDIA GeForce RTX 4090, 70 %, 36 %, 19206 MiB, 49140 MiB, 309.72 W, 63
2026/08/14 04:41:04.691, NVIDIA GeForce RTX 4090, 34 %, 14 %, 19206 MiB, 49140 MiB, 285.42 W, 65
2026/08/14 04:41:05.692, NVIDIA GeForce RTX 4090, 35 %, 13 %, 19206 MiB, 49140 MiB, 271.80 W, 65
2026/08/14 04:41:06.692, NVIDIA GeForce RTX 4090, 37 %, 13 %, 19206 MiB, 49140 MiB, 276.80 W, 65
2026/08/14 04:41:07.692, NVIDIA GeForce RTX 4090, 44 %, 16 %, 19206 MiB, 49140 MiB, 279.67 W, 65
2026/08/14 04:41:08.693, NVIDIA GeForce RTX 4090, 42 %, 16 %, 19206 MiB, 49140 MiB, 277.63 W, 64
2026/08/14 04:41:09.693, NVIDIA GeForce RTX 4090, 97 %, 57 %, 19206 MiB, 49140 MiB, 298.69 W, 67
2026/08/14 04:41:10.693, NVIDIA GeForce RTX 4090, 79 %, 40 %, 19206 MiB, 49140 MiB, 296.56 W, 68
2026/08/14 04:41:11.693, NVIDIA GeForce RTX 4090, 39 %, 15 %, 19206 MiB, 49140 MiB, 283.57 W, 66
2026/08/14 04:41:12.694, NVIDIA GeForce RTX 4090, 33 %, 11 %, 19206 MiB, 49140 MiB, 273.62 W, 64
2026/08/14 04:41:13.694, NVIDIA GeForce RTX 4090, 35 %, 12 %, 19206 MiB, 49140 MiB, 277.57 W, 66
2026/08/14 04:41:14.694, NVIDIA GeForce RTX 4090, 40 %, 15 %, 19206 MiB, 49140 MiB, 281.74 W, 65
2026/08/14 04:41:15.694, NVIDIA GeForce RTX 4090, 67 %, 38 %, 19206 MiB, 49140 MiB, 295.92 W, 66
2026/08/14 04:41:16.695, NVIDIA GeForce RTX 4090, 76 %, 45 %, 19206 MiB, 49140 MiB, 292.41 W, 68
2026/08/14 04:41:17.695, NVIDIA GeForce RTX 4090, 43 %, 20 %, 19206 MiB, 49140 MiB, 298.24 W, 65
2026/08/14 04:41:18.695, NVIDIA GeForce RTX 4090, 36 %, 13 %, 19206 MiB, 49140 MiB, 283.48 W, 63
2026/08/14 04:41:19.695, NVIDIA GeForce RTX 4090, 37 %, 13 %, 19206 MiB, 49140 MiB, 274.95 W, 65
2026/08/14 04:41:20.696, NVIDIA GeForce RTX 4090, 44 %, 15 %, 19206 MiB, 49140 MiB, 281.51 W, 64
2026/08/14 04:41:21.696, NVIDIA GeForce RTX 4090, 68 %, 33 %, 19206 MiB, 49140 MiB, 300.25 W, 65
2026/08/14 04:41:22.696, NVIDIA GeForce RTX 4090, 75 %, 45 %, 19206 MiB, 49140 MiB, 309.11 W, 68
2026/08/14 04:41:23.696, NVIDIA GeForce RTX 4090, 31 %, 11 %, 19206 MiB, 49140 MiB, 355.51 W, 64
2026/08/14 04:41:24.697, NVIDIA GeForce RTX 4090, 37 %, 13 %, 19206 MiB, 49140 MiB, 279.27 W, 65
2026/08/14 04:41:25.697, NVIDIA GeForce RTX 4090, 41 %, 16 %, 19206 MiB, 49140 MiB, 292.77 W, 65
2026/08/14 04:41:26.697, NVIDIA GeForce RTX 4090, 74 %, 45 %, 19206 MiB, 49140 MiB, 317.87 W, 69
2026/08/14 04:41:27.697, NVIDIA GeForce RTX 4090, 73 %, 37 %, 19206 MiB, 49140 MiB, 295.39 W, 65
2026/08/14 04:41:28.698, NVIDIA GeForce RTX 4090, 34 %, 12 %, 19206 MiB, 49140 MiB, 283.58 W, 63
2026/08/14 04:41:29.698, NVIDIA GeForce RTX 4090, 26 %, 9 %, 19206 MiB, 49140 MiB, 272.45 W, 63
2026/08/14 04:41:30.698, NVIDIA GeForce RTX 4090, 60 %, 24 %, 19206 MiB, 49140 MiB, 277.30 W, 64
2026/08/14 04:41:31.698, NVIDIA GeForce RTX 4090, 87 %, 55 %, 19206 MiB, 49140 MiB, 308.27 W, 64
2026/08/14 04:41:32.698, NVIDIA GeForce RTX 4090, 55 %, 26 %, 19206 MiB, 49140 MiB, 297.46 W, 62
2026/08/14 04:41:33.699, NVIDIA GeForce RTX 4090, 42 %, 15 %, 19206 MiB, 49140 MiB, 286.09 W, 63
2026/08/14 04:41:34.699, NVIDIA GeForce RTX 4090, 38 %, 13 %, 19206 MiB, 49140 MiB, 277.14 W, 63
2026/08/14 04:41:35.699, NVIDIA GeForce RTX 4090, 45 %, 17 %, 19206 MiB, 49140 MiB, 282.67 W, 63
2026/08/14 04:41:36.699, NVIDIA GeForce RTX 4090, 77 %, 43 %, 19206 MiB, 49140 MiB, 295.35 W, 62
2026/08/14 04:41:37.699, NVIDIA GeForce RTX 4090, 83 %, 43 %, 19206 MiB, 49140 MiB, 299.03 W, 69
2026/08/14 04:41:38.699, NVIDIA GeForce RTX 4090, 22 %, 8 %, 19206 MiB, 49140 MiB, 289.54 W, 63
2026/08/14 04:41:39.700, NVIDIA GeForce RTX 4090, 37 %, 13 %, 19206 MiB, 49140 MiB, 273.85 W, 64
2026/08/14 04:41:40.700, NVIDIA GeForce RTX 4090, 37 %, 13 %, 19206 MiB, 49140 MiB, 270.97 W, 61
2026/08/14 04:41:41.700, NVIDIA GeForce RTX 4090, 49 %, 17 %, 19206 MiB, 49140 MiB, 286.08 W, 61
2026/08/14 04:41:42.700, NVIDIA GeForce RTX 4090, 72 %, 36 %, 19206 MiB, 49140 MiB, 291.19 W, 60
2026/08/14 04:41:43.700, NVIDIA GeForce RTX 4090, 73 %, 46 %, 19206 MiB, 49140 MiB, 297.29 W, 63
2026/08/14 04:41:44.700, NVIDIA GeForce RTX 4090, 81 %, 41 %, 19206 MiB, 49140 MiB, 294.94 W, 68
2026/08/14 04:41:45.701, NVIDIA GeForce RTX 4090, 42 %, 17 %, 19206 MiB, 49140 MiB, 286.71 W, 62
2026/08/14 04:41:46.701, NVIDIA GeForce RTX 4090, 28 %, 10 %, 19206 MiB, 49140 MiB, 278.14 W, 61
2026/08/14 04:41:47.701, NVIDIA GeForce RTX 4090, 49 %, 17 %, 19206 MiB, 49140 MiB, 281.63 W, 60
2026/08/14 04:41:48.701, NVIDIA GeForce RTX 4090, 89 %, 45 %, 19206 MiB, 49140 MiB, 287.72 W, 62
2026/08/14 04:41:49.701, NVIDIA GeForce RTX 4090, 80 %, 41 %, 19206 MiB, 49140 MiB, 320.45 W, 67
2026/08/14 04:41:50.702, NVIDIA GeForce RTX 4090, 37 %, 14 %, 19206 MiB, 49140 MiB, 295.37 W, 62
2026/08/14 04:41:51.702, NVIDIA GeForce RTX 4090, 43 %, 15 %, 19206 MiB, 49140 MiB, 281.87 W, 60
2026/08/14 04:41:52.702, NVIDIA GeForce RTX 4090, 79 %, 31 %, 19206 MiB, 49140 MiB, 290.00 W, 61
2026/08/14 04:41:53.702, NVIDIA GeForce RTX 4090, 90 %, 48 %, 19206 MiB, 49140 MiB, 324.55 W, 70
2026/08/14 04:41:54.702, NVIDIA GeForce RTX 4090, 41 %, 15 %, 19206 MiB, 49140 MiB, 302.34 W, 62
2026/08/14 04:41:55.702, NVIDIA GeForce RTX 4090, 42 %, 15 %, 19206 MiB, 49140 MiB, 271.38 W, 60
2026/08/14 04:41:56.703, NVIDIA GeForce RTX 4090, 39 %, 13 %, 19206 MiB, 49140 MiB, 270.64 W, 60
2026/08/14 04:41:57.703, NVIDIA GeForce RTX 4090, 49 %, 17 %, 19206 MiB, 49140 MiB, 273.12 W, 60
2026/08/14 04:41:58.703, NVIDIA GeForce RTX 4090, 62 %, 24 %, 19206 MiB, 49140 MiB, 278.07 W, 61
2026/08/14 04:41:59.703, NVIDIA GeForce RTX 4090, 76 %, 46 %, 19206 MiB, 49140 MiB, 292.49 W, 63
2026/08/14 04:42:00.703, NVIDIA GeForce RTX 4090, 87 %, 44 %, 19206 MiB, 49140 MiB, 302.75 W, 66
2026/08/14 04:42:01.703, NVIDIA GeForce RTX 4090, 35 %, 13 %, 19206 MiB, 49140 MiB, 289.31 W, 62
2026/08/14 04:42:02.703, NVIDIA GeForce RTX 4090, 18 %, 6 %, 19206 MiB, 49140 MiB, 265.15 W, 61
2026/08/14 04:42:03.703, NVIDIA GeForce RTX 4090, 39 %, 13 %, 19206 MiB, 49140 MiB, 269.24 W, 60
2026/08/14 04:42:04.704, NVIDIA GeForce RTX 4090, 51 %, 18 %, 19206 MiB, 49140 MiB, 273.31 W, 60
2026/08/14 04:42:05.704, NVIDIA GeForce RTX 4090, 65 %, 33 %, 19206 MiB, 49140 MiB, 288.51 W, 61
2026/08/14 04:42:06.704, NVIDIA GeForce RTX 4090, 0 %, 0 %, 19206 MiB, 49140 MiB, 318.73 W, 59
2026/08/14 04:42:07.704, NVIDIA GeForce RTX 4090, 0 %, 0 %, 19206 MiB, 49140 MiB, 107.77 W, 57
2026/08/14 04:42:08.705, NVIDIA GeForce RTX 4090, 76 %, 35 %, 19206 MiB, 49140 MiB, 155.77 W, 66
2026/08/14 04:42:09.705, NVIDIA GeForce RTX 4090, 47 %, 16 %, 19206 MiB, 49140 MiB, 287.67 W, 60
2026/08/14 04:42:10.705, NVIDIA GeForce RTX 4090, 63 %, 21 %, 19206 MiB, 49140 MiB, 281.46 W, 59
2026/08/14 04:42:11.705, NVIDIA GeForce RTX 4090, 63 %, 32 %, 19206 MiB, 49140 MiB, 296.14 W, 60
2026/08/14 04:42:12.706, NVIDIA GeForce RTX 4090, 68 %, 42 %, 19206 MiB, 49140 MiB, 292.07 W, 63
2026/08/14 04:42:13.706, NVIDIA GeForce RTX 4090, 52 %, 25 %, 19206 MiB, 49140 MiB, 302.73 W, 63
2026/08/14 04:42:14.706, NVIDIA GeForce RTX 4090, 35 %, 12 %, 19206 MiB, 49140 MiB, 284.21 W, 61
2026/08/14 04:42:15.706, NVIDIA GeForce RTX 4090, 39 %, 13 %, 19206 MiB, 49140 MiB, 279.93 W, 60
2026/08/14 04:42:16.707, NVIDIA GeForce RTX 4090, 57 %, 22 %, 19206 MiB, 49140 MiB, 280.35 W, 60
2026/08/14 04:42:17.707, NVIDIA GeForce RTX 4090, 59 %, 30 %, 19206 MiB, 49140 MiB, 277.29 W, 60
2026/08/14 04:42:18.707, NVIDIA GeForce RTX 4090, 93 %, 52 %, 19206 MiB, 49140 MiB, 313.30 W, 68
2026/08/14 04:42:19.707, NVIDIA GeForce RTX 4090, 38 %, 14 %, 19206 MiB, 49140 MiB, 302.99 W, 62
2026/08/14 04:42:20.708, NVIDIA GeForce RTX 4090, 46 %, 16 %, 19206 MiB, 49140 MiB, 280.19 W, 61
2026/08/14 04:42:21.708, NVIDIA GeForce RTX 4090, 49 %, 17 %, 19206 MiB, 49140 MiB, 276.59 W, 60
2026/08/14 04:42:22.708, NVIDIA GeForce RTX 4090, 59 %, 30 %, 19206 MiB, 49140 MiB, 285.07 W, 61
2026/08/14 04:42:23.708, NVIDIA GeForce RTX 4090, 69 %, 40 %, 19206 MiB, 49140 MiB, 293.43 W, 64
2026/08/14 04:42:24.708, NVIDIA GeForce RTX 4090, 78 %, 34 %, 19206 MiB, 49140 MiB, 305.20 W, 69
2026/08/14 04:42:25.709, NVIDIA GeForce RTX 4090, 42 %, 15 %, 19206 MiB, 49140 MiB, 289.06 W, 61
2026/08/14 04:42:26.709, NVIDIA GeForce RTX 4090, 66 %, 31 %, 19206 MiB, 49140 MiB, 306.05 W, 64
2026/08/14 04:42:27.709, NVIDIA GeForce RTX 4090, 92 %, 52 %, 19206 MiB, 49140 MiB, 317.49 W, 68
2026/08/14 04:42:28.709, NVIDIA GeForce RTX 4090, 33 %, 13 %, 19206 MiB, 49140 MiB, 296.76 W, 63
2026/08/14 04:42:29.709, NVIDIA GeForce RTX 4090, 37 %, 13 %, 19206 MiB, 49140 MiB, 277.47 W, 61
2026/08/14 04:42:30.709, NVIDIA GeForce RTX 4090, 51 %, 17 %, 19206 MiB, 49140 MiB, 280.15 W, 60
2026/08/14 04:42:31.783, NVIDIA GeForce RTX 4090, 39 %, 13 %, 19206 MiB, 49140 MiB, 303.07 W, 61
2026/08/14 04:42:32.783, NVIDIA GeForce RTX 4090, 34 %, 12 %, 19206 MiB, 49140 MiB, 276.51 W, 60
2026/08/14 04:42:33.784, NVIDIA GeForce RTX 4090, 40 %, 15 %, 19206 MiB, 49140 MiB, 287.38 W, 60
2026/08/14 04:42:34.784, NVIDIA GeForce RTX 4090, 53 %, 21 %, 19206 MiB, 49140 MiB, 270.48 W, 60
2026/08/14 04:42:35.784, NVIDIA GeForce RTX 4090, 72 %, 43 %, 19206 MiB, 49140 MiB, 304.03 W, 64
2026/08/14 04:42:36.785, NVIDIA GeForce RTX 4090, 80 %, 41 %, 19206 MiB, 49140 MiB, 290.29 W, 67
2026/08/14 04:42:37.785, NVIDIA GeForce RTX 4090, 50 %, 20 %, 19206 MiB, 49140 MiB, 287.48 W, 63
2026/08/14 04:42:38.785, NVIDIA GeForce RTX 4090, 33 %, 11 %, 19206 MiB, 49140 MiB, 277.87 W, 61
2026/08/14 04:42:39.786, NVIDIA GeForce RTX 4090, 31 %, 10 %, 19206 MiB, 49140 MiB, 278.00 W, 60
2026/08/14 04:42:40.786, NVIDIA GeForce RTX 4090, 43 %, 15 %, 19206 MiB, 49140 MiB, 273.27 W, 60
2026/08/14 04:42:41.786, NVIDIA GeForce RTX 4090, 50 %, 25 %, 19206 MiB, 49140 MiB, 282.06 W, 61
2026/08/14 04:42:42.787, NVIDIA GeForce RTX 4090, 94 %, 54 %, 19206 MiB, 49140 MiB, 309.66 W, 69
2026/08/14 04:42:43.787, NVIDIA GeForce RTX 4090, 67 %, 26 %, 19206 MiB, 49140 MiB, 305.50 W, 69
2026/08/14 04:42:44.787, NVIDIA GeForce RTX 4090, 38 %, 13 %, 19206 MiB, 49140 MiB, 288.24 W, 60
2026/08/14 04:42:45.788, NVIDIA GeForce RTX 4090, 44 %, 15 %, 19206 MiB, 49140 MiB, 278.73 W, 60
2026/08/14 04:42:46.788, NVIDIA GeForce RTX 4090, 51 %, 26 %, 19206 MiB, 49140 MiB, 281.33 W, 61
2026/08/14 04:42:47.788, NVIDIA GeForce RTX 4090, 73 %, 44 %, 19206 MiB, 49140 MiB, 292.66 W, 66
2026/08/14 04:42:48.788, NVIDIA GeForce RTX 4090, 58 %, 27 %, 19206 MiB, 49140 MiB, 301.82 W, 64
2026/08/14 04:42:49.789, NVIDIA GeForce RTX 4090, 38 %, 14 %, 19206 MiB, 49140 MiB, 279.03 W, 63
2026/08/14 04:42:50.789, NVIDIA GeForce RTX 4090, 100 %, 55 %, 19206 MiB, 49140 MiB, 322.10 W, 68
2026/08/14 04:42:51.789, NVIDIA GeForce RTX 4090, 48 %, 25 %, 19206 MiB, 49140 MiB, 313.71 W, 61
2026/08/14 04:42:52.790, NVIDIA GeForce RTX 4090, 93 %, 54 %, 19206 MiB, 49140 MiB, 304.23 W, 67
2026/08/14 04:42:53.790, NVIDIA GeForce RTX 4090, 37 %, 16 %, 19206 MiB, 49140 MiB, 295.41 W, 64
2026/08/14 04:42:54.790, NVIDIA GeForce RTX 4090, 33 %, 11 %, 19206 MiB, 49140 MiB, 276.58 W, 62
2026/08/14 04:42:55.790, NVIDIA GeForce RTX 4090, 35 %, 12 %, 19206 MiB, 49140 MiB, 275.30 W, 61
2026/08/14 04:42:56.791, NVIDIA GeForce RTX 4090, 34 %, 13 %, 19206 MiB, 49140 MiB, 278.65 W, 61
2026/08/14 04:42:57.791, NVIDIA GeForce RTX 4090, 74 %, 42 %, 19206 MiB, 49140 MiB, 293.82 W, 67
2026/08/14 04:42:58.791, NVIDIA GeForce RTX 4090, 89 %, 48 %, 19206 MiB, 49140 MiB, 303.99 W, 69
2026/08/14 04:42:59.792, NVIDIA GeForce RTX 4090, 49 %, 18 %, 19206 MiB, 49140 MiB, 298.75 W, 64
2026/08/14 04:43:00.792, NVIDIA GeForce RTX 4090, 34 %, 12 %, 19206 MiB, 49140 MiB, 283.30 W, 61
2026/08/14 04:43:01.792, NVIDIA GeForce RTX 4090, 38 %, 12 %, 19206 MiB, 49140 MiB, 275.75 W, 61
2026/08/14 04:43:02.792, NVIDIA GeForce RTX 4090, 58 %, 23 %, 19206 MiB, 49140 MiB, 280.16 W, 63
2026/08/14 04:43:03.793, NVIDIA GeForce RTX 4090, 66 %, 36 %, 19206 MiB, 49140 MiB, 275.61 W, 63
2026/08/14 04:43:04.793, NVIDIA GeForce RTX 4090, 73 %, 44 %, 19206 MiB, 49140 MiB, 281.35 W, 68
2026/08/14 04:43:05.793, NVIDIA GeForce RTX 4090, 58 %, 29 %, 19206 MiB, 49140 MiB, 301.39 W, 64
2026/08/14 04:43:06.793, NVIDIA GeForce RTX 4090, 34 %, 13 %, 19206 MiB, 49140 MiB, 283.08 W, 61
2026/08/14 04:43:07.794, NVIDIA GeForce RTX 4090, 34 %, 12 %, 19206 MiB, 49140 MiB, 275.17 W, 61
2026/08/14 04:43:08.794, NVIDIA GeForce RTX 4090, 42 %, 16 %, 19206 MiB, 49140 MiB, 289.84 W, 62
2026/08/14 04:43:09.794, NVIDIA GeForce RTX 4090, 61 %, 32 %, 19206 MiB, 49140 MiB, 284.78 W, 69
2026/08/14 04:43:10.794, NVIDIA GeForce RTX 4090, 73 %, 44 %, 19206 MiB, 49140 MiB, 281.04 W, 68
2026/08/14 04:43:11.795, NVIDIA GeForce RTX 4090, 88 %, 47 %, 19206 MiB, 49140 MiB, 295.44 W, 66
2026/08/14 04:43:12.795, NVIDIA GeForce RTX 4090, 48 %, 23 %, 19206 MiB, 49140 MiB, 287.13 W, 61
2026/08/14 04:43:13.795, NVIDIA GeForce RTX 4090, 39 %, 13 %, 19206 MiB, 49140 MiB, 281.32 W, 61
2026/08/14 04:43:14.795, NVIDIA GeForce RTX 4090, 35 %, 13 %, 19206 MiB, 49140 MiB, 274.91 W, 61
2026/08/14 04:43:15.796, NVIDIA GeForce RTX 4090, 42 %, 14 %, 19206 MiB, 49140 MiB, 272.05 W, 62
2026/08/14 04:43:16.796, NVIDIA GeForce RTX 4090, 52 %, 20 %, 19206 MiB, 49140 MiB, 282.97 W, 64
2026/08/14 04:43:17.796, NVIDIA GeForce RTX 4090, 79 %, 44 %, 19206 MiB, 49140 MiB, 292.58 W, 68
2026/08/14 04:43:18.796, NVIDIA GeForce RTX 4090, 78 %, 34 %, 19206 MiB, 49140 MiB, 331.18 W, 63
2026/08/14 04:43:19.797, NVIDIA GeForce RTX 4090, 43 %, 14 %, 19206 MiB, 49140 MiB, 302.17 W, 62
2026/08/14 04:43:20.797, NVIDIA GeForce RTX 4090, 47 %, 17 %, 19206 MiB, 49140 MiB, 274.66 W, 62
2026/08/14 04:43:21.797, NVIDIA GeForce RTX 4090, 59 %, 29 %, 19206 MiB, 49140 MiB, 285.42 W, 69
2026/08/14 04:43:22.797, NVIDIA GeForce RTX 4090, 75 %, 45 %, 19206 MiB, 49140 MiB, 283.08 W, 68
2026/08/14 04:43:23.798, NVIDIA GeForce RTX 4090, 88 %, 48 %, 19206 MiB, 49140 MiB, 294.71 W, 67
2026/08/14 04:43:24.798, NVIDIA GeForce RTX 4090, 58 %, 28 %, 19206 MiB, 49140 MiB, 293.11 W, 62
2026/08/14 04:43:25.798, NVIDIA GeForce RTX 4090, 36 %, 13 %, 19206 MiB, 49140 MiB, 282.63 W, 62
2026/08/14 04:43:26.798, NVIDIA GeForce RTX 4090, 43 %, 14 %, 19206 MiB, 49140 MiB, 277.69 W, 63
2026/08/14 04:43:27.799, NVIDIA GeForce RTX 4090, 50 %, 20 %, 19206 MiB, 49140 MiB, 282.30 W, 66
2026/08/14 04:43:28.799, NVIDIA GeForce RTX 4090, 59 %, 29 %, 19206 MiB, 49140 MiB, 280.87 W, 67
2026/08/14 04:43:29.799, NVIDIA GeForce RTX 4090, 75 %, 44 %, 19206 MiB, 49140 MiB, 286.79 W, 69
2026/08/14 04:43:30.799, NVIDIA GeForce RTX 4090, 88 %, 47 %, 19206 MiB, 49140 MiB, 298.29 W, 68
2026/08/14 04:43:31.799, NVIDIA GeForce RTX 4090, 48 %, 23 %, 19206 MiB, 49140 MiB, 291.73 W, 61
2026/08/14 04:43:32.800, NVIDIA GeForce RTX 4090, 30 %, 10 %, 19206 MiB, 49140 MiB, 275.25 W, 61
2026/08/14 04:43:33.800, NVIDIA GeForce RTX 4090, 35 %, 12 %, 19206 MiB, 49140 MiB, 268.81 W, 62
2026/08/14 04:43:34.800, NVIDIA GeForce RTX 4090, 100 %, 54 %, 19206 MiB, 49140 MiB, 334.49 W, 69
2026/08/14 04:43:35.800, NVIDIA GeForce RTX 4090, 0 %, 0 %, 19206 MiB, 49140 MiB, 166.76 W, 57
2026/08/14 04:43:36.800, NVIDIA GeForce RTX 4090, 79 %, 41 %, 19206 MiB, 49140 MiB, 157.34 W, 61
2026/08/14 04:43:37.801, NVIDIA GeForce RTX 4090, 56 %, 27 %, 19206 MiB, 49140 MiB, 280.96 W, 63
2026/08/14 04:43:38.801, NVIDIA GeForce RTX 4090, 38 %, 13 %, 19206 MiB, 49140 MiB, 283.78 W, 62
2026/08/14 04:43:39.801, NVIDIA GeForce RTX 4090, 42 %, 14 %, 19206 MiB, 49140 MiB, 279.54 W, 62
2026/08/14 04:43:40.802, NVIDIA GeForce RTX 4090, 39 %, 14 %, 19206 MiB, 49140 MiB, 272.66 W, 63
2026/08/14 04:43:41.802, NVIDIA GeForce RTX 4090, 45 %, 18 %, 19206 MiB, 49140 MiB, 281.15 W, 68
2026/08/14 04:43:42.802, NVIDIA GeForce RTX 4090, 73 %, 40 %, 19206 MiB, 49140 MiB, 285.96 W, 67
2026/08/14 04:43:43.802, NVIDIA GeForce RTX 4090, 61 %, 34 %, 19206 MiB, 49140 MiB, 308.95 W, 66
2026/08/14 04:43:44.803, NVIDIA GeForce RTX 4090, 42 %, 14 %, 19206 MiB, 49140 MiB, 290.08 W, 62
2026/08/14 04:43:45.803, NVIDIA GeForce RTX 4090, 41 %, 14 %, 19206 MiB, 49140 MiB, 280.22 W, 69
2026/08/14 04:43:46.803, NVIDIA GeForce RTX 4090, 73 %, 40 %, 19206 MiB, 49140 MiB, 312.49 W, 68
2026/08/14 04:43:47.803, NVIDIA GeForce RTX 4090, 89 %, 46 %, 19206 MiB, 49140 MiB, 310.56 W, 68
2026/08/14 04:43:48.804, NVIDIA GeForce RTX 4090, 58 %, 22 %, 19206 MiB, 49140 MiB, 297.35 W, 63
2026/08/14 04:43:49.804, NVIDIA GeForce RTX 4090, 36 %, 13 %, 19206 MiB, 49140 MiB, 275.71 W, 62
2026/08/14 04:43:50.804, NVIDIA GeForce RTX 4090, 41 %, 14 %, 19206 MiB, 49140 MiB, 271.43 W, 62
2026/08/14 04:43:51.804, NVIDIA GeForce RTX 4090, 39 %, 13 %, 19206 MiB, 49140 MiB, 270.14 W, 64
2026/08/14 04:43:52.805, NVIDIA GeForce RTX 4090, 47 %, 19 %, 19206 MiB, 49140 MiB, 279.43 W, 68
2026/08/14 04:43:53.805, NVIDIA GeForce RTX 4090, 75 %, 40 %, 19206 MiB, 49140 MiB, 281.99 W, 68
2026/08/14 04:43:54.805, NVIDIA GeForce RTX 4090, 95 %, 53 %, 19206 MiB, 49140 MiB, 296.76 W, 68
2026/08/14 04:43:55.805, NVIDIA GeForce RTX 4090, 44 %, 17 %, 19206 MiB, 49140 MiB, 313.96 W, 62
2026/08/14 04:43:56.805, NVIDIA GeForce RTX 4090, 41 %, 14 %, 19206 MiB, 49140 MiB, 276.98 W, 62
2026/08/14 04:43:57.805, NVIDIA GeForce RTX 4090, 39 %, 13 %, 19206 MiB, 49140 MiB, 270.55 W, 64
2026/08/14 04:43:58.806, NVIDIA GeForce RTX 4090, 50 %, 20 %, 19206 MiB, 49140 MiB, 273.95 W, 68
2026/08/14 04:43:59.806, NVIDIA GeForce RTX 4090, 74 %, 42 %, 19206 MiB, 49140 MiB, 288.43 W, 68
2026/08/14 04:44:00.806, NVIDIA GeForce RTX 4090, 93 %, 51 %, 19206 MiB, 49140 MiB, 304.04 W, 68
2026/08/14 04:44:01.806, NVIDIA GeForce RTX 4090, 55 %, 26 %, 19206 MiB, 49140 MiB, 287.40 W, 63
2026/08/14 04:44:02.806, NVIDIA GeForce RTX 4090, 37 %, 13 %, 19206 MiB, 49140 MiB, 286.07 W, 63
2026/08/14 04:44:03.806, NVIDIA GeForce RTX 4090, 46 %, 16 %, 19206 MiB, 49140 MiB, 277.70 W, 65
2026/08/14 04:44:04.806, NVIDIA GeForce RTX 4090, 52 %, 21 %, 19206 MiB, 49140 MiB, 274.83 W, 67
2026/08/14 04:44:05.807, NVIDIA GeForce RTX 4090, 61 %, 31 %, 19206 MiB, 49140 MiB, 275.55 W, 67
2026/08/14 04:44:06.807, NVIDIA GeForce RTX 4090, 94 %, 51 %, 19206 MiB, 49140 MiB, 303.86 W, 68
2026/08/14 04:44:07.807, NVIDIA GeForce RTX 4090, 58 %, 32 %, 19206 MiB, 49140 MiB, 280.49 W, 62
2026/08/14 04:44:08.807, NVIDIA GeForce RTX 4090, 45 %, 17 %, 19206 MiB, 49140 MiB, 286.43 W, 63
2026/08/14 04:44:09.807, NVIDIA GeForce RTX 4090, 44 %, 15 %, 19206 MiB, 49140 MiB, 279.00 W, 63
2026/08/14 04:44:10.808, NVIDIA GeForce RTX 4090, 53 %, 19 %, 19206 MiB, 49140 MiB, 280.04 W, 64
2026/08/14 04:44:11.808, NVIDIA GeForce RTX 4090, 94 %, 49 %, 19206 MiB, 49140 MiB, 303.65 W, 69
2026/08/14 04:44:12.808, NVIDIA GeForce RTX 4090, 85 %, 42 %, 19206 MiB, 49140 MiB, 329.81 W, 66
2026/08/14 04:44:13.808, NVIDIA GeForce RTX 4090, 37 %, 13 %, 19206 MiB, 49140 MiB, 293.83 W, 61
2026/08/14 04:44:14.809, NVIDIA GeForce RTX 4090, 43 %, 15 %, 19206 MiB, 49140 MiB, 274.56 W, 65
2026/08/14 04:44:15.809, NVIDIA GeForce RTX 4090, 50 %, 19 %, 19206 MiB, 49140 MiB, 280.72 W, 67
2026/08/14 04:44:16.809, NVIDIA GeForce RTX 4090, 74 %, 41 %, 19206 MiB, 49140 MiB, 298.49 W, 67
2026/08/14 04:44:17.809, NVIDIA GeForce RTX 4090, 55 %, 31 %, 19206 MiB, 49140 MiB, 302.87 W, 69
2026/08/14 04:44:18.810, NVIDIA GeForce RTX 4090, 47 %, 17 %, 19206 MiB, 49140 MiB, 287.84 W, 64
2026/08/14 04:44:19.810, NVIDIA GeForce RTX 4090, 100 %, 54 %, 19206 MiB, 49140 MiB, 334.54 W, 69
2026/08/14 04:44:20.810, NVIDIA GeForce RTX 4090, 74 %, 41 %, 19206 MiB, 49140 MiB, 318.25 W, 69
2026/08/14 04:44:21.811, NVIDIA GeForce RTX 4090, 94 %, 53 %, 19206 MiB, 49140 MiB, 306.15 W, 68
2026/08/14 04:44:22.811, NVIDIA GeForce RTX 4090, 26 %, 10 %, 19206 MiB, 49140 MiB, 297.96 W, 65
2026/08/14 04:44:23.811, NVIDIA GeForce RTX 4090, 37 %, 13 %, 19206 MiB, 49140 MiB, 272.55 W, 65
2026/08/14 04:44:24.811, NVIDIA GeForce RTX 4090, 45 %, 16 %, 19206 MiB, 49140 MiB, 277.64 W, 68
2026/08/14 04:44:25.812, NVIDIA GeForce RTX 4090, 59 %, 28 %, 19206 MiB, 49140 MiB, 293.69 W, 68
2026/08/14 04:44:26.812, NVIDIA GeForce RTX 4090, 98 %, 55 %, 19206 MiB, 49140 MiB, 306.55 W, 69
2026/08/14 04:44:27.812, NVIDIA GeForce RTX 4090, 62 %, 26 %, 19206 MiB, 49140 MiB, 307.05 W, 65
2026/08/14 04:44:28.883, NVIDIA GeForce RTX 4090, 37 %, 13 %, 19206 MiB, 49140 MiB, 281.61 W, 67
2026/08/14 04:44:29.884, NVIDIA GeForce RTX 4090, 39 %, 13 %, 19206 MiB, 49140 MiB, 279.03 W, 68
2026/08/14 04:44:30.884, NVIDIA GeForce RTX 4090, 47 %, 18 %, 19206 MiB, 49140 MiB, 281.20 W, 68
2026/08/14 04:44:31.884, NVIDIA GeForce RTX 4090, 99 %, 56 %, 19206 MiB, 49140 MiB, 312.25 W, 70
2026/08/14 04:44:32.884, NVIDIA GeForce RTX 4090, 58 %, 26 %, 19206 MiB, 49140 MiB, 307.64 W, 67
2026/08/14 04:44:33.885, NVIDIA GeForce RTX 4090, 16 %, 5 %, 19206 MiB, 49140 MiB, 277.44 W, 59
2026/08/14 04:44:34.885, NVIDIA GeForce RTX 4090, 49 %, 17 %, 19206 MiB, 49140 MiB, 282.36 W, 68
2026/08/14 04:44:35.885, NVIDIA GeForce RTX 4090, 70 %, 25 %, 19206 MiB, 49140 MiB, 284.55 W, 69
2026/08/14 04:44:36.885, NVIDIA GeForce RTX 4090, 99 %, 56 %, 19206 MiB, 49140 MiB, 318.87 W, 69
2026/08/14 04:44:37.885, NVIDIA GeForce RTX 4090, 36 %, 13 %, 19206 MiB, 49140 MiB, 306.12 W, 68
2026/08/14 04:44:38.886, NVIDIA GeForce RTX 4090, 45 %, 15 %, 19206 MiB, 49140 MiB, 281.96 W, 67
2026/08/14 04:44:39.886, NVIDIA GeForce RTX 4090, 48 %, 19 %, 19206 MiB, 49140 MiB, 282.09 W, 68
2026/08/14 04:44:40.886, NVIDIA GeForce RTX 4090, 99 %, 57 %, 19206 MiB, 49140 MiB, 313.21 W, 69
2026/08/14 04:44:41.886, NVIDIA GeForce RTX 4090, 76 %, 38 %, 19206 MiB, 49140 MiB, 301.65 W, 66
2026/08/14 04:44:42.887, NVIDIA GeForce RTX 4090, 37 %, 14 %, 19206 MiB, 49140 MiB, 289.59 W, 68
2026/08/14 04:44:43.887, NVIDIA GeForce RTX 4090, 41 %, 14 %, 19206 MiB, 49140 MiB, 279.29 W, 68
2026/08/14 04:44:44.887, NVIDIA GeForce RTX 4090, 45 %, 17 %, 19206 MiB, 49140 MiB, 283.10 W, 67
2026/08/14 04:44:45.887, NVIDIA GeForce RTX 4090, 75 %, 43 %, 19206 MiB, 49140 MiB, 293.27 W, 66
2026/08/14 04:44:46.888, NVIDIA GeForce RTX 4090, 53 %, 25 %, 19206 MiB, 49140 MiB, 302.10 W, 66
2026/08/14 04:44:47.888, NVIDIA GeForce RTX 4090, 26 %, 10 %, 19206 MiB, 49140 MiB, 279.34 W, 68
2026/08/14 04:44:48.888, NVIDIA GeForce RTX 4090, 20 %, 7 %, 19206 MiB, 49140 MiB, 264.99 W, 67
2026/08/14 04:44:49.888, NVIDIA GeForce RTX 4090, 41 %, 15 %, 19206 MiB, 49140 MiB, 265.91 W, 67
2026/08/14 04:44:50.888, NVIDIA GeForce RTX 4090, 49 %, 17 %, 19206 MiB, 49140 MiB, 280.68 W, 68
2026/08/14 04:44:51.889, NVIDIA GeForce RTX 4090, 60 %, 27 %, 19206 MiB, 49140 MiB, 285.60 W, 67
2026/08/14 04:44:52.889, NVIDIA GeForce RTX 4090, 75 %, 43 %, 19206 MiB, 49140 MiB, 284.21 W, 66
2026/08/14 04:44:53.889, NVIDIA GeForce RTX 4090, 94 %, 55 %, 19206 MiB, 49140 MiB, 291.55 W, 66
2026/08/14 04:44:54.889, NVIDIA GeForce RTX 4090, 56 %, 28 %, 19206 MiB, 49140 MiB, 290.49 W, 69
2026/08/14 04:44:55.889, NVIDIA GeForce RTX 4090, 48 %, 17 %, 19206 MiB, 49140 MiB, 288.66 W, 68
2026/08/14 04:44:56.889, NVIDIA GeForce RTX 4090, 46 %, 16 %, 19206 MiB, 49140 MiB, 293.97 W, 69
2026/08/14 04:44:57.890, NVIDIA GeForce RTX 4090, 61 %, 28 %, 19206 MiB, 49140 MiB, 286.45 W, 68
2026/08/14 04:44:58.890, NVIDIA GeForce RTX 4090, 74 %, 42 %, 19206 MiB, 49140 MiB, 287.34 W, 66
2026/08/14 04:44:59.890, NVIDIA GeForce RTX 4090, 59 %, 30 %, 19206 MiB, 49140 MiB, 299.87 W, 67
2026/08/14 04:45:00.890, NVIDIA GeForce RTX 4090, 35 %, 14 %, 19206 MiB, 49140 MiB, 277.70 W, 65
2026/08/14 04:45:01.890, NVIDIA GeForce RTX 4090, 33 %, 12 %, 19206 MiB, 49140 MiB, 265.35 W, 66
2026/08/14 04:45:02.891, NVIDIA GeForce RTX 4090, 100 %, 53 %, 19206 MiB, 49140 MiB, 333.98 W, 71
2026/08/14 04:45:03.891, NVIDIA GeForce RTX 4090, 0 %, 0 %, 19206 MiB, 49140 MiB, 174.35 W, 57
2026/08/14 04:45:04.891, NVIDIA GeForce RTX 4090, 4 %, 0 %, 19206 MiB, 49140 MiB, 107.04 W, 60
2026/08/14 04:45:05.891, NVIDIA GeForce RTX 4090, 40 %, 24 %, 19206 MiB, 49140 MiB, 233.21 W, 67
2026/08/14 04:45:06.892, NVIDIA GeForce RTX 4090, 74 %, 38 %, 19206 MiB, 49140 MiB, 259.64 W, 67
2026/08/14 04:45:07.892, NVIDIA GeForce RTX 4090, 75 %, 39 %, 19206 MiB, 49140 MiB, 260.67 W, 67
2026/08/14 04:45:08.892, NVIDIA GeForce RTX 4090, 92 %, 56 %, 19206 MiB, 49140 MiB, 296.03 W, 66
2026/08/14 04:45:09.892, NVIDIA GeForce RTX 4090, 80 %, 46 %, 19206 MiB, 49140 MiB, 283.29 W, 67
2026/08/14 04:45:10.892, NVIDIA GeForce RTX 4090, 67 %, 35 %, 19206 MiB, 49140 MiB, 290.51 W, 65
2026/08/14 04:45:11.892, NVIDIA GeForce RTX 4090, 65 %, 35 %, 19206 MiB, 49140 MiB, 269.35 W, 68
2026/08/14 04:45:12.893, NVIDIA GeForce RTX 4090, 23 %, 9 %, 19206 MiB, 49140 MiB, 275.30 W, 68
2026/08/14 04:45:13.893, NVIDIA GeForce RTX 4090, 31 %, 12 %, 19206 MiB, 49140 MiB, 250.53 W, 67
2026/08/14 04:45:14.893, NVIDIA GeForce RTX 4090, 37 %, 14 %, 19206 MiB, 49140 MiB, 268.35 W, 63
2026/08/14 04:45:15.893, NVIDIA GeForce RTX 4090, 21 %, 8 %, 19206 MiB, 49140 MiB, 268.43 W, 66
2026/08/14 04:45:16.894, NVIDIA GeForce RTX 4090, 46 %, 16 %, 19206 MiB, 49140 MiB, 261.48 W, 62
2026/08/14 04:45:17.894, NVIDIA GeForce RTX 4090, 37 %, 13 %, 19206 MiB, 49140 MiB, 268.02 W, 68
2026/08/14 04:45:18.894, NVIDIA GeForce RTX 4090, 43 %, 15 %, 19206 MiB, 49140 MiB, 274.37 W, 66
2026/08/14 04:45:19.894, NVIDIA GeForce RTX 4090, 41 %, 14 %, 19206 MiB, 49140 MiB, 262.25 W, 66
2026/08/14 04:45:20.894, NVIDIA GeForce RTX 4090, 50 %, 19 %, 19206 MiB, 49140 MiB, 268.85 W, 65
2026/08/14 04:45:21.895, NVIDIA GeForce RTX 4090, 57 %, 25 %, 19206 MiB, 49140 MiB, 279.26 W, 66
2026/08/14 04:45:22.895, NVIDIA GeForce RTX 4090, 70 %, 40 %, 19206 MiB, 49140 MiB, 289.04 W, 66
2026/08/14 04:45:23.895, NVIDIA GeForce RTX 4090, 60 %, 31 %, 19206 MiB, 49140 MiB, 306.74 W, 66
2026/08/14 04:45:24.895, NVIDIA GeForce RTX 4090, 33 %, 13 %, 19206 MiB, 49140 MiB, 286.58 W, 67
2026/08/14 04:45:25.895, NVIDIA GeForce RTX 4090, 37 %, 14 %, 19206 MiB, 49140 MiB, 279.42 W, 67
2026/08/14 04:45:26.896, NVIDIA GeForce RTX 4090, 42 %, 15 %, 19206 MiB, 49140 MiB, 279.22 W, 66
2026/08/14 04:45:27.896, NVIDIA GeForce RTX 4090, 54 %, 22 %, 19206 MiB, 49140 MiB, 283.96 W, 65
2026/08/14 04:45:28.896, NVIDIA GeForce RTX 4090, 69 %, 40 %, 19206 MiB, 49140 MiB, 287.57 W, 66
2026/08/14 04:45:29.896, NVIDIA GeForce RTX 4090, 86 %, 50 %, 19206 MiB, 49140 MiB, 296.03 W, 68
2026/08/14 04:45:30.896, NVIDIA GeForce RTX 4090, 64 %, 34 %, 19206 MiB, 49140 MiB, 292.40 W, 66
2026/08/14 04:45:31.897, NVIDIA GeForce RTX 4090, 27 %, 11 %, 19206 MiB, 49140 MiB, 276.31 W, 67
2026/08/14 04:45:32.897, NVIDIA GeForce RTX 4090, 27 %, 10 %, 19206 MiB, 49140 MiB, 267.15 W, 65
2026/08/14 04:45:33.897, NVIDIA GeForce RTX 4090, 36 %, 13 %, 19206 MiB, 49140 MiB, 271.25 W, 67
2026/08/14 04:45:34.897, NVIDIA GeForce RTX 4090, 50 %, 17 %, 19206 MiB, 49140 MiB, 272.69 W, 66
2026/08/14 04:45:35.897, NVIDIA GeForce RTX 4090, 40 %, 15 %, 19206 MiB, 49140 MiB, 285.20 W, 68
2026/08/14 04:45:36.897, NVIDIA GeForce RTX 4090, 69 %, 33 %, 19206 MiB, 49140 MiB, 284.56 W, 67
2026/08/14 04:45:37.897, NVIDIA GeForce RTX 4090, 85 %, 50 %, 19206 MiB, 49140 MiB, 306.44 W, 69
2026/08/14 04:45:38.898, NVIDIA GeForce RTX 4090, 65 %, 34 %, 19206 MiB, 49140 MiB, 289.64 W, 67
2026/08/14 04:45:39.898, NVIDIA GeForce RTX 4090, 39 %, 15 %, 19206 MiB, 49140 MiB, 278.45 W, 64
2026/08/14 04:45:40.898, NVIDIA GeForce RTX 4090, 17 %, 6 %, 19206 MiB, 49140 MiB, 267.96 W, 65
2026/08/14 04:45:41.898, NVIDIA GeForce RTX 4090, 39 %, 14 %, 19206 MiB, 49140 MiB, 273.48 W, 67
2026/08/14 04:45:42.899, NVIDIA GeForce RTX 4090, 43 %, 15 %, 19206 MiB, 49140 MiB, 280.13 W, 66
2026/08/14 04:45:43.899, NVIDIA GeForce RTX 4090, 67 %, 32 %, 19206 MiB, 49140 MiB, 292.13 W, 68
2026/08/14 04:45:44.899, NVIDIA GeForce RTX 4090, 84 %, 49 %, 19206 MiB, 49140 MiB, 305.86 W, 69
2026/08/14 04:45:45.899, NVIDIA GeForce RTX 4090, 46 %, 17 %, 19206 MiB, 49140 MiB, 294.95 W, 68
2026/08/14 04:45:46.900, NVIDIA GeForce RTX 4090, 37 %, 13 %, 19206 MiB, 49140 MiB, 278.95 W, 66
2026/08/14 04:45:47.900, NVIDIA GeForce RTX 4090, 35 %, 12 %, 19206 MiB, 49140 MiB, 269.94 W, 65
2026/08/14 04:45:48.900, NVIDIA GeForce RTX 4090, 40 %, 15 %, 19206 MiB, 49140 MiB, 281.77 W, 65
2026/08/14 04:45:49.900, NVIDIA GeForce RTX 4090, 65 %, 37 %, 19206 MiB, 49140 MiB, 299.94 W, 67
2026/08/14 04:45:50.900, NVIDIA GeForce RTX 4090, 38 %, 15 %, 19206 MiB, 49140 MiB, 367.82 W, 67
2026/08/14 04:45:51.901, NVIDIA GeForce RTX 4090, 40 %, 14 %, 19206 MiB, 49140 MiB, 279.37 W, 66
2026/08/14 04:45:52.901, NVIDIA GeForce RTX 4090, 42 %, 14 %, 19206 MiB, 49140 MiB, 279.92 W, 65
2026/08/14 04:45:53.901, NVIDIA GeForce RTX 4090, 55 %, 22 %, 19206 MiB, 49140 MiB, 289.68 W, 66
2026/08/14 04:45:54.901, NVIDIA GeForce RTX 4090, 67 %, 37 %, 19206 MiB, 49140 MiB, 285.78 W, 66
2026/08/14 04:45:55.983, NVIDIA GeForce RTX 4090, 90 %, 49 %, 19206 MiB, 49140 MiB, 307.20 W, 69
2026/08/14 04:45:56.984, NVIDIA GeForce RTX 4090, 39 %, 15 %, 19206 MiB, 49140 MiB, 290.27 W, 67
2026/08/14 04:45:57.984, NVIDIA GeForce RTX 4090, 33 %, 11 %, 19206 MiB, 49140 MiB, 272.58 W, 65
2026/08/14 04:45:58.984, NVIDIA GeForce RTX 4090, 37 %, 12 %, 19206 MiB, 49140 MiB, 276.34 W, 66
2026/08/14 04:45:59.984, NVIDIA GeForce RTX 4090, 39 %, 15 %, 19206 MiB, 49140 MiB, 287.89 W, 65
2026/08/14 04:46:00.984, NVIDIA GeForce RTX 4090, 67 %, 38 %, 19206 MiB, 49140 MiB, 300.34 W, 66
2026/08/14 04:46:01.985, NVIDIA GeForce RTX 4090, 80 %, 46 %, 19206 MiB, 49140 MiB, 286.10 W, 67
2026/08/14 04:46:02.985, NVIDIA GeForce RTX 4090, 65 %, 34 %, 19206 MiB, 49140 MiB, 269.92 W, 67
2026/08/14 04:46:03.985, NVIDIA GeForce RTX 4090, 39 %, 15 %, 19206 MiB, 49140 MiB, 269.63 W, 66
2026/08/14 04:46:04.985, NVIDIA GeForce RTX 4090, 37 %, 13 %, 19206 MiB, 49140 MiB, 279.30 W, 65
2026/08/14 04:46:05.986, NVIDIA GeForce RTX 4090, 41 %, 14 %, 19206 MiB, 49140 MiB, 280.43 W, 65
2026/08/14 04:46:06.986, NVIDIA GeForce RTX 4090, 54 %, 21 %, 19206 MiB, 49140 MiB, 291.32 W, 65
2026/08/14 04:46:07.986, NVIDIA GeForce RTX 4090, 81 %, 49 %, 19206 MiB, 49140 MiB, 307.03 W, 69
2026/08/14 04:46:08.986, NVIDIA GeForce RTX 4090, 56 %, 24 %, 19206 MiB, 49140 MiB, 302.58 W, 66
2026/08/14 04:46:09.986, NVIDIA GeForce RTX 4090, 49 %, 16 %, 19206 MiB, 49140 MiB, 284.89 W, 66
2026/08/14 04:46:10.986, NVIDIA GeForce RTX 4090, 83 %, 40 %, 19206 MiB, 49140 MiB, 297.55 W, 65
2026/08/14 04:46:11.987, NVIDIA GeForce RTX 4090, 85 %, 50 %, 19206 MiB, 49140 MiB, 302.58 W, 65
2026/08/14 04:46:12.987, NVIDIA GeForce RTX 4090, 52 %, 25 %, 19206 MiB, 49140 MiB, 297.69 W, 63
2026/08/14 04:46:13.987, NVIDIA GeForce RTX 4090, 37 %, 14 %, 19206 MiB, 49140 MiB, 275.35 W, 65
2026/08/14 04:46:14.987, NVIDIA GeForce RTX 4090, 42 %, 15 %, 19206 MiB, 49140 MiB, 277.75 W, 63
2026/08/14 04:46:15.988, NVIDIA GeForce RTX 4090, 49 %, 17 %, 19206 MiB, 49140 MiB, 278.12 W, 65
2026/08/14 04:46:16.988, NVIDIA GeForce RTX 4090, 63 %, 25 %, 19206 MiB, 49140 MiB, 280.92 W, 65
2026/08/14 04:46:17.988, NVIDIA GeForce RTX 4090, 88 %, 54 %, 19206 MiB, 49140 MiB, 296.88 W, 65
2026/08/14 04:46:18.988, NVIDIA GeForce RTX 4090, 50 %, 22 %, 19206 MiB, 49140 MiB, 311.16 W, 69
2026/08/14 04:46:19.988, NVIDIA GeForce RTX 4090, 37 %, 13 %, 19206 MiB, 49140 MiB, 279.75 W, 66
2026/08/14 04:46:20.989, NVIDIA GeForce RTX 4090, 39 %, 13 %, 19206 MiB, 49140 MiB, 278.63 W, 66
2026/08/14 04:46:21.989, NVIDIA GeForce RTX 4090, 49 %, 17 %, 19206 MiB, 49140 MiB, 274.89 W, 65
2026/08/14 04:46:22.989, NVIDIA GeForce RTX 4090, 78 %, 38 %, 19206 MiB, 49140 MiB, 283.54 W, 65
2026/08/14 04:46:23.989, NVIDIA GeForce RTX 4090, 91 %, 57 %, 19206 MiB, 49140 MiB, 302.20 W, 65
2026/08/14 04:46:24.990, NVIDIA GeForce RTX 4090, 59 %, 24 %, 19206 MiB, 49140 MiB, 303.02 W, 69
2026/08/14 04:46:25.990, NVIDIA GeForce RTX 4090, 42 %, 15 %, 19206 MiB, 49140 MiB, 289.48 W, 65
2026/08/14 04:46:26.990, NVIDIA GeForce RTX 4090, 49 %, 17 %, 19206 MiB, 49140 MiB, 282.35 W, 64
2026/08/14 04:46:27.990, NVIDIA GeForce RTX 4090, 75 %, 36 %, 19206 MiB, 49140 MiB, 292.43 W, 63
2026/08/14 04:46:28.990, NVIDIA GeForce RTX 4090, 87 %, 45 %, 19206 MiB, 49140 MiB, 314.80 W, 69
2026/08/14 04:46:29.991, NVIDIA GeForce RTX 4090, 43 %, 16 %, 19206 MiB, 49140 MiB, 298.22 W, 66
2026/08/14 04:46:30.991, NVIDIA GeForce RTX 4090, 42 %, 15 %, 19206 MiB, 49140 MiB, 281.35 W, 63
2026/08/14 04:46:31.991, NVIDIA GeForce RTX 4090, 49 %, 19 %, 19206 MiB, 49140 MiB, 288.72 W, 63
2026/08/14 04:46:32.991, NVIDIA GeForce RTX 4090, 78 %, 44 %, 19206 MiB, 49140 MiB, 293.86 W, 64
2026/08/14 04:46:33.992, NVIDIA GeForce RTX 4090, 0 %, 0 %, 19206 MiB, 49140 MiB, 307.42 W, 58
2026/08/14 04:46:34.992, NVIDIA GeForce RTX 4090, 3 %, 0 %, 19206 MiB, 49140 MiB, 108.02 W, 56
2026/08/14 04:46:35.992, NVIDIA GeForce RTX 4090, 18 %, 7 %, 19206 MiB, 49140 MiB, 172.24 W, 62
2026/08/14 04:46:36.992, NVIDIA GeForce RTX 4090, 47 %, 15 %, 19206 MiB, 49140 MiB, 288.07 W, 63
2026/08/14 04:46:37.993, NVIDIA GeForce RTX 4090, 70 %, 27 %, 19206 MiB, 49140 MiB, 284.15 W, 62
2026/08/14 04:46:38.993, NVIDIA GeForce RTX 4090, 92 %, 52 %, 19206 MiB, 49140 MiB, 292.86 W, 66
2026/08/14 04:46:39.993, NVIDIA GeForce RTX 4090, 77 %, 40 %, 19206 MiB, 49140 MiB, 309.32 W, 66
2026/08/14 04:46:40.993, NVIDIA GeForce RTX 4090, 35 %, 13 %, 19206 MiB, 49140 MiB, 280.98 W, 60
2026/08/14 04:46:41.993, NVIDIA GeForce RTX 4090, 42 %, 15 %, 19206 MiB, 49140 MiB, 271.37 W, 59
2026/08/14 04:46:42.994, NVIDIA GeForce RTX 4090, 39 %, 13 %, 19206 MiB, 49140 MiB, 273.91 W, 65
2026/08/14 04:46:43.994, NVIDIA GeForce RTX 4090, 46 %, 18 %, 19206 MiB, 49140 MiB, 283.49 W, 60
2026/08/14 04:46:44.994, NVIDIA GeForce RTX 4090, 75 %, 36 %, 19206 MiB, 49140 MiB, 280.22 W, 60
2026/08/14 04:46:45.994, NVIDIA GeForce RTX 4090, 73 %, 46 %, 19206 MiB, 49140 MiB, 299.27 W, 62
2026/08/14 04:46:46.994, NVIDIA GeForce RTX 4090, 55 %, 26 %, 19206 MiB, 49140 MiB, 298.41 W, 61
2026/08/14 04:46:47.995, NVIDIA GeForce RTX 4090, 27 %, 9 %, 19206 MiB, 49140 MiB, 276.08 W, 61
2026/08/14 04:46:48.995, NVIDIA GeForce RTX 4090, 40 %, 14 %, 19206 MiB, 49140 MiB, 271.68 W, 60
2026/08/14 04:46:49.995, NVIDIA GeForce RTX 4090, 49 %, 17 %, 19206 MiB, 49140 MiB, 281.70 W, 60
2026/08/14 04:46:50.995, NVIDIA GeForce RTX 4090, 70 %, 35 %, 19206 MiB, 49140 MiB, 289.62 W, 61
2026/08/14 04:46:51.995, NVIDIA GeForce RTX 4090, 87 %, 45 %, 19206 MiB, 49140 MiB, 315.88 W, 70
2026/08/14 04:46:52.996, NVIDIA GeForce RTX 4090, 43 %, 17 %, 19206 MiB, 49140 MiB, 291.61 W, 62
2026/08/14 04:46:53.996, NVIDIA GeForce RTX 4090, 36 %, 13 %, 19206 MiB, 49140 MiB, 267.15 W, 60
2026/08/14 04:46:54.996, NVIDIA GeForce RTX 4090, 43 %, 15 %, 19206 MiB, 49140 MiB, 281.96 W, 60
2026/08/14 04:46:55.996, NVIDIA GeForce RTX 4090, 45 %, 17 %, 19206 MiB, 49140 MiB, 286.95 W, 60
2026/08/14 04:46:56.996, NVIDIA GeForce RTX 4090, 71 %, 42 %, 19206 MiB, 49140 MiB, 292.16 W, 61
2026/08/14 04:46:57.996, NVIDIA GeForce RTX 4090, 90 %, 47 %, 19206 MiB, 49140 MiB, 302.50 W, 70
2026/08/14 04:46:58.997, NVIDIA GeForce RTX 4090, 43 %, 17 %, 19206 MiB, 49140 MiB, 295.81 W, 62
2026/08/14 04:46:59.997, NVIDIA GeForce RTX 4090, 44 %, 16 %, 19206 MiB, 49140 MiB, 279.23 W, 65
2026/08/14 04:47:00.997, NVIDIA GeForce RTX 4090, 49 %, 16 %, 19206 MiB, 49140 MiB, 278.79 W, 60
2026/08/14 04:47:01.997, NVIDIA GeForce RTX 4090, 69 %, 36 %, 19206 MiB, 49140 MiB, 296.81 W, 60
2026/08/14 04:47:02.997, NVIDIA GeForce RTX 4090, 70 %, 43 %, 19206 MiB, 49140 MiB, 298.24 W, 62
2026/08/14 04:47:03.997, NVIDIA GeForce RTX 4090, 86 %, 43 %, 19206 MiB, 49140 MiB, 289.77 W, 65
2026/08/14 04:47:04.998, NVIDIA GeForce RTX 4090, 35 %, 14 %, 19206 MiB, 49140 MiB, 276.77 W, 61
2026/08/14 04:47:05.998, NVIDIA GeForce RTX 4090, 45 %, 17 %, 19206 MiB, 49140 MiB, 267.46 W, 59
2026/08/14 04:47:06.998, NVIDIA GeForce RTX 4090, 45 %, 16 %, 19206 MiB, 49140 MiB, 275.86 W, 60
2026/08/14 04:47:07.998, NVIDIA GeForce RTX 4090, 45 %, 15 %, 19206 MiB, 49140 MiB, 271.18 W, 59
2026/08/14 04:47:08.998, NVIDIA GeForce RTX 4090, 83 %, 34 %, 19206 MiB, 49140 MiB, 283.98 W, 60
2026/08/14 04:47:09.998, NVIDIA GeForce RTX 4090, 70 %, 42 %, 19206 MiB, 49140 MiB, 299.86 W, 62
2026/08/14 04:47:10.998, NVIDIA GeForce RTX 4090, 52 %, 25 %, 19206 MiB, 49140 MiB, 296.76 W, 62
2026/08/14 04:47:11.999, NVIDIA GeForce RTX 4090, 36 %, 12 %, 19206 MiB, 49140 MiB, 275.81 W, 60
2026/08/14 04:47:12.999, NVIDIA GeForce RTX 4090, 40 %, 13 %, 19206 MiB, 49140 MiB, 274.91 W, 60
2026/08/14 04:47:13.999, NVIDIA GeForce RTX 4090, 54 %, 19 %, 19206 MiB, 49140 MiB, 271.98 W, 60
2026/08/14 04:47:14.999, NVIDIA GeForce RTX 4090, 65 %, 33 %, 19206 MiB, 49140 MiB, 284.44 W, 60
2026/08/14 04:47:15.999, NVIDIA GeForce RTX 4090, 79 %, 50 %, 19206 MiB, 49140 MiB, 293.28 W, 62
2026/08/14 04:47:17.000, NVIDIA GeForce RTX 4090, 89 %, 45 %, 19206 MiB, 49140 MiB, 292.47 W, 65
2026/08/14 04:47:18.000, NVIDIA GeForce RTX 4090, 39 %, 14 %, 19206 MiB, 49140 MiB, 294.06 W, 61
2026/08/14 04:47:19.000, NVIDIA GeForce RTX 4090, 100 %, 53 %, 19206 MiB, 49140 MiB, 325.83 W, 69
2026/08/14 04:47:20.000, NVIDIA GeForce RTX 4090, 71 %, 35 %, 19206 MiB, 49140 MiB, 315.42 W, 60
2026/08/14 04:47:21.001, NVIDIA GeForce RTX 4090, 68 %, 42 %, 19206 MiB, 49140 MiB, 295.66 W, 63
2026/08/14 04:47:22.001, NVIDIA GeForce RTX 4090, 67 %, 32 %, 19206 MiB, 49140 MiB, 306.08 W, 68
2026/08/14 04:47:23.001, NVIDIA GeForce RTX 4090, 42 %, 15 %, 19206 MiB, 49140 MiB, 295.40 W, 60
2026/08/14 04:47:24.001, NVIDIA GeForce RTX 4090, 50 %, 17 %, 19206 MiB, 49140 MiB, 280.99 W, 60
2026/08/14 04:47:25.001, NVIDIA GeForce RTX 4090, 62 %, 31 %, 19206 MiB, 49140 MiB, 289.62 W, 60
2026/08/14 04:47:26.001, NVIDIA GeForce RTX 4090, 70 %, 42 %, 19206 MiB, 49140 MiB, 292.80 W, 63
2026/08/14 04:47:27.002, NVIDIA GeForce RTX 4090, 36 %, 14 %, 19206 MiB, 49140 MiB, 304.64 W, 62
2026/08/14 04:47:28.002, NVIDIA GeForce RTX 4090, 44 %, 16 %, 19206 MiB, 49140 MiB, 277.80 W, 60
2026/08/14 04:47:29.002, NVIDIA GeForce RTX 4090, 45 %, 15 %, 19206 MiB, 49140 MiB, 282.68 W, 60
2026/08/14 04:47:30.002, NVIDIA GeForce RTX 4090, 74 %, 29 %, 19206 MiB, 49140 MiB, 283.46 W, 60
2026/08/14 04:47:31.005, NVIDIA GeForce RTX 4090, 58 %, 36 %, 19206 MiB, 49140 MiB, 278.74 W, 62
2026/08/14 04:47:32.006, NVIDIA GeForce RTX 4090, 93 %, 52 %, 19206 MiB, 49140 MiB, 301.67 W, 68
2026/08/14 04:47:33.007, NVIDIA GeForce RTX 4090, 44 %, 17 %, 19206 MiB, 49140 MiB, 295.23 W, 63
2026/08/14 04:47:34.007, NVIDIA GeForce RTX 4090, 47 %, 16 %, 19206 MiB, 49140 MiB, 287.36 W, 61
2026/08/14 04:47:35.007, NVIDIA GeForce RTX 4090, 49 %, 17 %, 19206 MiB, 49140 MiB, 279.04 W, 60
2026/08/14 04:47:36.007, NVIDIA GeForce RTX 4090, 58 %, 29 %, 19206 MiB, 49140 MiB, 285.13 W, 61
2026/08/14 04:47:37.007, NVIDIA GeForce RTX 4090, 68 %, 40 %, 19206 MiB, 49140 MiB, 293.41 W, 64
2026/08/14 04:47:38.008, NVIDIA GeForce RTX 4090, 78 %, 34 %, 19206 MiB, 49140 MiB, 308.31 W, 69
2026/08/14 04:47:39.008, NVIDIA GeForce RTX 4090, 42 %, 15 %, 19206 MiB, 49140 MiB, 288.06 W, 61
2026/08/14 04:47:40.008, NVIDIA GeForce RTX 4090, 39 %, 13 %, 19206 MiB, 49140 MiB, 275.70 W, 60
2026/08/14 04:47:41.008, NVIDIA GeForce RTX 4090, 52 %, 20 %, 19206 MiB, 49140 MiB, 280.79 W, 61
2026/08/14 04:47:42.009, NVIDIA GeForce RTX 4090, 56 %, 34 %, 19206 MiB, 49140 MiB, 285.04 W, 62
2026/08/14 04:47:43.009, NVIDIA GeForce RTX 4090, 68 %, 40 %, 19206 MiB, 49140 MiB, 287.13 W, 64
2026/08/14 04:47:44.009, NVIDIA GeForce RTX 4090, 80 %, 35 %, 19206 MiB, 49140 MiB, 307.39 W, 68
2026/08/14 04:47:45.009, NVIDIA GeForce RTX 4090, 40 %, 14 %, 19206 MiB, 49140 MiB, 289.71 W, 61
2026/08/14 04:47:46.009, NVIDIA GeForce RTX 4090, 32 %, 11 %, 19206 MiB, 49140 MiB, 274.12 W, 60
2026/08/14 04:47:47.010, NVIDIA GeForce RTX 4090, 49 %, 17 %, 19206 MiB, 49140 MiB, 273.96 W, 61
2026/08/14 04:47:48.010, NVIDIA GeForce RTX 4090, 61 %, 30 %, 19206 MiB, 49140 MiB, 286.17 W, 64
2026/08/14 04:47:49.010, NVIDIA GeForce RTX 4090, 70 %, 39 %, 19206 MiB, 49140 MiB, 284.73 W, 67
2026/08/14 04:47:50.010, NVIDIA GeForce RTX 4090, 88 %, 47 %, 19206 MiB, 49140 MiB, 303.90 W, 63
2026/08/14 04:47:51.083, NVIDIA GeForce RTX 4090, 47 %, 23 %, 19206 MiB, 49140 MiB, 285.23 W, 60
2026/08/14 04:47:52.084, NVIDIA GeForce RTX 4090, 37 %, 13 %, 19206 MiB, 49140 MiB, 281.69 W, 61
2026/08/14 04:47:53.084, NVIDIA GeForce RTX 4090, 39 %, 13 %, 19206 MiB, 49140 MiB, 278.06 W, 60
2026/08/14 04:47:54.084, NVIDIA GeForce RTX 4090, 46 %, 18 %, 19206 MiB, 49140 MiB, 277.83 W, 61
2026/08/14 04:47:55.084, NVIDIA GeForce RTX 4090, 58 %, 35 %, 19206 MiB, 49140 MiB, 285.90 W, 65
2026/08/14 04:47:56.086, NVIDIA GeForce RTX 4090, 88 %, 46 %, 19206 MiB, 49140 MiB, 311.09 W, 63
2026/08/14 04:47:57.086, NVIDIA GeForce RTX 4090, 43 %, 15 %, 19206 MiB, 49140 MiB, 301.84 W, 62
2026/08/14 04:47:58.086, NVIDIA GeForce RTX 4090, 51 %, 17 %, 19206 MiB, 49140 MiB, 284.52 W, 62
2026/08/14 04:47:59.086, NVIDIA GeForce RTX 4090, 51 %, 24 %, 19206 MiB, 49140 MiB, 289.31 W, 66
2026/08/14 04:48:00.087, NVIDIA GeForce RTX 4090, 68 %, 39 %, 19206 MiB, 49140 MiB, 293.00 W, 69
2026/08/14 04:48:01.087, NVIDIA GeForce RTX 4090, 52 %, 19 %, 19206 MiB, 49140 MiB, 317.11 W, 63
2026/08/14 04:48:02.087, NVIDIA GeForce RTX 4090, 100 %, 51 %, 19206 MiB, 49140 MiB, 344.45 W, 70
2026/08/14 04:48:03.087, NVIDIA GeForce RTX 4090, 0 %, 0 %, 19206 MiB, 49140 MiB, 172.08 W, 57
2026/08/14 04:48:04.087, NVIDIA GeForce RTX 4090, 24 %, 6 %, 19206 MiB, 49140 MiB, 109.74 W, 61
2026/08/14 04:48:05.088, NVIDIA GeForce RTX 4090, 93 %, 53 %, 19206 MiB, 49140 MiB, 271.76 W, 67
2026/08/14 04:48:06.088, NVIDIA GeForce RTX 4090, 85 %, 43 %, 19206 MiB, 49140 MiB, 291.06 W, 63
2026/08/14 04:48:07.088, NVIDIA GeForce RTX 4090, 73 %, 34 %, 19206 MiB, 49140 MiB, 280.81 W, 61
2026/08/14 04:48:08.088, NVIDIA GeForce RTX 4090, 42 %, 15 %, 19206 MiB, 49140 MiB, 277.01 W, 60
2026/08/14 04:48:09.088, NVIDIA GeForce RTX 4090, 42 %, 15 %, 19206 MiB, 49140 MiB, 275.13 W, 60
2026/08/14 04:48:10.089, NVIDIA GeForce RTX 4090, 46 %, 18 %, 19206 MiB, 49140 MiB, 285.56 W, 61
2026/08/14 04:48:11.089, NVIDIA GeForce RTX 4090, 53 %, 29 %, 19206 MiB, 49140 MiB, 280.70 W, 67
2026/08/14 04:48:12.089, NVIDIA GeForce RTX 4090, 91 %, 51 %, 19206 MiB, 49140 MiB, 302.11 W, 66
2026/08/14 04:48:13.090, NVIDIA GeForce RTX 4090, 43 %, 16 %, 19206 MiB, 49140 MiB, 311.90 W, 61
2026/08/14 04:48:14.090, NVIDIA GeForce RTX 4090, 45 %, 15 %, 19206 MiB, 49140 MiB, 286.14 W, 61
2026/08/14 04:48:15.090, NVIDIA GeForce RTX 4090, 47 %, 18 %, 19206 MiB, 49140 MiB, 279.35 W, 62
2026/08/14 04:48:16.091, NVIDIA GeForce RTX 4090, 53 %, 28 %, 19206 MiB, 49140 MiB, 275.46 W, 67
2026/08/14 04:48:17.091, NVIDIA GeForce RTX 4090, 93 %, 53 %, 19206 MiB, 49140 MiB, 299.48 W, 66
2026/08/14 04:48:18.091, NVIDIA GeForce RTX 4090, 55 %, 22 %, 19206 MiB, 49140 MiB, 299.43 W, 61
2026/08/14 04:48:19.091, NVIDIA GeForce RTX 4090, 52 %, 18 %, 19206 MiB, 49140 MiB, 286.69 W, 61
2026/08/14 04:48:20.091, NVIDIA GeForce RTX 4090, 52 %, 19 %, 19206 MiB, 49140 MiB, 286.59 W, 61
2026/08/14 04:48:21.092, NVIDIA GeForce RTX 4090, 69 %, 37 %, 19206 MiB, 49140 MiB, 296.29 W, 66
2026/08/14 04:48:22.092, NVIDIA GeForce RTX 4090, 76 %, 40 %, 19206 MiB, 49140 MiB, 296.80 W, 68
2026/08/14 04:48:23.092, NVIDIA GeForce RTX 4090, 36 %, 12 %, 19206 MiB, 49140 MiB, 303.18 W, 61
2026/08/14 04:48:24.092, NVIDIA GeForce RTX 4090, 42 %, 14 %, 19206 MiB, 49140 MiB, 279.94 W, 60
2026/08/14 04:48:25.093, NVIDIA GeForce RTX 4090, 42 %, 16 %, 19206 MiB, 49140 MiB, 278.57 W, 61
2026/08/14 04:48:26.093, NVIDIA GeForce RTX 4090, 64 %, 34 %, 19206 MiB, 49140 MiB, 297.45 W, 66
2026/08/14 04:48:27.093, NVIDIA GeForce RTX 4090, 81 %, 37 %, 19206 MiB, 49140 MiB, 320.59 W, 62
2026/08/14 04:48:28.093, NVIDIA GeForce RTX 4090, 37 %, 13 %, 19206 MiB, 49140 MiB, 290.04 W, 61
2026/08/14 04:48:29.094, NVIDIA GeForce RTX 4090, 39 %, 13 %, 19206 MiB, 49140 MiB, 279.50 W, 61
2026/08/14 04:48:30.094, NVIDIA GeForce RTX 4090, 45 %, 18 %, 19206 MiB, 49140 MiB, 283.99 W, 61
2026/08/14 04:48:31.096, NVIDIA GeForce RTX 4090, 67 %, 35 %, 19206 MiB, 49140 MiB, 297.43 W, 61
2026/08/14 04:48:32.096, NVIDIA GeForce RTX 4090, 88 %, 45 %, 19206 MiB, 49140 MiB, 306.28 W, 65
2026/08/14 04:48:33.097, NVIDIA GeForce RTX 4090, 54 %, 20 %, 19206 MiB, 49140 MiB, 291.05 W, 61
2026/08/14 04:48:34.097, NVIDIA GeForce RTX 4090, 57 %, 20 %, 19206 MiB, 49140 MiB, 288.86 W, 61
2026/08/14 04:48:35.097, NVIDIA GeForce RTX 4090, 37 %, 14 %, 19206 MiB, 49140 MiB, 277.68 W, 62
2026/08/14 04:48:36.097, NVIDIA GeForce RTX 4090, 39 %, 16 %, 19206 MiB, 49140 MiB, 287.54 W, 68
2026/08/14 04:48:37.098, NVIDIA GeForce RTX 4090, 93 %, 53 %, 19206 MiB, 49140 MiB, 309.65 W, 64
2026/08/14 04:48:38.098, NVIDIA GeForce RTX 4090, 52 %, 23 %, 19206 MiB, 49140 MiB, 299.93 W, 62
2026/08/14 04:48:39.098, NVIDIA GeForce RTX 4090, 36 %, 13 %, 19206 MiB, 49140 MiB, 282.82 W, 62
2026/08/14 04:48:40.098, NVIDIA GeForce RTX 4090, 46 %, 15 %, 19206 MiB, 49140 MiB, 274.47 W, 61
2026/08/14 04:48:41.099, NVIDIA GeForce RTX 4090, 35 %, 13 %, 19206 MiB, 49140 MiB, 274.82 W, 62
2026/08/14 04:48:42.099, NVIDIA GeForce RTX 4090, 38 %, 15 %, 19206 MiB, 49140 MiB, 277.82 W, 67
2026/08/14 04:48:43.100, NVIDIA GeForce RTX 4090, 70 %, 42 %, 19206 MiB, 49140 MiB, 296.66 W, 69
2026/08/14 04:48:44.100, NVIDIA GeForce RTX 4090, 49 %, 24 %, 19206 MiB, 49140 MiB, 302.77 W, 64
2026/08/14 04:48:45.100, NVIDIA GeForce RTX 4090, 36 %, 13 %, 19206 MiB, 49140 MiB, 288.28 W, 61
2026/08/14 04:48:46.101, NVIDIA GeForce RTX 4090, 36 %, 12 %, 19206 MiB, 49140 MiB, 284.02 W, 62
2026/08/14 04:48:47.101, NVIDIA GeForce RTX 4090, 96 %, 47 %, 19206 MiB, 49140 MiB, 359.29 W, 70
2026/08/14 04:48:48.101, NVIDIA GeForce RTX 4090, 79 %, 35 %, 19206 MiB, 49140 MiB, 321.66 W, 63
2026/08/14 04:48:49.101, NVIDIA GeForce RTX 4090, 34 %, 12 %, 19206 MiB, 49140 MiB, 281.98 W, 61
2026/08/14 04:48:50.102, NVIDIA GeForce RTX 4090, 36 %, 12 %, 19206 MiB, 49140 MiB, 284.31 W, 63
2026/08/14 04:48:51.102, NVIDIA GeForce RTX 4090, 38 %, 15 %, 19206 MiB, 49140 MiB, 283.10 W, 66
2026/08/14 04:48:52.102, NVIDIA GeForce RTX 4090, 70 %, 40 %, 19206 MiB, 49140 MiB, 287.37 W, 68
2026/08/14 04:48:53.103, NVIDIA GeForce RTX 4090, 89 %, 46 %, 19206 MiB, 49140 MiB, 307.33 W, 69
2026/08/14 04:48:54.103, NVIDIA GeForce RTX 4090, 29 %, 12 %, 19206 MiB, 49140 MiB, 281.21 W, 63
2026/08/14 04:48:55.103, NVIDIA GeForce RTX 4090, 40 %, 14 %, 19206 MiB, 49140 MiB, 272.81 W, 62
2026/08/14 04:48:56.103, NVIDIA GeForce RTX 4090, 34 %, 12 %, 19206 MiB, 49140 MiB, 278.05 W, 62
2026/08/14 04:48:57.103, NVIDIA GeForce RTX 4090, 34 %, 12 %, 19206 MiB, 49140 MiB, 278.39 W, 63
2026/08/14 04:48:58.103, NVIDIA GeForce RTX 4090, 36 %, 16 %, 19206 MiB, 49140 MiB, 281.72 W, 67
2026/08/14 04:48:59.104, NVIDIA GeForce RTX 4090, 92 %, 52 %, 19206 MiB, 49140 MiB, 309.63 W, 69
2026/08/14 04:49:00.104, NVIDIA GeForce RTX 4090, 53 %, 20 %, 19206 MiB, 49140 MiB, 301.01 W, 63
2026/08/14 04:49:01.104, NVIDIA GeForce RTX 4090, 29 %, 11 %, 19206 MiB, 49140 MiB, 280.83 W, 61
2026/08/14 04:49:02.104, NVIDIA GeForce RTX 4090, 33 %, 11 %, 19206 MiB, 49140 MiB, 281.28 W, 63
2026/08/14 04:49:03.105, NVIDIA GeForce RTX 4090, 37 %, 16 %, 19206 MiB, 49140 MiB, 280.20 W, 68
2026/08/14 04:49:04.105, NVIDIA GeForce RTX 4090, 70 %, 43 %, 19206 MiB, 49140 MiB, 297.97 W, 69
2026/08/14 04:49:05.105, NVIDIA GeForce RTX 4090, 52 %, 29 %, 19206 MiB, 49140 MiB, 303.42 W, 68
2026/08/14 04:49:06.105, NVIDIA GeForce RTX 4090, 30 %, 10 %, 19206 MiB, 49140 MiB, 287.47 W, 64
2026/08/14 04:49:07.105, NVIDIA GeForce RTX 4090, 35 %, 12 %, 19206 MiB, 49140 MiB, 287.73 W, 63
2026/08/14 04:49:08.105, NVIDIA GeForce RTX 4090, 35 %, 14 %, 19206 MiB, 49140 MiB, 273.07 W, 69
2026/08/14 04:49:09.105, NVIDIA GeForce RTX 4090, 71 %, 41 %, 19206 MiB, 49140 MiB, 305.63 W, 70
2026/08/14 04:49:10.106, NVIDIA GeForce RTX 4090, 92 %, 49 %, 19206 MiB, 49140 MiB, 296.41 W, 69
2026/08/14 04:49:11.106, NVIDIA GeForce RTX 4090, 48 %, 18 %, 19206 MiB, 49140 MiB, 290.25 W, 63
2026/08/14 04:49:12.106, NVIDIA GeForce RTX 4090, 27 %, 10 %, 19206 MiB, 49140 MiB, 274.10 W, 62
2026/08/14 04:49:13.106, NVIDIA GeForce RTX 4090, 31 %, 11 %, 19206 MiB, 49140 MiB, 275.60 W, 64
2026/08/14 04:49:14.183, NVIDIA GeForce RTX 4090, 37 %, 14 %, 19206 MiB, 49140 MiB, 290.98 W, 68
2026/08/14 04:49:15.183, NVIDIA GeForce RTX 4090, 69 %, 41 %, 19206 MiB, 49140 MiB, 286.01 W, 68
2026/08/14 04:49:16.184, NVIDIA GeForce RTX 4090, 93 %, 50 %, 19206 MiB, 49140 MiB, 305.22 W, 69
2026/08/14 04:49:17.184, NVIDIA GeForce RTX 4090, 53 %, 25 %, 19206 MiB, 49140 MiB, 289.31 W, 63
2026/08/14 04:49:18.184, NVIDIA GeForce RTX 4090, 36 %, 13 %, 19206 MiB, 49140 MiB, 275.22 W, 62
2026/08/14 04:49:19.184, NVIDIA GeForce RTX 4090, 28 %, 10 %, 19206 MiB, 49140 MiB, 283.49 W, 62
2026/08/14 04:49:20.184, NVIDIA GeForce RTX 4090, 41 %, 14 %, 19206 MiB, 49140 MiB, 264.48 W, 64
2026/08/14 04:49:21.184, NVIDIA GeForce RTX 4090, 54 %, 27 %, 19206 MiB, 49140 MiB, 285.50 W, 68
2026/08/14 04:49:22.184, NVIDIA GeForce RTX 4090, 96 %, 53 %, 19206 MiB, 49140 MiB, 303.07 W, 69
2026/08/14 04:49:23.185, NVIDIA GeForce RTX 4090, 52 %, 20 %, 19206 MiB, 49140 MiB, 307.04 W, 63
2026/08/14 04:49:24.185, NVIDIA GeForce RTX 4090, 39 %, 13 %, 19206 MiB, 49140 MiB, 279.71 W, 62
2026/08/14 04:49:25.185, NVIDIA GeForce RTX 4090, 32 %, 10 %, 19206 MiB, 49140 MiB, 281.91 W, 65
2026/08/14 04:49:26.185, NVIDIA GeForce RTX 4090, 31 %, 12 %, 19206 MiB, 49140 MiB, 279.84 W, 68
2026/08/14 04:49:27.185, NVIDIA GeForce RTX 4090, 97 %, 53 %, 19206 MiB, 49140 MiB, 311.80 W, 69
2026/08/14 04:49:28.185, NVIDIA GeForce RTX 4090, 53 %, 25 %, 19206 MiB, 49140 MiB, 300.06 W, 64
2026/08/14 04:49:29.186, NVIDIA GeForce RTX 4090, 32 %, 12 %, 19206 MiB, 49140 MiB, 273.08 W, 62
2026/08/14 04:49:30.186, NVIDIA GeForce RTX 4090, 100 %, 55 %, 19206 MiB, 49140 MiB, 316.83 W, 69
2026/08/14 04:49:31.186, NVIDIA GeForce RTX 4090, 0 %, 0 %, 19206 MiB, 49140 MiB, 197.43 W, 57
2026/08/14 04:49:32.186, NVIDIA GeForce RTX 4090, 3 %, 0 %, 19206 MiB, 49140 MiB, 107.16 W, 56
2026/08/14 04:49:33.186, NVIDIA GeForce RTX 4090, 0 %, 0 %, 19206 MiB, 49140 MiB, 93.59 W, 55
2026/08/14 04:49:34.186, NVIDIA GeForce RTX 4090, 0 %, 0 %, 19206 MiB, 49140 MiB, 89.77 W, 55
2026/08/14 04:49:35.187, NVIDIA GeForce RTX 4090, 0 %, 0 %, 19206 MiB, 49140 MiB, 89.58 W, 54
2026/08/14 04:49:36.187, NVIDIA GeForce RTX 4090, 0 %, 0 %, 19206 MiB, 49140 MiB, 89.58 W, 54
2026/08/14 04:49:37.187, NVIDIA GeForce RTX 4090, 0 %, 0 %, 19206 MiB, 49140 MiB, 89.49 W, 53
2026/08/14 04:49:38.187, NVIDIA GeForce RTX 4090, 0 %, 0 %, 19206 MiB, 49140 MiB, 88.98 W, 53
2026/08/14 04:49:39.187, NVIDIA GeForce RTX 4090, 0 %, 0 %, 19206 MiB, 49140 MiB, 88.61 W, 53
2026/08/14 04:49:40.188, NVIDIA GeForce RTX 4090, 0 %, 0 %, 19206 MiB, 49140 MiB, 88.33 W, 52
2026/08/14 04:49:41.188, NVIDIA GeForce RTX 4090, 0 %, 0 %, 19206 MiB, 49140 MiB, 88.08 W, 52
2026/08/14 04:49:42.188, NVIDIA GeForce RTX 4090, 0 %, 0 %, 19206 MiB, 49140 MiB, 87.92 W, 52
2026/08/14 04:49:43.188, NVIDIA GeForce RTX 4090, 0 %, 0 %, 19206 MiB, 49140 MiB, 87.50 W, 51
2026/08/14 04:49:44.188, NVIDIA GeForce RTX 4090, 0 %, 0 %, 19206 MiB, 49140 MiB, 87.04 W, 51
