timestamp, name, utilization.gpu [%], utilization.memory [%], memory.used [MiB], memory.total [MiB], power.draw [W], temperature.gpu
2026/08/14 03:52:30.394, NVIDIA GeForce RTX 4090, 0 %, 0 %, 1 MiB, 49140 MiB, 79.89 W, 48
2026/08/14 03:52:31.401, NVIDIA GeForce RTX 4090, 0 %, 0 %, 1 MiB, 49140 MiB, 82.38 W, 48
2026/08/14 03:52:32.402, NVIDIA GeForce RTX 4090, 0 %, 0 %, 1 MiB, 49140 MiB, 78.98 W, 47
2026/08/14 03:52:33.402, NVIDIA GeForce RTX 4090, 0 %, 0 %, 1 MiB, 49140 MiB, 66.77 W, 47
2026/08/14 03:52:34.402, NVIDIA GeForce RTX 4090, 0 %, 0 %, 1 MiB, 49140 MiB, 54.00 W, 46
2026/08/14 03:52:35.402, NVIDIA GeForce RTX 4090, 0 %, 0 %, 4 MiB, 49140 MiB, 47.37 W, 46
2026/08/14 03:52:36.402, NVIDIA GeForce RTX 4090, 0 %, 0 %, 4 MiB, 49140 MiB, 41.91 W, 46
2026/08/14 03:52:37.403, NVIDIA GeForce RTX 4090, 0 %, 0 %, 4 MiB, 49140 MiB, 36.53 W, 46
2026/08/14 03:52:38.403, NVIDIA GeForce RTX 4090, 0 %, 0 %, 4 MiB, 49140 MiB, 35.74 W, 45
2026/08/14 03:52:39.403, NVIDIA GeForce RTX 4090, 0 %, 0 %, 4 MiB, 49140 MiB, 34.57 W, 45
2026/08/14 03:52:40.404, NVIDIA GeForce RTX 4090, 0 %, 0 %, 4 MiB, 49140 MiB, 34.09 W, 45
2026/08/14 03:52:41.404, NVIDIA GeForce RTX 4090, 0 %, 0 %, 4 MiB, 49140 MiB, 33.88 W, 45
2026/08/14 03:52:42.404, NVIDIA GeForce RTX 4090, 0 %, 0 %, 4 MiB, 49140 MiB, 33.59 W, 45
2026/08/14 03:52:43.404, NVIDIA GeForce RTX 4090, 0 %, 0 %, 4 MiB, 49140 MiB, 33.22 W, 44
2026/08/14 03:52:44.404, NVIDIA GeForce RTX 4090, 0 %, 0 %, 4 MiB, 49140 MiB, 32.61 W, 44
2026/08/14 03:52:45.405, NVIDIA GeForce RTX 4090, 0 %, 0 %, 4 MiB, 49140 MiB, 32.12 W, 44
2026/08/14 03:52:46.405, NVIDIA GeForce RTX 4090, 0 %, 0 %, 4 MiB, 49140 MiB, 32.08 W, 44
2026/08/14 03:52:47.405, NVIDIA GeForce RTX 4090, 0 %, 0 %, 4 MiB, 49140 MiB, 32.08 W, 44
2026/08/14 03:52:48.405, NVIDIA GeForce RTX 4090, 0 %, 0 %, 4 MiB, 49140 MiB, 31.89 W, 44
2026/08/14 03:52:49.406, NVIDIA GeForce RTX 4090, 0 %, 0 %, 4 MiB, 49140 MiB, 31.57 W, 44
2026/08/14 03:52:50.406, NVIDIA GeForce RTX 4090, 0 %, 0 %, 4 MiB, 49140 MiB, 31.49 W, 44
2026/08/14 03:52:51.406, NVIDIA GeForce RTX 4090, 0 %, 0 %, 4 MiB, 49140 MiB, 31.39 W, 43
2026/08/14 03:52:52.406, NVIDIA GeForce RTX 4090, 0 %, 0 %, 4 MiB, 49140 MiB, 31.06 W, 43
2026/08/14 03:52:53.406, NVIDIA GeForce RTX 4090, 0 %, 0 %, 4 MiB, 49140 MiB, 30.92 W, 43
2026/08/14 03:52:54.407, NVIDIA GeForce RTX 4090, 0 %, 0 %, 4 MiB, 49140 MiB, 30.70 W, 43
2026/08/14 03:52:55.407, NVIDIA GeForce RTX 4090, 0 %, 0 %, 4 MiB, 49140 MiB, 30.58 W, 43
2026/08/14 03:52:56.407, NVIDIA GeForce RTX 4090, 0 %, 0 %, 4 MiB, 49140 MiB, 30.47 W, 43
2026/08/14 03:52:57.407, NVIDIA GeForce RTX 4090, 0 %, 0 %, 4 MiB, 49140 MiB, 30.45 W, 43
2026/08/14 03:52:58.407, NVIDIA GeForce RTX 4090, 0 %, 0 %, 4 MiB, 49140 MiB, 30.54 W, 43
2026/08/14 03:52:59.408, NVIDIA GeForce RTX 4090, 0 %, 0 %, 4 MiB, 49140 MiB, 30.55 W, 43
2026/08/14 03:53:00.408, NVIDIA GeForce RTX 4090, 0 %, 0 %, 4 MiB, 49140 MiB, 30.42 W, 43
2026/08/14 03:53:01.408, NVIDIA GeForce RTX 4090, 0 %, 0 %, 4 MiB, 49140 MiB, 30.18 W, 42
2026/08/14 03:53:02.408, NVIDIA GeForce RTX 4090, 0 %, 0 %, 4 MiB, 49140 MiB, 29.99 W, 42
2026/08/14 03:53:03.408, NVIDIA GeForce RTX 4090, 0 %, 0 %, 4 MiB, 49140 MiB, 30.24 W, 42
2026/08/14 03:53:04.409, NVIDIA GeForce RTX 4090, 0 %, 0 %, 4 MiB, 49140 MiB, 30.39 W, 42
2026/08/14 03:53:05.409, NVIDIA GeForce RTX 4090, 0 %, 0 %, 4 MiB, 49140 MiB, 30.16 W, 42
2026/08/14 03:53:06.409, NVIDIA GeForce RTX 4090, 0 %, 0 %, 4 MiB, 49140 MiB, 30.26 W, 42
2026/08/14 03:53:07.409, NVIDIA GeForce RTX 4090, 0 %, 0 %, 4 MiB, 49140 MiB, 30.37 W, 42
2026/08/14 03:53:08.410, NVIDIA GeForce RTX 4090, 0 %, 0 %, 4 MiB, 49140 MiB, 30.25 W, 42
2026/08/14 03:53:09.410, NVIDIA GeForce RTX 4090, 0 %, 0 %, 4 MiB, 49140 MiB, 29.94 W, 42
2026/08/14 03:53:10.410, NVIDIA GeForce RTX 4090, 0 %, 0 %, 4 MiB, 49140 MiB, 29.60 W, 42
2026/08/14 03:53:11.410, NVIDIA GeForce RTX 4090, 0 %, 0 %, 4 MiB, 49140 MiB, 29.64 W, 42
2026/08/14 03:53:12.410, NVIDIA GeForce RTX 4090, 0 %, 0 %, 4 MiB, 49140 MiB, 29.79 W, 42
2026/08/14 03:53:13.410, NVIDIA GeForce RTX 4090, 0 %, 0 %, 4 MiB, 49140 MiB, 29.85 W, 42
2026/08/14 03:53:14.411, NVIDIA GeForce RTX 4090, 0 %, 0 %, 4 MiB, 49140 MiB, 29.69 W, 42
2026/08/14 03:53:15.411, NVIDIA GeForce RTX 4090, 0 %, 0 %, 4 MiB, 49140 MiB, 29.31 W, 41
2026/08/14 03:53:16.411, NVIDIA GeForce RTX 4090, 0 %, 0 %, 4 MiB, 49140 MiB, 29.28 W, 41
2026/08/14 03:53:17.411, NVIDIA GeForce RTX 4090, 0 %, 0 %, 4 MiB, 49140 MiB, 29.35 W, 41
2026/08/14 03:53:18.411, NVIDIA GeForce RTX 4090, 17 %, 0 %, 2950 MiB, 49140 MiB, 43.07 W, 42
2026/08/14 03:53:19.411, NVIDIA GeForce RTX 4090, 53 %, 1 %, 9628 MiB, 49140 MiB, 76.29 W, 43
2026/08/14 03:53:20.412, NVIDIA GeForce RTX 4090, 73 %, 1 %, 17392 MiB, 49140 MiB, 92.00 W, 44
2026/08/14 03:53:21.412, NVIDIA GeForce RTX 4090, 48 %, 16 %, 19200 MiB, 49140 MiB, 176.96 W, 49
2026/08/14 03:53:22.412, NVIDIA GeForce RTX 4090, 44 %, 15 %, 19202 MiB, 49140 MiB, 254.22 W, 50
2026/08/14 03:53:23.484, NVIDIA GeForce RTX 4090, 42 %, 19 %, 19204 MiB, 49140 MiB, 260.25 W, 56
2026/08/14 03:53:24.484, NVIDIA GeForce RTX 4090, 61 %, 38 %, 19204 MiB, 49140 MiB, 275.52 W, 58
2026/08/14 03:53:25.484, NVIDIA GeForce RTX 4090, 83 %, 38 %, 19204 MiB, 49140 MiB, 291.72 W, 52
2026/08/14 03:53:26.484, NVIDIA GeForce RTX 4090, 39 %, 14 %, 19204 MiB, 49140 MiB, 274.46 W, 52
2026/08/14 03:53:27.484, NVIDIA GeForce RTX 4090, 42 %, 14 %, 19204 MiB, 49140 MiB, 269.29 W, 52
2026/08/14 03:53:28.485, NVIDIA GeForce RTX 4090, 45 %, 19 %, 19204 MiB, 49140 MiB, 272.51 W, 55
2026/08/14 03:53:29.485, NVIDIA GeForce RTX 4090, 67 %, 36 %, 19204 MiB, 49140 MiB, 268.00 W, 58
2026/08/14 03:53:30.485, NVIDIA GeForce RTX 4090, 50 %, 25 %, 19204 MiB, 49140 MiB, 297.84 W, 56
2026/08/14 03:53:31.486, NVIDIA GeForce RTX 4090, 36 %, 13 %, 19204 MiB, 49140 MiB, 276.40 W, 53
2026/08/14 03:53:32.486, NVIDIA GeForce RTX 4090, 40 %, 13 %, 19204 MiB, 49140 MiB, 273.42 W, 54
2026/08/14 03:53:33.486, NVIDIA GeForce RTX 4090, 53 %, 28 %, 19204 MiB, 49140 MiB, 284.39 W, 62
2026/08/14 03:53:34.486, NVIDIA GeForce RTX 4090, 93 %, 54 %, 19204 MiB, 49140 MiB, 290.48 W, 58
2026/08/14 03:53:35.487, NVIDIA GeForce RTX 4090, 52 %, 23 %, 19204 MiB, 49140 MiB, 290.07 W, 54
2026/08/14 03:53:36.487, NVIDIA GeForce RTX 4090, 32 %, 11 %, 19204 MiB, 49140 MiB, 264.42 W, 54
2026/08/14 03:53:37.487, NVIDIA GeForce RTX 4090, 40 %, 14 %, 19204 MiB, 49140 MiB, 263.01 W, 57
2026/08/14 03:53:38.488, NVIDIA GeForce RTX 4090, 49 %, 19 %, 19204 MiB, 49140 MiB, 282.02 W, 55
2026/08/14 03:53:39.488, NVIDIA GeForce RTX 4090, 73 %, 40 %, 19204 MiB, 49140 MiB, 289.30 W, 62
2026/08/14 03:53:40.488, NVIDIA GeForce RTX 4090, 50 %, 24 %, 19204 MiB, 49140 MiB, 304.59 W, 59
2026/08/14 03:53:41.488, NVIDIA GeForce RTX 4090, 38 %, 13 %, 19204 MiB, 49140 MiB, 279.37 W, 56
2026/08/14 03:53:42.489, NVIDIA GeForce RTX 4090, 37 %, 13 %, 19204 MiB, 49140 MiB, 270.54 W, 56
2026/08/14 03:53:43.489, NVIDIA GeForce RTX 4090, 41 %, 15 %, 19204 MiB, 49140 MiB, 259.92 W, 56
2026/08/14 03:53:44.489, NVIDIA GeForce RTX 4090, 39 %, 16 %, 19204 MiB, 49140 MiB, 270.22 W, 55
2026/08/14 03:53:45.490, NVIDIA GeForce RTX 4090, 69 %, 41 %, 19204 MiB, 49140 MiB, 283.43 W, 64
2026/08/14 03:53:46.490, NVIDIA GeForce RTX 4090, 88 %, 41 %, 19204 MiB, 49140 MiB, 304.03 W, 58
2026/08/14 03:53:47.490, NVIDIA GeForce RTX 4090, 35 %, 13 %, 19204 MiB, 49140 MiB, 282.56 W, 57
2026/08/14 03:53:48.490, NVIDIA GeForce RTX 4090, 37 %, 12 %, 19204 MiB, 49140 MiB, 278.62 W, 57
2026/08/14 03:53:49.490, NVIDIA GeForce RTX 4090, 42 %, 17 %, 19204 MiB, 49140 MiB, 274.54 W, 59
2026/08/14 03:53:50.491, NVIDIA GeForce RTX 4090, 69 %, 36 %, 19204 MiB, 49140 MiB, 279.12 W, 63
2026/08/14 03:53:51.491, NVIDIA GeForce RTX 4090, 55 %, 28 %, 19204 MiB, 49140 MiB, 306.00 W, 57
2026/08/14 03:53:52.491, NVIDIA GeForce RTX 4090, 30 %, 10 %, 19204 MiB, 49140 MiB, 277.32 W, 57
2026/08/14 03:53:53.491, NVIDIA GeForce RTX 4090, 38 %, 14 %, 19204 MiB, 49140 MiB, 267.23 W, 57
2026/08/14 03:53:54.492, NVIDIA GeForce RTX 4090, 34 %, 12 %, 19204 MiB, 49140 MiB, 269.31 W, 63
2026/08/14 03:53:55.492, NVIDIA GeForce RTX 4090, 37 %, 15 %, 19204 MiB, 49140 MiB, 281.85 W, 63
2026/08/14 03:53:56.492, NVIDIA GeForce RTX 4090, 71 %, 43 %, 19204 MiB, 49140 MiB, 288.11 W, 65
2026/08/14 03:53:57.492, NVIDIA GeForce RTX 4090, 87 %, 41 %, 19204 MiB, 49140 MiB, 306.84 W, 59
2026/08/14 03:53:58.492, NVIDIA GeForce RTX 4090, 39 %, 14 %, 19204 MiB, 49140 MiB, 283.73 W, 58
2026/08/14 03:53:59.493, NVIDIA GeForce RTX 4090, 42 %, 13 %, 19204 MiB, 49140 MiB, 281.42 W, 58
2026/08/14 03:54:00.493, NVIDIA GeForce RTX 4090, 44 %, 17 %, 19204 MiB, 49140 MiB, 280.01 W, 61
2026/08/14 03:54:01.493, NVIDIA GeForce RTX 4090, 55 %, 29 %, 19204 MiB, 49140 MiB, 273.44 W, 64
2026/08/14 03:54:02.494, NVIDIA GeForce RTX 4090, 93 %, 53 %, 19204 MiB, 49140 MiB, 307.54 W, 63
2026/08/14 03:54:03.494, NVIDIA GeForce RTX 4090, 100 %, 56 %, 19204 MiB, 49140 MiB, 310.23 W, 65
2026/08/14 03:54:04.494, NVIDIA GeForce RTX 4090, 35 %, 12 %, 19204 MiB, 49140 MiB, 335.00 W, 58
2026/08/14 03:54:05.494, NVIDIA GeForce RTX 4090, 40 %, 16 %, 19204 MiB, 49140 MiB, 277.72 W, 59
2026/08/14 03:54:06.494, NVIDIA GeForce RTX 4090, 99 %, 55 %, 19204 MiB, 49140 MiB, 313.30 W, 66
2026/08/14 03:54:07.495, NVIDIA GeForce RTX 4090, 53 %, 29 %, 19204 MiB, 49140 MiB, 297.83 W, 63
2026/08/14 03:54:08.495, NVIDIA GeForce RTX 4090, 32 %, 11 %, 19206 MiB, 49140 MiB, 279.73 W, 59
2026/08/14 03:54:09.495, NVIDIA GeForce RTX 4090, 37 %, 13 %, 19206 MiB, 49140 MiB, 279.21 W, 58
2026/08/14 03:54:10.495, NVIDIA GeForce RTX 4090, 34 %, 12 %, 19206 MiB, 49140 MiB, 269.64 W, 58
2026/08/14 03:54:11.495, NVIDIA GeForce RTX 4090, 36 %, 16 %, 19206 MiB, 49140 MiB, 278.34 W, 64
2026/08/14 03:54:12.495, NVIDIA GeForce RTX 4090, 70 %, 42 %, 19206 MiB, 49140 MiB, 295.68 W, 64
2026/08/14 03:54:13.496, NVIDIA GeForce RTX 4090, 92 %, 52 %, 19206 MiB, 49140 MiB, 286.84 W, 66
2026/08/14 03:54:14.496, NVIDIA GeForce RTX 4090, 56 %, 28 %, 19206 MiB, 49140 MiB, 281.38 W, 59
2026/08/14 03:54:15.496, NVIDIA GeForce RTX 4090, 29 %, 10 %, 19206 MiB, 49140 MiB, 263.81 W, 58
2026/08/14 03:54:16.496, NVIDIA GeForce RTX 4090, 32 %, 12 %, 19206 MiB, 49140 MiB, 266.83 W, 59
2026/08/14 03:54:17.496, NVIDIA GeForce RTX 4090, 42 %, 15 %, 19206 MiB, 49140 MiB, 267.83 W, 59
2026/08/14 03:54:18.497, NVIDIA GeForce RTX 4090, 31 %, 11 %, 19206 MiB, 49140 MiB, 271.67 W, 60
2026/08/14 03:54:19.497, NVIDIA GeForce RTX 4090, 38 %, 16 %, 19206 MiB, 49140 MiB, 288.83 W, 65
2026/08/14 03:54:20.497, NVIDIA GeForce RTX 4090, 58 %, 33 %, 19206 MiB, 49140 MiB, 308.57 W, 67
2026/08/14 03:54:21.497, NVIDIA GeForce RTX 4090, 55 %, 28 %, 19206 MiB, 49140 MiB, 279.71 W, 59
2026/08/14 03:54:22.497, NVIDIA GeForce RTX 4090, 27 %, 10 %, 19206 MiB, 49140 MiB, 271.49 W, 59
2026/08/14 03:54:23.497, NVIDIA GeForce RTX 4090, 21 %, 8 %, 19206 MiB, 49140 MiB, 267.25 W, 60
2026/08/14 03:54:24.498, NVIDIA GeForce RTX 4090, 34 %, 12 %, 19206 MiB, 49140 MiB, 268.58 W, 59
2026/08/14 03:54:25.498, NVIDIA GeForce RTX 4090, 46 %, 18 %, 19206 MiB, 49140 MiB, 284.86 W, 60
2026/08/14 03:54:26.498, NVIDIA GeForce RTX 4090, 54 %, 28 %, 19206 MiB, 49140 MiB, 292.01 W, 66
2026/08/14 03:54:27.498, NVIDIA GeForce RTX 4090, 71 %, 40 %, 19206 MiB, 49140 MiB, 293.86 W, 68
2026/08/14 03:54:28.498, NVIDIA GeForce RTX 4090, 56 %, 26 %, 19206 MiB, 49140 MiB, 287.90 W, 66
2026/08/14 03:54:29.499, NVIDIA GeForce RTX 4090, 54 %, 26 %, 19206 MiB, 49140 MiB, 268.47 W, 59
2026/08/14 03:54:30.499, NVIDIA GeForce RTX 4090, 39 %, 14 %, 19206 MiB, 49140 MiB, 263.53 W, 60
2026/08/14 03:54:31.499, NVIDIA GeForce RTX 4090, 37 %, 12 %, 19206 MiB, 49140 MiB, 271.37 W, 60
2026/08/14 03:54:32.499, NVIDIA GeForce RTX 4090, 50 %, 20 %, 19206 MiB, 49140 MiB, 278.73 W, 63
2026/08/14 03:54:33.499, NVIDIA GeForce RTX 4090, 37 %, 14 %, 19206 MiB, 49140 MiB, 287.95 W, 66
2026/08/14 03:54:34.500, NVIDIA GeForce RTX 4090, 90 %, 49 %, 19206 MiB, 49140 MiB, 301.56 W, 67
2026/08/14 03:54:35.500, NVIDIA GeForce RTX 4090, 89 %, 45 %, 19206 MiB, 49140 MiB, 299.26 W, 62
2026/08/14 03:54:36.500, NVIDIA GeForce RTX 4090, 39 %, 14 %, 19206 MiB, 49140 MiB, 271.97 W, 60
2026/08/14 03:54:37.500, NVIDIA GeForce RTX 4090, 41 %, 14 %, 19206 MiB, 49140 MiB, 275.53 W, 61
2026/08/14 03:54:38.501, NVIDIA GeForce RTX 4090, 52 %, 21 %, 19206 MiB, 49140 MiB, 269.39 W, 62
2026/08/14 03:54:39.501, NVIDIA GeForce RTX 4090, 75 %, 41 %, 19206 MiB, 49140 MiB, 287.46 W, 65
2026/08/14 03:54:40.501, NVIDIA GeForce RTX 4090, 93 %, 51 %, 19206 MiB, 49140 MiB, 303.80 W, 67
2026/08/14 03:54:41.501, NVIDIA GeForce RTX 4090, 40 %, 21 %, 19206 MiB, 49140 MiB, 275.81 W, 62
2026/08/14 03:54:42.502, NVIDIA GeForce RTX 4090, 71 %, 32 %, 19206 MiB, 49140 MiB, 273.85 W, 60
2026/08/14 03:54:43.502, NVIDIA GeForce RTX 4090, 36 %, 13 %, 19206 MiB, 49140 MiB, 269.73 W, 60
2026/08/14 03:54:44.502, NVIDIA GeForce RTX 4090, 41 %, 15 %, 19206 MiB, 49140 MiB, 267.59 W, 61
2026/08/14 03:54:45.506, NVIDIA GeForce RTX 4090, 39 %, 13 %, 19206 MiB, 49140 MiB, 267.81 W, 61
2026/08/14 03:54:46.506, NVIDIA GeForce RTX 4090, 50 %, 19 %, 19206 MiB, 49140 MiB, 277.82 W, 64
2026/08/14 03:54:47.506, NVIDIA GeForce RTX 4090, 59 %, 30 %, 19206 MiB, 49140 MiB, 278.83 W, 67
2026/08/14 03:54:48.506, NVIDIA GeForce RTX 4090, 0 %, 0 %, 19206 MiB, 49140 MiB, 317.66 W, 57
2026/08/14 03:54:49.507, NVIDIA GeForce RTX 4090, 0 %, 0 %, 19206 MiB, 49140 MiB, 105.57 W, 54
2026/08/14 03:54:50.507, NVIDIA GeForce RTX 4090, 85 %, 41 %, 19206 MiB, 49140 MiB, 123.57 W, 58
2026/08/14 03:54:51.507, NVIDIA GeForce RTX 4090, 32 %, 12 %, 19206 MiB, 49140 MiB, 295.87 W, 61
2026/08/14 03:54:52.507, NVIDIA GeForce RTX 4090, 42 %, 15 %, 19206 MiB, 49140 MiB, 275.32 W, 59
2026/08/14 03:54:53.508, NVIDIA GeForce RTX 4090, 46 %, 16 %, 19206 MiB, 49140 MiB, 281.51 W, 62
2026/08/14 03:54:54.508, NVIDIA GeForce RTX 4090, 47 %, 19 %, 19206 MiB, 49140 MiB, 271.65 W, 62
2026/08/14 03:54:55.508, NVIDIA GeForce RTX 4090, 74 %, 42 %, 19206 MiB, 49140 MiB, 289.88 W, 66
2026/08/14 03:54:56.509, NVIDIA GeForce RTX 4090, 53 %, 29 %, 19206 MiB, 49140 MiB, 300.01 W, 66
2026/08/14 03:54:57.509, NVIDIA GeForce RTX 4090, 36 %, 14 %, 19206 MiB, 49140 MiB, 284.04 W, 62
2026/08/14 03:54:58.509, NVIDIA GeForce RTX 4090, 37 %, 13 %, 19206 MiB, 49140 MiB, 272.24 W, 62
2026/08/14 03:54:59.509, NVIDIA GeForce RTX 4090, 39 %, 13 %, 19206 MiB, 49140 MiB, 275.64 W, 62
2026/08/14 03:55:00.510, NVIDIA GeForce RTX 4090, 45 %, 18 %, 19206 MiB, 49140 MiB, 283.99 W, 63
2026/08/14 03:55:01.510, NVIDIA GeForce RTX 4090, 95 %, 52 %, 19206 MiB, 49140 MiB, 312.52 W, 67
2026/08/14 03:55:02.510, NVIDIA GeForce RTX 4090, 55 %, 24 %, 19206 MiB, 49140 MiB, 300.43 W, 68
2026/08/14 03:55:03.511, NVIDIA GeForce RTX 4090, 39 %, 14 %, 19206 MiB, 49140 MiB, 282.60 W, 61
2026/08/14 03:55:04.511, NVIDIA GeForce RTX 4090, 46 %, 16 %, 19206 MiB, 49140 MiB, 280.10 W, 63
2026/08/14 03:55:05.511, NVIDIA GeForce RTX 4090, 47 %, 19 %, 19206 MiB, 49140 MiB, 286.80 W, 63
2026/08/14 03:55:06.511, NVIDIA GeForce RTX 4090, 74 %, 41 %, 19206 MiB, 49140 MiB, 292.57 W, 67
2026/08/14 03:55:07.511, NVIDIA GeForce RTX 4090, 85 %, 42 %, 19206 MiB, 49140 MiB, 312.61 W, 67
2026/08/14 03:55:08.512, NVIDIA GeForce RTX 4090, 45 %, 16 %, 19206 MiB, 49140 MiB, 285.70 W, 64
2026/08/14 03:55:09.512, NVIDIA GeForce RTX 4090, 44 %, 15 %, 19206 MiB, 49140 MiB, 283.38 W, 60
2026/08/14 03:55:10.512, NVIDIA GeForce RTX 4090, 55 %, 21 %, 19206 MiB, 49140 MiB, 281.30 W, 66
2026/08/14 03:55:11.513, NVIDIA GeForce RTX 4090, 75 %, 41 %, 19206 MiB, 49140 MiB, 292.18 W, 66
2026/08/14 03:55:12.513, NVIDIA GeForce RTX 4090, 95 %, 53 %, 19206 MiB, 49140 MiB, 304.86 W, 65
2026/08/14 03:55:13.513, NVIDIA GeForce RTX 4090, 92 %, 52 %, 19206 MiB, 49140 MiB, 290.39 W, 67
2026/08/14 03:55:14.514, NVIDIA GeForce RTX 4090, 37 %, 13 %, 19206 MiB, 49140 MiB, 286.16 W, 63
2026/08/14 03:55:15.514, NVIDIA GeForce RTX 4090, 39 %, 13 %, 19206 MiB, 49140 MiB, 278.71 W, 63
2026/08/14 03:55:16.514, NVIDIA GeForce RTX 4090, 47 %, 18 %, 19206 MiB, 49140 MiB, 282.45 W, 64
2026/08/14 03:55:17.583, NVIDIA GeForce RTX 4090, 38 %, 13 %, 19206 MiB, 49140 MiB, 282.25 W, 63
2026/08/14 03:55:18.584, NVIDIA GeForce RTX 4090, 30 %, 12 %, 19206 MiB, 49140 MiB, 286.72 W, 64
2026/08/14 03:55:19.584, NVIDIA GeForce RTX 4090, 71 %, 39 %, 19206 MiB, 49140 MiB, 293.60 W, 66
2026/08/14 03:55:20.584, NVIDIA GeForce RTX 4090, 48 %, 25 %, 19206 MiB, 49140 MiB, 300.79 W, 67
2026/08/14 03:55:21.584, NVIDIA GeForce RTX 4090, 16 %, 6 %, 19206 MiB, 49140 MiB, 280.12 W, 62
2026/08/14 03:55:22.585, NVIDIA GeForce RTX 4090, 30 %, 11 %, 19206 MiB, 49140 MiB, 272.86 W, 63
2026/08/14 03:55:23.585, NVIDIA GeForce RTX 4090, 39 %, 14 %, 19206 MiB, 49140 MiB, 280.54 W, 65
2026/08/14 03:55:24.585, NVIDIA GeForce RTX 4090, 56 %, 26 %, 19206 MiB, 49140 MiB, 282.50 W, 65
2026/08/14 03:55:25.585, NVIDIA GeForce RTX 4090, 99 %, 58 %, 19206 MiB, 49140 MiB, 299.45 W, 67
2026/08/14 03:55:26.585, NVIDIA GeForce RTX 4090, 47 %, 24 %, 19206 MiB, 49140 MiB, 297.35 W, 66
2026/08/14 03:55:27.586, NVIDIA GeForce RTX 4090, 34 %, 12 %, 19206 MiB, 49140 MiB, 280.66 W, 65
2026/08/14 03:55:28.586, NVIDIA GeForce RTX 4090, 14 %, 5 %, 19206 MiB, 49140 MiB, 284.28 W, 64
2026/08/14 03:55:29.586, NVIDIA GeForce RTX 4090, 39 %, 16 %, 19206 MiB, 49140 MiB, 279.81 W, 66
2026/08/14 03:55:30.586, NVIDIA GeForce RTX 4090, 69 %, 37 %, 19206 MiB, 49140 MiB, 283.42 W, 66
2026/08/14 03:55:31.587, NVIDIA GeForce RTX 4090, 49 %, 25 %, 19206 MiB, 49140 MiB, 298.96 W, 68
2026/08/14 03:55:32.587, NVIDIA GeForce RTX 4090, 100 %, 56 %, 19206 MiB, 49140 MiB, 329.23 W, 68
2026/08/14 03:55:33.587, NVIDIA GeForce RTX 4090, 52 %, 24 %, 19206 MiB, 49140 MiB, 331.47 W, 66
2026/08/14 03:55:34.587, NVIDIA GeForce RTX 4090, 99 %, 58 %, 19206 MiB, 49140 MiB, 304.48 W, 67
2026/08/14 03:55:35.588, NVIDIA GeForce RTX 4090, 36 %, 14 %, 19206 MiB, 49140 MiB, 311.67 W, 69
2026/08/14 03:55:36.588, NVIDIA GeForce RTX 4090, 39 %, 13 %, 19206 MiB, 49140 MiB, 280.92 W, 67
2026/08/14 03:55:37.588, NVIDIA GeForce RTX 4090, 36 %, 15 %, 19206 MiB, 49140 MiB, 288.18 W, 66
2026/08/14 03:55:38.588, NVIDIA GeForce RTX 4090, 70 %, 38 %, 19206 MiB, 49140 MiB, 293.42 W, 66
2026/08/14 03:55:39.589, NVIDIA GeForce RTX 4090, 47 %, 23 %, 19206 MiB, 49140 MiB, 302.86 W, 66
2026/08/14 03:55:40.589, NVIDIA GeForce RTX 4090, 39 %, 15 %, 19206 MiB, 49140 MiB, 284.07 W, 64
2026/08/14 03:55:41.589, NVIDIA GeForce RTX 4090, 34 %, 12 %, 19206 MiB, 49140 MiB, 279.49 W, 65
2026/08/14 03:55:42.589, NVIDIA GeForce RTX 4090, 51 %, 19 %, 19206 MiB, 49140 MiB, 297.00 W, 67
2026/08/14 03:55:43.589, NVIDIA GeForce RTX 4090, 99 %, 58 %, 19206 MiB, 49140 MiB, 319.01 W, 68
2026/08/14 03:55:44.590, NVIDIA GeForce RTX 4090, 53 %, 26 %, 19206 MiB, 49140 MiB, 305.03 W, 67
2026/08/14 03:55:45.590, NVIDIA GeForce RTX 4090, 32 %, 12 %, 19206 MiB, 49140 MiB, 288.38 W, 65
2026/08/14 03:55:46.590, NVIDIA GeForce RTX 4090, 40 %, 14 %, 19206 MiB, 49140 MiB, 277.53 W, 67
2026/08/14 03:55:47.590, NVIDIA GeForce RTX 4090, 38 %, 14 %, 19206 MiB, 49140 MiB, 274.50 W, 66
2026/08/14 03:55:48.591, NVIDIA GeForce RTX 4090, 71 %, 39 %, 19206 MiB, 49140 MiB, 291.92 W, 65
2026/08/14 03:55:49.591, NVIDIA GeForce RTX 4090, 87 %, 46 %, 19206 MiB, 49140 MiB, 301.91 W, 68
2026/08/14 03:55:50.591, NVIDIA GeForce RTX 4090, 31 %, 10 %, 19206 MiB, 49140 MiB, 293.75 W, 67
2026/08/14 03:55:51.591, NVIDIA GeForce RTX 4090, 38 %, 13 %, 19206 MiB, 49140 MiB, 282.47 W, 67
2026/08/14 03:55:52.591, NVIDIA GeForce RTX 4090, 54 %, 22 %, 19206 MiB, 49140 MiB, 288.84 W, 67
2026/08/14 03:55:53.592, NVIDIA GeForce RTX 4090, 98 %, 59 %, 19206 MiB, 49140 MiB, 304.55 W, 67
2026/08/14 03:55:54.592, NVIDIA GeForce RTX 4090, 30 %, 11 %, 19206 MiB, 49140 MiB, 306.53 W, 69
2026/08/14 03:55:55.592, NVIDIA GeForce RTX 4090, 34 %, 12 %, 19206 MiB, 49140 MiB, 278.07 W, 68
2026/08/14 03:55:56.592, NVIDIA GeForce RTX 4090, 29 %, 11 %, 19206 MiB, 49140 MiB, 286.57 W, 67
2026/08/14 03:55:57.592, NVIDIA GeForce RTX 4090, 70 %, 36 %, 19206 MiB, 49140 MiB, 288.87 W, 67
2026/08/14 03:55:58.593, NVIDIA GeForce RTX 4090, 92 %, 52 %, 19206 MiB, 49140 MiB, 304.61 W, 65
2026/08/14 03:55:59.593, NVIDIA GeForce RTX 4090, 50 %, 25 %, 19206 MiB, 49140 MiB, 294.40 W, 68
2026/08/14 03:56:00.593, NVIDIA GeForce RTX 4090, 20 %, 7 %, 19206 MiB, 49140 MiB, 279.51 W, 68
2026/08/14 03:56:01.593, NVIDIA GeForce RTX 4090, 32 %, 10 %, 19206 MiB, 49140 MiB, 276.68 W, 67
2026/08/14 03:56:02.593, NVIDIA GeForce RTX 4090, 36 %, 13 %, 19206 MiB, 49140 MiB, 277.32 W, 66
2026/08/14 03:56:03.594, NVIDIA GeForce RTX 4090, 63 %, 32 %, 19206 MiB, 49140 MiB, 292.31 W, 65
2026/08/14 03:56:04.594, NVIDIA GeForce RTX 4090, 53 %, 25 %, 19206 MiB, 49140 MiB, 302.15 W, 67
2026/08/14 03:56:05.594, NVIDIA GeForce RTX 4090, 39 %, 15 %, 19206 MiB, 49140 MiB, 283.30 W, 68
2026/08/14 03:56:06.594, NVIDIA GeForce RTX 4090, 23 %, 9 %, 19206 MiB, 49140 MiB, 283.63 W, 67
2026/08/14 03:56:07.595, NVIDIA GeForce RTX 4090, 30 %, 12 %, 19206 MiB, 49140 MiB, 288.43 W, 68
2026/08/14 03:56:08.595, NVIDIA GeForce RTX 4090, 68 %, 36 %, 19206 MiB, 49140 MiB, 292.55 W, 65
2026/08/14 03:56:09.595, NVIDIA GeForce RTX 4090, 94 %, 54 %, 19206 MiB, 49140 MiB, 292.35 W, 65
2026/08/14 03:56:10.596, NVIDIA GeForce RTX 4090, 21 %, 9 %, 19206 MiB, 49140 MiB, 299.11 W, 69
2026/08/14 03:56:11.596, NVIDIA GeForce RTX 4090, 23 %, 8 %, 19206 MiB, 49140 MiB, 266.31 W, 66
2026/08/14 03:56:12.596, NVIDIA GeForce RTX 4090, 35 %, 12 %, 19206 MiB, 49140 MiB, 270.54 W, 68
2026/08/14 03:56:13.596, NVIDIA GeForce RTX 4090, 43 %, 15 %, 19206 MiB, 49140 MiB, 279.63 W, 68
2026/08/14 03:56:14.596, NVIDIA GeForce RTX 4090, 67 %, 33 %, 19206 MiB, 49140 MiB, 288.13 W, 67
2026/08/14 03:56:15.597, NVIDIA GeForce RTX 4090, 0 %, 0 %, 19206 MiB, 49140 MiB, 317.66 W, 57
2026/08/14 03:56:16.597, NVIDIA GeForce RTX 4090, 3 %, 0 %, 19206 MiB, 49140 MiB, 106.73 W, 56
2026/08/14 03:56:17.597, NVIDIA GeForce RTX 4090, 21 %, 8 %, 19206 MiB, 49140 MiB, 170.81 W, 65
2026/08/14 03:56:18.597, NVIDIA GeForce RTX 4090, 37 %, 13 %, 19206 MiB, 49140 MiB, 260.47 W, 67
2026/08/14 03:56:19.598, NVIDIA GeForce RTX 4090, 50 %, 17 %, 19206 MiB, 49140 MiB, 277.05 W, 66
2026/08/14 03:56:20.598, NVIDIA GeForce RTX 4090, 45 %, 16 %, 19206 MiB, 49140 MiB, 275.17 W, 67
2026/08/14 03:56:21.598, NVIDIA GeForce RTX 4090, 69 %, 35 %, 19206 MiB, 49140 MiB, 291.94 W, 67
2026/08/14 03:56:22.599, NVIDIA GeForce RTX 4090, 75 %, 34 %, 19206 MiB, 49140 MiB, 330.54 W, 70
2026/08/14 03:56:23.599, NVIDIA GeForce RTX 4090, 35 %, 12 %, 19206 MiB, 49140 MiB, 288.05 W, 68
2026/08/14 03:56:24.599, NVIDIA GeForce RTX 4090, 20 %, 6 %, 19206 MiB, 49140 MiB, 277.99 W, 67
2026/08/14 03:56:25.599, NVIDIA GeForce RTX 4090, 73 %, 35 %, 19206 MiB, 49140 MiB, 304.07 W, 67
2026/08/14 03:56:26.600, NVIDIA GeForce RTX 4090, 92 %, 52 %, 19206 MiB, 49140 MiB, 306.45 W, 68
2026/08/14 03:56:27.600, NVIDIA GeForce RTX 4090, 55 %, 28 %, 19206 MiB, 49140 MiB, 291.02 W, 67
2026/08/14 03:56:28.600, NVIDIA GeForce RTX 4090, 34 %, 12 %, 19206 MiB, 49140 MiB, 278.73 W, 68
2026/08/14 03:56:29.600, NVIDIA GeForce RTX 4090, 42 %, 15 %, 19206 MiB, 49140 MiB, 277.08 W, 69
2026/08/14 03:56:30.600, NVIDIA GeForce RTX 4090, 49 %, 17 %, 19206 MiB, 49140 MiB, 281.42 W, 67
2026/08/14 03:56:31.601, NVIDIA GeForce RTX 4090, 49 %, 20 %, 19206 MiB, 49140 MiB, 280.48 W, 65
2026/08/14 03:56:32.601, NVIDIA GeForce RTX 4090, 98 %, 60 %, 19206 MiB, 49140 MiB, 302.36 W, 66
2026/08/14 03:56:33.601, NVIDIA GeForce RTX 4090, 53 %, 25 %, 19206 MiB, 49140 MiB, 310.14 W, 68
2026/08/14 03:56:34.602, NVIDIA GeForce RTX 4090, 43 %, 15 %, 19206 MiB, 49140 MiB, 282.64 W, 68
2026/08/14 03:56:35.602, NVIDIA GeForce RTX 4090, 42 %, 15 %, 19206 MiB, 49140 MiB, 274.36 W, 69
2026/08/14 03:56:36.602, NVIDIA GeForce RTX 4090, 49 %, 17 %, 19206 MiB, 49140 MiB, 281.35 W, 67
2026/08/14 03:56:37.603, NVIDIA GeForce RTX 4090, 59 %, 23 %, 19206 MiB, 49140 MiB, 282.93 W, 66
2026/08/14 03:56:38.603, NVIDIA GeForce RTX 4090, 94 %, 55 %, 19206 MiB, 49140 MiB, 312.78 W, 69
2026/08/14 03:56:39.603, NVIDIA GeForce RTX 4090, 70 %, 37 %, 19206 MiB, 49140 MiB, 292.15 W, 68
2026/08/14 03:56:40.603, NVIDIA GeForce RTX 4090, 40 %, 14 %, 19206 MiB, 49140 MiB, 292.32 W, 67
2026/08/14 03:56:41.604, NVIDIA GeForce RTX 4090, 38 %, 13 %, 19206 MiB, 49140 MiB, 283.22 W, 67
2026/08/14 03:56:42.604, NVIDIA GeForce RTX 4090, 40 %, 14 %, 19206 MiB, 49140 MiB, 283.54 W, 65
2026/08/14 03:56:43.604, NVIDIA GeForce RTX 4090, 78 %, 42 %, 19206 MiB, 49140 MiB, 290.93 W, 66
2026/08/14 03:56:44.604, NVIDIA GeForce RTX 4090, 92 %, 52 %, 19206 MiB, 49140 MiB, 294.21 W, 71
2026/08/14 03:56:45.605, NVIDIA GeForce RTX 4090, 31 %, 12 %, 19206 MiB, 49140 MiB, 299.59 W, 68
2026/08/14 03:56:46.605, NVIDIA GeForce RTX 4090, 35 %, 12 %, 19206 MiB, 49140 MiB, 275.19 W, 67
2026/08/14 03:56:47.605, NVIDIA GeForce RTX 4090, 38 %, 13 %, 19206 MiB, 49140 MiB, 279.09 W, 67
2026/08/14 03:56:48.605, NVIDIA GeForce RTX 4090, 62 %, 24 %, 19206 MiB, 49140 MiB, 294.71 W, 67
2026/08/14 03:56:49.606, NVIDIA GeForce RTX 4090, 87 %, 46 %, 19206 MiB, 49140 MiB, 327.16 W, 72
2026/08/14 03:56:50.606, NVIDIA GeForce RTX 4090, 39 %, 14 %, 19206 MiB, 49140 MiB, 297.13 W, 67
2026/08/14 03:56:51.606, NVIDIA GeForce RTX 4090, 28 %, 10 %, 19206 MiB, 49140 MiB, 274.04 W, 67
2026/08/14 03:56:52.607, NVIDIA GeForce RTX 4090, 37 %, 12 %, 19206 MiB, 49140 MiB, 275.45 W, 66
2026/08/14 03:56:53.607, NVIDIA GeForce RTX 4090, 46 %, 18 %, 19206 MiB, 49140 MiB, 285.33 W, 66
2026/08/14 03:56:54.607, NVIDIA GeForce RTX 4090, 75 %, 42 %, 19206 MiB, 49140 MiB, 285.46 W, 67
2026/08/14 03:56:55.607, NVIDIA GeForce RTX 4090, 93 %, 53 %, 19206 MiB, 49140 MiB, 285.42 W, 70
2026/08/14 03:56:56.607, NVIDIA GeForce RTX 4090, 53 %, 25 %, 19206 MiB, 49140 MiB, 296.86 W, 68
2026/08/14 03:56:57.607, NVIDIA GeForce RTX 4090, 45 %, 16 %, 19206 MiB, 49140 MiB, 280.83 W, 66
2026/08/14 03:56:58.608, NVIDIA GeForce RTX 4090, 46 %, 15 %, 19206 MiB, 49140 MiB, 286.57 W, 67
2026/08/14 03:56:59.608, NVIDIA GeForce RTX 4090, 59 %, 23 %, 19206 MiB, 49140 MiB, 287.00 W, 66
2026/08/14 03:57:00.608, NVIDIA GeForce RTX 4090, 31 %, 17 %, 19206 MiB, 49140 MiB, 370.03 W, 68
2026/08/14 03:57:01.608, NVIDIA GeForce RTX 4090, 39 %, 14 %, 19206 MiB, 49140 MiB, 273.94 W, 68
2026/08/14 03:57:02.609, NVIDIA GeForce RTX 4090, 42 %, 15 %, 19206 MiB, 49140 MiB, 274.62 W, 68
2026/08/14 03:57:03.609, NVIDIA GeForce RTX 4090, 47 %, 18 %, 19206 MiB, 49140 MiB, 293.61 W, 67
2026/08/14 03:57:04.609, NVIDIA GeForce RTX 4090, 41 %, 23 %, 19206 MiB, 49140 MiB, 292.71 W, 66
2026/08/14 03:57:05.609, NVIDIA GeForce RTX 4090, 70 %, 33 %, 19206 MiB, 49140 MiB, 297.07 W, 68
2026/08/14 03:57:06.610, NVIDIA GeForce RTX 4090, 22 %, 8 %, 19206 MiB, 49140 MiB, 279.41 W, 66
2026/08/14 03:57:07.610, NVIDIA GeForce RTX 4090, 42 %, 15 %, 19206 MiB, 49140 MiB, 280.48 W, 67
2026/08/14 03:57:08.610, NVIDIA GeForce RTX 4090, 38 %, 13 %, 19206 MiB, 49140 MiB, 273.95 W, 67
2026/08/14 03:57:09.610, NVIDIA GeForce RTX 4090, 51 %, 18 %, 19206 MiB, 49140 MiB, 273.89 W, 66
2026/08/14 03:57:10.611, NVIDIA GeForce RTX 4090, 80 %, 38 %, 19206 MiB, 49140 MiB, 290.19 W, 68
2026/08/14 03:57:11.611, NVIDIA GeForce RTX 4090, 94 %, 53 %, 19206 MiB, 49140 MiB, 312.07 W, 69
2026/08/14 03:57:12.611, NVIDIA GeForce RTX 4090, 23 %, 9 %, 19206 MiB, 49140 MiB, 293.81 W, 66
2026/08/14 03:57:13.611, NVIDIA GeForce RTX 4090, 39 %, 14 %, 19206 MiB, 49140 MiB, 279.15 W, 68
2026/08/14 03:57:14.612, NVIDIA GeForce RTX 4090, 47 %, 18 %, 19206 MiB, 49140 MiB, 290.36 W, 66
2026/08/14 03:57:15.612, NVIDIA GeForce RTX 4090, 90 %, 54 %, 19206 MiB, 49140 MiB, 307.01 W, 70
2026/08/14 03:57:16.612, NVIDIA GeForce RTX 4090, 54 %, 26 %, 19206 MiB, 49140 MiB, 302.89 W, 68
2026/08/14 03:57:17.612, NVIDIA GeForce RTX 4090, 36 %, 12 %, 19206 MiB, 49140 MiB, 281.20 W, 66
2026/08/14 03:57:18.613, NVIDIA GeForce RTX 4090, 54 %, 19 %, 19206 MiB, 49140 MiB, 292.65 W, 67
2026/08/14 03:57:19.613, NVIDIA GeForce RTX 4090, 88 %, 53 %, 19206 MiB, 49140 MiB, 313.04 W, 71
2026/08/14 03:57:20.613, NVIDIA GeForce RTX 4090, 69 %, 38 %, 19206 MiB, 49140 MiB, 300.26 W, 68
2026/08/14 03:57:21.613, NVIDIA GeForce RTX 4090, 35 %, 14 %, 19206 MiB, 49140 MiB, 277.27 W, 67
2026/08/14 03:57:22.614, NVIDIA GeForce RTX 4090, 42 %, 15 %, 19206 MiB, 49140 MiB, 279.12 W, 67
2026/08/14 03:57:23.614, NVIDIA GeForce RTX 4090, 48 %, 16 %, 19206 MiB, 49140 MiB, 278.48 W, 66
2026/08/14 03:57:24.614, NVIDIA GeForce RTX 4090, 64 %, 25 %, 19206 MiB, 49140 MiB, 282.64 W, 67
2026/08/14 03:57:25.614, NVIDIA GeForce RTX 4090, 91 %, 56 %, 19206 MiB, 49140 MiB, 298.03 W, 70
2026/08/14 03:57:26.614, NVIDIA GeForce RTX 4090, 55 %, 26 %, 19206 MiB, 49140 MiB, 307.77 W, 67
2026/08/14 03:57:27.615, NVIDIA GeForce RTX 4090, 28 %, 10 %, 19206 MiB, 49140 MiB, 274.55 W, 66
2026/08/14 03:57:28.615, NVIDIA GeForce RTX 4090, 42 %, 15 %, 19206 MiB, 49140 MiB, 275.01 W, 67
2026/08/14 03:57:29.615, NVIDIA GeForce RTX 4090, 45 %, 15 %, 19206 MiB, 49140 MiB, 275.06 W, 66
2026/08/14 03:57:30.616, NVIDIA GeForce RTX 4090, 63 %, 25 %, 19206 MiB, 49140 MiB, 285.63 W, 67
2026/08/14 03:57:31.616, NVIDIA GeForce RTX 4090, 96 %, 57 %, 19206 MiB, 49140 MiB, 309.68 W, 70
2026/08/14 03:57:32.616, NVIDIA GeForce RTX 4090, 56 %, 22 %, 19206 MiB, 49140 MiB, 301.75 W, 68
2026/08/14 03:57:33.616, NVIDIA GeForce RTX 4090, 42 %, 15 %, 19206 MiB, 49140 MiB, 285.18 W, 67
2026/08/14 03:57:34.617, NVIDIA GeForce RTX 4090, 38 %, 13 %, 19206 MiB, 49140 MiB, 271.41 W, 66
2026/08/14 03:57:35.617, NVIDIA GeForce RTX 4090, 60 %, 24 %, 19206 MiB, 49140 MiB, 290.13 W, 66
2026/08/14 03:57:36.617, NVIDIA GeForce RTX 4090, 76 %, 42 %, 19206 MiB, 49140 MiB, 290.55 W, 67
2026/08/14 03:57:37.683, NVIDIA GeForce RTX 4090, 88 %, 46 %, 19206 MiB, 49140 MiB, 303.54 W, 71
2026/08/14 03:57:38.684, NVIDIA GeForce RTX 4090, 50 %, 19 %, 19206 MiB, 49140 MiB, 291.81 W, 67
2026/08/14 03:57:39.684, NVIDIA GeForce RTX 4090, 44 %, 16 %, 19206 MiB, 49140 MiB, 281.55 W, 67
2026/08/14 03:57:40.684, NVIDIA GeForce RTX 4090, 50 %, 16 %, 19206 MiB, 49140 MiB, 278.14 W, 66
2026/08/14 03:57:41.684, NVIDIA GeForce RTX 4090, 78 %, 37 %, 19206 MiB, 49140 MiB, 295.69 W, 67
2026/08/14 03:57:42.685, NVIDIA GeForce RTX 4090, 80 %, 48 %, 19206 MiB, 49140 MiB, 304.33 W, 69
2026/08/14 03:57:43.685, NVIDIA GeForce RTX 4090, 0 %, 0 %, 19206 MiB, 49140 MiB, 288.90 W, 58
2026/08/14 03:57:44.685, NVIDIA GeForce RTX 4090, 0 %, 0 %, 19206 MiB, 49140 MiB, 109.29 W, 57
2026/08/14 03:57:45.685, NVIDIA GeForce RTX 4090, 21 %, 7 %, 19206 MiB, 49140 MiB, 169.26 W, 61
2026/08/14 03:57:46.685, NVIDIA GeForce RTX 4090, 49 %, 17 %, 19206 MiB, 49140 MiB, 273.96 W, 64
2026/08/14 03:57:47.686, NVIDIA GeForce RTX 4090, 46 %, 18 %, 19206 MiB, 49140 MiB, 284.50 W, 65
2026/08/14 03:57:48.686, NVIDIA GeForce RTX 4090, 78 %, 38 %, 19206 MiB, 49140 MiB, 289.05 W, 66
2026/08/14 03:57:49.686, NVIDIA GeForce RTX 4090, 81 %, 50 %, 19206 MiB, 49140 MiB, 302.07 W, 69
2026/08/14 03:57:50.686, NVIDIA GeForce RTX 4090, 72 %, 38 %, 19206 MiB, 49140 MiB, 291.52 W, 66
2026/08/14 03:57:51.687, NVIDIA GeForce RTX 4090, 38 %, 14 %, 19206 MiB, 49140 MiB, 278.14 W, 65
2026/08/14 03:57:52.687, NVIDIA GeForce RTX 4090, 40 %, 13 %, 19206 MiB, 49140 MiB, 284.00 W, 66
2026/08/14 03:57:53.687, NVIDIA GeForce RTX 4090, 49 %, 19 %, 19206 MiB, 49140 MiB, 285.41 W, 65
2026/08/14 03:57:54.687, NVIDIA GeForce RTX 4090, 78 %, 44 %, 19206 MiB, 49140 MiB, 294.60 W, 66
2026/08/14 03:57:55.688, NVIDIA GeForce RTX 4090, 86 %, 44 %, 19206 MiB, 49140 MiB, 306.12 W, 64
2026/08/14 03:57:56.688, NVIDIA GeForce RTX 4090, 41 %, 15 %, 19206 MiB, 49140 MiB, 303.07 W, 66
2026/08/14 03:57:57.688, NVIDIA GeForce RTX 4090, 38 %, 13 %, 19206 MiB, 49140 MiB, 286.15 W, 64
2026/08/14 03:57:58.688, NVIDIA GeForce RTX 4090, 46 %, 18 %, 19206 MiB, 49140 MiB, 287.54 W, 63
2026/08/14 03:57:59.689, NVIDIA GeForce RTX 4090, 89 %, 50 %, 19206 MiB, 49140 MiB, 293.39 W, 64
2026/08/14 03:58:00.689, NVIDIA GeForce RTX 4090, 80 %, 41 %, 19206 MiB, 49140 MiB, 308.31 W, 62
2026/08/14 03:58:01.689, NVIDIA GeForce RTX 4090, 43 %, 17 %, 19206 MiB, 49140 MiB, 296.54 W, 64
2026/08/14 03:58:02.690, NVIDIA GeForce RTX 4090, 42 %, 15 %, 19206 MiB, 49140 MiB, 283.34 W, 64
2026/08/14 03:58:03.690, NVIDIA GeForce RTX 4090, 38 %, 13 %, 19206 MiB, 49140 MiB, 274.08 W, 63
2026/08/14 03:58:04.690, NVIDIA GeForce RTX 4090, 78 %, 38 %, 19206 MiB, 49140 MiB, 302.89 W, 65
2026/08/14 03:58:05.690, NVIDIA GeForce RTX 4090, 89 %, 46 %, 19206 MiB, 49140 MiB, 313.78 W, 69
2026/08/14 03:58:06.691, NVIDIA GeForce RTX 4090, 45 %, 17 %, 19206 MiB, 49140 MiB, 298.39 W, 64
2026/08/14 03:58:07.691, NVIDIA GeForce RTX 4090, 25 %, 9 %, 19206 MiB, 49140 MiB, 273.39 W, 63
2026/08/14 03:58:08.691, NVIDIA GeForce RTX 4090, 49 %, 17 %, 19206 MiB, 49140 MiB, 280.35 W, 63
2026/08/14 03:58:09.691, NVIDIA GeForce RTX 4090, 77 %, 37 %, 19206 MiB, 49140 MiB, 290.99 W, 64
2026/08/14 03:58:10.692, NVIDIA GeForce RTX 4090, 77 %, 40 %, 19206 MiB, 49140 MiB, 324.49 W, 63
2026/08/14 03:58:11.692, NVIDIA GeForce RTX 4090, 37 %, 13 %, 19206 MiB, 49140 MiB, 297.75 W, 61
2026/08/14 03:58:12.692, NVIDIA GeForce RTX 4090, 39 %, 13 %, 19206 MiB, 49140 MiB, 282.05 W, 61
2026/08/14 03:58:13.693, NVIDIA GeForce RTX 4090, 85 %, 43 %, 19206 MiB, 49140 MiB, 301.72 W, 64
2026/08/14 03:58:14.693, NVIDIA GeForce RTX 4090, 84 %, 44 %, 19206 MiB, 49140 MiB, 317.27 W, 63
2026/08/14 03:58:15.693, NVIDIA GeForce RTX 4090, 38 %, 15 %, 19206 MiB, 49140 MiB, 293.09 W, 62
2026/08/14 03:58:16.693, NVIDIA GeForce RTX 4090, 52 %, 19 %, 19206 MiB, 49140 MiB, 284.53 W, 62
2026/08/14 03:58:17.694, NVIDIA GeForce RTX 4090, 46 %, 15 %, 19206 MiB, 49140 MiB, 277.28 W, 62
2026/08/14 03:58:18.694, NVIDIA GeForce RTX 4090, 75 %, 36 %, 19206 MiB, 49140 MiB, 294.51 W, 64
2026/08/14 03:58:19.694, NVIDIA GeForce RTX 4090, 74 %, 47 %, 19206 MiB, 49140 MiB, 301.46 W, 68
2026/08/14 03:58:20.694, NVIDIA GeForce RTX 4090, 36 %, 14 %, 19206 MiB, 49140 MiB, 303.41 W, 63
2026/08/14 03:58:21.695, NVIDIA GeForce RTX 4090, 26 %, 9 %, 19206 MiB, 49140 MiB, 276.44 W, 61
2026/08/14 03:58:22.695, NVIDIA GeForce RTX 4090, 47 %, 15 %, 19206 MiB, 49140 MiB, 278.64 W, 62
2026/08/14 03:58:23.695, NVIDIA GeForce RTX 4090, 44 %, 17 %, 19206 MiB, 49140 MiB, 277.19 W, 61
2026/08/14 03:58:24.695, NVIDIA GeForce RTX 4090, 71 %, 41 %, 19206 MiB, 49140 MiB, 293.35 W, 63
2026/08/14 03:58:25.696, NVIDIA GeForce RTX 4090, 72 %, 46 %, 19206 MiB, 49140 MiB, 290.74 W, 68
2026/08/14 03:58:26.696, NVIDIA GeForce RTX 4090, 81 %, 40 %, 19206 MiB, 49140 MiB, 296.65 W, 63
2026/08/14 03:58:27.696, NVIDIA GeForce RTX 4090, 100 %, 56 %, 19206 MiB, 49140 MiB, 304.73 W, 69
2026/08/14 03:58:28.696, NVIDIA GeForce RTX 4090, 41 %, 14 %, 19206 MiB, 49140 MiB, 331.73 W, 61
2026/08/14 03:58:29.696, NVIDIA GeForce RTX 4090, 46 %, 18 %, 19206 MiB, 49140 MiB, 282.18 W, 61
2026/08/14 03:58:30.696, NVIDIA GeForce RTX 4090, 89 %, 54 %, 19206 MiB, 49140 MiB, 316.11 W, 70
2026/08/14 03:58:31.697, NVIDIA GeForce RTX 4090, 69 %, 36 %, 19206 MiB, 49140 MiB, 296.80 W, 64
2026/08/14 03:58:32.697, NVIDIA GeForce RTX 4090, 50 %, 19 %, 19206 MiB, 49140 MiB, 278.74 W, 62
2026/08/14 03:58:33.697, NVIDIA GeForce RTX 4090, 42 %, 15 %, 19206 MiB, 49140 MiB, 276.72 W, 61
2026/08/14 03:58:34.697, NVIDIA GeForce RTX 4090, 39 %, 13 %, 19206 MiB, 49140 MiB, 274.98 W, 61
2026/08/14 03:58:35.697, NVIDIA GeForce RTX 4090, 53 %, 19 %, 19206 MiB, 49140 MiB, 275.31 W, 61
2026/08/14 03:58:36.698, NVIDIA GeForce RTX 4090, 70 %, 36 %, 19206 MiB, 49140 MiB, 293.95 W, 63
2026/08/14 03:58:37.698, NVIDIA GeForce RTX 4090, 91 %, 49 %, 19206 MiB, 49140 MiB, 311.44 W, 64
2026/08/14 03:58:38.698, NVIDIA GeForce RTX 4090, 30 %, 12 %, 19206 MiB, 49140 MiB, 275.34 W, 61
2026/08/14 03:58:39.698, NVIDIA GeForce RTX 4090, 38 %, 14 %, 19206 MiB, 49140 MiB, 273.94 W, 61
2026/08/14 03:58:40.698, NVIDIA GeForce RTX 4090, 42 %, 15 %, 19206 MiB, 49140 MiB, 271.32 W, 61
2026/08/14 03:58:41.699, NVIDIA GeForce RTX 4090, 53 %, 17 %, 19206 MiB, 49140 MiB, 282.40 W, 61
2026/08/14 03:58:42.699, NVIDIA GeForce RTX 4090, 73 %, 37 %, 19206 MiB, 49140 MiB, 303.59 W, 64
2026/08/14 03:58:43.699, NVIDIA GeForce RTX 4090, 69 %, 42 %, 19206 MiB, 49140 MiB, 297.47 W, 71
2026/08/14 03:58:44.699, NVIDIA GeForce RTX 4090, 87 %, 48 %, 19206 MiB, 49140 MiB, 292.95 W, 63
2026/08/14 03:58:45.699, NVIDIA GeForce RTX 4090, 31 %, 12 %, 19206 MiB, 49140 MiB, 268.84 W, 61
2026/08/14 03:58:46.699, NVIDIA GeForce RTX 4090, 37 %, 13 %, 19206 MiB, 49140 MiB, 282.56 W, 61
2026/08/14 03:58:47.699, NVIDIA GeForce RTX 4090, 41 %, 14 %, 19206 MiB, 49140 MiB, 279.38 W, 61
2026/08/14 03:58:48.700, NVIDIA GeForce RTX 4090, 49 %, 17 %, 19206 MiB, 49140 MiB, 278.17 W, 61
2026/08/14 03:58:49.700, NVIDIA GeForce RTX 4090, 62 %, 24 %, 19206 MiB, 49140 MiB, 278.16 W, 62
2026/08/14 03:58:50.700, NVIDIA GeForce RTX 4090, 70 %, 42 %, 19206 MiB, 49140 MiB, 300.44 W, 71
2026/08/14 03:58:51.700, NVIDIA GeForce RTX 4090, 39 %, 15 %, 19206 MiB, 49140 MiB, 296.09 W, 63
2026/08/14 03:58:52.700, NVIDIA GeForce RTX 4090, 37 %, 13 %, 19206 MiB, 49140 MiB, 285.11 W, 62
2026/08/14 03:58:53.701, NVIDIA GeForce RTX 4090, 38 %, 13 %, 19206 MiB, 49140 MiB, 281.82 W, 61
2026/08/14 03:58:54.701, NVIDIA GeForce RTX 4090, 55 %, 22 %, 19206 MiB, 49140 MiB, 280.43 W, 61
2026/08/14 03:58:55.701, NVIDIA GeForce RTX 4090, 70 %, 27 %, 19206 MiB, 49140 MiB, 282.45 W, 62
2026/08/14 03:58:56.701, NVIDIA GeForce RTX 4090, 69 %, 41 %, 19206 MiB, 49140 MiB, 300.92 W, 70
2026/08/14 03:58:57.702, NVIDIA GeForce RTX 4090, 92 %, 50 %, 19206 MiB, 49140 MiB, 291.31 W, 64
2026/08/14 03:58:58.702, NVIDIA GeForce RTX 4090, 22 %, 8 %, 19206 MiB, 49140 MiB, 278.39 W, 61
2026/08/14 03:58:59.702, NVIDIA GeForce RTX 4090, 21 %, 8 %, 19206 MiB, 49140 MiB, 271.74 W, 61
2026/08/14 03:59:00.702, NVIDIA GeForce RTX 4090, 42 %, 15 %, 19206 MiB, 49140 MiB, 288.55 W, 61
2026/08/14 03:59:01.702, NVIDIA GeForce RTX 4090, 62 %, 25 %, 19206 MiB, 49140 MiB, 303.76 W, 63
2026/08/14 03:59:02.702, NVIDIA GeForce RTX 4090, 93 %, 51 %, 19206 MiB, 49140 MiB, 303.24 W, 70
2026/08/14 03:59:03.702, NVIDIA GeForce RTX 4090, 32 %, 13 %, 19206 MiB, 49140 MiB, 294.97 W, 64
2026/08/14 03:59:04.703, NVIDIA GeForce RTX 4090, 27 %, 9 %, 19206 MiB, 49140 MiB, 267.33 W, 61
2026/08/14 03:59:05.703, NVIDIA GeForce RTX 4090, 37 %, 13 %, 19206 MiB, 49140 MiB, 271.43 W, 61
2026/08/14 03:59:06.703, NVIDIA GeForce RTX 4090, 41 %, 15 %, 19206 MiB, 49140 MiB, 276.71 W, 61
2026/08/14 03:59:07.703, NVIDIA GeForce RTX 4090, 55 %, 22 %, 19206 MiB, 49140 MiB, 292.02 W, 62
2026/08/14 03:59:08.703, NVIDIA GeForce RTX 4090, 73 %, 41 %, 19206 MiB, 49140 MiB, 295.90 W, 65
2026/08/14 03:59:09.703, NVIDIA GeForce RTX 4090, 73 %, 38 %, 19206 MiB, 49140 MiB, 300.72 W, 67
2026/08/14 03:59:10.703, NVIDIA GeForce RTX 4090, 33 %, 11 %, 19206 MiB, 49140 MiB, 301.34 W, 63
2026/08/14 03:59:11.704, NVIDIA GeForce RTX 4090, 100 %, 55 %, 19206 MiB, 49140 MiB, 335.63 W, 71
2026/08/14 03:59:12.704, NVIDIA GeForce RTX 4090, 0 %, 0 %, 19206 MiB, 49140 MiB, 170.81 W, 58
2026/08/14 03:59:13.704, NVIDIA GeForce RTX 4090, 4 %, 0 %, 19206 MiB, 49140 MiB, 107.46 W, 57
2026/08/14 03:59:14.704, NVIDIA GeForce RTX 4090, 38 %, 20 %, 19206 MiB, 49140 MiB, 228.89 W, 62
2026/08/14 03:59:15.704, NVIDIA GeForce RTX 4090, 71 %, 39 %, 19206 MiB, 49140 MiB, 279.63 W, 64
2026/08/14 03:59:16.705, NVIDIA GeForce RTX 4090, 65 %, 40 %, 19206 MiB, 49140 MiB, 276.88 W, 65
2026/08/14 03:59:17.783, NVIDIA GeForce RTX 4090, 86 %, 46 %, 19206 MiB, 49140 MiB, 292.87 W, 69
2026/08/14 03:59:18.784, NVIDIA GeForce RTX 4090, 62 %, 29 %, 19206 MiB, 49140 MiB, 292.60 W, 67
2026/08/14 03:59:19.784, NVIDIA GeForce RTX 4090, 16 %, 6 %, 19206 MiB, 49140 MiB, 278.02 W, 62
2026/08/14 03:59:20.784, NVIDIA GeForce RTX 4090, 18 %, 6 %, 19206 MiB, 49140 MiB, 271.69 W, 60
2026/08/14 03:59:21.784, NVIDIA GeForce RTX 4090, 46 %, 15 %, 19206 MiB, 49140 MiB, 280.71 W, 62
2026/08/14 03:59:22.784, NVIDIA GeForce RTX 4090, 54 %, 21 %, 19206 MiB, 49140 MiB, 285.12 W, 61
2026/08/14 03:59:23.784, NVIDIA GeForce RTX 4090, 52 %, 20 %, 19206 MiB, 49140 MiB, 269.05 W, 61
2026/08/14 03:59:24.784, NVIDIA GeForce RTX 4090, 72 %, 43 %, 19206 MiB, 49140 MiB, 293.34 W, 65
2026/08/14 03:59:25.785, NVIDIA GeForce RTX 4090, 73 %, 38 %, 19206 MiB, 49140 MiB, 286.08 W, 68
2026/08/14 03:59:26.785, NVIDIA GeForce RTX 4090, 45 %, 17 %, 19206 MiB, 49140 MiB, 291.25 W, 64
2026/08/14 03:59:27.785, NVIDIA GeForce RTX 4090, 40 %, 15 %, 19206 MiB, 49140 MiB, 283.87 W, 62
2026/08/14 03:59:28.786, NVIDIA GeForce RTX 4090, 45 %, 15 %, 19206 MiB, 49140 MiB, 281.86 W, 61
2026/08/14 03:59:29.786, NVIDIA GeForce RTX 4090, 56 %, 29 %, 19206 MiB, 49140 MiB, 291.14 W, 62
2026/08/14 03:59:30.786, NVIDIA GeForce RTX 4090, 72 %, 43 %, 19206 MiB, 49140 MiB, 296.90 W, 65
2026/08/14 03:59:31.786, NVIDIA GeForce RTX 4090, 57 %, 26 %, 19206 MiB, 49140 MiB, 303.82 W, 65
2026/08/14 03:59:32.787, NVIDIA GeForce RTX 4090, 32 %, 11 %, 19206 MiB, 49140 MiB, 284.98 W, 62
2026/08/14 03:59:33.787, NVIDIA GeForce RTX 4090, 34 %, 11 %, 19206 MiB, 49140 MiB, 278.73 W, 61
2026/08/14 03:59:34.787, NVIDIA GeForce RTX 4090, 36 %, 14 %, 19206 MiB, 49140 MiB, 281.33 W, 62
2026/08/14 03:59:35.788, NVIDIA GeForce RTX 4090, 61 %, 33 %, 19206 MiB, 49140 MiB, 288.55 W, 63
2026/08/14 03:59:36.788, NVIDIA GeForce RTX 4090, 72 %, 43 %, 19206 MiB, 49140 MiB, 286.30 W, 65
2026/08/14 03:59:37.788, NVIDIA GeForce RTX 4090, 72 %, 33 %, 19206 MiB, 49140 MiB, 304.80 W, 69
2026/08/14 03:59:38.789, NVIDIA GeForce RTX 4090, 38 %, 13 %, 19206 MiB, 49140 MiB, 296.67 W, 62
2026/08/14 03:59:39.789, NVIDIA GeForce RTX 4090, 40 %, 13 %, 19206 MiB, 49140 MiB, 275.49 W, 62
2026/08/14 03:59:40.789, NVIDIA GeForce RTX 4090, 53 %, 21 %, 19206 MiB, 49140 MiB, 282.69 W, 62
2026/08/14 03:59:41.789, NVIDIA GeForce RTX 4090, 74 %, 42 %, 19206 MiB, 49140 MiB, 289.96 W, 66
2026/08/14 03:59:42.790, NVIDIA GeForce RTX 4090, 94 %, 53 %, 19206 MiB, 49140 MiB, 297.59 W, 68
2026/08/14 03:59:43.790, NVIDIA GeForce RTX 4090, 57 %, 26 %, 19206 MiB, 49140 MiB, 291.80 W, 65
2026/08/14 03:59:44.790, NVIDIA GeForce RTX 4090, 43 %, 16 %, 19206 MiB, 49140 MiB, 285.18 W, 62
2026/08/14 03:59:45.791, NVIDIA GeForce RTX 4090, 41 %, 13 %, 19206 MiB, 49140 MiB, 287.51 W, 62
2026/08/14 03:59:46.791, NVIDIA GeForce RTX 4090, 50 %, 21 %, 19206 MiB, 49140 MiB, 285.64 W, 62
2026/08/14 03:59:47.791, NVIDIA GeForce RTX 4090, 74 %, 42 %, 19206 MiB, 49140 MiB, 294.40 W, 66
2026/08/14 03:59:48.791, NVIDIA GeForce RTX 4090, 89 %, 49 %, 19206 MiB, 49140 MiB, 304.85 W, 71
2026/08/14 03:59:49.792, NVIDIA GeForce RTX 4090, 47 %, 18 %, 19206 MiB, 49140 MiB, 301.53 W, 61
2026/08/14 03:59:50.792, NVIDIA GeForce RTX 4090, 31 %, 11 %, 19206 MiB, 49140 MiB, 273.95 W, 61
2026/08/14 03:59:51.792, NVIDIA GeForce RTX 4090, 34 %, 13 %, 19206 MiB, 49140 MiB, 293.67 W, 62
2026/08/14 03:59:52.792, NVIDIA GeForce RTX 4090, 74 %, 42 %, 19206 MiB, 49140 MiB, 296.62 W, 66
2026/08/14 03:59:53.793, NVIDIA GeForce RTX 4090, 72 %, 33 %, 19206 MiB, 49140 MiB, 321.82 W, 68
2026/08/14 03:59:54.793, NVIDIA GeForce RTX 4090, 36 %, 13 %, 19206 MiB, 49140 MiB, 292.19 W, 62
2026/08/14 03:59:55.793, NVIDIA GeForce RTX 4090, 38 %, 13 %, 19206 MiB, 49140 MiB, 280.62 W, 62
2026/08/14 03:59:56.793, NVIDIA GeForce RTX 4090, 52 %, 21 %, 19206 MiB, 49140 MiB, 282.98 W, 62
2026/08/14 03:59:57.794, NVIDIA GeForce RTX 4090, 59 %, 32 %, 19206 MiB, 49140 MiB, 376.19 W, 72
2026/08/14 03:59:58.794, NVIDIA GeForce RTX 4090, 35 %, 13 %, 19206 MiB, 49140 MiB, 283.96 W, 64
2026/08/14 03:59:59.794, NVIDIA GeForce RTX 4090, 36 %, 13 %, 19206 MiB, 49140 MiB, 276.73 W, 62
2026/08/14 04:00:00.794, NVIDIA GeForce RTX 4090, 35 %, 12 %, 19206 MiB, 49140 MiB, 267.78 W, 62
2026/08/14 04:00:01.795, NVIDIA GeForce RTX 4090, 40 %, 15 %, 19206 MiB, 49140 MiB, 282.48 W, 63
2026/08/14 04:00:02.795, NVIDIA GeForce RTX 4090, 52 %, 27 %, 19206 MiB, 49140 MiB, 273.61 W, 62
2026/08/14 04:00:03.795, NVIDIA GeForce RTX 4090, 94 %, 54 %, 19206 MiB, 49140 MiB, 310.95 W, 69
2026/08/14 04:00:04.795, NVIDIA GeForce RTX 4090, 47 %, 21 %, 19206 MiB, 49140 MiB, 300.00 W, 65
2026/08/14 04:00:05.795, NVIDIA GeForce RTX 4090, 27 %, 9 %, 19206 MiB, 49140 MiB, 274.60 W, 63
2026/08/14 04:00:06.796, NVIDIA GeForce RTX 4090, 40 %, 13 %, 19206 MiB, 49140 MiB, 280.98 W, 62
2026/08/14 04:00:07.796, NVIDIA GeForce RTX 4090, 49 %, 20 %, 19206 MiB, 49140 MiB, 281.36 W, 63
2026/08/14 04:00:08.796, NVIDIA GeForce RTX 4090, 61 %, 34 %, 19206 MiB, 49140 MiB, 276.34 W, 64
2026/08/14 04:00:09.797, NVIDIA GeForce RTX 4090, 93 %, 54 %, 19206 MiB, 49140 MiB, 297.74 W, 68
2026/08/14 04:00:10.798, NVIDIA GeForce RTX 4090, 43 %, 16 %, 19206 MiB, 49140 MiB, 296.16 W, 65
2026/08/14 04:00:11.800, NVIDIA GeForce RTX 4090, 37 %, 13 %, 19206 MiB, 49140 MiB, 283.32 W, 62
2026/08/14 04:00:12.801, NVIDIA GeForce RTX 4090, 35 %, 13 %, 19206 MiB, 49140 MiB, 288.02 W, 63
2026/08/14 04:00:13.802, NVIDIA GeForce RTX 4090, 62 %, 34 %, 19206 MiB, 49140 MiB, 283.38 W, 63
2026/08/14 04:00:14.803, NVIDIA GeForce RTX 4090, 93 %, 54 %, 19206 MiB, 49140 MiB, 299.85 W, 68
2026/08/14 04:00:15.804, NVIDIA GeForce RTX 4090, 33 %, 11 %, 19206 MiB, 49140 MiB, 312.64 W, 62
2026/08/14 04:00:16.806, NVIDIA GeForce RTX 4090, 31 %, 10 %, 19206 MiB, 49140 MiB, 280.36 W, 62
2026/08/14 04:00:17.807, NVIDIA GeForce RTX 4090, 40 %, 15 %, 19206 MiB, 49140 MiB, 282.71 W, 62
2026/08/14 04:00:18.807, NVIDIA GeForce RTX 4090, 73 %, 41 %, 19206 MiB, 49140 MiB, 299.48 W, 68
2026/08/14 04:00:19.807, NVIDIA GeForce RTX 4090, 89 %, 48 %, 19206 MiB, 49140 MiB, 302.98 W, 66
2026/08/14 04:00:20.807, NVIDIA GeForce RTX 4090, 47 %, 17 %, 19206 MiB, 49140 MiB, 298.01 W, 63
2026/08/14 04:00:21.808, NVIDIA GeForce RTX 4090, 36 %, 13 %, 19206 MiB, 49140 MiB, 277.84 W, 62
2026/08/14 04:00:22.808, NVIDIA GeForce RTX 4090, 35 %, 12 %, 19206 MiB, 49140 MiB, 269.05 W, 62
2026/08/14 04:00:23.808, NVIDIA GeForce RTX 4090, 40 %, 14 %, 19206 MiB, 49140 MiB, 274.60 W, 63
2026/08/14 04:00:24.808, NVIDIA GeForce RTX 4090, 52 %, 21 %, 19206 MiB, 49140 MiB, 274.61 W, 64
2026/08/14 04:00:25.808, NVIDIA GeForce RTX 4090, 61 %, 34 %, 19206 MiB, 49140 MiB, 278.16 W, 68
2026/08/14 04:00:26.808, NVIDIA GeForce RTX 4090, 72 %, 43 %, 19206 MiB, 49140 MiB, 284.82 W, 69
2026/08/14 04:00:27.808, NVIDIA GeForce RTX 4090, 88 %, 46 %, 19206 MiB, 49140 MiB, 292.90 W, 65
2026/08/14 04:00:28.809, NVIDIA GeForce RTX 4090, 48 %, 22 %, 19206 MiB, 49140 MiB, 287.65 W, 62
2026/08/14 04:00:29.809, NVIDIA GeForce RTX 4090, 27 %, 9 %, 19206 MiB, 49140 MiB, 273.72 W, 61
2026/08/14 04:00:30.809, NVIDIA GeForce RTX 4090, 29 %, 10 %, 19206 MiB, 49140 MiB, 263.71 W, 62
2026/08/14 04:00:31.809, NVIDIA GeForce RTX 4090, 34 %, 11 %, 19206 MiB, 49140 MiB, 273.01 W, 62
2026/08/14 04:00:32.809, NVIDIA GeForce RTX 4090, 43 %, 16 %, 19206 MiB, 49140 MiB, 278.71 W, 62
2026/08/14 04:00:33.809, NVIDIA GeForce RTX 4090, 62 %, 33 %, 19206 MiB, 49140 MiB, 282.00 W, 69
2026/08/14 04:00:34.810, NVIDIA GeForce RTX 4090, 99 %, 59 %, 19206 MiB, 49140 MiB, 292.24 W, 69
2026/08/14 04:00:35.810, NVIDIA GeForce RTX 4090, 74 %, 32 %, 19206 MiB, 49140 MiB, 319.15 W, 64
2026/08/14 04:00:36.810, NVIDIA GeForce RTX 4090, 38 %, 13 %, 19206 MiB, 49140 MiB, 290.29 W, 63
2026/08/14 04:00:37.811, NVIDIA GeForce RTX 4090, 44 %, 16 %, 19206 MiB, 49140 MiB, 284.61 W, 62
2026/08/14 04:00:38.811, NVIDIA GeForce RTX 4090, 74 %, 43 %, 19206 MiB, 49140 MiB, 295.85 W, 68
2026/08/14 04:00:39.811, NVIDIA GeForce RTX 4090, 89 %, 47 %, 19206 MiB, 49140 MiB, 303.20 W, 66
2026/08/14 04:00:40.812, NVIDIA GeForce RTX 4090, 100 %, 55 %, 19206 MiB, 49140 MiB, 319.52 W, 69
2026/08/14 04:00:41.812, NVIDIA GeForce RTX 4090, 0 %, 0 %, 19206 MiB, 49140 MiB, 231.36 W, 58
2026/08/14 04:00:42.812, NVIDIA GeForce RTX 4090, 0 %, 0 %, 19206 MiB, 49140 MiB, 107.28 W, 57
2026/08/14 04:00:43.812, NVIDIA GeForce RTX 4090, 46 %, 18 %, 19206 MiB, 49140 MiB, 209.84 W, 62
2026/08/14 04:00:44.813, NVIDIA GeForce RTX 4090, 61 %, 32 %, 19206 MiB, 49140 MiB, 286.05 W, 69
2026/08/14 04:00:45.883, NVIDIA GeForce RTX 4090, 79 %, 46 %, 19206 MiB, 49140 MiB, 285.24 W, 69
2026/08/14 04:00:46.884, NVIDIA GeForce RTX 4090, 55 %, 26 %, 19206 MiB, 49140 MiB, 313.19 W, 62
2026/08/14 04:00:47.884, NVIDIA GeForce RTX 4090, 35 %, 12 %, 19206 MiB, 49140 MiB, 291.51 W, 63
2026/08/14 04:00:48.884, NVIDIA GeForce RTX 4090, 46 %, 17 %, 19206 MiB, 49140 MiB, 295.92 W, 63
2026/08/14 04:00:49.884, NVIDIA GeForce RTX 4090, 59 %, 31 %, 19206 MiB, 49140 MiB, 285.38 W, 65
2026/08/14 04:00:50.885, NVIDIA GeForce RTX 4090, 94 %, 56 %, 19206 MiB, 49140 MiB, 299.08 W, 67
2026/08/14 04:00:51.885, NVIDIA GeForce RTX 4090, 24 %, 8 %, 19206 MiB, 49140 MiB, 309.46 W, 62
2026/08/14 04:00:52.885, NVIDIA GeForce RTX 4090, 39 %, 14 %, 19206 MiB, 49140 MiB, 280.70 W, 62
2026/08/14 04:00:53.885, NVIDIA GeForce RTX 4090, 47 %, 18 %, 19206 MiB, 49140 MiB, 289.04 W, 62
2026/08/14 04:00:54.885, NVIDIA GeForce RTX 4090, 59 %, 30 %, 19206 MiB, 49140 MiB, 285.88 W, 69
2026/08/14 04:00:55.885, NVIDIA GeForce RTX 4090, 73 %, 45 %, 19206 MiB, 49140 MiB, 289.07 W, 70
2026/08/14 04:00:56.885, NVIDIA GeForce RTX 4090, 79 %, 35 %, 19206 MiB, 49140 MiB, 321.94 W, 64
2026/08/14 04:00:57.886, NVIDIA GeForce RTX 4090, 36 %, 13 %, 19206 MiB, 49140 MiB, 287.93 W, 62
2026/08/14 04:00:58.886, NVIDIA GeForce RTX 4090, 45 %, 15 %, 19206 MiB, 49140 MiB, 278.24 W, 63
2026/08/14 04:00:59.886, NVIDIA GeForce RTX 4090, 53 %, 21 %, 19206 MiB, 49140 MiB, 286.83 W, 66
2026/08/14 04:01:00.886, NVIDIA GeForce RTX 4090, 60 %, 30 %, 19206 MiB, 49140 MiB, 285.24 W, 68
2026/08/14 04:01:01.887, NVIDIA GeForce RTX 4090, 93 %, 54 %, 19206 MiB, 49140 MiB, 304.16 W, 69
2026/08/14 04:01:02.887, NVIDIA GeForce RTX 4090, 60 %, 29 %, 19206 MiB, 49140 MiB, 294.99 W, 64
2026/08/14 04:01:03.887, NVIDIA GeForce RTX 4090, 41 %, 15 %, 19206 MiB, 49140 MiB, 284.33 W, 62
2026/08/14 04:01:04.887, NVIDIA GeForce RTX 4090, 30 %, 10 %, 19206 MiB, 49140 MiB, 276.52 W, 61
2026/08/14 04:01:05.888, NVIDIA GeForce RTX 4090, 48 %, 17 %, 19206 MiB, 49140 MiB, 278.13 W, 63
2026/08/14 04:01:06.888, NVIDIA GeForce RTX 4090, 62 %, 32 %, 19206 MiB, 49140 MiB, 290.11 W, 69
2026/08/14 04:01:07.888, NVIDIA GeForce RTX 4090, 92 %, 53 %, 19206 MiB, 49140 MiB, 302.99 W, 69
2026/08/14 04:01:08.889, NVIDIA GeForce RTX 4090, 58 %, 28 %, 19206 MiB, 49140 MiB, 301.13 W, 62
2026/08/14 04:01:09.889, NVIDIA GeForce RTX 4090, 40 %, 14 %, 19206 MiB, 49140 MiB, 287.15 W, 62
2026/08/14 04:01:10.889, NVIDIA GeForce RTX 4090, 36 %, 12 %, 19206 MiB, 49140 MiB, 275.41 W, 63
2026/08/14 04:01:11.890, NVIDIA GeForce RTX 4090, 41 %, 15 %, 19206 MiB, 49140 MiB, 269.48 W, 63
2026/08/14 04:01:12.890, NVIDIA GeForce RTX 4090, 48 %, 20 %, 19206 MiB, 49140 MiB, 280.68 W, 67
2026/08/14 04:01:13.890, NVIDIA GeForce RTX 4090, 75 %, 44 %, 19206 MiB, 49140 MiB, 298.18 W, 70
2026/08/14 04:01:14.891, NVIDIA GeForce RTX 4090, 88 %, 43 %, 19206 MiB, 49140 MiB, 315.01 W, 64
2026/08/14 04:01:15.891, NVIDIA GeForce RTX 4090, 39 %, 14 %, 19206 MiB, 49140 MiB, 294.08 W, 62
2026/08/14 04:01:16.891, NVIDIA GeForce RTX 4090, 42 %, 14 %, 19206 MiB, 49140 MiB, 287.51 W, 63
2026/08/14 04:01:17.891, NVIDIA GeForce RTX 4090, 50 %, 18 %, 19206 MiB, 49140 MiB, 276.70 W, 62
2026/08/14 04:01:18.892, NVIDIA GeForce RTX 4090, 60 %, 29 %, 19206 MiB, 49140 MiB, 286.15 W, 67
2026/08/14 04:01:19.892, NVIDIA GeForce RTX 4090, 94 %, 52 %, 19206 MiB, 49140 MiB, 303.13 W, 69
2026/08/14 04:01:20.892, NVIDIA GeForce RTX 4090, 60 %, 28 %, 19206 MiB, 49140 MiB, 291.89 W, 64
2026/08/14 04:01:21.892, NVIDIA GeForce RTX 4090, 41 %, 14 %, 19206 MiB, 49140 MiB, 282.64 W, 62
2026/08/14 04:01:22.893, NVIDIA GeForce RTX 4090, 44 %, 15 %, 19206 MiB, 49140 MiB, 278.46 W, 63
2026/08/14 04:01:23.893, NVIDIA GeForce RTX 4090, 46 %, 17 %, 19206 MiB, 49140 MiB, 278.64 W, 63
2026/08/14 04:01:24.893, NVIDIA GeForce RTX 4090, 59 %, 29 %, 19206 MiB, 49140 MiB, 288.14 W, 68
2026/08/14 04:01:25.893, NVIDIA GeForce RTX 4090, 75 %, 43 %, 19206 MiB, 49140 MiB, 288.31 W, 69
2026/08/14 04:01:26.894, NVIDIA GeForce RTX 4090, 31 %, 11 %, 19206 MiB, 49140 MiB, 365.02 W, 62
2026/08/14 04:01:27.894, NVIDIA GeForce RTX 4090, 34 %, 12 %, 19206 MiB, 49140 MiB, 271.53 W, 62
2026/08/14 04:01:28.894, NVIDIA GeForce RTX 4090, 41 %, 14 %, 19206 MiB, 49140 MiB, 280.58 W, 64
2026/08/14 04:01:29.894, NVIDIA GeForce RTX 4090, 34 %, 13 %, 19206 MiB, 49140 MiB, 266.76 W, 63
2026/08/14 04:01:30.894, NVIDIA GeForce RTX 4090, 79 %, 43 %, 19206 MiB, 49140 MiB, 302.99 W, 69
2026/08/14 04:01:31.894, NVIDIA GeForce RTX 4090, 91 %, 48 %, 19206 MiB, 49140 MiB, 310.99 W, 69
2026/08/14 04:01:32.894, NVIDIA GeForce RTX 4090, 55 %, 26 %, 19206 MiB, 49140 MiB, 291.81 W, 63
2026/08/14 04:01:33.895, NVIDIA GeForce RTX 4090, 28 %, 11 %, 19206 MiB, 49140 MiB, 272.79 W, 62
2026/08/14 04:01:34.895, NVIDIA GeForce RTX 4090, 38 %, 13 %, 19206 MiB, 49140 MiB, 275.24 W, 62
2026/08/14 04:01:35.895, NVIDIA GeForce RTX 4090, 41 %, 14 %, 19206 MiB, 49140 MiB, 272.07 W, 62
2026/08/14 04:01:36.895, NVIDIA GeForce RTX 4090, 39 %, 13 %, 19206 MiB, 49140 MiB, 270.52 W, 69
2026/08/14 04:01:37.895, NVIDIA GeForce RTX 4090, 94 %, 49 %, 19206 MiB, 49140 MiB, 310.95 W, 70
2026/08/14 04:01:38.896, NVIDIA GeForce RTX 4090, 92 %, 49 %, 19206 MiB, 49140 MiB, 312.58 W, 69
2026/08/14 04:01:39.896, NVIDIA GeForce RTX 4090, 58 %, 23 %, 19206 MiB, 49140 MiB, 293.07 W, 64
2026/08/14 04:01:40.896, NVIDIA GeForce RTX 4090, 43 %, 15 %, 19206 MiB, 49140 MiB, 276.00 W, 63
2026/08/14 04:01:41.896, NVIDIA GeForce RTX 4090, 46 %, 16 %, 19206 MiB, 49140 MiB, 272.49 W, 63
2026/08/14 04:01:42.896, NVIDIA GeForce RTX 4090, 48 %, 18 %, 19206 MiB, 49140 MiB, 278.90 W, 64
2026/08/14 04:01:43.896, NVIDIA GeForce RTX 4090, 62 %, 30 %, 19206 MiB, 49140 MiB, 281.30 W, 68
2026/08/14 04:01:44.897, NVIDIA GeForce RTX 4090, 73 %, 42 %, 19206 MiB, 49140 MiB, 286.05 W, 70
2026/08/14 04:01:45.897, NVIDIA GeForce RTX 4090, 93 %, 51 %, 19206 MiB, 49140 MiB, 295.91 W, 69
2026/08/14 04:01:46.897, NVIDIA GeForce RTX 4090, 56 %, 26 %, 19206 MiB, 49140 MiB, 288.67 W, 63
2026/08/14 04:01:47.897, NVIDIA GeForce RTX 4090, 31 %, 12 %, 19206 MiB, 49140 MiB, 271.98 W, 62
2026/08/14 04:01:48.897, NVIDIA GeForce RTX 4090, 33 %, 12 %, 19206 MiB, 49140 MiB, 265.40 W, 63
2026/08/14 04:01:49.897, NVIDIA GeForce RTX 4090, 41 %, 15 %, 19206 MiB, 49140 MiB, 269.23 W, 63
2026/08/14 04:01:50.898, NVIDIA GeForce RTX 4090, 52 %, 21 %, 19206 MiB, 49140 MiB, 279.74 W, 67
2026/08/14 04:01:51.898, NVIDIA GeForce RTX 4090, 59 %, 30 %, 19206 MiB, 49140 MiB, 276.18 W, 69
2026/08/14 04:01:52.898, NVIDIA GeForce RTX 4090, 74 %, 43 %, 19206 MiB, 49140 MiB, 288.42 W, 69
2026/08/14 04:01:53.898, NVIDIA GeForce RTX 4090, 82 %, 41 %, 19206 MiB, 49140 MiB, 310.11 W, 63
2026/08/14 04:01:54.899, NVIDIA GeForce RTX 4090, 47 %, 17 %, 19206 MiB, 49140 MiB, 286.34 W, 64
2026/08/14 04:01:55.899, NVIDIA GeForce RTX 4090, 47 %, 16 %, 19206 MiB, 49140 MiB, 282.33 W, 64
2026/08/14 04:01:56.899, NVIDIA GeForce RTX 4090, 38 %, 13 %, 19206 MiB, 49140 MiB, 266.95 W, 64
2026/08/14 04:01:57.899, NVIDIA GeForce RTX 4090, 49 %, 19 %, 19206 MiB, 49140 MiB, 276.51 W, 67
2026/08/14 04:01:58.899, NVIDIA GeForce RTX 4090, 75 %, 42 %, 19206 MiB, 49140 MiB, 295.97 W, 69
2026/08/14 04:01:59.900, NVIDIA GeForce RTX 4090, 93 %, 50 %, 19206 MiB, 49140 MiB, 297.18 W, 69
2026/08/14 04:02:00.900, NVIDIA GeForce RTX 4090, 56 %, 24 %, 19206 MiB, 49140 MiB, 291.66 W, 63
2026/08/14 04:02:01.900, NVIDIA GeForce RTX 4090, 34 %, 13 %, 19206 MiB, 49140 MiB, 273.56 W, 63
2026/08/14 04:02:02.900, NVIDIA GeForce RTX 4090, 37 %, 13 %, 19206 MiB, 49140 MiB, 272.04 W, 64
2026/08/14 04:02:03.900, NVIDIA GeForce RTX 4090, 42 %, 15 %, 19206 MiB, 49140 MiB, 269.58 W, 63
2026/08/14 04:02:04.900, NVIDIA GeForce RTX 4090, 41 %, 14 %, 19206 MiB, 49140 MiB, 270.41 W, 67
2026/08/14 04:02:05.901, NVIDIA GeForce RTX 4090, 46 %, 18 %, 19206 MiB, 49140 MiB, 287.75 W, 68
2026/08/14 04:02:06.901, NVIDIA GeForce RTX 4090, 74 %, 42 %, 19206 MiB, 49140 MiB, 296.39 W, 68
2026/08/14 04:02:07.901, NVIDIA GeForce RTX 4090, 93 %, 52 %, 19206 MiB, 49140 MiB, 298.29 W, 69
2026/08/14 04:02:08.901, NVIDIA GeForce RTX 4090, 60 %, 27 %, 19206 MiB, 49140 MiB, 292.73 W, 64
2026/08/14 04:02:09.901, NVIDIA GeForce RTX 4090, 31 %, 11 %, 19206 MiB, 49140 MiB, 279.12 W, 62
2026/08/14 04:02:10.902, NVIDIA GeForce RTX 4090, 100 %, 54 %, 19206 MiB, 49140 MiB, 326.57 W, 70
2026/08/14 04:02:11.902, NVIDIA GeForce RTX 4090, 0 %, 0 %, 19206 MiB, 49140 MiB, 181.60 W, 57
2026/08/14 04:02:12.902, NVIDIA GeForce RTX 4090, 2 %, 0 %, 19206 MiB, 49140 MiB, 106.84 W, 56
2026/08/14 04:02:13.902, NVIDIA GeForce RTX 4090, 61 %, 30 %, 19206 MiB, 49140 MiB, 226.16 W, 63
2026/08/14 04:02:14.902, NVIDIA GeForce RTX 4090, 61 %, 29 %, 19206 MiB, 49140 MiB, 267.75 W, 68
2026/08/14 04:02:15.903, NVIDIA GeForce RTX 4090, 69 %, 38 %, 19206 MiB, 49140 MiB, 288.91 W, 64
2026/08/14 04:02:16.903, NVIDIA GeForce RTX 4090, 39 %, 22 %, 19206 MiB, 49140 MiB, 273.20 W, 63
2026/08/14 04:02:17.903, NVIDIA GeForce RTX 4090, 72 %, 40 %, 19206 MiB, 49140 MiB, 261.73 W, 64
2026/08/14 04:02:18.904, NVIDIA GeForce RTX 4090, 91 %, 52 %, 19206 MiB, 49140 MiB, 296.35 W, 68
2026/08/14 04:02:19.904, NVIDIA GeForce RTX 4090, 62 %, 28 %, 19206 MiB, 49140 MiB, 282.43 W, 69
2026/08/14 04:02:20.904, NVIDIA GeForce RTX 4090, 57 %, 25 %, 19206 MiB, 49140 MiB, 273.48 W, 62
2026/08/14 04:02:21.905, NVIDIA GeForce RTX 4090, 38 %, 13 %, 19206 MiB, 49140 MiB, 273.21 W, 61
2026/08/14 04:02:22.905, NVIDIA GeForce RTX 4090, 39 %, 13 %, 19206 MiB, 49140 MiB, 272.64 W, 62
2026/08/14 04:02:23.905, NVIDIA GeForce RTX 4090, 22 %, 7 %, 19206 MiB, 49140 MiB, 267.78 W, 67
2026/08/14 04:02:24.906, NVIDIA GeForce RTX 4090, 39 %, 13 %, 19206 MiB, 49140 MiB, 268.31 W, 62
2026/08/14 04:02:25.906, NVIDIA GeForce RTX 4090, 54 %, 19 %, 19206 MiB, 49140 MiB, 259.65 W, 67
2026/08/14 04:02:26.906, NVIDIA GeForce RTX 4090, 46 %, 18 %, 19206 MiB, 49140 MiB, 279.41 W, 68
2026/08/14 04:02:27.906, NVIDIA GeForce RTX 4090, 73 %, 40 %, 19206 MiB, 49140 MiB, 283.39 W, 69
2026/08/14 04:02:28.907, NVIDIA GeForce RTX 4090, 90 %, 52 %, 19206 MiB, 49140 MiB, 308.63 W, 67
2026/08/14 04:02:29.907, NVIDIA GeForce RTX 4090, 64 %, 29 %, 19206 MiB, 49140 MiB, 293.20 W, 69
2026/08/14 04:02:30.907, NVIDIA GeForce RTX 4090, 37 %, 14 %, 19206 MiB, 49140 MiB, 274.12 W, 63
2026/08/14 04:02:31.907, NVIDIA GeForce RTX 4090, 33 %, 11 %, 19206 MiB, 49140 MiB, 269.31 W, 66
2026/08/14 04:02:32.908, NVIDIA GeForce RTX 4090, 51 %, 18 %, 19206 MiB, 49140 MiB, 270.80 W, 65
2026/08/14 04:02:33.908, NVIDIA GeForce RTX 4090, 46 %, 16 %, 19206 MiB, 49140 MiB, 284.89 W, 68
2026/08/14 04:02:34.908, NVIDIA GeForce RTX 4090, 62 %, 29 %, 19206 MiB, 49140 MiB, 279.86 W, 68
2026/08/14 04:02:35.984, NVIDIA GeForce RTX 4090, 99 %, 56 %, 19206 MiB, 49140 MiB, 306.33 W, 70
2026/08/14 04:02:36.984, NVIDIA GeForce RTX 4090, 60 %, 27 %, 19206 MiB, 49140 MiB, 302.50 W, 65
2026/08/14 04:02:37.984, NVIDIA GeForce RTX 4090, 33 %, 12 %, 19206 MiB, 49140 MiB, 284.55 W, 66
2026/08/14 04:02:38.985, NVIDIA GeForce RTX 4090, 45 %, 15 %, 19206 MiB, 49140 MiB, 276.67 W, 64
2026/08/14 04:02:39.985, NVIDIA GeForce RTX 4090, 58 %, 21 %, 19206 MiB, 49140 MiB, 276.91 W, 67
2026/08/14 04:02:40.985, NVIDIA GeForce RTX 4090, 59 %, 27 %, 19206 MiB, 49140 MiB, 284.54 W, 68
2026/08/14 04:02:41.985, NVIDIA GeForce RTX 4090, 99 %, 56 %, 19206 MiB, 49140 MiB, 305.75 W, 69
2026/08/14 04:02:42.986, NVIDIA GeForce RTX 4090, 56 %, 27 %, 19206 MiB, 49140 MiB, 307.53 W, 69
2026/08/14 04:02:43.986, NVIDIA GeForce RTX 4090, 46 %, 17 %, 19206 MiB, 49140 MiB, 277.02 W, 69
2026/08/14 04:02:44.986, NVIDIA GeForce RTX 4090, 45 %, 15 %, 19206 MiB, 49140 MiB, 279.52 W, 67
2026/08/14 04:02:45.986, NVIDIA GeForce RTX 4090, 52 %, 19 %, 19206 MiB, 49140 MiB, 280.00 W, 67
2026/08/14 04:02:46.987, NVIDIA GeForce RTX 4090, 78 %, 40 %, 19206 MiB, 49140 MiB, 290.60 W, 68
2026/08/14 04:02:47.987, NVIDIA GeForce RTX 4090, 94 %, 54 %, 19206 MiB, 49140 MiB, 310.18 W, 69
2026/08/14 04:02:48.987, NVIDIA GeForce RTX 4090, 57 %, 27 %, 19206 MiB, 49140 MiB, 287.93 W, 67
2026/08/14 04:02:49.987, NVIDIA GeForce RTX 4090, 43 %, 16 %, 19206 MiB, 49140 MiB, 288.04 W, 69
2026/08/14 04:02:50.988, NVIDIA GeForce RTX 4090, 46 %, 15 %, 19206 MiB, 49140 MiB, 280.94 W, 69
2026/08/14 04:02:51.988, NVIDIA GeForce RTX 4090, 47 %, 18 %, 19206 MiB, 49140 MiB, 284.98 W, 68
2026/08/14 04:02:52.988, NVIDIA GeForce RTX 4090, 75 %, 43 %, 19206 MiB, 49140 MiB, 291.41 W, 67
2026/08/14 04:02:53.989, NVIDIA GeForce RTX 4090, 87 %, 41 %, 19206 MiB, 49140 MiB, 310.00 W, 68
2026/08/14 04:02:54.989, NVIDIA GeForce RTX 4090, 44 %, 16 %, 19206 MiB, 49140 MiB, 281.07 W, 68
2026/08/14 04:02:55.989, NVIDIA GeForce RTX 4090, 43 %, 15 %, 19206 MiB, 49140 MiB, 280.17 W, 69
2026/08/14 04:02:56.990, NVIDIA GeForce RTX 4090, 47 %, 16 %, 19206 MiB, 49140 MiB, 279.85 W, 68
2026/08/14 04:02:57.990, NVIDIA GeForce RTX 4090, 93 %, 48 %, 19206 MiB, 49140 MiB, 380.83 W, 71
2026/08/14 04:02:58.990, NVIDIA GeForce RTX 4090, 56 %, 27 %, 19206 MiB, 49140 MiB, 294.62 W, 70
2026/08/14 04:02:59.990, NVIDIA GeForce RTX 4090, 42 %, 15 %, 19206 MiB, 49140 MiB, 281.47 W, 64
2026/08/14 04:03:00.991, NVIDIA GeForce RTX 4090, 51 %, 18 %, 19206 MiB, 49140 MiB, 266.06 W, 69
2026/08/14 04:03:01.991, NVIDIA GeForce RTX 4090, 47 %, 16 %, 19206 MiB, 49140 MiB, 287.80 W, 69
2026/08/14 04:03:02.991, NVIDIA GeForce RTX 4090, 61 %, 28 %, 19206 MiB, 49140 MiB, 283.13 W, 68
2026/08/14 04:03:03.991, NVIDIA GeForce RTX 4090, 75 %, 42 %, 19206 MiB, 49140 MiB, 289.33 W, 67
2026/08/14 04:03:04.992, NVIDIA GeForce RTX 4090, 60 %, 31 %, 19206 MiB, 49140 MiB, 302.98 W, 67
2026/08/14 04:03:05.992, NVIDIA GeForce RTX 4090, 45 %, 16 %, 19206 MiB, 49140 MiB, 291.00 W, 68
2026/08/14 04:03:06.992, NVIDIA GeForce RTX 4090, 43 %, 15 %, 19206 MiB, 49140 MiB, 277.17 W, 68
2026/08/14 04:03:07.992, NVIDIA GeForce RTX 4090, 55 %, 20 %, 19206 MiB, 49140 MiB, 274.35 W, 69
2026/08/14 04:03:08.992, NVIDIA GeForce RTX 4090, 60 %, 27 %, 19206 MiB, 49140 MiB, 286.77 W, 68
2026/08/14 04:03:09.993, NVIDIA GeForce RTX 4090, 99 %, 59 %, 19206 MiB, 49140 MiB, 305.95 W, 68
2026/08/14 04:03:10.993, NVIDIA GeForce RTX 4090, 53 %, 26 %, 19206 MiB, 49140 MiB, 306.86 W, 70
2026/08/14 04:03:11.993, NVIDIA GeForce RTX 4090, 51 %, 18 %, 19206 MiB, 49140 MiB, 279.24 W, 69
2026/08/14 04:03:12.993, NVIDIA GeForce RTX 4090, 39 %, 13 %, 19206 MiB, 49140 MiB, 281.39 W, 68
2026/08/14 04:03:13.993, NVIDIA GeForce RTX 4090, 52 %, 19 %, 19206 MiB, 49140 MiB, 279.20 W, 69
2026/08/14 04:03:14.994, NVIDIA GeForce RTX 4090, 66 %, 32 %, 19206 MiB, 49140 MiB, 278.80 W, 69
2026/08/14 04:03:15.994, NVIDIA GeForce RTX 4090, 98 %, 59 %, 19206 MiB, 49140 MiB, 311.92 W, 68
2026/08/14 04:03:16.994, NVIDIA GeForce RTX 4090, 52 %, 25 %, 19206 MiB, 49140 MiB, 292.68 W, 69
2026/08/14 04:03:17.994, NVIDIA GeForce RTX 4090, 20 %, 7 %, 19206 MiB, 49140 MiB, 273.58 W, 67
2026/08/14 04:03:18.994, NVIDIA GeForce RTX 4090, 40 %, 14 %, 19206 MiB, 49140 MiB, 280.17 W, 69
2026/08/14 04:03:19.995, NVIDIA GeForce RTX 4090, 51 %, 19 %, 19206 MiB, 49140 MiB, 288.84 W, 69
2026/08/14 04:03:20.995, NVIDIA GeForce RTX 4090, 58 %, 24 %, 19206 MiB, 49140 MiB, 287.09 W, 68
2026/08/14 04:03:21.995, NVIDIA GeForce RTX 4090, 98 %, 59 %, 19206 MiB, 49140 MiB, 305.55 W, 67
2026/08/14 04:03:22.995, NVIDIA GeForce RTX 4090, 56 %, 30 %, 19206 MiB, 49140 MiB, 281.77 W, 69
2026/08/14 04:03:23.995, NVIDIA GeForce RTX 4090, 31 %, 11 %, 19206 MiB, 49140 MiB, 273.93 W, 69
2026/08/14 04:03:24.996, NVIDIA GeForce RTX 4090, 33 %, 11 %, 19206 MiB, 49140 MiB, 279.68 W, 69
2026/08/14 04:03:25.996, NVIDIA GeForce RTX 4090, 32 %, 12 %, 19206 MiB, 49140 MiB, 281.79 W, 68
2026/08/14 04:03:26.996, NVIDIA GeForce RTX 4090, 70 %, 37 %, 19206 MiB, 49140 MiB, 296.59 W, 68
2026/08/14 04:03:27.996, NVIDIA GeForce RTX 4090, 93 %, 54 %, 19206 MiB, 49140 MiB, 297.91 W, 68
2026/08/14 04:03:28.996, NVIDIA GeForce RTX 4090, 77 %, 36 %, 19206 MiB, 49140 MiB, 292.41 W, 68
2026/08/14 04:03:29.996, NVIDIA GeForce RTX 4090, 38 %, 14 %, 19206 MiB, 49140 MiB, 287.44 W, 70
2026/08/14 04:03:30.997, NVIDIA GeForce RTX 4090, 38 %, 13 %, 19206 MiB, 49140 MiB, 271.77 W, 67
2026/08/14 04:03:31.997, NVIDIA GeForce RTX 4090, 35 %, 12 %, 19206 MiB, 49140 MiB, 275.17 W, 69
2026/08/14 04:03:32.997, NVIDIA GeForce RTX 4090, 40 %, 14 %, 19206 MiB, 49140 MiB, 277.35 W, 67
2026/08/14 04:03:33.997, NVIDIA GeForce RTX 4090, 74 %, 35 %, 19206 MiB, 49140 MiB, 293.08 W, 67
2026/08/14 04:03:34.997, NVIDIA GeForce RTX 4090, 92 %, 52 %, 19206 MiB, 49140 MiB, 304.23 W, 67
2026/08/14 04:03:35.998, NVIDIA GeForce RTX 4090, 57 %, 30 %, 19206 MiB, 49140 MiB, 293.54 W, 70
2026/08/14 04:03:36.998, NVIDIA GeForce RTX 4090, 31 %, 13 %, 19206 MiB, 49140 MiB, 276.83 W, 68
2026/08/14 04:03:37.998, NVIDIA GeForce RTX 4090, 42 %, 15 %, 19206 MiB, 49140 MiB, 285.23 W, 68
2026/08/14 04:03:38.998, NVIDIA GeForce RTX 4090, 48 %, 17 %, 19206 MiB, 49140 MiB, 281.99 W, 67
2026/08/14 04:03:39.998, NVIDIA GeForce RTX 4090, 58 %, 23 %, 19206 MiB, 49140 MiB, 284.35 W, 68
2026/08/14 04:03:40.999, NVIDIA GeForce RTX 4090, 75 %, 40 %, 19206 MiB, 49140 MiB, 289.10 W, 66
2026/08/14 04:03:41.999, NVIDIA GeForce RTX 4090, 0 %, 0 %, 19206 MiB, 49140 MiB, 308.17 W, 59
2026/08/14 04:03:42.999, NVIDIA GeForce RTX 4090, 3 %, 0 %, 19206 MiB, 49140 MiB, 107.64 W, 57
2026/08/14 04:03:43.999, NVIDIA GeForce RTX 4090, 26 %, 10 %, 19206 MiB, 49140 MiB, 155.33 W, 66
2026/08/14 04:03:45.000, NVIDIA GeForce RTX 4090, 18 %, 6 %, 19206 MiB, 49140 MiB, 262.92 W, 63
2026/08/14 04:03:46.000, NVIDIA GeForce RTX 4090, 28 %, 10 %, 19206 MiB, 49140 MiB, 268.06 W, 66
2026/08/14 04:03:47.001, NVIDIA GeForce RTX 4090, 39 %, 13 %, 19206 MiB, 49140 MiB, 267.91 W, 67
2026/08/14 04:03:48.001, NVIDIA GeForce RTX 4090, 49 %, 17 %, 19206 MiB, 49140 MiB, 276.11 W, 66
2026/08/14 04:03:49.001, NVIDIA GeForce RTX 4090, 61 %, 24 %, 19206 MiB, 49140 MiB, 282.32 W, 66
2026/08/14 04:03:50.002, NVIDIA GeForce RTX 4090, 73 %, 38 %, 19206 MiB, 49140 MiB, 288.59 W, 66
2026/08/14 04:03:51.002, NVIDIA GeForce RTX 4090, 88 %, 50 %, 19206 MiB, 49140 MiB, 294.81 W, 65
2026/08/14 04:03:52.002, NVIDIA GeForce RTX 4090, 70 %, 37 %, 19206 MiB, 49140 MiB, 294.86 W, 68
2026/08/14 04:03:53.002, NVIDIA GeForce RTX 4090, 69 %, 39 %, 19206 MiB, 49140 MiB, 258.56 W, 67
2026/08/14 04:03:54.003, NVIDIA GeForce RTX 4090, 57 %, 29 %, 19206 MiB, 49140 MiB, 275.78 W, 67
2026/08/14 04:03:55.003, NVIDIA GeForce RTX 4090, 29 %, 10 %, 19206 MiB, 49140 MiB, 279.63 W, 67
2026/08/14 04:03:56.003, NVIDIA GeForce RTX 4090, 42 %, 15 %, 19206 MiB, 49140 MiB, 267.29 W, 65
2026/08/14 04:03:57.003, NVIDIA GeForce RTX 4090, 38 %, 13 %, 19206 MiB, 49140 MiB, 273.17 W, 67
2026/08/14 04:03:58.003, NVIDIA GeForce RTX 4090, 49 %, 17 %, 19206 MiB, 49140 MiB, 277.23 W, 66
2026/08/14 04:03:59.003, NVIDIA GeForce RTX 4090, 45 %, 17 %, 19206 MiB, 49140 MiB, 270.40 W, 65
2026/08/14 04:04:00.003, NVIDIA GeForce RTX 4090, 60 %, 24 %, 19206 MiB, 49140 MiB, 273.62 W, 66
2026/08/14 04:04:01.004, NVIDIA GeForce RTX 4090, 78 %, 38 %, 19206 MiB, 49140 MiB, 278.92 W, 65
2026/08/14 04:04:02.004, NVIDIA GeForce RTX 4090, 69 %, 33 %, 19206 MiB, 49140 MiB, 271.44 W, 64
2026/08/14 04:04:03.004, NVIDIA GeForce RTX 4090, 78 %, 44 %, 19206 MiB, 49140 MiB, 279.96 W, 65
2026/08/14 04:04:04.004, NVIDIA GeForce RTX 4090, 89 %, 52 %, 19206 MiB, 49140 MiB, 294.89 W, 66
2026/08/14 04:04:05.004, NVIDIA GeForce RTX 4090, 67 %, 33 %, 19206 MiB, 49140 MiB, 282.32 W, 69
2026/08/14 04:04:06.005, NVIDIA GeForce RTX 4090, 53 %, 25 %, 19206 MiB, 49140 MiB, 284.20 W, 66
2026/08/14 04:04:07.005, NVIDIA GeForce RTX 4090, 36 %, 13 %, 19206 MiB, 49140 MiB, 274.53 W, 67
2026/08/14 04:04:08.005, NVIDIA GeForce RTX 4090, 29 %, 10 %, 19206 MiB, 49140 MiB, 262.80 W, 66
2026/08/14 04:04:09.005, NVIDIA GeForce RTX 4090, 26 %, 9 %, 19206 MiB, 49140 MiB, 254.59 W, 66
2026/08/14 04:04:10.005, NVIDIA GeForce RTX 4090, 28 %, 10 %, 19206 MiB, 49140 MiB, 260.89 W, 66
2026/08/14 04:04:11.006, NVIDIA GeForce RTX 4090, 37 %, 13 %, 19206 MiB, 49140 MiB, 271.34 W, 64
2026/08/14 04:04:12.006, NVIDIA GeForce RTX 4090, 36 %, 13 %, 19206 MiB, 49140 MiB, 264.25 W, 64
2026/08/14 04:04:13.006, NVIDIA GeForce RTX 4090, 39 %, 13 %, 19206 MiB, 49140 MiB, 267.15 W, 65
2026/08/14 04:04:14.006, NVIDIA GeForce RTX 4090, 52 %, 18 %, 19206 MiB, 49140 MiB, 273.80 W, 64
2026/08/14 04:04:15.007, NVIDIA GeForce RTX 4090, 66 %, 26 %, 19206 MiB, 49140 MiB, 278.42 W, 66
2026/08/14 04:04:16.007, NVIDIA GeForce RTX 4090, 82 %, 40 %, 19206 MiB, 49140 MiB, 273.16 W, 66
2026/08/14 04:04:17.007, NVIDIA GeForce RTX 4090, 92 %, 55 %, 19206 MiB, 49140 MiB, 294.61 W, 68
2026/08/14 04:04:18.007, NVIDIA GeForce RTX 4090, 89 %, 46 %, 19206 MiB, 49140 MiB, 301.33 W, 69
2026/08/14 04:04:19.008, NVIDIA GeForce RTX 4090, 43 %, 17 %, 19206 MiB, 49140 MiB, 292.24 W, 67
2026/08/14 04:04:20.008, NVIDIA GeForce RTX 4090, 32 %, 11 %, 19206 MiB, 49140 MiB, 269.28 W, 67
2026/08/14 04:04:21.008, NVIDIA GeForce RTX 4090, 28 %, 10 %, 19206 MiB, 49140 MiB, 266.69 W, 64
2026/08/14 04:04:22.008, NVIDIA GeForce RTX 4090, 39 %, 13 %, 19206 MiB, 49140 MiB, 267.70 W, 65
2026/08/14 04:04:23.009, NVIDIA GeForce RTX 4090, 25 %, 10 %, 19206 MiB, 49140 MiB, 272.84 W, 64
2026/08/14 04:04:24.009, NVIDIA GeForce RTX 4090, 78 %, 38 %, 19206 MiB, 49140 MiB, 281.38 W, 65
2026/08/14 04:04:25.083, NVIDIA GeForce RTX 4090, 94 %, 54 %, 19206 MiB, 49140 MiB, 303.75 W, 67
2026/08/14 04:04:26.085, NVIDIA GeForce RTX 4090, 55 %, 26 %, 19206 MiB, 49140 MiB, 294.81 W, 64
2026/08/14 04:04:27.085, NVIDIA GeForce RTX 4090, 43 %, 17 %, 19206 MiB, 49140 MiB, 265.93 W, 67
2026/08/14 04:04:28.085, NVIDIA GeForce RTX 4090, 19 %, 7 %, 19206 MiB, 49140 MiB, 264.97 W, 67
2026/08/14 04:04:29.086, NVIDIA GeForce RTX 4090, 42 %, 15 %, 19206 MiB, 49140 MiB, 266.42 W, 64
2026/08/14 04:04:30.086, NVIDIA GeForce RTX 4090, 100 %, 51 %, 19206 MiB, 49140 MiB, 336.56 W, 69
2026/08/14 04:04:31.086, NVIDIA GeForce RTX 4090, 80 %, 45 %, 19206 MiB, 49140 MiB, 304.33 W, 65
2026/08/14 04:04:32.086, NVIDIA GeForce RTX 4090, 94 %, 56 %, 19206 MiB, 49140 MiB, 292.87 W, 67
2026/08/14 04:04:33.087, NVIDIA GeForce RTX 4090, 79 %, 49 %, 19206 MiB, 49140 MiB, 269.72 W, 66
2026/08/14 04:04:34.087, NVIDIA GeForce RTX 4090, 87 %, 46 %, 19206 MiB, 49140 MiB, 283.83 W, 68
2026/08/14 04:04:35.087, NVIDIA GeForce RTX 4090, 70 %, 39 %, 19206 MiB, 49140 MiB, 277.86 W, 68
2026/08/14 04:04:36.087, NVIDIA GeForce RTX 4090, 43 %, 17 %, 19206 MiB, 49140 MiB, 278.77 W, 67
2026/08/14 04:04:37.087, NVIDIA GeForce RTX 4090, 36 %, 12 %, 19206 MiB, 49140 MiB, 271.28 W, 65
2026/08/14 04:04:38.087, NVIDIA GeForce RTX 4090, 47 %, 15 %, 19206 MiB, 49140 MiB, 287.39 W, 66
2026/08/14 04:04:39.088, NVIDIA GeForce RTX 4090, 63 %, 25 %, 19206 MiB, 49140 MiB, 287.51 W, 66
2026/08/14 04:04:40.089, NVIDIA GeForce RTX 4090, 76 %, 43 %, 19206 MiB, 49140 MiB, 285.42 W, 65
2026/08/14 04:04:41.090, NVIDIA GeForce RTX 4090, 82 %, 51 %, 19206 MiB, 49140 MiB, 283.32 W, 66
2026/08/14 04:04:42.092, NVIDIA GeForce RTX 4090, 87 %, 45 %, 19206 MiB, 49140 MiB, 295.50 W, 69
2026/08/14 04:04:43.093, NVIDIA GeForce RTX 4090, 38 %, 14 %, 19206 MiB, 49140 MiB, 298.57 W, 66
2026/08/14 04:04:44.094, NVIDIA GeForce RTX 4090, 84 %, 44 %, 19206 MiB, 49140 MiB, 309.96 W, 69
2026/08/14 04:04:45.095, NVIDIA GeForce RTX 4090, 38 %, 15 %, 19206 MiB, 49140 MiB, 294.21 W, 67
2026/08/14 04:04:46.097, NVIDIA GeForce RTX 4090, 16 %, 5 %, 19206 MiB, 49140 MiB, 267.91 W, 66
2026/08/14 04:04:47.098, NVIDIA GeForce RTX 4090, 37 %, 13 %, 19206 MiB, 49140 MiB, 266.77 W, 65
2026/08/14 04:04:48.100, NVIDIA GeForce RTX 4090, 26 %, 9 %, 19206 MiB, 49140 MiB, 272.64 W, 66
2026/08/14 04:04:49.100, NVIDIA GeForce RTX 4090, 42 %, 15 %, 19206 MiB, 49140 MiB, 280.04 W, 66
2026/08/14 04:04:50.101, NVIDIA GeForce RTX 4090, 67 %, 32 %, 19206 MiB, 49140 MiB, 290.88 W, 65
2026/08/14 04:04:51.104, NVIDIA GeForce RTX 4090, 75 %, 38 %, 19206 MiB, 49140 MiB, 319.33 W, 69
2026/08/14 04:04:52.105, NVIDIA GeForce RTX 4090, 28 %, 11 %, 19206 MiB, 49140 MiB, 280.36 W, 66
2026/08/14 04:04:53.106, NVIDIA GeForce RTX 4090, 24 %, 8 %, 19206 MiB, 49140 MiB, 268.43 W, 65
2026/08/14 04:04:54.108, NVIDIA GeForce RTX 4090, 37 %, 13 %, 19206 MiB, 49140 MiB, 270.55 W, 65
2026/08/14 04:04:55.109, NVIDIA GeForce RTX 4090, 35 %, 12 %, 19206 MiB, 49140 MiB, 272.86 W, 65
2026/08/14 04:04:56.112, NVIDIA GeForce RTX 4090, 38 %, 15 %, 19206 MiB, 49140 MiB, 287.71 W, 65
2026/08/14 04:04:57.113, NVIDIA GeForce RTX 4090, 67 %, 32 %, 19206 MiB, 49140 MiB, 284.71 W, 65
2026/08/14 04:04:58.114, NVIDIA GeForce RTX 4090, 76 %, 45 %, 19206 MiB, 49140 MiB, 304.31 W, 69
2026/08/14 04:04:59.116, NVIDIA GeForce RTX 4090, 48 %, 23 %, 19206 MiB, 49140 MiB, 291.49 W, 66
2026/08/14 04:05:00.116, NVIDIA GeForce RTX 4090, 33 %, 11 %, 19206 MiB, 49140 MiB, 282.34 W, 64
2026/08/14 04:05:01.117, NVIDIA GeForce RTX 4090, 35 %, 12 %, 19206 MiB, 49140 MiB, 279.63 W, 66
2026/08/14 04:05:02.118, NVIDIA GeForce RTX 4090, 48 %, 19 %, 19206 MiB, 49140 MiB, 293.12 W, 65
2026/08/14 04:05:03.119, NVIDIA GeForce RTX 4090, 64 %, 36 %, 19206 MiB, 49140 MiB, 287.13 W, 66
2026/08/14 04:05:04.120, NVIDIA GeForce RTX 4090, 76 %, 45 %, 19206 MiB, 49140 MiB, 293.56 W, 69
2026/08/14 04:05:05.121, NVIDIA GeForce RTX 4090, 71 %, 35 %, 19206 MiB, 49140 MiB, 291.79 W, 65
2026/08/14 04:05:06.183, NVIDIA GeForce RTX 4090, 23 %, 8 %, 19206 MiB, 49140 MiB, 286.20 W, 64
2026/08/14 04:05:07.184, NVIDIA GeForce RTX 4090, 35 %, 12 %, 19206 MiB, 49140 MiB, 282.23 W, 65
2026/08/14 04:05:08.184, NVIDIA GeForce RTX 4090, 43 %, 15 %, 19206 MiB, 49140 MiB, 278.87 W, 64
2026/08/14 04:05:09.184, NVIDIA GeForce RTX 4090, 48 %, 19 %, 19206 MiB, 49140 MiB, 281.98 W, 64
2026/08/14 04:05:10.184, NVIDIA GeForce RTX 4090, 64 %, 31 %, 19206 MiB, 49140 MiB, 275.68 W, 65
2026/08/14 04:05:11.185, NVIDIA GeForce RTX 4090, 75 %, 45 %, 19206 MiB, 49140 MiB, 304.42 W, 66
2026/08/14 04:05:12.186, NVIDIA GeForce RTX 4090, 72 %, 36 %, 19206 MiB, 49140 MiB, 292.96 W, 66
2026/08/14 04:05:13.187, NVIDIA GeForce RTX 4090, 35 %, 13 %, 19206 MiB, 49140 MiB, 279.13 W, 65
2026/08/14 04:05:14.188, NVIDIA GeForce RTX 4090, 100 %, 52 %, 19206 MiB, 49140 MiB, 332.27 W, 71
2026/08/14 04:05:15.189, NVIDIA GeForce RTX 4090, 0 %, 0 %, 19206 MiB, 49140 MiB, 182.91 W, 57
2026/08/14 04:05:16.191, NVIDIA GeForce RTX 4090, 0 %, 0 %, 19206 MiB, 49140 MiB, 107.06 W, 56
2026/08/14 04:05:17.192, NVIDIA GeForce RTX 4090, 50 %, 20 %, 19206 MiB, 49140 MiB, 229.51 W, 62
2026/08/14 04:05:18.193, NVIDIA GeForce RTX 4090, 52 %, 20 %, 19206 MiB, 49140 MiB, 266.96 W, 61
2026/08/14 04:05:19.194, NVIDIA GeForce RTX 4090, 46 %, 18 %, 19206 MiB, 49140 MiB, 265.32 W, 62
2026/08/14 04:05:20.196, NVIDIA GeForce RTX 4090, 55 %, 22 %, 19206 MiB, 49140 MiB, 261.61 W, 62
2026/08/14 04:05:21.197, NVIDIA GeForce RTX 4090, 68 %, 32 %, 19206 MiB, 49140 MiB, 270.60 W, 63
2026/08/14 04:05:22.198, NVIDIA GeForce RTX 4090, 73 %, 45 %, 19206 MiB, 49140 MiB, 289.31 W, 69
2026/08/14 04:05:23.199, NVIDIA GeForce RTX 4090, 78 %, 39 %, 19206 MiB, 49140 MiB, 304.38 W, 64
2026/08/14 04:05:24.200, NVIDIA GeForce RTX 4090, 39 %, 15 %, 19206 MiB, 49140 MiB, 286.50 W, 64
2026/08/14 04:05:25.202, NVIDIA GeForce RTX 4090, 35 %, 13 %, 19206 MiB, 49140 MiB, 268.30 W, 63
2026/08/14 04:05:26.203, NVIDIA GeForce RTX 4090, 24 %, 9 %, 19206 MiB, 49140 MiB, 269.82 W, 62
2026/08/14 04:05:27.204, NVIDIA GeForce RTX 4090, 38 %, 13 %, 19206 MiB, 49140 MiB, 271.83 W, 63
2026/08/14 04:05:28.205, NVIDIA GeForce RTX 4090, 42 %, 15 %, 19206 MiB, 49140 MiB, 281.67 W, 63
2026/08/14 04:05:29.207, NVIDIA GeForce RTX 4090, 55 %, 22 %, 19206 MiB, 49140 MiB, 281.71 W, 63
2026/08/14 04:05:30.208, NVIDIA GeForce RTX 4090, 61 %, 34 %, 19206 MiB, 49140 MiB, 288.96 W, 63
2026/08/14 04:05:31.209, NVIDIA GeForce RTX 4090, 59 %, 37 %, 19206 MiB, 49140 MiB, 286.23 W, 66
2026/08/14 04:05:32.210, NVIDIA GeForce RTX 4090, 77 %, 38 %, 19206 MiB, 49140 MiB, 292.73 W, 62
2026/08/14 04:05:33.211, NVIDIA GeForce RTX 4090, 38 %, 15 %, 19206 MiB, 49140 MiB, 285.34 W, 61
2026/08/14 04:05:34.213, NVIDIA GeForce RTX 4090, 27 %, 10 %, 19206 MiB, 49140 MiB, 270.42 W, 61
2026/08/14 04:05:35.214, NVIDIA GeForce RTX 4090, 36 %, 13 %, 19206 MiB, 49140 MiB, 267.12 W, 60
2026/08/14 04:05:36.215, NVIDIA GeForce RTX 4090, 35 %, 12 %, 19206 MiB, 49140 MiB, 273.97 W, 60
2026/08/14 04:05:37.216, NVIDIA GeForce RTX 4090, 23 %, 8 %, 19206 MiB, 49140 MiB, 270.02 W, 61
2026/08/14 04:05:38.217, NVIDIA GeForce RTX 4090, 39 %, 15 %, 19206 MiB, 49140 MiB, 277.95 W, 62
2026/08/14 04:05:39.219, NVIDIA GeForce RTX 4090, 34 %, 14 %, 19206 MiB, 49140 MiB, 272.96 W, 61
2026/08/14 04:05:40.220, NVIDIA GeForce RTX 4090, 58 %, 32 %, 19206 MiB, 49140 MiB, 279.24 W, 62
2026/08/14 04:05:41.283, NVIDIA GeForce RTX 4090, 58 %, 36 %, 19206 MiB, 49140 MiB, 283.65 W, 67
2026/08/14 04:05:42.285, NVIDIA GeForce RTX 4090, 88 %, 47 %, 19206 MiB, 49140 MiB, 291.39 W, 63
2026/08/14 04:05:43.286, NVIDIA GeForce RTX 4090, 47 %, 18 %, 19206 MiB, 49140 MiB, 292.56 W, 61
2026/08/14 04:05:44.287, NVIDIA GeForce RTX 4090, 15 %, 5 %, 19206 MiB, 49140 MiB, 271.93 W, 59
2026/08/14 04:05:45.289, NVIDIA GeForce RTX 4090, 32 %, 12 %, 19206 MiB, 49140 MiB, 264.66 W, 60
2026/08/14 04:05:46.290, NVIDIA GeForce RTX 4090, 34 %, 12 %, 19206 MiB, 49140 MiB, 258.92 W, 59
2026/08/14 04:05:47.291, NVIDIA GeForce RTX 4090, 26 %, 9 %, 19206 MiB, 49140 MiB, 267.24 W, 59
2026/08/14 04:05:48.292, NVIDIA GeForce RTX 4090, 34 %, 13 %, 19206 MiB, 49140 MiB, 256.85 W, 59
2026/08/14 04:05:49.294, NVIDIA GeForce RTX 4090, 28 %, 10 %, 19206 MiB, 49140 MiB, 265.05 W, 59
2026/08/14 04:05:50.295, NVIDIA GeForce RTX 4090, 18 %, 6 %, 19206 MiB, 49140 MiB, 257.83 W, 58
2026/08/14 04:05:51.296, NVIDIA GeForce RTX 4090, 35 %, 12 %, 19206 MiB, 49140 MiB, 267.39 W, 59
2026/08/14 04:05:52.298, NVIDIA GeForce RTX 4090, 42 %, 15 %, 19206 MiB, 49140 MiB, 278.98 W, 60
2026/08/14 04:05:53.299, NVIDIA GeForce RTX 4090, 53 %, 21 %, 19206 MiB, 49140 MiB, 281.02 W, 64
2026/08/14 04:05:54.300, NVIDIA GeForce RTX 4090, 58 %, 32 %, 19206 MiB, 49140 MiB, 281.82 W, 62
2026/08/14 04:05:55.301, NVIDIA GeForce RTX 4090, 69 %, 42 %, 19206 MiB, 49140 MiB, 286.04 W, 65
2026/08/14 04:05:56.302, NVIDIA GeForce RTX 4090, 83 %, 42 %, 19206 MiB, 49140 MiB, 292.51 W, 62
2026/08/14 04:05:57.303, NVIDIA GeForce RTX 4090, 38 %, 15 %, 19206 MiB, 49140 MiB, 284.43 W, 60
2026/08/14 04:05:58.304, NVIDIA GeForce RTX 4090, 29 %, 10 %, 19206 MiB, 49140 MiB, 272.64 W, 59
2026/08/14 04:05:59.305, NVIDIA GeForce RTX 4090, 23 %, 8 %, 19206 MiB, 49140 MiB, 270.83 W, 59
2026/08/14 04:06:00.307, NVIDIA GeForce RTX 4090, 34 %, 12 %, 19206 MiB, 49140 MiB, 262.57 W, 59
2026/08/14 04:06:01.308, NVIDIA GeForce RTX 4090, 37 %, 13 %, 19206 MiB, 49140 MiB, 278.82 W, 60
2026/08/14 04:06:02.308, NVIDIA GeForce RTX 4090, 54 %, 22 %, 19206 MiB, 49140 MiB, 279.14 W, 60
2026/08/14 04:06:03.308, NVIDIA GeForce RTX 4090, 44 %, 21 %, 19206 MiB, 49140 MiB, 371.10 W, 61
2026/08/14 04:06:04.310, NVIDIA GeForce RTX 4090, 54 %, 20 %, 19206 MiB, 49140 MiB, 279.73 W, 61
2026/08/14 04:06:05.311, NVIDIA GeForce RTX 4090, 22 %, 8 %, 19206 MiB, 49140 MiB, 267.65 W, 59
2026/08/14 04:06:06.312, NVIDIA GeForce RTX 4090, 25 %, 9 %, 19206 MiB, 49140 MiB, 272.22 W, 59
2026/08/14 04:06:07.314, NVIDIA GeForce RTX 4090, 43 %, 15 %, 19206 MiB, 49140 MiB, 279.15 W, 60
2026/08/14 04:06:08.315, NVIDIA GeForce RTX 4090, 49 %, 20 %, 19206 MiB, 49140 MiB, 279.97 W, 61
2026/08/14 04:06:09.316, NVIDIA GeForce RTX 4090, 66 %, 37 %, 19206 MiB, 49140 MiB, 283.10 W, 62
2026/08/14 04:06:10.317, NVIDIA GeForce RTX 4090, 66 %, 39 %, 19206 MiB, 49140 MiB, 283.75 W, 66
2026/08/14 04:06:11.319, NVIDIA GeForce RTX 4090, 82 %, 42 %, 19206 MiB, 49140 MiB, 290.24 W, 62
2026/08/14 04:06:12.320, NVIDIA GeForce RTX 4090, 56 %, 27 %, 19206 MiB, 49140 MiB, 282.82 W, 60
2026/08/14 04:06:13.321, NVIDIA GeForce RTX 4090, 30 %, 11 %, 19206 MiB, 49140 MiB, 277.96 W, 60
2026/08/14 04:06:14.322, NVIDIA GeForce RTX 4090, 39 %, 14 %, 19206 MiB, 49140 MiB, 271.57 W, 59
2026/08/14 04:06:15.323, NVIDIA GeForce RTX 4090, 37 %, 13 %, 19206 MiB, 49140 MiB, 279.47 W, 60
2026/08/14 04:06:16.383, NVIDIA GeForce RTX 4090, 65 %, 32 %, 19206 MiB, 49140 MiB, 290.81 W, 62
2026/08/14 04:06:17.384, NVIDIA GeForce RTX 4090, 89 %, 47 %, 19206 MiB, 49140 MiB, 314.38 W, 62
2026/08/14 04:06:18.385, NVIDIA GeForce RTX 4090, 53 %, 20 %, 19206 MiB, 49140 MiB, 300.90 W, 60
2026/08/14 04:06:19.386, NVIDIA GeForce RTX 4090, 34 %, 12 %, 19206 MiB, 49140 MiB, 281.96 W, 60
2026/08/14 04:06:20.387, NVIDIA GeForce RTX 4090, 38 %, 13 %, 19206 MiB, 49140 MiB, 275.77 W, 60
2026/08/14 04:06:21.389, NVIDIA GeForce RTX 4090, 53 %, 21 %, 19206 MiB, 49140 MiB, 285.42 W, 61
2026/08/14 04:06:22.389, NVIDIA GeForce RTX 4090, 58 %, 32 %, 19206 MiB, 49140 MiB, 280.04 W, 62
2026/08/14 04:06:23.390, NVIDIA GeForce RTX 4090, 73 %, 43 %, 19206 MiB, 49140 MiB, 284.31 W, 64
2026/08/14 04:06:24.392, NVIDIA GeForce RTX 4090, 82 %, 42 %, 19206 MiB, 49140 MiB, 292.96 W, 62
2026/08/14 04:06:25.393, NVIDIA GeForce RTX 4090, 31 %, 13 %, 19206 MiB, 49140 MiB, 280.92 W, 60
2026/08/14 04:06:26.394, NVIDIA GeForce RTX 4090, 26 %, 9 %, 19206 MiB, 49140 MiB, 265.54 W, 59
2026/08/14 04:06:27.396, NVIDIA GeForce RTX 4090, 34 %, 12 %, 19206 MiB, 49140 MiB, 270.42 W, 59
2026/08/14 04:06:28.397, NVIDIA GeForce RTX 4090, 42 %, 14 %, 19206 MiB, 49140 MiB, 278.75 W, 60
2026/08/14 04:06:29.398, NVIDIA GeForce RTX 4090, 53 %, 21 %, 19206 MiB, 49140 MiB, 285.32 W, 60
2026/08/14 04:06:30.399, NVIDIA GeForce RTX 4090, 64 %, 36 %, 19206 MiB, 49140 MiB, 280.94 W, 62
2026/08/14 04:06:31.400, NVIDIA GeForce RTX 4090, 73 %, 43 %, 19206 MiB, 49140 MiB, 283.19 W, 65
2026/08/14 04:06:32.402, NVIDIA GeForce RTX 4090, 69 %, 31 %, 19206 MiB, 49140 MiB, 305.45 W, 61
2026/08/14 04:06:33.403, NVIDIA GeForce RTX 4090, 33 %, 12 %, 19206 MiB, 49140 MiB, 284.65 W, 59
2026/08/14 04:06:34.404, NVIDIA GeForce RTX 4090, 39 %, 13 %, 19206 MiB, 49140 MiB, 277.57 W, 60
2026/08/14 04:06:35.405, NVIDIA GeForce RTX 4090, 40 %, 15 %, 19206 MiB, 49140 MiB, 276.24 W, 60
2026/08/14 04:06:36.407, NVIDIA GeForce RTX 4090, 74 %, 42 %, 19206 MiB, 49140 MiB, 301.58 W, 68
2026/08/14 04:06:37.408, NVIDIA GeForce RTX 4090, 85 %, 44 %, 19206 MiB, 49140 MiB, 297.52 W, 62
2026/08/14 04:06:38.409, NVIDIA GeForce RTX 4090, 48 %, 21 %, 19206 MiB, 49140 MiB, 284.86 W, 60
2026/08/14 04:06:39.411, NVIDIA GeForce RTX 4090, 26 %, 9 %, 19206 MiB, 49140 MiB, 272.67 W, 59
2026/08/14 04:06:40.411, NVIDIA GeForce RTX 4090, 32 %, 11 %, 19206 MiB, 49140 MiB, 273.42 W, 60
2026/08/14 04:06:41.411, NVIDIA GeForce RTX 4090, 41 %, 15 %, 19206 MiB, 49140 MiB, 284.69 W, 60
2026/08/14 04:06:42.412, NVIDIA GeForce RTX 4090, 54 %, 22 %, 19206 MiB, 49140 MiB, 279.84 W, 61
2026/08/14 04:06:43.414, NVIDIA GeForce RTX 4090, 77 %, 44 %, 19206 MiB, 49140 MiB, 295.68 W, 69
2026/08/14 04:06:44.483, NVIDIA GeForce RTX 4090, 87 %, 45 %, 19206 MiB, 49140 MiB, 305.58 W, 62
2026/08/14 04:06:45.485, NVIDIA GeForce RTX 4090, 32 %, 11 %, 19206 MiB, 49140 MiB, 297.19 W, 60
2026/08/14 04:06:46.486, NVIDIA GeForce RTX 4090, 41 %, 14 %, 19206 MiB, 49140 MiB, 284.46 W, 60
2026/08/14 04:06:47.487, NVIDIA GeForce RTX 4090, 12 %, 8 %, 19206 MiB, 49140 MiB, 345.61 W, 59
2026/08/14 04:06:48.488, NVIDIA GeForce RTX 4090, 0 %, 0 %, 19206 MiB, 49140 MiB, 111.61 W, 56
2026/08/14 04:06:49.490, NVIDIA GeForce RTX 4090, 88 %, 43 %, 19206 MiB, 49140 MiB, 145.28 W, 61
2026/08/14 04:06:50.491, NVIDIA GeForce RTX 4090, 36 %, 13 %, 19206 MiB, 49140 MiB, 285.23 W, 60
2026/08/14 04:06:51.492, NVIDIA GeForce RTX 4090, 37 %, 13 %, 19206 MiB, 49140 MiB, 272.25 W, 59
2026/08/14 04:06:52.492, NVIDIA GeForce RTX 4090, 43 %, 15 %, 19206 MiB, 49140 MiB, 286.23 W, 62
2026/08/14 04:06:53.494, NVIDIA GeForce RTX 4090, 55 %, 22 %, 19206 MiB, 49140 MiB, 278.27 W, 60
2026/08/14 04:06:54.494, NVIDIA GeForce RTX 4090, 94 %, 55 %, 19206 MiB, 49140 MiB, 291.11 W, 68
2026/08/14 04:06:55.494, NVIDIA GeForce RTX 4090, 94 %, 52 %, 19206 MiB, 49140 MiB, 302.12 W, 62
2026/08/14 04:06:56.496, NVIDIA GeForce RTX 4090, 32 %, 13 %, 19206 MiB, 49140 MiB, 293.37 W, 60
2026/08/14 04:06:57.497, NVIDIA GeForce RTX 4090, 36 %, 13 %, 19206 MiB, 49140 MiB, 280.62 W, 59
2026/08/14 04:06:58.498, NVIDIA GeForce RTX 4090, 42 %, 14 %, 19206 MiB, 49140 MiB, 281.11 W, 60
2026/08/14 04:06:59.498, NVIDIA GeForce RTX 4090, 53 %, 21 %, 19206 MiB, 49140 MiB, 283.60 W, 61
2026/08/14 04:07:00.500, NVIDIA GeForce RTX 4090, 73 %, 43 %, 19206 MiB, 49140 MiB, 301.53 W, 66
2026/08/14 04:07:01.501, NVIDIA GeForce RTX 4090, 80 %, 41 %, 19206 MiB, 49140 MiB, 293.74 W, 62
2026/08/14 04:07:02.502, NVIDIA GeForce RTX 4090, 34 %, 12 %, 19206 MiB, 49140 MiB, 291.23 W, 60
2026/08/14 04:07:03.503, NVIDIA GeForce RTX 4090, 39 %, 14 %, 19206 MiB, 49140 MiB, 280.78 W, 60
2026/08/14 04:07:04.505, NVIDIA GeForce RTX 4090, 34 %, 13 %, 19206 MiB, 49140 MiB, 289.29 W, 60
2026/08/14 04:07:05.506, NVIDIA GeForce RTX 4090, 57 %, 29 %, 19206 MiB, 49140 MiB, 276.50 W, 63
2026/08/14 04:07:06.507, NVIDIA GeForce RTX 4090, 72 %, 42 %, 19206 MiB, 49140 MiB, 293.54 W, 66
2026/08/14 04:07:07.508, NVIDIA GeForce RTX 4090, 76 %, 32 %, 19206 MiB, 49140 MiB, 307.19 W, 61
2026/08/14 04:07:08.510, NVIDIA GeForce RTX 4090, 33 %, 12 %, 19206 MiB, 49140 MiB, 289.85 W, 60
2026/08/14 04:07:09.511, NVIDIA GeForce RTX 4090, 32 %, 11 %, 19206 MiB, 49140 MiB, 272.28 W, 60
2026/08/14 04:07:10.512, NVIDIA GeForce RTX 4090, 43 %, 15 %, 19206 MiB, 49140 MiB, 276.39 W, 60
2026/08/14 04:07:11.513, NVIDIA GeForce RTX 4090, 58 %, 28 %, 19206 MiB, 49140 MiB, 280.10 W, 63
2026/08/14 04:07:12.515, NVIDIA GeForce RTX 4090, 94 %, 52 %, 19206 MiB, 49140 MiB, 308.72 W, 63
2026/08/14 04:07:13.515, NVIDIA GeForce RTX 4090, 44 %, 17 %, 19206 MiB, 49140 MiB, 298.21 W, 61
2026/08/14 04:07:14.516, NVIDIA GeForce RTX 4090, 35 %, 13 %, 19206 MiB, 49140 MiB, 280.39 W, 60
2026/08/14 04:07:15.516, NVIDIA GeForce RTX 4090, 39 %, 14 %, 19206 MiB, 49140 MiB, 282.79 W, 61
2026/08/14 04:07:16.517, NVIDIA GeForce RTX 4090, 57 %, 29 %, 19206 MiB, 49140 MiB, 277.50 W, 64
2026/08/14 04:07:17.518, NVIDIA GeForce RTX 4090, 72 %, 42 %, 19206 MiB, 49140 MiB, 290.68 W, 66
2026/08/14 04:07:18.519, NVIDIA GeForce RTX 4090, 48 %, 21 %, 19206 MiB, 49140 MiB, 303.22 W, 60
2026/08/14 04:07:19.520, NVIDIA GeForce RTX 4090, 33 %, 11 %, 19206 MiB, 49140 MiB, 276.14 W, 60
2026/08/14 04:07:20.521, NVIDIA GeForce RTX 4090, 30 %, 10 %, 19206 MiB, 49140 MiB, 274.25 W, 60
2026/08/14 04:07:21.521, NVIDIA GeForce RTX 4090, 40 %, 15 %, 19206 MiB, 49140 MiB, 278.86 W, 60
2026/08/14 04:07:22.583, NVIDIA GeForce RTX 4090, 61 %, 34 %, 19206 MiB, 49140 MiB, 279.70 W, 64
2026/08/14 04:07:23.585, NVIDIA GeForce RTX 4090, 73 %, 43 %, 19206 MiB, 49140 MiB, 285.67 W, 67
2026/08/14 04:07:24.586, NVIDIA GeForce RTX 4090, 57 %, 26 %, 19206 MiB, 49140 MiB, 297.70 W, 62
2026/08/14 04:07:25.587, NVIDIA GeForce RTX 4090, 27 %, 10 %, 19206 MiB, 49140 MiB, 280.94 W, 60
2026/08/14 04:07:26.587, NVIDIA GeForce RTX 4090, 35 %, 12 %, 19206 MiB, 49140 MiB, 278.97 W, 60
2026/08/14 04:07:27.588, NVIDIA GeForce RTX 4090, 40 %, 15 %, 19206 MiB, 49140 MiB, 281.85 W, 61
2026/08/14 04:07:28.589, NVIDIA GeForce RTX 4090, 59 %, 33 %, 19206 MiB, 49140 MiB, 287.60 W, 65
2026/08/14 04:07:29.590, NVIDIA GeForce RTX 4090, 72 %, 43 %, 19206 MiB, 49140 MiB, 284.15 W, 69
2026/08/14 04:07:30.592, NVIDIA GeForce RTX 4090, 55 %, 25 %, 19206 MiB, 49140 MiB, 298.99 W, 62
2026/08/14 04:07:31.592, NVIDIA GeForce RTX 4090, 42 %, 15 %, 19206 MiB, 49140 MiB, 276.15 W, 61
2026/08/14 04:07:32.592, NVIDIA GeForce RTX 4090, 100 %, 55 %, 19206 MiB, 49140 MiB, 325.90 W, 69
2026/08/14 04:07:33.592, NVIDIA GeForce RTX 4090, 52 %, 27 %, 19206 MiB, 49140 MiB, 304.09 W, 65
2026/08/14 04:07:34.594, NVIDIA GeForce RTX 4090, 73 %, 43 %, 19206 MiB, 49140 MiB, 290.39 W, 66
2026/08/14 04:07:35.595, NVIDIA GeForce RTX 4090, 73 %, 33 %, 19206 MiB, 49140 MiB, 309.26 W, 62
2026/08/14 04:07:36.596, NVIDIA GeForce RTX 4090, 29 %, 10 %, 19206 MiB, 49140 MiB, 285.69 W, 60
2026/08/14 04:07:37.597, NVIDIA GeForce RTX 4090, 34 %, 11 %, 19206 MiB, 49140 MiB, 275.49 W, 60
2026/08/14 04:07:38.598, NVIDIA GeForce RTX 4090, 52 %, 19 %, 19206 MiB, 49140 MiB, 273.49 W, 62
2026/08/14 04:07:39.598, NVIDIA GeForce RTX 4090, 58 %, 28 %, 19206 MiB, 49140 MiB, 281.19 W, 64
2026/08/14 04:07:40.598, NVIDIA GeForce RTX 4090, 72 %, 43 %, 19206 MiB, 49140 MiB, 290.96 W, 69
2026/08/14 04:07:41.599, NVIDIA GeForce RTX 4090, 64 %, 30 %, 19206 MiB, 49140 MiB, 308.16 W, 62
2026/08/14 04:07:42.601, NVIDIA GeForce RTX 4090, 35 %, 13 %, 19206 MiB, 49140 MiB, 287.23 W, 60
2026/08/14 04:07:43.607, NVIDIA GeForce RTX 4090, 36 %, 12 %, 19206 MiB, 49140 MiB, 277.79 W, 61
2026/08/14 04:07:44.607, NVIDIA GeForce RTX 4090, 49 %, 21 %, 19206 MiB, 49140 MiB, 282.44 W, 62
2026/08/14 04:07:45.608, NVIDIA GeForce RTX 4090, 60 %, 35 %, 19206 MiB, 49140 MiB, 284.58 W, 65
2026/08/14 04:07:46.610, NVIDIA GeForce RTX 4090, 72 %, 42 %, 19206 MiB, 49140 MiB, 284.01 W, 68
2026/08/14 04:07:47.611, NVIDIA GeForce RTX 4090, 78 %, 41 %, 19206 MiB, 49140 MiB, 283.59 W, 65
2026/08/14 04:07:48.611, NVIDIA GeForce RTX 4090, 45 %, 19 %, 19206 MiB, 49140 MiB, 272.89 W, 61
2026/08/14 04:07:49.611, NVIDIA GeForce RTX 4090, 37 %, 13 %, 19206 MiB, 49140 MiB, 289.66 W, 61
2026/08/14 04:07:50.612, NVIDIA GeForce RTX 4090, 40 %, 14 %, 19206 MiB, 49140 MiB, 283.67 W, 61
2026/08/14 04:07:51.614, NVIDIA GeForce RTX 4090, 51 %, 26 %, 19206 MiB, 49140 MiB, 286.57 W, 65
2026/08/14 04:07:52.615, NVIDIA GeForce RTX 4090, 73 %, 42 %, 19206 MiB, 49140 MiB, 294.83 W, 67
2026/08/14 04:07:53.616, NVIDIA GeForce RTX 4090, 83 %, 44 %, 19206 MiB, 49140 MiB, 293.56 W, 64
2026/08/14 04:07:54.617, NVIDIA GeForce RTX 4090, 26 %, 9 %, 19206 MiB, 49140 MiB, 270.92 W, 61
2026/08/14 04:07:55.618, NVIDIA GeForce RTX 4090, 42 %, 15 %, 19206 MiB, 49140 MiB, 270.39 W, 61
2026/08/14 04:07:56.618, NVIDIA GeForce RTX 4090, 49 %, 17 %, 19206 MiB, 49140 MiB, 279.94 W, 60
2026/08/14 04:07:57.618, NVIDIA GeForce RTX 4090, 54 %, 25 %, 19206 MiB, 49140 MiB, 278.22 W, 60
2026/08/14 04:07:58.618, NVIDIA GeForce RTX 4090, 68 %, 40 %, 19206 MiB, 49140 MiB, 289.64 W, 66
2026/08/14 04:07:59.623, NVIDIA GeForce RTX 4090, 88 %, 46 %, 19206 MiB, 49140 MiB, 292.53 W, 66
2026/08/14 04:08:00.624, NVIDIA GeForce RTX 4090, 46 %, 17 %, 19206 MiB, 49140 MiB, 288.22 W, 64
2026/08/14 04:08:01.624, NVIDIA GeForce RTX 4090, 40 %, 14 %, 19206 MiB, 49140 MiB, 282.14 W, 61
2026/08/14 04:08:02.625, NVIDIA GeForce RTX 4090, 45 %, 15 %, 19206 MiB, 49140 MiB, 278.13 W, 61
2026/08/14 04:08:03.626, NVIDIA GeForce RTX 4090, 48 %, 19 %, 19206 MiB, 49140 MiB, 280.64 W, 61
2026/08/14 04:08:04.626, NVIDIA GeForce RTX 4090, 66 %, 36 %, 19206 MiB, 49140 MiB, 287.08 W, 66
2026/08/14 04:08:05.626, NVIDIA GeForce RTX 4090, 88 %, 46 %, 19206 MiB, 49140 MiB, 303.01 W, 68
2026/08/14 04:08:06.626, NVIDIA GeForce RTX 4090, 49 %, 17 %, 19206 MiB, 49140 MiB, 295.81 W, 63
2026/08/14 04:08:07.627, NVIDIA GeForce RTX 4090, 42 %, 15 %, 19206 MiB, 49140 MiB, 271.92 W, 60
2026/08/14 04:08:08.627, NVIDIA GeForce RTX 4090, 44 %, 14 %, 19206 MiB, 49140 MiB, 277.86 W, 61
2026/08/14 04:08:09.627, NVIDIA GeForce RTX 4090, 45 %, 18 %, 19206 MiB, 49140 MiB, 280.59 W, 61
2026/08/14 04:08:10.628, NVIDIA GeForce RTX 4090, 53 %, 28 %, 19206 MiB, 49140 MiB, 277.70 W, 63
2026/08/14 04:08:11.628, NVIDIA GeForce RTX 4090, 93 %, 53 %, 19206 MiB, 49140 MiB, 300.60 W, 66
2026/08/14 04:08:12.628, NVIDIA GeForce RTX 4090, 56 %, 22 %, 19206 MiB, 49140 MiB, 300.39 W, 64
2026/08/14 04:08:13.628, NVIDIA GeForce RTX 4090, 40 %, 14 %, 19206 MiB, 49140 MiB, 280.57 W, 61
2026/08/14 04:08:14.629, NVIDIA GeForce RTX 4090, 49 %, 17 %, 19206 MiB, 49140 MiB, 269.18 W, 60
2026/08/14 04:08:15.629, NVIDIA GeForce RTX 4090, 45 %, 17 %, 19206 MiB, 49140 MiB, 276.29 W, 61
2026/08/14 04:08:16.629, NVIDIA GeForce RTX 4090, 0 %, 0 %, 19206 MiB, 49140 MiB, 328.35 W, 60
2026/08/14 04:08:17.629, NVIDIA GeForce RTX 4090, 0 %, 0 %, 19206 MiB, 49140 MiB, 106.74 W, 56
2026/08/14 04:08:18.630, NVIDIA GeForce RTX 4090, 29 %, 11 %, 19206 MiB, 49140 MiB, 157.14 W, 61
2026/08/14 04:08:19.630, NVIDIA GeForce RTX 4090, 18 %, 6 %, 19206 MiB, 49140 MiB, 263.56 W, 61
2026/08/14 04:08:20.630, NVIDIA GeForce RTX 4090, 38 %, 14 %, 19206 MiB, 49140 MiB, 254.23 W, 60
2026/08/14 04:08:21.631, NVIDIA GeForce RTX 4090, 50 %, 17 %, 19206 MiB, 49140 MiB, 278.07 W, 61
2026/08/14 04:08:22.631, NVIDIA GeForce RTX 4090, 42 %, 15 %, 19206 MiB, 49140 MiB, 275.86 W, 60
2026/08/14 04:08:23.631, NVIDIA GeForce RTX 4090, 43 %, 19 %, 19206 MiB, 49140 MiB, 277.39 W, 61
2026/08/14 04:08:24.631, NVIDIA GeForce RTX 4090, 69 %, 37 %, 19206 MiB, 49140 MiB, 278.40 W, 67
2026/08/14 04:08:25.631, NVIDIA GeForce RTX 4090, 88 %, 46 %, 19206 MiB, 49140 MiB, 302.03 W, 67
2026/08/14 04:08:26.632, NVIDIA GeForce RTX 4090, 48 %, 20 %, 19206 MiB, 49140 MiB, 287.65 W, 64
2026/08/14 04:08:27.632, NVIDIA GeForce RTX 4090, 26 %, 9 %, 19206 MiB, 49140 MiB, 272.61 W, 61
2026/08/14 04:08:28.632, NVIDIA GeForce RTX 4090, 52 %, 18 %, 19206 MiB, 49140 MiB, 279.97 W, 60
2026/08/14 04:08:29.632, NVIDIA GeForce RTX 4090, 40 %, 13 %, 19206 MiB, 49140 MiB, 270.06 W, 60
2026/08/14 04:08:30.632, NVIDIA GeForce RTX 4090, 45 %, 18 %, 19206 MiB, 49140 MiB, 280.02 W, 61
2026/08/14 04:08:31.633, NVIDIA GeForce RTX 4090, 76 %, 43 %, 19206 MiB, 49140 MiB, 288.39 W, 67
2026/08/14 04:08:32.633, NVIDIA GeForce RTX 4090, 87 %, 45 %, 19206 MiB, 49140 MiB, 304.95 W, 68
2026/08/14 04:08:33.633, NVIDIA GeForce RTX 4090, 57 %, 25 %, 19206 MiB, 49140 MiB, 290.73 W, 65
2026/08/14 04:08:34.633, NVIDIA GeForce RTX 4090, 40 %, 14 %, 19206 MiB, 49140 MiB, 280.55 W, 61
2026/08/14 04:08:35.633, NVIDIA GeForce RTX 4090, 50 %, 16 %, 19206 MiB, 49140 MiB, 284.33 W, 61
2026/08/14 04:08:36.634, NVIDIA GeForce RTX 4090, 41 %, 17 %, 19206 MiB, 49140 MiB, 287.93 W, 61
2026/08/14 04:08:37.634, NVIDIA GeForce RTX 4090, 91 %, 52 %, 19206 MiB, 49140 MiB, 308.62 W, 66
2026/08/14 04:08:38.634, NVIDIA GeForce RTX 4090, 50 %, 24 %, 19206 MiB, 49140 MiB, 282.09 W, 65
2026/08/14 04:08:39.634, NVIDIA GeForce RTX 4090, 27 %, 9 %, 19206 MiB, 49140 MiB, 283.97 W, 61
2026/08/14 04:08:40.634, NVIDIA GeForce RTX 4090, 41 %, 14 %, 19206 MiB, 49140 MiB, 266.12 W, 60
2026/08/14 04:08:41.635, NVIDIA GeForce RTX 4090, 39 %, 13 %, 19206 MiB, 49140 MiB, 269.39 W, 60
2026/08/14 04:08:42.635, NVIDIA GeForce RTX 4090, 49 %, 19 %, 19206 MiB, 49140 MiB, 280.54 W, 61
2026/08/14 04:08:43.635, NVIDIA GeForce RTX 4090, 40 %, 16 %, 19206 MiB, 49140 MiB, 274.70 W, 61
2026/08/14 04:08:44.635, NVIDIA GeForce RTX 4090, 71 %, 42 %, 19206 MiB, 49140 MiB, 290.70 W, 67
2026/08/14 04:08:45.635, NVIDIA GeForce RTX 4090, 87 %, 44 %, 19206 MiB, 49140 MiB, 286.53 W, 68
2026/08/14 04:08:46.636, NVIDIA GeForce RTX 4090, 56 %, 26 %, 19206 MiB, 49140 MiB, 290.80 W, 65
2026/08/14 04:08:47.636, NVIDIA GeForce RTX 4090, 39 %, 14 %, 19206 MiB, 49140 MiB, 283.46 W, 61
2026/08/14 04:08:48.636, NVIDIA GeForce RTX 4090, 38 %, 12 %, 19206 MiB, 49140 MiB, 277.01 W, 61
2026/08/14 04:08:49.636, NVIDIA GeForce RTX 4090, 47 %, 19 %, 19206 MiB, 49140 MiB, 278.84 W, 62
2026/08/14 04:08:50.636, NVIDIA GeForce RTX 4090, 71 %, 39 %, 19206 MiB, 49140 MiB, 286.72 W, 67
2026/08/14 04:08:51.636, NVIDIA GeForce RTX 4090, 93 %, 53 %, 19206 MiB, 49140 MiB, 294.11 W, 66
2026/08/14 04:08:52.637, NVIDIA GeForce RTX 4090, 57 %, 26 %, 19206 MiB, 49140 MiB, 292.05 W, 65
2026/08/14 04:08:53.637, NVIDIA GeForce RTX 4090, 36 %, 13 %, 19206 MiB, 49140 MiB, 283.48 W, 61
2026/08/14 04:08:54.637, NVIDIA GeForce RTX 4090, 38 %, 13 %, 19206 MiB, 49140 MiB, 279.20 W, 61
2026/08/14 04:08:55.683, NVIDIA GeForce RTX 4090, 41 %, 15 %, 19206 MiB, 49140 MiB, 279.57 W, 62
2026/08/14 04:08:56.684, NVIDIA GeForce RTX 4090, 41 %, 14 %, 19206 MiB, 49140 MiB, 279.30 W, 61
2026/08/14 04:08:57.684, NVIDIA GeForce RTX 4090, 49 %, 18 %, 19206 MiB, 49140 MiB, 282.04 W, 62
2026/08/14 04:08:58.684, NVIDIA GeForce RTX 4090, 61 %, 30 %, 19206 MiB, 49140 MiB, 283.45 W, 64
2026/08/14 04:08:59.684, NVIDIA GeForce RTX 4090, 88 %, 47 %, 19206 MiB, 49140 MiB, 310.55 W, 69
2026/08/14 04:09:00.685, NVIDIA GeForce RTX 4090, 41 %, 14 %, 19206 MiB, 49140 MiB, 303.61 W, 63
2026/08/14 04:09:01.686, NVIDIA GeForce RTX 4090, 100 %, 54 %, 19206 MiB, 49140 MiB, 333.35 W, 69
2026/08/14 04:09:02.686, NVIDIA GeForce RTX 4090, 59 %, 29 %, 19206 MiB, 49140 MiB, 296.35 W, 64
2026/08/14 04:09:03.686, NVIDIA GeForce RTX 4090, 94 %, 54 %, 19206 MiB, 49140 MiB, 303.19 W, 67
2026/08/14 04:09:04.686, NVIDIA GeForce RTX 4090, 59 %, 28 %, 19206 MiB, 49140 MiB, 300.64 W, 66
2026/08/14 04:09:05.687, NVIDIA GeForce RTX 4090, 41 %, 15 %, 19206 MiB, 49140 MiB, 280.69 W, 62
2026/08/14 04:09:06.687, NVIDIA GeForce RTX 4090, 39 %, 13 %, 19206 MiB, 49140 MiB, 277.23 W, 61
2026/08/14 04:09:07.687, NVIDIA GeForce RTX 4090, 48 %, 18 %, 19206 MiB, 49140 MiB, 281.60 W, 62
2026/08/14 04:09:08.687, NVIDIA GeForce RTX 4090, 59 %, 29 %, 19206 MiB, 49140 MiB, 282.66 W, 65
2026/08/14 04:09:09.687, NVIDIA GeForce RTX 4090, 93 %, 53 %, 19206 MiB, 49140 MiB, 304.39 W, 67
2026/08/14 04:09:10.688, NVIDIA GeForce RTX 4090, 59 %, 28 %, 19206 MiB, 49140 MiB, 301.36 W, 69
2026/08/14 04:09:11.688, NVIDIA GeForce RTX 4090, 39 %, 14 %, 19206 MiB, 49140 MiB, 282.95 W, 62
2026/08/14 04:09:12.688, NVIDIA GeForce RTX 4090, 38 %, 12 %, 19206 MiB, 49140 MiB, 272.12 W, 61
2026/08/14 04:09:13.689, NVIDIA GeForce RTX 4090, 43 %, 15 %, 19206 MiB, 49140 MiB, 271.92 W, 61
2026/08/14 04:09:14.690, NVIDIA GeForce RTX 4090, 52 %, 20 %, 19206 MiB, 49140 MiB, 269.73 W, 62
2026/08/14 04:09:15.690, NVIDIA GeForce RTX 4090, 59 %, 32 %, 19206 MiB, 49140 MiB, 286.83 W, 65
2026/08/14 04:09:16.690, NVIDIA GeForce RTX 4090, 58 %, 31 %, 19206 MiB, 49140 MiB, 306.81 W, 69
2026/08/14 04:09:17.690, NVIDIA GeForce RTX 4090, 28 %, 10 %, 19206 MiB, 49140 MiB, 282.26 W, 62
2026/08/14 04:09:18.690, NVIDIA GeForce RTX 4090, 45 %, 16 %, 19206 MiB, 49140 MiB, 272.58 W, 62
2026/08/14 04:09:19.691, NVIDIA GeForce RTX 4090, 48 %, 18 %, 19206 MiB, 49140 MiB, 287.41 W, 62
2026/08/14 04:09:20.691, NVIDIA GeForce RTX 4090, 62 %, 31 %, 19206 MiB, 49140 MiB, 287.72 W, 66
2026/08/14 04:09:21.691, NVIDIA GeForce RTX 4090, 94 %, 53 %, 19206 MiB, 49140 MiB, 300.63 W, 67
2026/08/14 04:09:22.691, NVIDIA GeForce RTX 4090, 56 %, 27 %, 19206 MiB, 49140 MiB, 299.81 W, 69
2026/08/14 04:09:23.691, NVIDIA GeForce RTX 4090, 40 %, 14 %, 19206 MiB, 49140 MiB, 285.26 W, 63
2026/08/14 04:09:24.692, NVIDIA GeForce RTX 4090, 49 %, 18 %, 19206 MiB, 49140 MiB, 292.05 W, 63
2026/08/14 04:09:25.692, NVIDIA GeForce RTX 4090, 61 %, 30 %, 19206 MiB, 49140 MiB, 284.14 W, 67
2026/08/14 04:09:26.692, NVIDIA GeForce RTX 4090, 94 %, 52 %, 19206 MiB, 49140 MiB, 304.69 W, 70
2026/08/14 04:09:27.692, NVIDIA GeForce RTX 4090, 72 %, 33 %, 19206 MiB, 49140 MiB, 301.26 W, 64
2026/08/14 04:09:28.692, NVIDIA GeForce RTX 4090, 41 %, 14 %, 19206 MiB, 49140 MiB, 286.65 W, 62
2026/08/14 04:09:29.693, NVIDIA GeForce RTX 4090, 43 %, 14 %, 19206 MiB, 49140 MiB, 270.92 W, 62
2026/08/14 04:09:30.693, NVIDIA GeForce RTX 4090, 46 %, 17 %, 19206 MiB, 49140 MiB, 286.47 W, 63
2026/08/14 04:09:31.693, NVIDIA GeForce RTX 4090, 59 %, 30 %, 19206 MiB, 49140 MiB, 287.87 W, 66
2026/08/14 04:09:32.693, NVIDIA GeForce RTX 4090, 93 %, 51 %, 19206 MiB, 49140 MiB, 303.34 W, 70
2026/08/14 04:09:33.693, NVIDIA GeForce RTX 4090, 55 %, 26 %, 19206 MiB, 49140 MiB, 301.23 W, 62
2026/08/14 04:09:34.694, NVIDIA GeForce RTX 4090, 30 %, 11 %, 19206 MiB, 49140 MiB, 272.76 W, 61
2026/08/14 04:09:35.694, NVIDIA GeForce RTX 4090, 39 %, 14 %, 19206 MiB, 49140 MiB, 273.43 W, 63
2026/08/14 04:09:36.694, NVIDIA GeForce RTX 4090, 46 %, 16 %, 19206 MiB, 49140 MiB, 276.04 W, 64
2026/08/14 04:09:37.694, NVIDIA GeForce RTX 4090, 50 %, 19 %, 19206 MiB, 49140 MiB, 278.41 W, 69
2026/08/14 04:09:38.694, NVIDIA GeForce RTX 4090, 59 %, 30 %, 19206 MiB, 49140 MiB, 279.21 W, 68
2026/08/14 04:09:39.694, NVIDIA GeForce RTX 4090, 93 %, 52 %, 19206 MiB, 49140 MiB, 304.94 W, 69
2026/08/14 04:09:40.695, NVIDIA GeForce RTX 4090, 54 %, 26 %, 19206 MiB, 49140 MiB, 302.55 W, 62
2026/08/14 04:09:41.695, NVIDIA GeForce RTX 4090, 46 %, 17 %, 19206 MiB, 49140 MiB, 277.87 W, 62
2026/08/14 04:09:42.695, NVIDIA GeForce RTX 4090, 44 %, 15 %, 19206 MiB, 49140 MiB, 279.57 W, 62
2026/08/14 04:09:43.695, NVIDIA GeForce RTX 4090, 39 %, 13 %, 19206 MiB, 49140 MiB, 271.59 W, 64
2026/08/14 04:09:44.695, NVIDIA GeForce RTX 4090, 46 %, 19 %, 19206 MiB, 49140 MiB, 287.89 W, 68
2026/08/14 04:09:45.695, NVIDIA GeForce RTX 4090, 0 %, 0 %, 19206 MiB, 49140 MiB, 325.74 W, 58
2026/08/14 04:09:46.696, NVIDIA GeForce RTX 4090, 2 %, 0 %, 19206 MiB, 49140 MiB, 107.59 W, 56
2026/08/14 04:09:47.696, NVIDIA GeForce RTX 4090, 35 %, 13 %, 19206 MiB, 49140 MiB, 165.22 W, 59
2026/08/14 04:09:48.696, NVIDIA GeForce RTX 4090, 29 %, 10 %, 19206 MiB, 49140 MiB, 268.18 W, 62
2026/08/14 04:09:49.696, NVIDIA GeForce RTX 4090, 44 %, 16 %, 19206 MiB, 49140 MiB, 265.18 W, 62
2026/08/14 04:09:50.697, NVIDIA GeForce RTX 4090, 39 %, 13 %, 19206 MiB, 49140 MiB, 270.51 W, 64
2026/08/14 04:09:51.697, NVIDIA GeForce RTX 4090, 60 %, 30 %, 19206 MiB, 49140 MiB, 296.50 W, 68
2026/08/14 04:09:52.697, NVIDIA GeForce RTX 4090, 93 %, 51 %, 19206 MiB, 49140 MiB, 303.33 W, 68
2026/08/14 04:09:53.697, NVIDIA GeForce RTX 4090, 24 %, 9 %, 19206 MiB, 49140 MiB, 302.69 W, 63
2026/08/14 04:09:54.698, NVIDIA GeForce RTX 4090, 41 %, 14 %, 19206 MiB, 49140 MiB, 269.48 W, 62
2026/08/14 04:09:55.698, NVIDIA GeForce RTX 4090, 49 %, 18 %, 19206 MiB, 49140 MiB, 289.48 W, 63
2026/08/14 04:09:56.698, NVIDIA GeForce RTX 4090, 60 %, 31 %, 19206 MiB, 49140 MiB, 283.64 W, 67
2026/08/14 04:09:57.698, NVIDIA GeForce RTX 4090, 75 %, 43 %, 19206 MiB, 49140 MiB, 282.01 W, 69
2026/08/14 04:09:58.698, NVIDIA GeForce RTX 4090, 92 %, 50 %, 19206 MiB, 49140 MiB, 292.88 W, 69
2026/08/14 04:09:59.699, NVIDIA GeForce RTX 4090, 56 %, 26 %, 19206 MiB, 49140 MiB, 287.54 W, 70
2026/08/14 04:10:00.699, NVIDIA GeForce RTX 4090, 44 %, 15 %, 19206 MiB, 49140 MiB, 292.89 W, 63
2026/08/14 04:10:01.699, NVIDIA GeForce RTX 4090, 53 %, 19 %, 19206 MiB, 49140 MiB, 278.16 W, 64
2026/08/14 04:10:02.699, NVIDIA GeForce RTX 4090, 62 %, 30 %, 19206 MiB, 49140 MiB, 286.97 W, 68
2026/08/14 04:10:03.699, NVIDIA GeForce RTX 4090, 94 %, 51 %, 19206 MiB, 49140 MiB, 304.40 W, 68
2026/08/14 04:10:04.705, NVIDIA GeForce RTX 4090, 44 %, 16 %, 19206 MiB, 49140 MiB, 311.77 W, 63
2026/08/14 04:10:05.705, NVIDIA GeForce RTX 4090, 40 %, 13 %, 19206 MiB, 49140 MiB, 295.53 W, 65
2026/08/14 04:10:06.706, NVIDIA GeForce RTX 4090, 52 %, 20 %, 19206 MiB, 49140 MiB, 274.20 W, 68
2026/08/14 04:10:07.706, NVIDIA GeForce RTX 4090, 73 %, 41 %, 19206 MiB, 49140 MiB, 290.31 W, 69
2026/08/14 04:10:08.706, NVIDIA GeForce RTX 4090, 85 %, 42 %, 19206 MiB, 49140 MiB, 321.17 W, 66
2026/08/14 04:10:09.706, NVIDIA GeForce RTX 4090, 47 %, 17 %, 19206 MiB, 49140 MiB, 286.61 W, 64
2026/08/14 04:10:10.707, NVIDIA GeForce RTX 4090, 48 %, 17 %, 19206 MiB, 49140 MiB, 286.48 W, 64
2026/08/14 04:10:11.707, NVIDIA GeForce RTX 4090, 61 %, 31 %, 19206 MiB, 49140 MiB, 281.28 W, 68
2026/08/14 04:10:12.707, NVIDIA GeForce RTX 4090, 94 %, 50 %, 19206 MiB, 49140 MiB, 303.14 W, 69
2026/08/14 04:10:13.708, NVIDIA GeForce RTX 4090, 56 %, 24 %, 19206 MiB, 49140 MiB, 299.68 W, 66
2026/08/14 04:10:14.708, NVIDIA GeForce RTX 4090, 42 %, 15 %, 19206 MiB, 49140 MiB, 281.17 W, 64
2026/08/14 04:10:15.708, NVIDIA GeForce RTX 4090, 48 %, 17 %, 19206 MiB, 49140 MiB, 273.68 W, 64
2026/08/14 04:10:16.708, NVIDIA GeForce RTX 4090, 43 %, 15 %, 19206 MiB, 49140 MiB, 275.07 W, 67
2026/08/14 04:10:17.709, NVIDIA GeForce RTX 4090, 47 %, 19 %, 19206 MiB, 49140 MiB, 281.51 W, 68
2026/08/14 04:10:18.709, NVIDIA GeForce RTX 4090, 74 %, 42 %, 19206 MiB, 49140 MiB, 295.69 W, 68
2026/08/14 04:10:19.709, NVIDIA GeForce RTX 4090, 94 %, 51 %, 19206 MiB, 49140 MiB, 297.56 W, 70
2026/08/14 04:10:20.710, NVIDIA GeForce RTX 4090, 36 %, 13 %, 19206 MiB, 49140 MiB, 302.65 W, 66
2026/08/14 04:10:21.710, NVIDIA GeForce RTX 4090, 44 %, 15 %, 19206 MiB, 49140 MiB, 276.74 W, 64
2026/08/14 04:10:22.710, NVIDIA GeForce RTX 4090, 55 %, 21 %, 19206 MiB, 49140 MiB, 285.43 W, 68
2026/08/14 04:10:23.710, NVIDIA GeForce RTX 4090, 74 %, 41 %, 19206 MiB, 49140 MiB, 292.80 W, 69
2026/08/14 04:10:24.783, NVIDIA GeForce RTX 4090, 56 %, 31 %, 19206 MiB, 49140 MiB, 315.36 W, 69
2026/08/14 04:10:25.784, NVIDIA GeForce RTX 4090, 47 %, 18 %, 19206 MiB, 49140 MiB, 279.42 W, 70
2026/08/14 04:10:26.784, NVIDIA GeForce RTX 4090, 41 %, 15 %, 19206 MiB, 49140 MiB, 283.48 W, 64
2026/08/14 04:10:27.784, NVIDIA GeForce RTX 4090, 47 %, 17 %, 19206 MiB, 49140 MiB, 282.27 W, 66
2026/08/14 04:10:28.784, NVIDIA GeForce RTX 4090, 50 %, 26 %, 19206 MiB, 49140 MiB, 285.77 W, 68
2026/08/14 04:10:29.785, NVIDIA GeForce RTX 4090, 94 %, 53 %, 19206 MiB, 49140 MiB, 298.03 W, 69
2026/08/14 04:10:30.785, NVIDIA GeForce RTX 4090, 45 %, 16 %, 19206 MiB, 49140 MiB, 370.70 W, 65
2026/08/14 04:10:31.785, NVIDIA GeForce RTX 4090, 49 %, 18 %, 19206 MiB, 49140 MiB, 279.58 W, 66
2026/08/14 04:10:32.785, NVIDIA GeForce RTX 4090, 73 %, 41 %, 19206 MiB, 49140 MiB, 296.54 W, 69
2026/08/14 04:10:33.785, NVIDIA GeForce RTX 4090, 86 %, 42 %, 19206 MiB, 49140 MiB, 325.12 W, 66
2026/08/14 04:10:34.786, NVIDIA GeForce RTX 4090, 44 %, 16 %, 19206 MiB, 49140 MiB, 297.61 W, 65
2026/08/14 04:10:35.786, NVIDIA GeForce RTX 4090, 39 %, 13 %, 19206 MiB, 49140 MiB, 281.47 W, 69
2026/08/14 04:10:36.786, NVIDIA GeForce RTX 4090, 54 %, 21 %, 19206 MiB, 49140 MiB, 276.24 W, 68
2026/08/14 04:10:37.786, NVIDIA GeForce RTX 4090, 75 %, 41 %, 19206 MiB, 49140 MiB, 296.91 W, 68
2026/08/14 04:10:38.787, NVIDIA GeForce RTX 4090, 56 %, 30 %, 19206 MiB, 49140 MiB, 314.54 W, 69
2026/08/14 04:10:39.787, NVIDIA GeForce RTX 4090, 49 %, 18 %, 19206 MiB, 49140 MiB, 285.98 W, 65
2026/08/14 04:10:40.787, NVIDIA GeForce RTX 4090, 42 %, 15 %, 19206 MiB, 49140 MiB, 283.46 W, 65
2026/08/14 04:10:41.787, NVIDIA GeForce RTX 4090, 39 %, 13 %, 19206 MiB, 49140 MiB, 274.99 W, 68
2026/08/14 04:10:42.788, NVIDIA GeForce RTX 4090, 45 %, 17 %, 19206 MiB, 49140 MiB, 284.28 W, 68
2026/08/14 04:10:43.788, NVIDIA GeForce RTX 4090, 98 %, 55 %, 19206 MiB, 49140 MiB, 309.33 W, 70
2026/08/14 04:10:44.788, NVIDIA GeForce RTX 4090, 56 %, 24 %, 19206 MiB, 49140 MiB, 306.41 W, 66
2026/08/14 04:10:45.789, NVIDIA GeForce RTX 4090, 33 %, 11 %, 19206 MiB, 49140 MiB, 279.56 W, 65
2026/08/14 04:10:46.789, NVIDIA GeForce RTX 4090, 50 %, 18 %, 19206 MiB, 49140 MiB, 271.85 W, 65
2026/08/14 04:10:47.789, NVIDIA GeForce RTX 4090, 40 %, 13 %, 19206 MiB, 49140 MiB, 279.23 W, 68
2026/08/14 04:10:48.789, NVIDIA GeForce RTX 4090, 52 %, 19 %, 19206 MiB, 49140 MiB, 276.61 W, 68
2026/08/14 04:10:49.789, NVIDIA GeForce RTX 4090, 60 %, 29 %, 19206 MiB, 49140 MiB, 280.73 W, 68
2026/08/14 04:10:50.789, NVIDIA GeForce RTX 4090, 91 %, 53 %, 19206 MiB, 49140 MiB, 292.17 W, 70
2026/08/14 04:10:51.789, NVIDIA GeForce RTX 4090, 57 %, 26 %, 19206 MiB, 49140 MiB, 318.03 W, 67
2026/08/14 04:10:52.790, NVIDIA GeForce RTX 4090, 33 %, 11 %, 19206 MiB, 49140 MiB, 279.43 W, 66
2026/08/14 04:10:53.790, NVIDIA GeForce RTX 4090, 51 %, 18 %, 19206 MiB, 49140 MiB, 270.62 W, 66
2026/08/14 04:10:54.790, NVIDIA GeForce RTX 4090, 40 %, 13 %, 19206 MiB, 49140 MiB, 279.26 W, 68
2026/08/14 04:10:55.790, NVIDIA GeForce RTX 4090, 52 %, 19 %, 19206 MiB, 49140 MiB, 275.90 W, 69
2026/08/14 04:10:56.790, NVIDIA GeForce RTX 4090, 74 %, 40 %, 19206 MiB, 49140 MiB, 293.36 W, 69
2026/08/14 04:10:57.790, NVIDIA GeForce RTX 4090, 89 %, 48 %, 19206 MiB, 49140 MiB, 314.03 W, 66
2026/08/14 04:10:58.791, NVIDIA GeForce RTX 4090, 48 %, 17 %, 19206 MiB, 49140 MiB, 285.03 W, 66
2026/08/14 04:10:59.791, NVIDIA GeForce RTX 4090, 43 %, 15 %, 19206 MiB, 49140 MiB, 279.76 W, 66
2026/08/14 04:11:00.791, NVIDIA GeForce RTX 4090, 49 %, 17 %, 19206 MiB, 49140 MiB, 273.76 W, 68
2026/08/14 04:11:01.791, NVIDIA GeForce RTX 4090, 50 %, 18 %, 19206 MiB, 49140 MiB, 280.84 W, 68
2026/08/14 04:11:02.791, NVIDIA GeForce RTX 4090, 75 %, 41 %, 19206 MiB, 49140 MiB, 290.12 W, 69
2026/08/14 04:11:03.792, NVIDIA GeForce RTX 4090, 93 %, 54 %, 19206 MiB, 49140 MiB, 309.08 W, 68
2026/08/14 04:11:04.792, NVIDIA GeForce RTX 4090, 62 %, 29 %, 19206 MiB, 49140 MiB, 299.17 W, 69
2026/08/14 04:11:05.792, NVIDIA GeForce RTX 4090, 34 %, 12 %, 19206 MiB, 49140 MiB, 273.23 W, 68
2026/08/14 04:11:06.792, NVIDIA GeForce RTX 4090, 41 %, 15 %, 19206 MiB, 49140 MiB, 269.95 W, 68
2026/08/14 04:11:07.792, NVIDIA GeForce RTX 4090, 49 %, 17 %, 19206 MiB, 49140 MiB, 272.96 W, 69
2026/08/14 04:11:08.792, NVIDIA GeForce RTX 4090, 46 %, 18 %, 19206 MiB, 49140 MiB, 287.47 W, 68
2026/08/14 04:11:09.792, NVIDIA GeForce RTX 4090, 99 %, 57 %, 19206 MiB, 49140 MiB, 313.43 W, 69
2026/08/14 04:11:10.793, NVIDIA GeForce RTX 4090, 57 %, 27 %, 19206 MiB, 49140 MiB, 302.50 W, 69
2026/08/14 04:11:11.793, NVIDIA GeForce RTX 4090, 44 %, 15 %, 19206 MiB, 49140 MiB, 288.12 W, 69
2026/08/14 04:11:12.793, NVIDIA GeForce RTX 4090, 39 %, 13 %, 19206 MiB, 49140 MiB, 278.17 W, 69
2026/08/14 04:11:13.794, NVIDIA GeForce RTX 4090, 29 %, 17 %, 19206 MiB, 49140 MiB, 352.65 W, 61
2026/08/14 04:11:14.794, NVIDIA GeForce RTX 4090, 0 %, 0 %, 19206 MiB, 49140 MiB, 117.64 W, 57
2026/08/14 04:11:15.794, NVIDIA GeForce RTX 4090, 0 %, 0 %, 19206 MiB, 49140 MiB, 104.45 W, 56
2026/08/14 04:11:16.794, NVIDIA GeForce RTX 4090, 0 %, 0 %, 19206 MiB, 49140 MiB, 95.27 W, 55
2026/08/14 04:11:17.795, NVIDIA GeForce RTX 4090, 0 %, 0 %, 19206 MiB, 49140 MiB, 89.82 W, 54
2026/08/14 04:11:18.795, NVIDIA GeForce RTX 4090, 0 %, 0 %, 19206 MiB, 49140 MiB, 89.57 W, 54
2026/08/14 04:11:19.795, NVIDIA GeForce RTX 4090, 0 %, 0 %, 19206 MiB, 49140 MiB, 88.97 W, 54
2026/08/14 04:11:20.795, NVIDIA GeForce RTX 4090, 0 %, 0 %, 19206 MiB, 49140 MiB, 88.27 W, 53
2026/08/14 04:11:21.795, NVIDIA GeForce RTX 4090, 0 %, 0 %, 19206 MiB, 49140 MiB, 87.83 W, 53
2026/08/14 04:11:22.796, NVIDIA GeForce RTX 4090, 0 %, 0 %, 19206 MiB, 49140 MiB, 87.64 W, 52
2026/08/14 04:11:23.797, NVIDIA GeForce RTX 4090, 0 %, 0 %, 19206 MiB, 49140 MiB, 87.40 W, 52
2026/08/14 04:11:24.797, NVIDIA GeForce RTX 4090, 0 %, 0 %, 19206 MiB, 49140 MiB, 86.92 W, 52
2026/08/14 04:11:25.797, NVIDIA GeForce RTX 4090, 0 %, 0 %, 19206 MiB, 49140 MiB, 86.56 W, 52
2026/08/14 04:11:26.797, NVIDIA GeForce RTX 4090, 0 %, 0 %, 19206 MiB, 49140 MiB, 86.53 W, 51
2026/08/14 04:11:27.798, NVIDIA GeForce RTX 4090, 0 %, 0 %, 1 MiB, 49140 MiB, 86.65 W, 51
