timestamp, name, utilization.gpu [%], utilization.memory [%], memory.used [MiB], memory.total [MiB], power.draw [W], temperature.gpu
2026/08/14 03:34:56.892, NVIDIA GeForce RTX 4090, 0 %, 0 %, 1 MiB, 49140 MiB, 92.34 W, 48
2026/08/14 03:34:57.900, NVIDIA GeForce RTX 4090, 0 %, 0 %, 1 MiB, 49140 MiB, 97.93 W, 48
2026/08/14 03:34:58.900, NVIDIA GeForce RTX 4090, 0 %, 0 %, 1 MiB, 49140 MiB, 89.00 W, 47
2026/08/14 03:34:59.900, NVIDIA GeForce RTX 4090, 0 %, 0 %, 1 MiB, 49140 MiB, 69.89 W, 47
2026/08/14 03:35:00.901, NVIDIA GeForce RTX 4090, 0 %, 0 %, 1 MiB, 49140 MiB, 51.37 W, 46
2026/08/14 03:35:01.902, NVIDIA GeForce RTX 4090, 0 %, 0 %, 4 MiB, 49140 MiB, 49.16 W, 46
2026/08/14 03:35:02.903, NVIDIA GeForce RTX 4090, 0 %, 0 %, 4 MiB, 49140 MiB, 44.65 W, 46
2026/08/14 03:35:03.903, NVIDIA GeForce RTX 4090, 0 %, 0 %, 4 MiB, 49140 MiB, 37.60 W, 45
2026/08/14 03:35:04.905, NVIDIA GeForce RTX 4090, 0 %, 0 %, 4 MiB, 49140 MiB, 35.77 W, 45
2026/08/14 03:35:05.905, NVIDIA GeForce RTX 4090, 0 %, 0 %, 4 MiB, 49140 MiB, 34.63 W, 45
2026/08/14 03:35:06.906, NVIDIA GeForce RTX 4090, 0 %, 0 %, 4 MiB, 49140 MiB, 34.46 W, 45
2026/08/14 03:35:07.908, NVIDIA GeForce RTX 4090, 0 %, 0 %, 4 MiB, 49140 MiB, 34.22 W, 45
2026/08/14 03:35:08.908, NVIDIA GeForce RTX 4090, 0 %, 0 %, 4 MiB, 49140 MiB, 33.57 W, 44
2026/08/14 03:35:09.908, NVIDIA GeForce RTX 4090, 0 %, 0 %, 4 MiB, 49140 MiB, 32.73 W, 44
2026/08/14 03:35:10.909, NVIDIA GeForce RTX 4090, 0 %, 0 %, 4 MiB, 49140 MiB, 32.38 W, 44
2026/08/14 03:35:11.909, NVIDIA GeForce RTX 4090, 0 %, 0 %, 4 MiB, 49140 MiB, 32.15 W, 44
2026/08/14 03:35:12.910, NVIDIA GeForce RTX 4090, 0 %, 0 %, 4 MiB, 49140 MiB, 31.86 W, 44
2026/08/14 03:35:13.912, NVIDIA GeForce RTX 4090, 0 %, 0 %, 4 MiB, 49140 MiB, 31.58 W, 44
2026/08/14 03:35:14.913, NVIDIA GeForce RTX 4090, 0 %, 0 %, 4 MiB, 49140 MiB, 31.47 W, 44
2026/08/14 03:35:15.913, NVIDIA GeForce RTX 4090, 0 %, 0 %, 4 MiB, 49140 MiB, 31.51 W, 43
2026/08/14 03:35:16.913, NVIDIA GeForce RTX 4090, 0 %, 0 %, 4 MiB, 49140 MiB, 31.29 W, 43
2026/08/14 03:35:17.914, NVIDIA GeForce RTX 4090, 0 %, 0 %, 4 MiB, 49140 MiB, 31.39 W, 43
2026/08/14 03:35:18.914, NVIDIA GeForce RTX 4090, 0 %, 0 %, 4 MiB, 49140 MiB, 31.73 W, 43
2026/08/14 03:35:19.914, NVIDIA GeForce RTX 4090, 0 %, 0 %, 4 MiB, 49140 MiB, 31.28 W, 43
2026/08/14 03:35:20.914, NVIDIA GeForce RTX 4090, 0 %, 0 %, 4 MiB, 49140 MiB, 30.97 W, 43
2026/08/14 03:35:21.914, NVIDIA GeForce RTX 4090, 0 %, 0 %, 4 MiB, 49140 MiB, 30.97 W, 43
2026/08/14 03:35:22.983, NVIDIA GeForce RTX 4090, 0 %, 0 %, 4 MiB, 49140 MiB, 30.72 W, 43
2026/08/14 03:35:23.985, NVIDIA GeForce RTX 4090, 0 %, 0 %, 4 MiB, 49140 MiB, 30.49 W, 43
2026/08/14 03:35:24.986, NVIDIA GeForce RTX 4090, 0 %, 0 %, 4 MiB, 49140 MiB, 30.52 W, 42
2026/08/14 03:35:25.987, NVIDIA GeForce RTX 4090, 0 %, 0 %, 4 MiB, 49140 MiB, 30.60 W, 42
2026/08/14 03:35:26.987, NVIDIA GeForce RTX 4090, 0 %, 0 %, 4 MiB, 49140 MiB, 30.62 W, 42
2026/08/14 03:35:27.988, NVIDIA GeForce RTX 4090, 0 %, 0 %, 4 MiB, 49140 MiB, 30.48 W, 42
2026/08/14 03:35:28.989, NVIDIA GeForce RTX 4090, 0 %, 0 %, 4 MiB, 49140 MiB, 30.43 W, 42
2026/08/14 03:35:29.990, NVIDIA GeForce RTX 4090, 0 %, 0 %, 4 MiB, 49140 MiB, 30.41 W, 42
2026/08/14 03:35:30.990, NVIDIA GeForce RTX 4090, 0 %, 0 %, 4 MiB, 49140 MiB, 30.06 W, 42
2026/08/14 03:35:31.992, NVIDIA GeForce RTX 4090, 0 %, 0 %, 4 MiB, 49140 MiB, 29.72 W, 42
2026/08/14 03:35:32.993, NVIDIA GeForce RTX 4090, 0 %, 0 %, 4 MiB, 49140 MiB, 29.53 W, 42
2026/08/14 03:35:33.994, NVIDIA GeForce RTX 4090, 0 %, 0 %, 4 MiB, 49140 MiB, 29.46 W, 42
2026/08/14 03:35:34.995, NVIDIA GeForce RTX 4090, 0 %, 0 %, 4 MiB, 49140 MiB, 29.45 W, 42
2026/08/14 03:35:35.996, NVIDIA GeForce RTX 4090, 0 %, 0 %, 4 MiB, 49140 MiB, 29.65 W, 42
2026/08/14 03:35:36.998, NVIDIA GeForce RTX 4090, 0 %, 0 %, 4 MiB, 49140 MiB, 29.49 W, 41
2026/08/14 03:35:37.999, NVIDIA GeForce RTX 4090, 0 %, 0 %, 4 MiB, 49140 MiB, 29.15 W, 41
2026/08/14 03:35:39.000, NVIDIA GeForce RTX 4090, 0 %, 0 %, 4 MiB, 49140 MiB, 29.06 W, 41
2026/08/14 03:35:40.001, NVIDIA GeForce RTX 4090, 0 %, 0 %, 4 MiB, 49140 MiB, 29.05 W, 41
2026/08/14 03:35:41.003, NVIDIA GeForce RTX 4090, 0 %, 0 %, 4 MiB, 49140 MiB, 29.13 W, 41
2026/08/14 03:35:42.004, NVIDIA GeForce RTX 4090, 0 %, 0 %, 4 MiB, 49140 MiB, 29.02 W, 41
2026/08/14 03:35:43.005, NVIDIA GeForce RTX 4090, 0 %, 0 %, 4 MiB, 49140 MiB, 28.93 W, 41
2026/08/14 03:35:44.006, NVIDIA GeForce RTX 4090, 62 %, 1 %, 4670 MiB, 49140 MiB, 48.49 W, 43
2026/08/14 03:35:45.007, NVIDIA GeForce RTX 4090, 30 %, 1 %, 8470 MiB, 49140 MiB, 89.53 W, 43
2026/08/14 03:35:46.008, NVIDIA GeForce RTX 4090, 76 %, 1 %, 16532 MiB, 49140 MiB, 91.60 W, 43
2026/08/14 03:35:47.009, NVIDIA GeForce RTX 4090, 77 %, 38 %, 19198 MiB, 49140 MiB, 222.02 W, 51
2026/08/14 03:35:48.010, NVIDIA GeForce RTX 4090, 98 %, 59 %, 19202 MiB, 49140 MiB, 277.61 W, 53
2026/08/14 03:35:49.011, NVIDIA GeForce RTX 4090, 52 %, 25 %, 19204 MiB, 49140 MiB, 290.41 W, 52
2026/08/14 03:35:50.012, NVIDIA GeForce RTX 4090, 30 %, 10 %, 19204 MiB, 49140 MiB, 257.83 W, 52
2026/08/14 03:35:51.014, NVIDIA GeForce RTX 4090, 36 %, 13 %, 19204 MiB, 49140 MiB, 257.37 W, 53
2026/08/14 03:35:52.014, NVIDIA GeForce RTX 4090, 48 %, 17 %, 19204 MiB, 49140 MiB, 262.98 W, 54
2026/08/14 03:35:53.014, NVIDIA GeForce RTX 4090, 77 %, 38 %, 19204 MiB, 49140 MiB, 276.69 W, 56
2026/08/14 03:35:54.014, NVIDIA GeForce RTX 4090, 87 %, 55 %, 19204 MiB, 49140 MiB, 285.92 W, 60
2026/08/14 03:35:55.083, NVIDIA GeForce RTX 4090, 49 %, 22 %, 19204 MiB, 49140 MiB, 283.20 W, 55
2026/08/14 03:35:56.084, NVIDIA GeForce RTX 4090, 30 %, 11 %, 19204 MiB, 49140 MiB, 257.61 W, 55
2026/08/14 03:35:57.084, NVIDIA GeForce RTX 4090, 41 %, 15 %, 19204 MiB, 49140 MiB, 261.92 W, 54
2026/08/14 03:35:58.085, NVIDIA GeForce RTX 4090, 46 %, 15 %, 19204 MiB, 49140 MiB, 266.48 W, 54
2026/08/14 03:35:59.086, NVIDIA GeForce RTX 4090, 64 %, 25 %, 19204 MiB, 49140 MiB, 272.75 W, 55
2026/08/14 03:36:00.086, NVIDIA GeForce RTX 4090, 76 %, 48 %, 19204 MiB, 49140 MiB, 297.31 W, 61
2026/08/14 03:36:01.088, NVIDIA GeForce RTX 4090, 77 %, 38 %, 19204 MiB, 49140 MiB, 280.97 W, 55
2026/08/14 03:36:02.088, NVIDIA GeForce RTX 4090, 35 %, 12 %, 19204 MiB, 49140 MiB, 283.96 W, 55
2026/08/14 03:36:03.090, NVIDIA GeForce RTX 4090, 41 %, 15 %, 19204 MiB, 49140 MiB, 261.42 W, 55
2026/08/14 03:36:04.090, NVIDIA GeForce RTX 4090, 48 %, 17 %, 19204 MiB, 49140 MiB, 273.46 W, 55
2026/08/14 03:36:05.090, NVIDIA GeForce RTX 4090, 60 %, 24 %, 19204 MiB, 49140 MiB, 272.35 W, 56
2026/08/14 03:36:06.090, NVIDIA GeForce RTX 4090, 76 %, 43 %, 19204 MiB, 49140 MiB, 278.83 W, 57
2026/08/14 03:36:07.091, NVIDIA GeForce RTX 4090, 74 %, 47 %, 19204 MiB, 49140 MiB, 281.81 W, 62
2026/08/14 03:36:08.091, NVIDIA GeForce RTX 4090, 54 %, 25 %, 19204 MiB, 49140 MiB, 293.33 W, 58
2026/08/14 03:36:09.091, NVIDIA GeForce RTX 4090, 34 %, 12 %, 19204 MiB, 49140 MiB, 273.08 W, 57
2026/08/14 03:36:10.091, NVIDIA GeForce RTX 4090, 39 %, 13 %, 19204 MiB, 49140 MiB, 270.27 W, 57
2026/08/14 03:36:11.092, NVIDIA GeForce RTX 4090, 48 %, 17 %, 19204 MiB, 49140 MiB, 270.82 W, 56
2026/08/14 03:36:12.092, NVIDIA GeForce RTX 4090, 72 %, 36 %, 19204 MiB, 49140 MiB, 283.32 W, 57
2026/08/14 03:36:13.092, NVIDIA GeForce RTX 4090, 75 %, 47 %, 19204 MiB, 49140 MiB, 290.00 W, 63
2026/08/14 03:36:14.093, NVIDIA GeForce RTX 4090, 80 %, 41 %, 19204 MiB, 49140 MiB, 287.25 W, 57
2026/08/14 03:36:15.093, NVIDIA GeForce RTX 4090, 37 %, 14 %, 19204 MiB, 49140 MiB, 274.34 W, 55
2026/08/14 03:36:16.093, NVIDIA GeForce RTX 4090, 32 %, 11 %, 19204 MiB, 49140 MiB, 265.23 W, 55
2026/08/14 03:36:17.094, NVIDIA GeForce RTX 4090, 41 %, 14 %, 19204 MiB, 49140 MiB, 265.56 W, 55
2026/08/14 03:36:18.096, NVIDIA GeForce RTX 4090, 48 %, 17 %, 19204 MiB, 49140 MiB, 279.65 W, 56
2026/08/14 03:36:19.097, NVIDIA GeForce RTX 4090, 60 %, 24 %, 19204 MiB, 49140 MiB, 274.92 W, 56
2026/08/14 03:36:20.097, NVIDIA GeForce RTX 4090, 74 %, 45 %, 19204 MiB, 49140 MiB, 289.84 W, 66
2026/08/14 03:36:21.098, NVIDIA GeForce RTX 4090, 68 %, 35 %, 19204 MiB, 49140 MiB, 294.22 W, 59
2026/08/14 03:36:22.098, NVIDIA GeForce RTX 4090, 49 %, 19 %, 19204 MiB, 49140 MiB, 278.64 W, 57
2026/08/14 03:36:23.098, NVIDIA GeForce RTX 4090, 43 %, 16 %, 19204 MiB, 49140 MiB, 277.14 W, 56
2026/08/14 03:36:24.099, NVIDIA GeForce RTX 4090, 45 %, 15 %, 19204 MiB, 49140 MiB, 273.87 W, 56
2026/08/14 03:36:25.099, NVIDIA GeForce RTX 4090, 61 %, 25 %, 19204 MiB, 49140 MiB, 283.82 W, 57
2026/08/14 03:36:26.100, NVIDIA GeForce RTX 4090, 70 %, 41 %, 19204 MiB, 49140 MiB, 279.10 W, 59
2026/08/14 03:36:27.100, NVIDIA GeForce RTX 4090, 72 %, 46 %, 19204 MiB, 49140 MiB, 285.95 W, 64
2026/08/14 03:36:28.101, NVIDIA GeForce RTX 4090, 52 %, 25 %, 19204 MiB, 49140 MiB, 296.03 W, 58
2026/08/14 03:36:29.101, NVIDIA GeForce RTX 4090, 34 %, 12 %, 19204 MiB, 49140 MiB, 271.50 W, 61
2026/08/14 03:36:30.101, NVIDIA GeForce RTX 4090, 100 %, 52 %, 19204 MiB, 49140 MiB, 319.67 W, 67
2026/08/14 03:36:31.103, NVIDIA GeForce RTX 4090, 71 %, 36 %, 19204 MiB, 49140 MiB, 310.51 W, 59
2026/08/14 03:36:32.103, NVIDIA GeForce RTX 4090, 76 %, 48 %, 19204 MiB, 49140 MiB, 292.78 W, 64
2026/08/14 03:36:33.103, NVIDIA GeForce RTX 4090, 48 %, 23 %, 19204 MiB, 49140 MiB, 297.75 W, 58
2026/08/14 03:36:34.104, NVIDIA GeForce RTX 4090, 35 %, 12 %, 19204 MiB, 49140 MiB, 277.79 W, 57
2026/08/14 03:36:35.104, NVIDIA GeForce RTX 4090, 45 %, 16 %, 19204 MiB, 49140 MiB, 270.37 W, 57
2026/08/14 03:36:36.108, NVIDIA GeForce RTX 4090, 45 %, 15 %, 19204 MiB, 49140 MiB, 266.15 W, 57
2026/08/14 03:36:37.109, NVIDIA GeForce RTX 4090, 49 %, 19 %, 19204 MiB, 49140 MiB, 271.32 W, 57
2026/08/14 03:36:38.109, NVIDIA GeForce RTX 4090, 66 %, 40 %, 19204 MiB, 49140 MiB, 288.75 W, 60
2026/08/14 03:36:39.109, NVIDIA GeForce RTX 4090, 84 %, 54 %, 19204 MiB, 49140 MiB, 280.76 W, 63
2026/08/14 03:36:40.110, NVIDIA GeForce RTX 4090, 56 %, 27 %, 19204 MiB, 49140 MiB, 282.10 W, 58
2026/08/14 03:36:41.184, NVIDIA GeForce RTX 4090, 35 %, 12 %, 19204 MiB, 49140 MiB, 292.81 W, 58
2026/08/14 03:36:42.184, NVIDIA GeForce RTX 4090, 41 %, 14 %, 19204 MiB, 49140 MiB, 276.60 W, 57
2026/08/14 03:36:43.185, NVIDIA GeForce RTX 4090, 52 %, 20 %, 19206 MiB, 49140 MiB, 273.39 W, 57
2026/08/14 03:36:44.185, NVIDIA GeForce RTX 4090, 75 %, 43 %, 19206 MiB, 49140 MiB, 294.42 W, 68
2026/08/14 03:36:45.185, NVIDIA GeForce RTX 4090, 86 %, 43 %, 19206 MiB, 49140 MiB, 302.88 W, 60
2026/08/14 03:36:46.185, NVIDIA GeForce RTX 4090, 36 %, 12 %, 19206 MiB, 49140 MiB, 289.69 W, 63
2026/08/14 03:36:47.186, NVIDIA GeForce RTX 4090, 39 %, 13 %, 19206 MiB, 49140 MiB, 272.80 W, 58
2026/08/14 03:36:48.186, NVIDIA GeForce RTX 4090, 49 %, 17 %, 19206 MiB, 49140 MiB, 271.90 W, 58
2026/08/14 03:36:49.186, NVIDIA GeForce RTX 4090, 67 %, 34 %, 19206 MiB, 49140 MiB, 286.22 W, 61
2026/08/14 03:36:50.186, NVIDIA GeForce RTX 4090, 74 %, 45 %, 19206 MiB, 49140 MiB, 280.92 W, 68
2026/08/14 03:36:51.186, NVIDIA GeForce RTX 4090, 87 %, 44 %, 19206 MiB, 49140 MiB, 298.56 W, 60
2026/08/14 03:36:52.187, NVIDIA GeForce RTX 4090, 35 %, 13 %, 19206 MiB, 49140 MiB, 287.48 W, 58
2026/08/14 03:36:53.187, NVIDIA GeForce RTX 4090, 18 %, 6 %, 19206 MiB, 49140 MiB, 262.03 W, 57
2026/08/14 03:36:54.187, NVIDIA GeForce RTX 4090, 45 %, 15 %, 19206 MiB, 49140 MiB, 275.72 W, 59
2026/08/14 03:36:55.187, NVIDIA GeForce RTX 4090, 62 %, 25 %, 19206 MiB, 49140 MiB, 282.43 W, 59
2026/08/14 03:36:56.187, NVIDIA GeForce RTX 4090, 69 %, 42 %, 19206 MiB, 49140 MiB, 291.18 W, 67
2026/08/14 03:36:57.188, NVIDIA GeForce RTX 4090, 62 %, 29 %, 19206 MiB, 49140 MiB, 309.29 W, 60
2026/08/14 03:36:58.188, NVIDIA GeForce RTX 4090, 43 %, 15 %, 19206 MiB, 49140 MiB, 279.70 W, 59
2026/08/14 03:36:59.188, NVIDIA GeForce RTX 4090, 47 %, 15 %, 19206 MiB, 49140 MiB, 284.41 W, 59
2026/08/14 03:37:00.189, NVIDIA GeForce RTX 4090, 77 %, 30 %, 19206 MiB, 49140 MiB, 280.97 W, 59
2026/08/14 03:37:01.189, NVIDIA GeForce RTX 4090, 70 %, 39 %, 19206 MiB, 49140 MiB, 288.43 W, 67
2026/08/14 03:37:02.189, NVIDIA GeForce RTX 4090, 88 %, 44 %, 19206 MiB, 49140 MiB, 302.80 W, 61
2026/08/14 03:37:03.189, NVIDIA GeForce RTX 4090, 38 %, 14 %, 19206 MiB, 49140 MiB, 290.76 W, 59
2026/08/14 03:37:04.190, NVIDIA GeForce RTX 4090, 30 %, 11 %, 19206 MiB, 49140 MiB, 270.38 W, 58
2026/08/14 03:37:05.190, NVIDIA GeForce RTX 4090, 49 %, 17 %, 19206 MiB, 49140 MiB, 280.71 W, 59
2026/08/14 03:37:06.190, NVIDIA GeForce RTX 4090, 65 %, 33 %, 19206 MiB, 49140 MiB, 281.62 W, 62
2026/08/14 03:37:07.190, NVIDIA GeForce RTX 4090, 77 %, 50 %, 19206 MiB, 49140 MiB, 292.44 W, 64
2026/08/14 03:37:08.191, NVIDIA GeForce RTX 4090, 53 %, 26 %, 19206 MiB, 49140 MiB, 300.62 W, 60
2026/08/14 03:37:09.191, NVIDIA GeForce RTX 4090, 37 %, 13 %, 19206 MiB, 49140 MiB, 281.18 W, 59
2026/08/14 03:37:10.191, NVIDIA GeForce RTX 4090, 40 %, 14 %, 19206 MiB, 49140 MiB, 277.47 W, 59
2026/08/14 03:37:11.191, NVIDIA GeForce RTX 4090, 52 %, 20 %, 19206 MiB, 49140 MiB, 277.07 W, 59
2026/08/14 03:37:12.192, NVIDIA GeForce RTX 4090, 69 %, 39 %, 19206 MiB, 49140 MiB, 295.52 W, 68
2026/08/14 03:37:13.192, NVIDIA GeForce RTX 4090, 100 %, 56 %, 19206 MiB, 49140 MiB, 305.25 W, 67
2026/08/14 03:37:14.192, NVIDIA GeForce RTX 4090, 0 %, 0 %, 19206 MiB, 49140 MiB, 268.61 W, 56
2026/08/14 03:37:15.192, NVIDIA GeForce RTX 4090, 0 %, 0 %, 19206 MiB, 49140 MiB, 105.82 W, 55
2026/08/14 03:37:16.193, NVIDIA GeForce RTX 4090, 0 %, 0 %, 19206 MiB, 49140 MiB, 94.81 W, 53
2026/08/14 03:37:17.193, NVIDIA GeForce RTX 4090, 60 %, 24 %, 19206 MiB, 49140 MiB, 228.84 W, 59
2026/08/14 03:37:18.193, NVIDIA GeForce RTX 4090, 67 %, 41 %, 19206 MiB, 49140 MiB, 279.04 W, 62
2026/08/14 03:37:19.193, NVIDIA GeForce RTX 4090, 60 %, 36 %, 19206 MiB, 49140 MiB, 274.48 W, 66
2026/08/14 03:37:20.193, NVIDIA GeForce RTX 4090, 54 %, 26 %, 19206 MiB, 49140 MiB, 307.11 W, 59
2026/08/14 03:37:21.193, NVIDIA GeForce RTX 4090, 45 %, 16 %, 19206 MiB, 49140 MiB, 279.97 W, 59
2026/08/14 03:37:22.194, NVIDIA GeForce RTX 4090, 45 %, 15 %, 19206 MiB, 49140 MiB, 283.55 W, 59
2026/08/14 03:37:23.194, NVIDIA GeForce RTX 4090, 61 %, 24 %, 19206 MiB, 49140 MiB, 283.30 W, 66
2026/08/14 03:37:24.194, NVIDIA GeForce RTX 4090, 68 %, 40 %, 19206 MiB, 49140 MiB, 295.37 W, 65
2026/08/14 03:37:25.194, NVIDIA GeForce RTX 4090, 87 %, 46 %, 19206 MiB, 49140 MiB, 292.90 W, 61
2026/08/14 03:37:26.194, NVIDIA GeForce RTX 4090, 46 %, 18 %, 19206 MiB, 49140 MiB, 288.66 W, 60
2026/08/14 03:37:27.195, NVIDIA GeForce RTX 4090, 42 %, 15 %, 19206 MiB, 49140 MiB, 276.34 W, 59
2026/08/14 03:37:28.195, NVIDIA GeForce RTX 4090, 46 %, 15 %, 19206 MiB, 49140 MiB, 278.70 W, 59
2026/08/14 03:37:29.195, NVIDIA GeForce RTX 4090, 57 %, 29 %, 19206 MiB, 49140 MiB, 289.46 W, 62
2026/08/14 03:37:30.195, NVIDIA GeForce RTX 4090, 68 %, 40 %, 19206 MiB, 49140 MiB, 294.03 W, 67
2026/08/14 03:37:31.196, NVIDIA GeForce RTX 4090, 88 %, 46 %, 19206 MiB, 49140 MiB, 292.98 W, 62
2026/08/14 03:37:32.196, NVIDIA GeForce RTX 4090, 36 %, 12 %, 19206 MiB, 49140 MiB, 300.45 W, 60
2026/08/14 03:37:33.196, NVIDIA GeForce RTX 4090, 40 %, 14 %, 19206 MiB, 49140 MiB, 265.31 W, 59
2026/08/14 03:37:34.196, NVIDIA GeForce RTX 4090, 39 %, 13 %, 19206 MiB, 49140 MiB, 271.48 W, 59
2026/08/14 03:37:35.197, NVIDIA GeForce RTX 4090, 49 %, 17 %, 19206 MiB, 49140 MiB, 272.58 W, 60
2026/08/14 03:37:36.197, NVIDIA GeForce RTX 4090, 55 %, 23 %, 19206 MiB, 49140 MiB, 276.41 W, 60
2026/08/14 03:37:37.197, NVIDIA GeForce RTX 4090, 69 %, 39 %, 19206 MiB, 49140 MiB, 287.41 W, 67
2026/08/14 03:37:38.197, NVIDIA GeForce RTX 4090, 53 %, 24 %, 19206 MiB, 49140 MiB, 308.73 W, 61
2026/08/14 03:37:39.197, NVIDIA GeForce RTX 4090, 35 %, 12 %, 19206 MiB, 49140 MiB, 284.04 W, 60
2026/08/14 03:37:40.198, NVIDIA GeForce RTX 4090, 38 %, 13 %, 19206 MiB, 49140 MiB, 276.34 W, 59
2026/08/14 03:37:41.198, NVIDIA GeForce RTX 4090, 49 %, 17 %, 19206 MiB, 49140 MiB, 274.81 W, 60
2026/08/14 03:37:42.198, NVIDIA GeForce RTX 4090, 69 %, 42 %, 19206 MiB, 49140 MiB, 295.27 W, 64
2026/08/14 03:37:43.198, NVIDIA GeForce RTX 4090, 69 %, 40 %, 19206 MiB, 49140 MiB, 283.81 W, 69
2026/08/14 03:37:44.198, NVIDIA GeForce RTX 4090, 87 %, 46 %, 19206 MiB, 49140 MiB, 293.80 W, 63
2026/08/14 03:37:45.199, NVIDIA GeForce RTX 4090, 48 %, 18 %, 19206 MiB, 49140 MiB, 286.17 W, 61
2026/08/14 03:37:46.199, NVIDIA GeForce RTX 4090, 49 %, 17 %, 19206 MiB, 49140 MiB, 287.28 W, 60
2026/08/14 03:37:47.199, NVIDIA GeForce RTX 4090, 51 %, 18 %, 19206 MiB, 49140 MiB, 276.66 W, 60
2026/08/14 03:37:48.199, NVIDIA GeForce RTX 4090, 46 %, 18 %, 19206 MiB, 49140 MiB, 268.13 W, 60
2026/08/14 03:37:49.200, NVIDIA GeForce RTX 4090, 67 %, 33 %, 19206 MiB, 49140 MiB, 273.30 W, 63
2026/08/14 03:37:50.200, NVIDIA GeForce RTX 4090, 70 %, 40 %, 19206 MiB, 49140 MiB, 289.35 W, 69
2026/08/14 03:37:51.200, NVIDIA GeForce RTX 4090, 51 %, 25 %, 19206 MiB, 49140 MiB, 300.83 W, 62
2026/08/14 03:37:52.201, NVIDIA GeForce RTX 4090, 40 %, 14 %, 19206 MiB, 49140 MiB, 290.57 W, 60
2026/08/14 03:37:53.201, NVIDIA GeForce RTX 4090, 54 %, 18 %, 19206 MiB, 49140 MiB, 280.24 W, 61
2026/08/14 03:37:54.201, NVIDIA GeForce RTX 4090, 53 %, 26 %, 19206 MiB, 49140 MiB, 288.94 W, 64
2026/08/14 03:37:55.202, NVIDIA GeForce RTX 4090, 70 %, 40 %, 19206 MiB, 49140 MiB, 293.11 W, 69
2026/08/14 03:37:56.202, NVIDIA GeForce RTX 4090, 54 %, 25 %, 19206 MiB, 49140 MiB, 299.32 W, 62
2026/08/14 03:37:57.202, NVIDIA GeForce RTX 4090, 39 %, 14 %, 19206 MiB, 49140 MiB, 279.86 W, 60
2026/08/14 03:37:58.202, NVIDIA GeForce RTX 4090, 44 %, 15 %, 19206 MiB, 49140 MiB, 275.07 W, 60
2026/08/14 03:37:59.203, NVIDIA GeForce RTX 4090, 48 %, 16 %, 19206 MiB, 49140 MiB, 274.92 W, 60
2026/08/14 03:38:00.203, NVIDIA GeForce RTX 4090, 91 %, 47 %, 19206 MiB, 49140 MiB, 382.94 W, 68
2026/08/14 03:38:01.203, NVIDIA GeForce RTX 4090, 83 %, 36 %, 19206 MiB, 49140 MiB, 289.69 W, 62
2026/08/14 03:38:02.203, NVIDIA GeForce RTX 4090, 40 %, 15 %, 19206 MiB, 49140 MiB, 274.23 W, 61
2026/08/14 03:38:03.204, NVIDIA GeForce RTX 4090, 49 %, 16 %, 19206 MiB, 49140 MiB, 274.15 W, 60
2026/08/14 03:38:04.204, NVIDIA GeForce RTX 4090, 50 %, 21 %, 19206 MiB, 49140 MiB, 291.71 W, 62
2026/08/14 03:38:05.204, NVIDIA GeForce RTX 4090, 69 %, 38 %, 19206 MiB, 49140 MiB, 302.28 W, 66
2026/08/14 03:38:06.205, NVIDIA GeForce RTX 4090, 89 %, 48 %, 19206 MiB, 49140 MiB, 307.30 W, 70
2026/08/14 03:38:07.205, NVIDIA GeForce RTX 4090, 26 %, 9 %, 19206 MiB, 49140 MiB, 283.32 W, 60
2026/08/14 03:38:08.205, NVIDIA GeForce RTX 4090, 43 %, 15 %, 19206 MiB, 49140 MiB, 273.14 W, 61
2026/08/14 03:38:09.205, NVIDIA GeForce RTX 4090, 48 %, 17 %, 19206 MiB, 49140 MiB, 282.54 W, 61
2026/08/14 03:38:10.206, NVIDIA GeForce RTX 4090, 62 %, 29 %, 19206 MiB, 49140 MiB, 289.54 W, 66
2026/08/14 03:38:11.206, NVIDIA GeForce RTX 4090, 67 %, 39 %, 19206 MiB, 49140 MiB, 303.26 W, 69
2026/08/14 03:38:12.206, NVIDIA GeForce RTX 4090, 78 %, 34 %, 19206 MiB, 49140 MiB, 301.27 W, 62
2026/08/14 03:38:13.206, NVIDIA GeForce RTX 4090, 42 %, 15 %, 19206 MiB, 49140 MiB, 279.15 W, 61
2026/08/14 03:38:14.207, NVIDIA GeForce RTX 4090, 55 %, 19 %, 19206 MiB, 49140 MiB, 288.37 W, 62
2026/08/14 03:38:15.207, NVIDIA GeForce RTX 4090, 50 %, 23 %, 19206 MiB, 49140 MiB, 289.74 W, 66
2026/08/14 03:38:16.207, NVIDIA GeForce RTX 4090, 97 %, 55 %, 19206 MiB, 49140 MiB, 313.42 W, 64
2026/08/14 03:38:17.208, NVIDIA GeForce RTX 4090, 49 %, 18 %, 19206 MiB, 49140 MiB, 286.48 W, 61
2026/08/14 03:38:18.208, NVIDIA GeForce RTX 4090, 40 %, 14 %, 19206 MiB, 49140 MiB, 275.32 W, 61
2026/08/14 03:38:19.208, NVIDIA GeForce RTX 4090, 47 %, 15 %, 19206 MiB, 49140 MiB, 270.56 W, 61
2026/08/14 03:38:20.208, NVIDIA GeForce RTX 4090, 49 %, 19 %, 19206 MiB, 49140 MiB, 283.58 W, 63
2026/08/14 03:38:21.209, NVIDIA GeForce RTX 4090, 72 %, 43 %, 19206 MiB, 49140 MiB, 284.45 W, 67
2026/08/14 03:38:22.209, NVIDIA GeForce RTX 4090, 68 %, 39 %, 19206 MiB, 49140 MiB, 289.15 W, 68
2026/08/14 03:38:23.209, NVIDIA GeForce RTX 4090, 48 %, 18 %, 19206 MiB, 49140 MiB, 292.87 W, 64
2026/08/14 03:38:24.209, NVIDIA GeForce RTX 4090, 52 %, 19 %, 19206 MiB, 49140 MiB, 288.39 W, 61
2026/08/14 03:38:25.210, NVIDIA GeForce RTX 4090, 46 %, 16 %, 19206 MiB, 49140 MiB, 283.30 W, 62
2026/08/14 03:38:26.210, NVIDIA GeForce RTX 4090, 47 %, 19 %, 19206 MiB, 49140 MiB, 282.76 W, 67
2026/08/14 03:38:27.210, NVIDIA GeForce RTX 4090, 57 %, 28 %, 19206 MiB, 49140 MiB, 310.65 W, 65
2026/08/14 03:38:28.210, NVIDIA GeForce RTX 4090, 47 %, 19 %, 19206 MiB, 49140 MiB, 284.56 W, 61
2026/08/14 03:38:29.210, NVIDIA GeForce RTX 4090, 44 %, 16 %, 19206 MiB, 49140 MiB, 277.86 W, 61
2026/08/14 03:38:30.210, NVIDIA GeForce RTX 4090, 43 %, 17 %, 19206 MiB, 49140 MiB, 289.96 W, 61
2026/08/14 03:38:31.283, NVIDIA GeForce RTX 4090, 64 %, 34 %, 19206 MiB, 49140 MiB, 304.48 W, 67
2026/08/14 03:38:32.284, NVIDIA GeForce RTX 4090, 68 %, 31 %, 19206 MiB, 49140 MiB, 299.66 W, 69
2026/08/14 03:38:33.284, NVIDIA GeForce RTX 4090, 37 %, 13 %, 19206 MiB, 49140 MiB, 281.41 W, 61
2026/08/14 03:38:34.284, NVIDIA GeForce RTX 4090, 45 %, 14 %, 19206 MiB, 49140 MiB, 279.41 W, 62
2026/08/14 03:38:35.284, NVIDIA GeForce RTX 4090, 45 %, 18 %, 19206 MiB, 49140 MiB, 282.41 W, 63
2026/08/14 03:38:36.285, NVIDIA GeForce RTX 4090, 94 %, 55 %, 19206 MiB, 49140 MiB, 295.56 W, 67
2026/08/14 03:38:37.285, NVIDIA GeForce RTX 4090, 49 %, 18 %, 19206 MiB, 49140 MiB, 296.22 W, 64
2026/08/14 03:38:38.285, NVIDIA GeForce RTX 4090, 36 %, 13 %, 19206 MiB, 49140 MiB, 280.72 W, 60
2026/08/14 03:38:39.285, NVIDIA GeForce RTX 4090, 42 %, 13 %, 19206 MiB, 49140 MiB, 283.75 W, 62
2026/08/14 03:38:40.285, NVIDIA GeForce RTX 4090, 44 %, 18 %, 19206 MiB, 49140 MiB, 289.80 W, 64
2026/08/14 03:38:41.286, NVIDIA GeForce RTX 4090, 72 %, 44 %, 19206 MiB, 49140 MiB, 284.23 W, 69
2026/08/14 03:38:42.286, NVIDIA GeForce RTX 4090, 100 %, 54 %, 19206 MiB, 49140 MiB, 314.35 W, 70
2026/08/14 03:38:43.286, NVIDIA GeForce RTX 4090, 0 %, 0 %, 19206 MiB, 49140 MiB, 241.22 W, 57
2026/08/14 03:38:44.286, NVIDIA GeForce RTX 4090, 0 %, 0 %, 19206 MiB, 49140 MiB, 106.64 W, 56
2026/08/14 03:38:45.286, NVIDIA GeForce RTX 4090, 0 %, 0 %, 19206 MiB, 49140 MiB, 94.19 W, 55
2026/08/14 03:38:46.287, NVIDIA GeForce RTX 4090, 32 %, 12 %, 19206 MiB, 49140 MiB, 173.44 W, 59
2026/08/14 03:38:47.287, NVIDIA GeForce RTX 4090, 42 %, 16 %, 19206 MiB, 49140 MiB, 280.47 W, 60
2026/08/14 03:38:48.287, NVIDIA GeForce RTX 4090, 63 %, 33 %, 19206 MiB, 49140 MiB, 282.06 W, 63
2026/08/14 03:38:49.288, NVIDIA GeForce RTX 4090, 94 %, 55 %, 19206 MiB, 49140 MiB, 299.32 W, 66
2026/08/14 03:38:50.288, NVIDIA GeForce RTX 4090, 52 %, 19 %, 19206 MiB, 49140 MiB, 306.90 W, 63
2026/08/14 03:38:51.288, NVIDIA GeForce RTX 4090, 37 %, 13 %, 19206 MiB, 49140 MiB, 287.26 W, 61
2026/08/14 03:38:52.288, NVIDIA GeForce RTX 4090, 41 %, 14 %, 19206 MiB, 49140 MiB, 272.15 W, 61
2026/08/14 03:38:53.289, NVIDIA GeForce RTX 4090, 59 %, 31 %, 19206 MiB, 49140 MiB, 290.98 W, 63
2026/08/14 03:38:54.289, NVIDIA GeForce RTX 4090, 94 %, 56 %, 19206 MiB, 49140 MiB, 300.58 W, 67
2026/08/14 03:38:55.289, NVIDIA GeForce RTX 4090, 51 %, 24 %, 19206 MiB, 49140 MiB, 298.23 W, 65
2026/08/14 03:38:56.289, NVIDIA GeForce RTX 4090, 51 %, 20 %, 19206 MiB, 49140 MiB, 279.02 W, 62
2026/08/14 03:38:57.290, NVIDIA GeForce RTX 4090, 37 %, 13 %, 19206 MiB, 49140 MiB, 282.40 W, 61
2026/08/14 03:38:58.290, NVIDIA GeForce RTX 4090, 39 %, 14 %, 19206 MiB, 49140 MiB, 272.60 W, 61
2026/08/14 03:38:59.290, NVIDIA GeForce RTX 4090, 61 %, 32 %, 19206 MiB, 49140 MiB, 285.15 W, 63
2026/08/14 03:39:00.291, NVIDIA GeForce RTX 4090, 94 %, 56 %, 19206 MiB, 49140 MiB, 300.28 W, 67
2026/08/14 03:39:01.291, NVIDIA GeForce RTX 4090, 41 %, 16 %, 19206 MiB, 49140 MiB, 290.16 W, 63
2026/08/14 03:39:02.291, NVIDIA GeForce RTX 4090, 43 %, 15 %, 19206 MiB, 49140 MiB, 282.97 W, 62
2026/08/14 03:39:03.291, NVIDIA GeForce RTX 4090, 38 %, 12 %, 19206 MiB, 49140 MiB, 286.21 W, 62
2026/08/14 03:39:04.292, NVIDIA GeForce RTX 4090, 59 %, 30 %, 19206 MiB, 49140 MiB, 289.37 W, 64
2026/08/14 03:39:05.292, NVIDIA GeForce RTX 4090, 94 %, 56 %, 19206 MiB, 49140 MiB, 304.83 W, 67
2026/08/14 03:39:06.292, NVIDIA GeForce RTX 4090, 57 %, 26 %, 19206 MiB, 49140 MiB, 300.81 W, 65
2026/08/14 03:39:07.292, NVIDIA GeForce RTX 4090, 37 %, 13 %, 19206 MiB, 49140 MiB, 289.00 W, 61
2026/08/14 03:39:08.293, NVIDIA GeForce RTX 4090, 46 %, 17 %, 19206 MiB, 49140 MiB, 290.76 W, 62
2026/08/14 03:39:09.293, NVIDIA GeForce RTX 4090, 59 %, 29 %, 19206 MiB, 49140 MiB, 286.38 W, 64
2026/08/14 03:39:10.293, NVIDIA GeForce RTX 4090, 74 %, 45 %, 19206 MiB, 49140 MiB, 285.41 W, 68
2026/08/14 03:39:11.293, NVIDIA GeForce RTX 4090, 89 %, 47 %, 19206 MiB, 49140 MiB, 295.56 W, 68
2026/08/14 03:39:12.293, NVIDIA GeForce RTX 4090, 56 %, 21 %, 19206 MiB, 49140 MiB, 298.26 W, 64
2026/08/14 03:39:13.294, NVIDIA GeForce RTX 4090, 41 %, 15 %, 19206 MiB, 49140 MiB, 278.25 W, 61
2026/08/14 03:39:14.294, NVIDIA GeForce RTX 4090, 43 %, 14 %, 19206 MiB, 49140 MiB, 278.28 W, 61
2026/08/14 03:39:15.294, NVIDIA GeForce RTX 4090, 53 %, 21 %, 19206 MiB, 49140 MiB, 282.61 W, 62
2026/08/14 03:39:16.294, NVIDIA GeForce RTX 4090, 60 %, 30 %, 19206 MiB, 49140 MiB, 281.94 W, 65
2026/08/14 03:39:17.295, NVIDIA GeForce RTX 4090, 93 %, 54 %, 19206 MiB, 49140 MiB, 302.63 W, 67
2026/08/14 03:39:18.295, NVIDIA GeForce RTX 4090, 53 %, 26 %, 19206 MiB, 49140 MiB, 290.05 W, 67
2026/08/14 03:39:19.295, NVIDIA GeForce RTX 4090, 26 %, 9 %, 19206 MiB, 49140 MiB, 276.12 W, 61
2026/08/14 03:39:20.295, NVIDIA GeForce RTX 4090, 36 %, 13 %, 19206 MiB, 49140 MiB, 268.36 W, 61
2026/08/14 03:39:21.295, NVIDIA GeForce RTX 4090, 45 %, 15 %, 19206 MiB, 49140 MiB, 276.21 W, 61
2026/08/14 03:39:22.296, NVIDIA GeForce RTX 4090, 69 %, 27 %, 19206 MiB, 49140 MiB, 287.36 W, 68
2026/08/14 03:39:23.296, NVIDIA GeForce RTX 4090, 74 %, 44 %, 19206 MiB, 49140 MiB, 300.81 W, 68
2026/08/14 03:39:24.296, NVIDIA GeForce RTX 4090, 88 %, 45 %, 19206 MiB, 49140 MiB, 294.36 W, 70
2026/08/14 03:39:25.296, NVIDIA GeForce RTX 4090, 62 %, 28 %, 19206 MiB, 49140 MiB, 277.69 W, 67
2026/08/14 03:39:26.297, NVIDIA GeForce RTX 4090, 44 %, 16 %, 19206 MiB, 49140 MiB, 284.64 W, 63
2026/08/14 03:39:27.297, NVIDIA GeForce RTX 4090, 43 %, 14 %, 19206 MiB, 49140 MiB, 280.47 W, 62
2026/08/14 03:39:28.297, NVIDIA GeForce RTX 4090, 50 %, 18 %, 19206 MiB, 49140 MiB, 280.24 W, 63
2026/08/14 03:39:29.298, NVIDIA GeForce RTX 4090, 88 %, 46 %, 19206 MiB, 49140 MiB, 373.78 W, 69
2026/08/14 03:39:30.298, NVIDIA GeForce RTX 4090, 58 %, 22 %, 19206 MiB, 49140 MiB, 294.40 W, 66
2026/08/14 03:39:31.298, NVIDIA GeForce RTX 4090, 41 %, 14 %, 19206 MiB, 49140 MiB, 281.24 W, 63
2026/08/14 03:39:32.298, NVIDIA GeForce RTX 4090, 39 %, 14 %, 19206 MiB, 49140 MiB, 281.75 W, 62
2026/08/14 03:39:33.299, NVIDIA GeForce RTX 4090, 47 %, 18 %, 19206 MiB, 49140 MiB, 279.52 W, 62
2026/08/14 03:39:34.299, NVIDIA GeForce RTX 4090, 75 %, 43 %, 19206 MiB, 49140 MiB, 292.87 W, 67
2026/08/14 03:39:35.299, NVIDIA GeForce RTX 4090, 79 %, 44 %, 19206 MiB, 49140 MiB, 291.81 W, 70
2026/08/14 03:39:36.300, NVIDIA GeForce RTX 4090, 59 %, 27 %, 19206 MiB, 49140 MiB, 285.10 W, 68
2026/08/14 03:39:37.300, NVIDIA GeForce RTX 4090, 41 %, 14 %, 19206 MiB, 49140 MiB, 280.51 W, 63
2026/08/14 03:39:38.300, NVIDIA GeForce RTX 4090, 44 %, 15 %, 19206 MiB, 49140 MiB, 276.32 W, 63
2026/08/14 03:39:39.301, NVIDIA GeForce RTX 4090, 50 %, 20 %, 19206 MiB, 49140 MiB, 288.72 W, 64
2026/08/14 03:39:40.301, NVIDIA GeForce RTX 4090, 59 %, 29 %, 19206 MiB, 49140 MiB, 280.96 W, 68
2026/08/14 03:39:41.301, NVIDIA GeForce RTX 4090, 75 %, 43 %, 19206 MiB, 49140 MiB, 285.71 W, 68
2026/08/14 03:39:42.301, NVIDIA GeForce RTX 4090, 62 %, 34 %, 19206 MiB, 49140 MiB, 304.03 W, 70
2026/08/14 03:39:43.302, NVIDIA GeForce RTX 4090, 33 %, 12 %, 19206 MiB, 49140 MiB, 282.04 W, 62
2026/08/14 03:39:44.302, NVIDIA GeForce RTX 4090, 32 %, 12 %, 19206 MiB, 49140 MiB, 267.68 W, 62
2026/08/14 03:39:45.302, NVIDIA GeForce RTX 4090, 41 %, 14 %, 19206 MiB, 49140 MiB, 274.36 W, 63
2026/08/14 03:39:46.303, NVIDIA GeForce RTX 4090, 49 %, 19 %, 19206 MiB, 49140 MiB, 287.78 W, 67
2026/08/14 03:39:47.303, NVIDIA GeForce RTX 4090, 74 %, 39 %, 19206 MiB, 49140 MiB, 291.62 W, 68
2026/08/14 03:39:48.303, NVIDIA GeForce RTX 4090, 91 %, 48 %, 19206 MiB, 49140 MiB, 305.33 W, 70
2026/08/14 03:39:49.304, NVIDIA GeForce RTX 4090, 57 %, 21 %, 19206 MiB, 49140 MiB, 293.17 W, 63
2026/08/14 03:39:50.304, NVIDIA GeForce RTX 4090, 47 %, 16 %, 19206 MiB, 49140 MiB, 272.69 W, 63
2026/08/14 03:39:51.304, NVIDIA GeForce RTX 4090, 48 %, 18 %, 19206 MiB, 49140 MiB, 288.63 W, 63
2026/08/14 03:39:52.305, NVIDIA GeForce RTX 4090, 59 %, 30 %, 19206 MiB, 49140 MiB, 282.44 W, 68
2026/08/14 03:39:53.305, NVIDIA GeForce RTX 4090, 74 %, 42 %, 19206 MiB, 49140 MiB, 286.73 W, 69
2026/08/14 03:39:54.305, NVIDIA GeForce RTX 4090, 57 %, 32 %, 19206 MiB, 49140 MiB, 303.03 W, 69
2026/08/14 03:39:55.305, NVIDIA GeForce RTX 4090, 34 %, 12 %, 19206 MiB, 49140 MiB, 284.19 W, 61
2026/08/14 03:39:56.305, NVIDIA GeForce RTX 4090, 45 %, 16 %, 19206 MiB, 49140 MiB, 266.22 W, 62
2026/08/14 03:39:57.305, NVIDIA GeForce RTX 4090, 45 %, 16 %, 19206 MiB, 49140 MiB, 275.73 W, 62
2026/08/14 03:39:58.306, NVIDIA GeForce RTX 4090, 49 %, 18 %, 19206 MiB, 49140 MiB, 280.02 W, 63
2026/08/14 03:39:59.306, NVIDIA GeForce RTX 4090, 74 %, 41 %, 19206 MiB, 49140 MiB, 295.57 W, 68
2026/08/14 03:40:00.306, NVIDIA GeForce RTX 4090, 92 %, 49 %, 19206 MiB, 49140 MiB, 301.70 W, 68
2026/08/14 03:40:01.306, NVIDIA GeForce RTX 4090, 28 %, 11 %, 19206 MiB, 49140 MiB, 296.95 W, 63
2026/08/14 03:40:02.306, NVIDIA GeForce RTX 4090, 43 %, 15 %, 19206 MiB, 49140 MiB, 278.15 W, 63
2026/08/14 03:40:03.307, NVIDIA GeForce RTX 4090, 46 %, 16 %, 19206 MiB, 49140 MiB, 270.85 W, 64
2026/08/14 03:40:04.307, NVIDIA GeForce RTX 4090, 49 %, 19 %, 19206 MiB, 49140 MiB, 281.48 W, 63
2026/08/14 03:40:05.307, NVIDIA GeForce RTX 4090, 74 %, 43 %, 19206 MiB, 49140 MiB, 293.83 W, 68
2026/08/14 03:40:06.307, NVIDIA GeForce RTX 4090, 92 %, 49 %, 19206 MiB, 49140 MiB, 294.04 W, 69
2026/08/14 03:40:07.307, NVIDIA GeForce RTX 4090, 58 %, 23 %, 19206 MiB, 49140 MiB, 287.20 W, 64
2026/08/14 03:40:08.308, NVIDIA GeForce RTX 4090, 39 %, 14 %, 19206 MiB, 49140 MiB, 280.33 W, 63
2026/08/14 03:40:09.308, NVIDIA GeForce RTX 4090, 49 %, 18 %, 19206 MiB, 49140 MiB, 283.96 W, 64
2026/08/14 03:40:10.308, NVIDIA GeForce RTX 4090, 64 %, 32 %, 19206 MiB, 49140 MiB, 284.19 W, 68
2026/08/14 03:40:11.308, NVIDIA GeForce RTX 4090, 75 %, 43 %, 19206 MiB, 49140 MiB, 284.98 W, 68
2026/08/14 03:40:12.309, NVIDIA GeForce RTX 4090, 100 %, 54 %, 19206 MiB, 49140 MiB, 305.65 W, 69
2026/08/14 03:40:13.309, NVIDIA GeForce RTX 4090, 0 %, 0 %, 19206 MiB, 49140 MiB, 261.42 W, 57
2026/08/14 03:40:14.309, NVIDIA GeForce RTX 4090, 0 %, 0 %, 19206 MiB, 49140 MiB, 106.20 W, 55
2026/08/14 03:40:15.309, NVIDIA GeForce RTX 4090, 0 %, 0 %, 19206 MiB, 49140 MiB, 93.91 W, 54
2026/08/14 03:40:16.309, NVIDIA GeForce RTX 4090, 44 %, 15 %, 19206 MiB, 49140 MiB, 186.02 W, 62
2026/08/14 03:40:17.310, NVIDIA GeForce RTX 4090, 47 %, 18 %, 19206 MiB, 49140 MiB, 270.21 W, 67
2026/08/14 03:40:18.310, NVIDIA GeForce RTX 4090, 60 %, 31 %, 19206 MiB, 49140 MiB, 284.84 W, 66
2026/08/14 03:40:19.310, NVIDIA GeForce RTX 4090, 94 %, 51 %, 19206 MiB, 49140 MiB, 303.99 W, 67
2026/08/14 03:40:20.310, NVIDIA GeForce RTX 4090, 55 %, 24 %, 19206 MiB, 49140 MiB, 300.79 W, 62
2026/08/14 03:40:21.310, NVIDIA GeForce RTX 4090, 38 %, 14 %, 19206 MiB, 49140 MiB, 276.08 W, 63
2026/08/14 03:40:22.311, NVIDIA GeForce RTX 4090, 30 %, 10 %, 19206 MiB, 49140 MiB, 277.92 W, 61
2026/08/14 03:40:23.311, NVIDIA GeForce RTX 4090, 47 %, 17 %, 19206 MiB, 49140 MiB, 272.92 W, 62
2026/08/14 03:40:24.311, NVIDIA GeForce RTX 4090, 63 %, 30 %, 19206 MiB, 49140 MiB, 280.77 W, 67
2026/08/14 03:40:25.311, NVIDIA GeForce RTX 4090, 95 %, 51 %, 19206 MiB, 49140 MiB, 301.50 W, 67
2026/08/14 03:40:26.312, NVIDIA GeForce RTX 4090, 34 %, 13 %, 19206 MiB, 49140 MiB, 310.22 W, 61
2026/08/14 03:40:27.312, NVIDIA GeForce RTX 4090, 31 %, 10 %, 19206 MiB, 49140 MiB, 267.63 W, 62
2026/08/14 03:40:28.312, NVIDIA GeForce RTX 4090, 41 %, 14 %, 19206 MiB, 49140 MiB, 280.59 W, 64
2026/08/14 03:40:29.312, NVIDIA GeForce RTX 4090, 47 %, 19 %, 19206 MiB, 49140 MiB, 282.65 W, 66
2026/08/14 03:40:30.312, NVIDIA GeForce RTX 4090, 73 %, 41 %, 19206 MiB, 49140 MiB, 294.05 W, 67
2026/08/14 03:40:31.384, NVIDIA GeForce RTX 4090, 76 %, 38 %, 19206 MiB, 49140 MiB, 311.62 W, 62
2026/08/14 03:40:32.384, NVIDIA GeForce RTX 4090, 29 %, 10 %, 19206 MiB, 49140 MiB, 275.86 W, 62
2026/08/14 03:40:33.384, NVIDIA GeForce RTX 4090, 44 %, 15 %, 19206 MiB, 49140 MiB, 276.68 W, 65
2026/08/14 03:40:34.384, NVIDIA GeForce RTX 4090, 54 %, 20 %, 19206 MiB, 49140 MiB, 273.65 W, 64
2026/08/14 03:40:35.384, NVIDIA GeForce RTX 4090, 59 %, 29 %, 19206 MiB, 49140 MiB, 288.53 W, 67
2026/08/14 03:40:36.385, NVIDIA GeForce RTX 4090, 96 %, 52 %, 19206 MiB, 49140 MiB, 303.92 W, 68
2026/08/14 03:40:37.385, NVIDIA GeForce RTX 4090, 53 %, 28 %, 19206 MiB, 49140 MiB, 290.25 W, 68
2026/08/14 03:40:38.385, NVIDIA GeForce RTX 4090, 50 %, 18 %, 19206 MiB, 49140 MiB, 284.33 W, 62
2026/08/14 03:40:39.385, NVIDIA GeForce RTX 4090, 20 %, 7 %, 19206 MiB, 49140 MiB, 270.30 W, 63
2026/08/14 03:40:40.385, NVIDIA GeForce RTX 4090, 39 %, 13 %, 19206 MiB, 49140 MiB, 267.63 W, 65
2026/08/14 03:40:41.386, NVIDIA GeForce RTX 4090, 65 %, 32 %, 19206 MiB, 49140 MiB, 287.94 W, 67
2026/08/14 03:40:42.386, NVIDIA GeForce RTX 4090, 75 %, 43 %, 19206 MiB, 49140 MiB, 285.89 W, 66
2026/08/14 03:40:43.386, NVIDIA GeForce RTX 4090, 86 %, 42 %, 19206 MiB, 49140 MiB, 312.22 W, 63
2026/08/14 03:40:44.386, NVIDIA GeForce RTX 4090, 41 %, 15 %, 19206 MiB, 49140 MiB, 283.65 W, 65
2026/08/14 03:40:45.386, NVIDIA GeForce RTX 4090, 49 %, 17 %, 19206 MiB, 49140 MiB, 277.26 W, 64
2026/08/14 03:40:46.386, NVIDIA GeForce RTX 4090, 43 %, 14 %, 19206 MiB, 49140 MiB, 272.70 W, 66
2026/08/14 03:40:47.387, NVIDIA GeForce RTX 4090, 51 %, 20 %, 19206 MiB, 49140 MiB, 273.08 W, 66
2026/08/14 03:40:48.387, NVIDIA GeForce RTX 4090, 65 %, 31 %, 19206 MiB, 49140 MiB, 278.18 W, 67
2026/08/14 03:40:49.387, NVIDIA GeForce RTX 4090, 75 %, 42 %, 19206 MiB, 49140 MiB, 287.52 W, 66
2026/08/14 03:40:50.387, NVIDIA GeForce RTX 4090, 93 %, 54 %, 19206 MiB, 49140 MiB, 295.64 W, 67
2026/08/14 03:40:51.387, NVIDIA GeForce RTX 4090, 57 %, 26 %, 19206 MiB, 49140 MiB, 291.56 W, 63
2026/08/14 03:40:52.387, NVIDIA GeForce RTX 4090, 46 %, 16 %, 19206 MiB, 49140 MiB, 281.25 W, 64
2026/08/14 03:40:53.387, NVIDIA GeForce RTX 4090, 44 %, 15 %, 19206 MiB, 49140 MiB, 276.62 W, 66
2026/08/14 03:40:54.387, NVIDIA GeForce RTX 4090, 51 %, 19 %, 19206 MiB, 49140 MiB, 281.25 W, 68
2026/08/14 03:40:55.387, NVIDIA GeForce RTX 4090, 78 %, 41 %, 19206 MiB, 49140 MiB, 290.04 W, 68
2026/08/14 03:40:56.388, NVIDIA GeForce RTX 4090, 54 %, 26 %, 19206 MiB, 49140 MiB, 309.91 W, 67
2026/08/14 03:40:57.388, NVIDIA GeForce RTX 4090, 35 %, 13 %, 19206 MiB, 49140 MiB, 279.94 W, 62
2026/08/14 03:40:58.388, NVIDIA GeForce RTX 4090, 32 %, 11 %, 19206 MiB, 49140 MiB, 268.14 W, 62
2026/08/14 03:40:59.388, NVIDIA GeForce RTX 4090, 100 %, 53 %, 19206 MiB, 49140 MiB, 350.06 W, 70
2026/08/14 03:41:00.388, NVIDIA GeForce RTX 4090, 99 %, 56 %, 19206 MiB, 49140 MiB, 314.90 W, 69
2026/08/14 03:41:01.388, NVIDIA GeForce RTX 4090, 56 %, 27 %, 19206 MiB, 49140 MiB, 299.46 W, 62
2026/08/14 03:41:02.389, NVIDIA GeForce RTX 4090, 52 %, 19 %, 19206 MiB, 49140 MiB, 276.94 W, 64
2026/08/14 03:41:03.389, NVIDIA GeForce RTX 4090, 42 %, 15 %, 19206 MiB, 49140 MiB, 281.26 W, 64
2026/08/14 03:41:04.389, NVIDIA GeForce RTX 4090, 49 %, 17 %, 19206 MiB, 49140 MiB, 279.43 W, 67
2026/08/14 03:41:05.389, NVIDIA GeForce RTX 4090, 60 %, 29 %, 19206 MiB, 49140 MiB, 283.11 W, 67
2026/08/14 03:41:06.389, NVIDIA GeForce RTX 4090, 99 %, 56 %, 19206 MiB, 49140 MiB, 301.79 W, 68
2026/08/14 03:41:07.389, NVIDIA GeForce RTX 4090, 77 %, 34 %, 19206 MiB, 49140 MiB, 305.98 W, 63
2026/08/14 03:41:08.390, NVIDIA GeForce RTX 4090, 37 %, 13 %, 19206 MiB, 49140 MiB, 288.98 W, 66
2026/08/14 03:41:09.390, NVIDIA GeForce RTX 4090, 49 %, 17 %, 19206 MiB, 49140 MiB, 276.57 W, 67
2026/08/14 03:41:10.390, NVIDIA GeForce RTX 4090, 46 %, 17 %, 19206 MiB, 49140 MiB, 285.92 W, 66
2026/08/14 03:41:11.390, NVIDIA GeForce RTX 4090, 75 %, 43 %, 19206 MiB, 49140 MiB, 292.91 W, 66
2026/08/14 03:41:12.390, NVIDIA GeForce RTX 4090, 53 %, 26 %, 19206 MiB, 49140 MiB, 302.95 W, 67
2026/08/14 03:41:13.391, NVIDIA GeForce RTX 4090, 50 %, 18 %, 19206 MiB, 49140 MiB, 285.53 W, 65
2026/08/14 03:41:14.391, NVIDIA GeForce RTX 4090, 43 %, 15 %, 19206 MiB, 49140 MiB, 277.86 W, 66
2026/08/14 03:41:15.391, NVIDIA GeForce RTX 4090, 49 %, 17 %, 19206 MiB, 49140 MiB, 276.99 W, 66
2026/08/14 03:41:16.391, NVIDIA GeForce RTX 4090, 82 %, 42 %, 19206 MiB, 49140 MiB, 296.13 W, 68
2026/08/14 03:41:17.391, NVIDIA GeForce RTX 4090, 99 %, 57 %, 19206 MiB, 49140 MiB, 302.19 W, 68
2026/08/14 03:41:18.391, NVIDIA GeForce RTX 4090, 58 %, 28 %, 19206 MiB, 49140 MiB, 289.13 W, 65
2026/08/14 03:41:19.392, NVIDIA GeForce RTX 4090, 42 %, 15 %, 19206 MiB, 49140 MiB, 286.25 W, 61
2026/08/14 03:41:20.392, NVIDIA GeForce RTX 4090, 48 %, 17 %, 19206 MiB, 49140 MiB, 267.39 W, 66
2026/08/14 03:41:21.392, NVIDIA GeForce RTX 4090, 47 %, 16 %, 19206 MiB, 49140 MiB, 280.51 W, 67
2026/08/14 03:41:22.392, NVIDIA GeForce RTX 4090, 61 %, 28 %, 19206 MiB, 49140 MiB, 284.02 W, 67
2026/08/14 03:41:23.392, NVIDIA GeForce RTX 4090, 99 %, 58 %, 19206 MiB, 49140 MiB, 301.47 W, 67
2026/08/14 03:41:24.393, NVIDIA GeForce RTX 4090, 74 %, 34 %, 19206 MiB, 49140 MiB, 307.35 W, 65
2026/08/14 03:41:25.393, NVIDIA GeForce RTX 4090, 39 %, 14 %, 19206 MiB, 49140 MiB, 282.59 W, 67
2026/08/14 03:41:26.393, NVIDIA GeForce RTX 4090, 43 %, 15 %, 19206 MiB, 49140 MiB, 272.63 W, 67
2026/08/14 03:41:27.393, NVIDIA GeForce RTX 4090, 46 %, 15 %, 19206 MiB, 49140 MiB, 268.78 W, 68
2026/08/14 03:41:28.393, NVIDIA GeForce RTX 4090, 52 %, 19 %, 19206 MiB, 49140 MiB, 274.67 W, 67
2026/08/14 03:41:29.393, NVIDIA GeForce RTX 4090, 73 %, 37 %, 19206 MiB, 49140 MiB, 288.36 W, 67
2026/08/14 03:41:30.394, NVIDIA GeForce RTX 4090, 64 %, 32 %, 19206 MiB, 49140 MiB, 310.28 W, 64
2026/08/14 03:41:31.394, NVIDIA GeForce RTX 4090, 54 %, 26 %, 19206 MiB, 49140 MiB, 276.49 W, 68
2026/08/14 03:41:32.394, NVIDIA GeForce RTX 4090, 30 %, 11 %, 19206 MiB, 49140 MiB, 270.13 W, 67
2026/08/14 03:41:33.394, NVIDIA GeForce RTX 4090, 43 %, 15 %, 19206 MiB, 49140 MiB, 267.75 W, 66
2026/08/14 03:41:34.395, NVIDIA GeForce RTX 4090, 49 %, 17 %, 19206 MiB, 49140 MiB, 277.75 W, 67
2026/08/14 03:41:35.395, NVIDIA GeForce RTX 4090, 61 %, 28 %, 19206 MiB, 49140 MiB, 287.21 W, 67
2026/08/14 03:41:36.395, NVIDIA GeForce RTX 4090, 73 %, 41 %, 19206 MiB, 49140 MiB, 286.29 W, 65
2026/08/14 03:41:37.395, NVIDIA GeForce RTX 4090, 93 %, 55 %, 19206 MiB, 49140 MiB, 292.07 W, 65
2026/08/14 03:41:38.396, NVIDIA GeForce RTX 4090, 50 %, 24 %, 19206 MiB, 49140 MiB, 292.21 W, 67
2026/08/14 03:41:39.396, NVIDIA GeForce RTX 4090, 30 %, 10 %, 19206 MiB, 49140 MiB, 266.67 W, 65
2026/08/14 03:41:40.396, NVIDIA GeForce RTX 4090, 41 %, 14 %, 19206 MiB, 49140 MiB, 276.95 W, 67
2026/08/14 03:41:41.396, NVIDIA GeForce RTX 4090, 52 %, 19 %, 19206 MiB, 49140 MiB, 272.29 W, 66
2026/08/14 03:41:42.397, NVIDIA GeForce RTX 4090, 62 %, 29 %, 19206 MiB, 49140 MiB, 280.41 W, 66
2026/08/14 03:41:43.397, NVIDIA GeForce RTX 4090, 0 %, 0 %, 19206 MiB, 49140 MiB, 323.17 W, 57
2026/08/14 03:41:44.397, NVIDIA GeForce RTX 4090, 2 %, 0 %, 19206 MiB, 49140 MiB, 107.30 W, 55
2026/08/14 03:41:45.397, NVIDIA GeForce RTX 4090, 0 %, 0 %, 19206 MiB, 49140 MiB, 101.94 W, 54
2026/08/14 03:41:46.397, NVIDIA GeForce RTX 4090, 81 %, 40 %, 19206 MiB, 49140 MiB, 131.88 W, 65
2026/08/14 03:41:47.397, NVIDIA GeForce RTX 4090, 37 %, 12 %, 19206 MiB, 49140 MiB, 288.15 W, 66
2026/08/14 03:41:48.397, NVIDIA GeForce RTX 4090, 46 %, 15 %, 19206 MiB, 49140 MiB, 273.27 W, 66
2026/08/14 03:41:49.398, NVIDIA GeForce RTX 4090, 62 %, 29 %, 19206 MiB, 49140 MiB, 293.76 W, 65
2026/08/14 03:41:50.398, NVIDIA GeForce RTX 4090, 73 %, 42 %, 19206 MiB, 49140 MiB, 285.51 W, 65
2026/08/14 03:41:51.398, NVIDIA GeForce RTX 4090, 94 %, 54 %, 19206 MiB, 49140 MiB, 293.19 W, 65
2026/08/14 03:41:52.398, NVIDIA GeForce RTX 4090, 57 %, 30 %, 19206 MiB, 49140 MiB, 284.73 W, 66
2026/08/14 03:41:53.398, NVIDIA GeForce RTX 4090, 35 %, 13 %, 19206 MiB, 49140 MiB, 273.25 W, 61
2026/08/14 03:41:54.398, NVIDIA GeForce RTX 4090, 44 %, 15 %, 19206 MiB, 49140 MiB, 268.60 W, 67
2026/08/14 03:41:55.399, NVIDIA GeForce RTX 4090, 45 %, 15 %, 19206 MiB, 49140 MiB, 277.96 W, 66
2026/08/14 03:41:56.399, NVIDIA GeForce RTX 4090, 50 %, 18 %, 19206 MiB, 49140 MiB, 273.65 W, 66
2026/08/14 03:41:57.399, NVIDIA GeForce RTX 4090, 44 %, 19 %, 19206 MiB, 49140 MiB, 278.20 W, 66
2026/08/14 03:41:58.399, NVIDIA GeForce RTX 4090, 95 %, 55 %, 19206 MiB, 49140 MiB, 297.15 W, 66
2026/08/14 03:41:59.399, NVIDIA GeForce RTX 4090, 57 %, 31 %, 19206 MiB, 49140 MiB, 299.51 W, 67
2026/08/14 03:42:00.399, NVIDIA GeForce RTX 4090, 41 %, 16 %, 19206 MiB, 49140 MiB, 277.69 W, 67
2026/08/14 03:42:01.400, NVIDIA GeForce RTX 4090, 39 %, 14 %, 19206 MiB, 49140 MiB, 277.03 W, 67
2026/08/14 03:42:02.400, NVIDIA GeForce RTX 4090, 44 %, 15 %, 19206 MiB, 49140 MiB, 272.17 W, 65
2026/08/14 03:42:03.400, NVIDIA GeForce RTX 4090, 49 %, 18 %, 19206 MiB, 49140 MiB, 274.10 W, 66
2026/08/14 03:42:04.400, NVIDIA GeForce RTX 4090, 71 %, 35 %, 19206 MiB, 49140 MiB, 291.38 W, 66
2026/08/14 03:42:05.400, NVIDIA GeForce RTX 4090, 90 %, 53 %, 19206 MiB, 49140 MiB, 304.79 W, 66
2026/08/14 03:42:06.401, NVIDIA GeForce RTX 4090, 65 %, 35 %, 19206 MiB, 49140 MiB, 277.85 W, 67
2026/08/14 03:42:07.401, NVIDIA GeForce RTX 4090, 31 %, 13 %, 19206 MiB, 49140 MiB, 274.29 W, 64
2026/08/14 03:42:08.401, NVIDIA GeForce RTX 4090, 27 %, 9 %, 19206 MiB, 49140 MiB, 266.38 W, 64
2026/08/14 03:42:09.401, NVIDIA GeForce RTX 4090, 37 %, 13 %, 19206 MiB, 49140 MiB, 269.54 W, 67
2026/08/14 03:42:10.402, NVIDIA GeForce RTX 4090, 48 %, 17 %, 19206 MiB, 49140 MiB, 286.95 W, 66
2026/08/14 03:42:11.402, NVIDIA GeForce RTX 4090, 55 %, 22 %, 19206 MiB, 49140 MiB, 279.34 W, 65
2026/08/14 03:42:12.402, NVIDIA GeForce RTX 4090, 70 %, 40 %, 19206 MiB, 49140 MiB, 288.35 W, 65
2026/08/14 03:42:13.402, NVIDIA GeForce RTX 4090, 88 %, 52 %, 19206 MiB, 49140 MiB, 289.09 W, 68
2026/08/14 03:42:14.403, NVIDIA GeForce RTX 4090, 64 %, 34 %, 19206 MiB, 49140 MiB, 292.11 W, 65
2026/08/14 03:42:15.403, NVIDIA GeForce RTX 4090, 33 %, 13 %, 19206 MiB, 49140 MiB, 278.25 W, 66
2026/08/14 03:42:16.403, NVIDIA GeForce RTX 4090, 43 %, 15 %, 19206 MiB, 49140 MiB, 276.79 W, 67
2026/08/14 03:42:17.403, NVIDIA GeForce RTX 4090, 35 %, 12 %, 19206 MiB, 49140 MiB, 271.66 W, 65
2026/08/14 03:42:18.404, NVIDIA GeForce RTX 4090, 41 %, 16 %, 19206 MiB, 49140 MiB, 282.97 W, 66
2026/08/14 03:42:19.404, NVIDIA GeForce RTX 4090, 69 %, 39 %, 19206 MiB, 49140 MiB, 293.95 W, 65
2026/08/14 03:42:20.404, NVIDIA GeForce RTX 4090, 86 %, 51 %, 19206 MiB, 49140 MiB, 288.42 W, 69
2026/08/14 03:42:21.404, NVIDIA GeForce RTX 4090, 64 %, 34 %, 19206 MiB, 49140 MiB, 292.01 W, 66
2026/08/14 03:42:22.405, NVIDIA GeForce RTX 4090, 30 %, 12 %, 19206 MiB, 49140 MiB, 277.92 W, 67
2026/08/14 03:42:23.405, NVIDIA GeForce RTX 4090, 23 %, 8 %, 19206 MiB, 49140 MiB, 266.12 W, 65
2026/08/14 03:42:24.405, NVIDIA GeForce RTX 4090, 36 %, 13 %, 19206 MiB, 49140 MiB, 268.39 W, 67
2026/08/14 03:42:25.405, NVIDIA GeForce RTX 4090, 35 %, 12 %, 19206 MiB, 49140 MiB, 272.20 W, 65
2026/08/14 03:42:26.405, NVIDIA GeForce RTX 4090, 49 %, 19 %, 19206 MiB, 49140 MiB, 280.15 W, 65
2026/08/14 03:42:27.405, NVIDIA GeForce RTX 4090, 55 %, 22 %, 19206 MiB, 49140 MiB, 271.81 W, 65
2026/08/14 03:42:28.406, NVIDIA GeForce RTX 4090, 67 %, 38 %, 19206 MiB, 49140 MiB, 289.24 W, 65
2026/08/14 03:42:29.406, NVIDIA GeForce RTX 4090, 63 %, 32 %, 19206 MiB, 49140 MiB, 304.54 W, 65
2026/08/14 03:42:30.406, NVIDIA GeForce RTX 4090, 100 %, 52 %, 19206 MiB, 49140 MiB, 311.37 W, 69
2026/08/14 03:42:31.406, NVIDIA GeForce RTX 4090, 40 %, 13 %, 19206 MiB, 49140 MiB, 328.97 W, 65
2026/08/14 03:42:32.407, NVIDIA GeForce RTX 4090, 67 %, 32 %, 19206 MiB, 49140 MiB, 297.07 W, 66
2026/08/14 03:42:33.407, NVIDIA GeForce RTX 4090, 64 %, 34 %, 19206 MiB, 49140 MiB, 316.98 W, 66
2026/08/14 03:42:34.407, NVIDIA GeForce RTX 4090, 38 %, 15 %, 19206 MiB, 49140 MiB, 289.01 W, 66
2026/08/14 03:42:35.408, NVIDIA GeForce RTX 4090, 37 %, 13 %, 19206 MiB, 49140 MiB, 278.34 W, 66
2026/08/14 03:42:36.408, NVIDIA GeForce RTX 4090, 44 %, 15 %, 19206 MiB, 49140 MiB, 285.78 W, 65
2026/08/14 03:42:37.408, NVIDIA GeForce RTX 4090, 68 %, 34 %, 19206 MiB, 49140 MiB, 292.69 W, 65
2026/08/14 03:42:38.408, NVIDIA GeForce RTX 4090, 78 %, 46 %, 19206 MiB, 49140 MiB, 304.01 W, 66
2026/08/14 03:42:39.409, NVIDIA GeForce RTX 4090, 62 %, 34 %, 19206 MiB, 49140 MiB, 289.14 W, 65
2026/08/14 03:42:40.409, NVIDIA GeForce RTX 4090, 41 %, 15 %, 19206 MiB, 49140 MiB, 274.78 W, 65
2026/08/14 03:42:41.409, NVIDIA GeForce RTX 4090, 34 %, 11 %, 19206 MiB, 49140 MiB, 286.60 W, 65
2026/08/14 03:42:42.409, NVIDIA GeForce RTX 4090, 40 %, 15 %, 19206 MiB, 49140 MiB, 291.47 W, 64
2026/08/14 03:42:43.410, NVIDIA GeForce RTX 4090, 88 %, 54 %, 19206 MiB, 49140 MiB, 306.44 W, 68
2026/08/14 03:42:44.410, NVIDIA GeForce RTX 4090, 62 %, 33 %, 19206 MiB, 49140 MiB, 286.27 W, 67
2026/08/14 03:42:45.410, NVIDIA GeForce RTX 4090, 27 %, 9 %, 19206 MiB, 49140 MiB, 278.24 W, 65
2026/08/14 03:42:46.411, NVIDIA GeForce RTX 4090, 37 %, 13 %, 19206 MiB, 49140 MiB, 280.85 W, 66
2026/08/14 03:42:47.411, NVIDIA GeForce RTX 4090, 48 %, 18 %, 19206 MiB, 49140 MiB, 285.64 W, 65
2026/08/14 03:42:48.411, NVIDIA GeForce RTX 4090, 69 %, 33 %, 19206 MiB, 49140 MiB, 295.40 W, 66
2026/08/14 03:42:49.411, NVIDIA GeForce RTX 4090, 66 %, 34 %, 19206 MiB, 49140 MiB, 313.73 W, 68
2026/08/14 03:42:50.412, NVIDIA GeForce RTX 4090, 42 %, 15 %, 19206 MiB, 49140 MiB, 277.30 W, 65
2026/08/14 03:42:51.412, NVIDIA GeForce RTX 4090, 47 %, 15 %, 19206 MiB, 49140 MiB, 280.04 W, 66
2026/08/14 03:42:52.412, NVIDIA GeForce RTX 4090, 65 %, 26 %, 19206 MiB, 49140 MiB, 281.02 W, 64
2026/08/14 03:42:53.413, NVIDIA GeForce RTX 4090, 92 %, 56 %, 19206 MiB, 49140 MiB, 299.58 W, 66
2026/08/14 03:42:54.413, NVIDIA GeForce RTX 4090, 39 %, 14 %, 19206 MiB, 49140 MiB, 319.58 W, 68
2026/08/14 03:42:55.413, NVIDIA GeForce RTX 4090, 38 %, 13 %, 19206 MiB, 49140 MiB, 283.57 W, 65
2026/08/14 03:42:56.414, NVIDIA GeForce RTX 4090, 48 %, 18 %, 19206 MiB, 49140 MiB, 279.49 W, 64
2026/08/14 03:42:57.414, NVIDIA GeForce RTX 4090, 78 %, 44 %, 19206 MiB, 49140 MiB, 283.78 W, 65
2026/08/14 03:42:58.414, NVIDIA GeForce RTX 4090, 86 %, 44 %, 19206 MiB, 49140 MiB, 306.79 W, 69
2026/08/14 03:42:59.414, NVIDIA GeForce RTX 4090, 36 %, 12 %, 19206 MiB, 49140 MiB, 302.08 W, 67
2026/08/14 03:43:00.414, NVIDIA GeForce RTX 4090, 45 %, 15 %, 19206 MiB, 49140 MiB, 285.96 W, 66
2026/08/14 03:43:01.415, NVIDIA GeForce RTX 4090, 63 %, 24 %, 19206 MiB, 49140 MiB, 285.54 W, 65
2026/08/14 03:43:02.415, NVIDIA GeForce RTX 4090, 87 %, 51 %, 19206 MiB, 49140 MiB, 306.81 W, 67
2026/08/14 03:43:03.415, NVIDIA GeForce RTX 4090, 54 %, 26 %, 19206 MiB, 49140 MiB, 296.70 W, 64
2026/08/14 03:43:04.415, NVIDIA GeForce RTX 4090, 41 %, 15 %, 19206 MiB, 49140 MiB, 280.88 W, 66
2026/08/14 03:43:05.416, NVIDIA GeForce RTX 4090, 39 %, 13 %, 19206 MiB, 49140 MiB, 273.48 W, 65
2026/08/14 03:43:06.416, NVIDIA GeForce RTX 4090, 48 %, 18 %, 19206 MiB, 49140 MiB, 278.09 W, 64
2026/08/14 03:43:07.416, NVIDIA GeForce RTX 4090, 80 %, 45 %, 19206 MiB, 49140 MiB, 288.14 W, 64
2026/08/14 03:43:08.416, NVIDIA GeForce RTX 4090, 71 %, 36 %, 19206 MiB, 49140 MiB, 295.86 W, 69
2026/08/14 03:43:09.417, NVIDIA GeForce RTX 4090, 31 %, 13 %, 19206 MiB, 49140 MiB, 285.80 W, 66
2026/08/14 03:43:10.417, NVIDIA GeForce RTX 4090, 44 %, 15 %, 19206 MiB, 49140 MiB, 270.63 W, 65
2026/08/14 03:43:11.417, NVIDIA GeForce RTX 4090, 42 %, 15 %, 19206 MiB, 49140 MiB, 271.60 W, 63
2026/08/14 03:43:12.418, NVIDIA GeForce RTX 4090, 49 %, 17 %, 19206 MiB, 49140 MiB, 277.82 W, 64
2026/08/14 03:43:13.418, NVIDIA GeForce RTX 4090, 0 %, 0 %, 19206 MiB, 49140 MiB, 337.83 W, 60
2026/08/14 03:43:14.418, NVIDIA GeForce RTX 4090, 0 %, 0 %, 19206 MiB, 49140 MiB, 151.14 W, 55
2026/08/14 03:43:15.418, NVIDIA GeForce RTX 4090, 0 %, 0 %, 19206 MiB, 49140 MiB, 102.33 W, 54
2026/08/14 03:43:16.418, NVIDIA GeForce RTX 4090, 33 %, 14 %, 19206 MiB, 49140 MiB, 95.96 W, 53
2026/08/14 03:43:17.419, NVIDIA GeForce RTX 4090, 69 %, 37 %, 19206 MiB, 49140 MiB, 281.21 W, 66
2026/08/14 03:43:18.419, NVIDIA GeForce RTX 4090, 39 %, 14 %, 19206 MiB, 49140 MiB, 279.64 W, 64
2026/08/14 03:43:19.419, NVIDIA GeForce RTX 4090, 64 %, 21 %, 19206 MiB, 49140 MiB, 287.62 W, 64
2026/08/14 03:43:20.483, NVIDIA GeForce RTX 4090, 41 %, 16 %, 19206 MiB, 49140 MiB, 289.35 W, 64
2026/08/14 03:43:21.484, NVIDIA GeForce RTX 4090, 78 %, 39 %, 19206 MiB, 49140 MiB, 320.30 W, 67
2026/08/14 03:43:22.484, NVIDIA GeForce RTX 4090, 38 %, 14 %, 19206 MiB, 49140 MiB, 280.52 W, 65
2026/08/14 03:43:23.484, NVIDIA GeForce RTX 4090, 41 %, 14 %, 19206 MiB, 49140 MiB, 273.52 W, 62
2026/08/14 03:43:24.484, NVIDIA GeForce RTX 4090, 48 %, 18 %, 19206 MiB, 49140 MiB, 284.91 W, 64
2026/08/14 03:43:25.485, NVIDIA GeForce RTX 4090, 86 %, 53 %, 19206 MiB, 49140 MiB, 309.57 W, 65
2026/08/14 03:43:26.485, NVIDIA GeForce RTX 4090, 31 %, 17 %, 19206 MiB, 49140 MiB, 298.48 W, 63
2026/08/14 03:43:27.485, NVIDIA GeForce RTX 4090, 43 %, 15 %, 19206 MiB, 49140 MiB, 273.75 W, 65
2026/08/14 03:43:28.485, NVIDIA GeForce RTX 4090, 39 %, 13 %, 19206 MiB, 49140 MiB, 275.44 W, 64
2026/08/14 03:43:29.486, NVIDIA GeForce RTX 4090, 46 %, 18 %, 19206 MiB, 49140 MiB, 285.07 W, 64
2026/08/14 03:43:30.486, NVIDIA GeForce RTX 4090, 38 %, 21 %, 19206 MiB, 49140 MiB, 292.57 W, 64
2026/08/14 03:43:31.486, NVIDIA GeForce RTX 4090, 71 %, 39 %, 19206 MiB, 49140 MiB, 299.39 W, 67
2026/08/14 03:43:32.486, NVIDIA GeForce RTX 4090, 43 %, 17 %, 19206 MiB, 49140 MiB, 279.62 W, 64
2026/08/14 03:43:33.487, NVIDIA GeForce RTX 4090, 42 %, 15 %, 19206 MiB, 49140 MiB, 276.45 W, 64
2026/08/14 03:43:34.487, NVIDIA GeForce RTX 4090, 50 %, 17 %, 19206 MiB, 49140 MiB, 278.46 W, 64
2026/08/14 03:43:35.487, NVIDIA GeForce RTX 4090, 64 %, 25 %, 19206 MiB, 49140 MiB, 284.13 W, 63
2026/08/14 03:43:36.488, NVIDIA GeForce RTX 4090, 99 %, 61 %, 19206 MiB, 49140 MiB, 294.64 W, 64
2026/08/14 03:43:37.488, NVIDIA GeForce RTX 4090, 71 %, 38 %, 19206 MiB, 49140 MiB, 301.11 W, 68
2026/08/14 03:43:38.488, NVIDIA GeForce RTX 4090, 43 %, 17 %, 19206 MiB, 49140 MiB, 280.31 W, 65
2026/08/14 03:43:39.488, NVIDIA GeForce RTX 4090, 42 %, 15 %, 19206 MiB, 49140 MiB, 276.69 W, 65
2026/08/14 03:43:40.489, NVIDIA GeForce RTX 4090, 49 %, 16 %, 19206 MiB, 49140 MiB, 276.92 W, 64
2026/08/14 03:43:41.489, NVIDIA GeForce RTX 4090, 64 %, 25 %, 19206 MiB, 49140 MiB, 283.13 W, 64
2026/08/14 03:43:42.489, NVIDIA GeForce RTX 4090, 81 %, 50 %, 19206 MiB, 49140 MiB, 295.71 W, 64
2026/08/14 03:43:43.490, NVIDIA GeForce RTX 4090, 61 %, 26 %, 19206 MiB, 49140 MiB, 312.08 W, 69
2026/08/14 03:43:44.490, NVIDIA GeForce RTX 4090, 42 %, 15 %, 19206 MiB, 49140 MiB, 286.82 W, 63
2026/08/14 03:43:45.490, NVIDIA GeForce RTX 4090, 49 %, 17 %, 19206 MiB, 49140 MiB, 279.60 W, 63
2026/08/14 03:43:46.490, NVIDIA GeForce RTX 4090, 78 %, 38 %, 19206 MiB, 49140 MiB, 293.57 W, 63
2026/08/14 03:43:47.490, NVIDIA GeForce RTX 4090, 89 %, 56 %, 19206 MiB, 49140 MiB, 299.36 W, 65
2026/08/14 03:43:48.490, NVIDIA GeForce RTX 4090, 55 %, 26 %, 19206 MiB, 49140 MiB, 295.05 W, 61
2026/08/14 03:43:49.491, NVIDIA GeForce RTX 4090, 42 %, 15 %, 19206 MiB, 49140 MiB, 281.00 W, 63
2026/08/14 03:43:50.491, NVIDIA GeForce RTX 4090, 46 %, 15 %, 19206 MiB, 49140 MiB, 290.87 W, 64
2026/08/14 03:43:51.491, NVIDIA GeForce RTX 4090, 61 %, 24 %, 19206 MiB, 49140 MiB, 286.20 W, 63
2026/08/14 03:43:52.491, NVIDIA GeForce RTX 4090, 75 %, 42 %, 19206 MiB, 49140 MiB, 289.27 W, 64
2026/08/14 03:43:53.492, NVIDIA GeForce RTX 4090, 78 %, 49 %, 19206 MiB, 49140 MiB, 288.99 W, 64
2026/08/14 03:43:54.492, NVIDIA GeForce RTX 4090, 75 %, 38 %, 19206 MiB, 49140 MiB, 291.52 W, 68
2026/08/14 03:43:55.492, NVIDIA GeForce RTX 4090, 31 %, 12 %, 19206 MiB, 49140 MiB, 278.43 W, 64
2026/08/14 03:43:56.492, NVIDIA GeForce RTX 4090, 31 %, 11 %, 19206 MiB, 49140 MiB, 267.50 W, 63
2026/08/14 03:43:57.493, NVIDIA GeForce RTX 4090, 43 %, 15 %, 19206 MiB, 49140 MiB, 276.57 W, 62
2026/08/14 03:43:58.493, NVIDIA GeForce RTX 4090, 45 %, 15 %, 19206 MiB, 49140 MiB, 272.47 W, 61
2026/08/14 03:43:59.493, NVIDIA GeForce RTX 4090, 96 %, 47 %, 19206 MiB, 49140 MiB, 371.81 W, 69
2026/08/14 03:44:00.493, NVIDIA GeForce RTX 4090, 53 %, 25 %, 19206 MiB, 49140 MiB, 299.62 W, 62
2026/08/14 03:44:01.494, NVIDIA GeForce RTX 4090, 36 %, 12 %, 19206 MiB, 49140 MiB, 274.36 W, 63
2026/08/14 03:44:02.494, NVIDIA GeForce RTX 4090, 46 %, 16 %, 19206 MiB, 49140 MiB, 276.88 W, 62
2026/08/14 03:44:03.494, NVIDIA GeForce RTX 4090, 49 %, 17 %, 19206 MiB, 49140 MiB, 280.97 W, 63
2026/08/14 03:44:04.495, NVIDIA GeForce RTX 4090, 78 %, 38 %, 19206 MiB, 49140 MiB, 287.58 W, 63
2026/08/14 03:44:05.495, NVIDIA GeForce RTX 4090, 73 %, 46 %, 19206 MiB, 49140 MiB, 300.58 W, 63
2026/08/14 03:44:06.495, NVIDIA GeForce RTX 4090, 53 %, 25 %, 19206 MiB, 49140 MiB, 295.73 W, 62
2026/08/14 03:44:07.495, NVIDIA GeForce RTX 4090, 37 %, 13 %, 19206 MiB, 49140 MiB, 278.43 W, 64
2026/08/14 03:44:08.496, NVIDIA GeForce RTX 4090, 39 %, 13 %, 19206 MiB, 49140 MiB, 276.24 W, 62
2026/08/14 03:44:09.496, NVIDIA GeForce RTX 4090, 49 %, 19 %, 19206 MiB, 49140 MiB, 282.52 W, 62
2026/08/14 03:44:10.496, NVIDIA GeForce RTX 4090, 75 %, 43 %, 19206 MiB, 49140 MiB, 292.46 W, 61
2026/08/14 03:44:11.496, NVIDIA GeForce RTX 4090, 83 %, 41 %, 19206 MiB, 49140 MiB, 302.62 W, 69
2026/08/14 03:44:12.497, NVIDIA GeForce RTX 4090, 43 %, 17 %, 19206 MiB, 49140 MiB, 294.96 W, 62
2026/08/14 03:44:13.497, NVIDIA GeForce RTX 4090, 42 %, 15 %, 19206 MiB, 49140 MiB, 277.74 W, 60
2026/08/14 03:44:14.497, NVIDIA GeForce RTX 4090, 40 %, 14 %, 19206 MiB, 49140 MiB, 271.46 W, 60
2026/08/14 03:44:15.498, NVIDIA GeForce RTX 4090, 46 %, 18 %, 19206 MiB, 49140 MiB, 274.43 W, 60
2026/08/14 03:44:16.498, NVIDIA GeForce RTX 4090, 73 %, 44 %, 19206 MiB, 49140 MiB, 302.12 W, 60
2026/08/14 03:44:17.498, NVIDIA GeForce RTX 4090, 87 %, 43 %, 19206 MiB, 49140 MiB, 303.18 W, 67
2026/08/14 03:44:18.499, NVIDIA GeForce RTX 4090, 46 %, 16 %, 19206 MiB, 49140 MiB, 289.15 W, 61
2026/08/14 03:44:19.499, NVIDIA GeForce RTX 4090, 38 %, 13 %, 19206 MiB, 49140 MiB, 278.91 W, 60
2026/08/14 03:44:20.499, NVIDIA GeForce RTX 4090, 46 %, 18 %, 19206 MiB, 49140 MiB, 279.17 W, 60
2026/08/14 03:44:21.500, NVIDIA GeForce RTX 4090, 72 %, 44 %, 19206 MiB, 49140 MiB, 302.96 W, 62
2026/08/14 03:44:22.500, NVIDIA GeForce RTX 4090, 54 %, 26 %, 19206 MiB, 49140 MiB, 310.71 W, 62
2026/08/14 03:44:23.500, NVIDIA GeForce RTX 4090, 42 %, 15 %, 19206 MiB, 49140 MiB, 285.52 W, 60
2026/08/14 03:44:24.500, NVIDIA GeForce RTX 4090, 45 %, 15 %, 19206 MiB, 49140 MiB, 278.74 W, 60
2026/08/14 03:44:25.501, NVIDIA GeForce RTX 4090, 62 %, 25 %, 19206 MiB, 49140 MiB, 287.64 W, 61
2026/08/14 03:44:26.501, NVIDIA GeForce RTX 4090, 70 %, 43 %, 19206 MiB, 49140 MiB, 296.25 W, 70
2026/08/14 03:44:27.501, NVIDIA GeForce RTX 4090, 84 %, 42 %, 19206 MiB, 49140 MiB, 304.34 W, 62
2026/08/14 03:44:28.502, NVIDIA GeForce RTX 4090, 39 %, 14 %, 19206 MiB, 49140 MiB, 281.86 W, 60
2026/08/14 03:44:29.502, NVIDIA GeForce RTX 4090, 42 %, 15 %, 19206 MiB, 49140 MiB, 278.35 W, 60
2026/08/14 03:44:30.502, NVIDIA GeForce RTX 4090, 74 %, 36 %, 19206 MiB, 49140 MiB, 304.83 W, 63
2026/08/14 03:44:31.503, NVIDIA GeForce RTX 4090, 72 %, 44 %, 19206 MiB, 49140 MiB, 290.30 W, 69
2026/08/14 03:44:32.503, NVIDIA GeForce RTX 4090, 86 %, 48 %, 19206 MiB, 49140 MiB, 296.61 W, 61
2026/08/14 03:44:33.503, NVIDIA GeForce RTX 4090, 39 %, 14 %, 19206 MiB, 49140 MiB, 288.90 W, 60
2026/08/14 03:44:34.503, NVIDIA GeForce RTX 4090, 40 %, 14 %, 19206 MiB, 49140 MiB, 266.64 W, 59
2026/08/14 03:44:35.504, NVIDIA GeForce RTX 4090, 45 %, 15 %, 19206 MiB, 49140 MiB, 280.66 W, 59
2026/08/14 03:44:36.504, NVIDIA GeForce RTX 4090, 70 %, 28 %, 19206 MiB, 49140 MiB, 282.83 W, 60
2026/08/14 03:44:37.504, NVIDIA GeForce RTX 4090, 93 %, 53 %, 19206 MiB, 49140 MiB, 287.50 W, 69
2026/08/14 03:44:38.504, NVIDIA GeForce RTX 4090, 55 %, 26 %, 19206 MiB, 49140 MiB, 315.23 W, 61
2026/08/14 03:44:39.504, NVIDIA GeForce RTX 4090, 38 %, 13 %, 19206 MiB, 49140 MiB, 272.96 W, 59
2026/08/14 03:44:40.505, NVIDIA GeForce RTX 4090, 41 %, 15 %, 19206 MiB, 49140 MiB, 266.38 W, 59
2026/08/14 03:44:41.505, NVIDIA GeForce RTX 4090, 45 %, 15 %, 19206 MiB, 49140 MiB, 278.94 W, 59
2026/08/14 03:44:42.505, NVIDIA GeForce RTX 4090, 7 %, 4 %, 19206 MiB, 49140 MiB, 350.97 W, 59
2026/08/14 03:44:43.505, NVIDIA GeForce RTX 4090, 0 %, 0 %, 19206 MiB, 49140 MiB, 111.11 W, 55
2026/08/14 03:44:44.506, NVIDIA GeForce RTX 4090, 0 %, 0 %, 19206 MiB, 49140 MiB, 102.04 W, 54
2026/08/14 03:44:45.506, NVIDIA GeForce RTX 4090, 45 %, 15 %, 19206 MiB, 49140 MiB, 188.02 W, 57
2026/08/14 03:44:46.506, NVIDIA GeForce RTX 4090, 44 %, 17 %, 19206 MiB, 49140 MiB, 271.32 W, 58
2026/08/14 03:44:47.506, NVIDIA GeForce RTX 4090, 64 %, 33 %, 19206 MiB, 49140 MiB, 279.32 W, 66
2026/08/14 03:44:48.507, NVIDIA GeForce RTX 4090, 61 %, 39 %, 19206 MiB, 49140 MiB, 293.73 W, 65
2026/08/14 03:44:49.507, NVIDIA GeForce RTX 4090, 74 %, 38 %, 19206 MiB, 49140 MiB, 286.68 W, 62
2026/08/14 03:44:50.507, NVIDIA GeForce RTX 4090, 86 %, 44 %, 19206 MiB, 49140 MiB, 272.27 W, 60
2026/08/14 03:44:51.507, NVIDIA GeForce RTX 4090, 87 %, 47 %, 19206 MiB, 49140 MiB, 267.53 W, 60
2026/08/14 03:44:52.507, NVIDIA GeForce RTX 4090, 35 %, 12 %, 19206 MiB, 49140 MiB, 294.29 W, 58
2026/08/14 03:44:53.508, NVIDIA GeForce RTX 4090, 57 %, 19 %, 19206 MiB, 49140 MiB, 290.36 W, 58
2026/08/14 03:44:54.508, NVIDIA GeForce RTX 4090, 60 %, 24 %, 19206 MiB, 49140 MiB, 285.47 W, 59
2026/08/14 03:44:55.508, NVIDIA GeForce RTX 4090, 64 %, 38 %, 19206 MiB, 49140 MiB, 281.31 W, 60
2026/08/14 03:44:56.508, NVIDIA GeForce RTX 4090, 69 %, 41 %, 19206 MiB, 49140 MiB, 283.87 W, 63
2026/08/14 03:44:57.509, NVIDIA GeForce RTX 4090, 52 %, 25 %, 19206 MiB, 49140 MiB, 300.63 W, 59
2026/08/14 03:44:58.509, NVIDIA GeForce RTX 4090, 42 %, 15 %, 19206 MiB, 49140 MiB, 286.15 W, 57
2026/08/14 03:44:59.583, NVIDIA GeForce RTX 4090, 49 %, 17 %, 19206 MiB, 49140 MiB, 284.69 W, 58
2026/08/14 03:45:00.584, NVIDIA GeForce RTX 4090, 77 %, 39 %, 19206 MiB, 49140 MiB, 285.94 W, 60
2026/08/14 03:45:01.584, NVIDIA GeForce RTX 4090, 68 %, 42 %, 19206 MiB, 49140 MiB, 293.83 W, 63
2026/08/14 03:45:02.584, NVIDIA GeForce RTX 4090, 39 %, 14 %, 19206 MiB, 49140 MiB, 312.50 W, 58
2026/08/14 03:45:03.584, NVIDIA GeForce RTX 4090, 43 %, 15 %, 19206 MiB, 49140 MiB, 279.53 W, 58
2026/08/14 03:45:04.584, NVIDIA GeForce RTX 4090, 57 %, 20 %, 19206 MiB, 49140 MiB, 279.99 W, 58
2026/08/14 03:45:05.585, NVIDIA GeForce RTX 4090, 62 %, 31 %, 19206 MiB, 49140 MiB, 283.52 W, 61
2026/08/14 03:45:06.585, NVIDIA GeForce RTX 4090, 70 %, 42 %, 19206 MiB, 49140 MiB, 295.47 W, 63
2026/08/14 03:45:07.585, NVIDIA GeForce RTX 4090, 53 %, 25 %, 19206 MiB, 49140 MiB, 297.36 W, 59
2026/08/14 03:45:08.585, NVIDIA GeForce RTX 4090, 45 %, 15 %, 19206 MiB, 49140 MiB, 281.34 W, 57
2026/08/14 03:45:09.585, NVIDIA GeForce RTX 4090, 45 %, 15 %, 19206 MiB, 49140 MiB, 285.53 W, 57
2026/08/14 03:45:10.586, NVIDIA GeForce RTX 4090, 60 %, 31 %, 19206 MiB, 49140 MiB, 292.86 W, 60
2026/08/14 03:45:11.586, NVIDIA GeForce RTX 4090, 66 %, 43 %, 19206 MiB, 49140 MiB, 294.27 W, 63
2026/08/14 03:45:12.586, NVIDIA GeForce RTX 4090, 88 %, 46 %, 19206 MiB, 49140 MiB, 292.02 W, 59
2026/08/14 03:45:13.587, NVIDIA GeForce RTX 4090, 32 %, 12 %, 19206 MiB, 49140 MiB, 289.23 W, 57
2026/08/14 03:45:14.587, NVIDIA GeForce RTX 4090, 52 %, 19 %, 19206 MiB, 49140 MiB, 271.18 W, 57
2026/08/14 03:45:15.587, NVIDIA GeForce RTX 4090, 28 %, 9 %, 19206 MiB, 49140 MiB, 267.56 W, 56
2026/08/14 03:45:16.587, NVIDIA GeForce RTX 4090, 47 %, 18 %, 19206 MiB, 49140 MiB, 275.14 W, 57
2026/08/14 03:45:17.588, NVIDIA GeForce RTX 4090, 56 %, 29 %, 19206 MiB, 49140 MiB, 272.71 W, 60
2026/08/14 03:45:18.588, NVIDIA GeForce RTX 4090, 65 %, 42 %, 19206 MiB, 49140 MiB, 290.49 W, 64
2026/08/14 03:45:19.588, NVIDIA GeForce RTX 4090, 65 %, 32 %, 19206 MiB, 49140 MiB, 287.09 W, 58
2026/08/14 03:45:20.588, NVIDIA GeForce RTX 4090, 44 %, 17 %, 19206 MiB, 49140 MiB, 281.52 W, 58
2026/08/14 03:45:21.589, NVIDIA GeForce RTX 4090, 52 %, 19 %, 19206 MiB, 49140 MiB, 273.92 W, 57
2026/08/14 03:45:22.589, NVIDIA GeForce RTX 4090, 48 %, 16 %, 19206 MiB, 49140 MiB, 273.13 W, 57
2026/08/14 03:45:23.589, NVIDIA GeForce RTX 4090, 55 %, 23 %, 19206 MiB, 49140 MiB, 282.46 W, 65
2026/08/14 03:45:24.590, NVIDIA GeForce RTX 4090, 69 %, 39 %, 19206 MiB, 49140 MiB, 287.11 W, 65
2026/08/14 03:45:25.590, NVIDIA GeForce RTX 4090, 50 %, 25 %, 19206 MiB, 49140 MiB, 307.49 W, 59
2026/08/14 03:45:26.590, NVIDIA GeForce RTX 4090, 29 %, 10 %, 19206 MiB, 49140 MiB, 272.84 W, 57
2026/08/14 03:45:27.590, NVIDIA GeForce RTX 4090, 44 %, 15 %, 19206 MiB, 49140 MiB, 268.38 W, 57
2026/08/14 03:45:28.590, NVIDIA GeForce RTX 4090, 100 %, 51 %, 19206 MiB, 49140 MiB, 346.97 W, 68
2026/08/14 03:45:29.591, NVIDIA GeForce RTX 4090, 93 %, 53 %, 19206 MiB, 49140 MiB, 310.76 W, 61
2026/08/14 03:45:30.591, NVIDIA GeForce RTX 4090, 36 %, 15 %, 19206 MiB, 49140 MiB, 293.28 W, 58
2026/08/14 03:45:31.591, NVIDIA GeForce RTX 4090, 40 %, 15 %, 19206 MiB, 49140 MiB, 267.05 W, 58
2026/08/14 03:45:32.592, NVIDIA GeForce RTX 4090, 44 %, 15 %, 19206 MiB, 49140 MiB, 282.20 W, 58
2026/08/14 03:45:33.592, NVIDIA GeForce RTX 4090, 49 %, 19 %, 19206 MiB, 49140 MiB, 289.76 W, 58
2026/08/14 03:45:34.592, NVIDIA GeForce RTX 4090, 55 %, 33 %, 19206 MiB, 49140 MiB, 273.18 W, 62
2026/08/14 03:45:35.592, NVIDIA GeForce RTX 4090, 93 %, 53 %, 19206 MiB, 49140 MiB, 299.38 W, 61
2026/08/14 03:45:36.593, NVIDIA GeForce RTX 4090, 59 %, 28 %, 19206 MiB, 49140 MiB, 284.81 W, 58
2026/08/14 03:45:37.593, NVIDIA GeForce RTX 4090, 42 %, 15 %, 19206 MiB, 49140 MiB, 280.95 W, 58
2026/08/14 03:45:38.593, NVIDIA GeForce RTX 4090, 48 %, 16 %, 19206 MiB, 49140 MiB, 278.36 W, 58
2026/08/14 03:45:39.593, NVIDIA GeForce RTX 4090, 60 %, 29 %, 19206 MiB, 49140 MiB, 284.13 W, 62
2026/08/14 03:45:40.594, NVIDIA GeForce RTX 4090, 68 %, 40 %, 19206 MiB, 49140 MiB, 289.86 W, 67
2026/08/14 03:45:41.594, NVIDIA GeForce RTX 4090, 52 %, 25 %, 19206 MiB, 49140 MiB, 296.85 W, 60
2026/08/14 03:45:42.594, NVIDIA GeForce RTX 4090, 50 %, 19 %, 19206 MiB, 49140 MiB, 276.07 W, 59
2026/08/14 03:45:43.595, NVIDIA GeForce RTX 4090, 38 %, 13 %, 19206 MiB, 49140 MiB, 281.61 W, 58
2026/08/14 03:45:44.595, NVIDIA GeForce RTX 4090, 46 %, 18 %, 19206 MiB, 49140 MiB, 295.14 W, 59
2026/08/14 03:45:45.595, NVIDIA GeForce RTX 4090, 36 %, 13 %, 19206 MiB, 49140 MiB, 278.25 W, 59
2026/08/14 03:45:46.595, NVIDIA GeForce RTX 4090, 45 %, 16 %, 19206 MiB, 49140 MiB, 276.50 W, 59
2026/08/14 03:45:47.596, NVIDIA GeForce RTX 4090, 54 %, 27 %, 19206 MiB, 49140 MiB, 280.88 W, 62
2026/08/14 03:45:48.596, NVIDIA GeForce RTX 4090, 73 %, 43 %, 19206 MiB, 49140 MiB, 288.43 W, 67
2026/08/14 03:45:49.596, NVIDIA GeForce RTX 4090, 91 %, 49 %, 19206 MiB, 49140 MiB, 292.62 W, 61
2026/08/14 03:45:50.597, NVIDIA GeForce RTX 4090, 51 %, 20 %, 19206 MiB, 49140 MiB, 291.45 W, 60
2026/08/14 03:45:51.597, NVIDIA GeForce RTX 4090, 33 %, 12 %, 19206 MiB, 49140 MiB, 282.16 W, 59
2026/08/14 03:45:52.597, NVIDIA GeForce RTX 4090, 42 %, 14 %, 19206 MiB, 49140 MiB, 273.97 W, 59
2026/08/14 03:45:53.597, NVIDIA GeForce RTX 4090, 48 %, 24 %, 19206 MiB, 49140 MiB, 284.38 W, 64
2026/08/14 03:45:54.598, NVIDIA GeForce RTX 4090, 72 %, 43 %, 19206 MiB, 49140 MiB, 291.29 W, 67
2026/08/14 03:45:55.598, NVIDIA GeForce RTX 4090, 53 %, 23 %, 19206 MiB, 49140 MiB, 307.54 W, 60
2026/08/14 03:45:56.598, NVIDIA GeForce RTX 4090, 37 %, 13 %, 19206 MiB, 49140 MiB, 288.01 W, 59
2026/08/14 03:45:57.599, NVIDIA GeForce RTX 4090, 43 %, 15 %, 19206 MiB, 49140 MiB, 275.62 W, 59
2026/08/14 03:45:58.599, NVIDIA GeForce RTX 4090, 53 %, 27 %, 19206 MiB, 49140 MiB, 276.04 W, 64
2026/08/14 03:45:59.599, NVIDIA GeForce RTX 4090, 95 %, 55 %, 19206 MiB, 49140 MiB, 307.76 W, 66
2026/08/14 03:46:00.599, NVIDIA GeForce RTX 4090, 33 %, 11 %, 19206 MiB, 49140 MiB, 306.55 W, 60
2026/08/14 03:46:01.600, NVIDIA GeForce RTX 4090, 34 %, 11 %, 19206 MiB, 49140 MiB, 282.85 W, 59
2026/08/14 03:46:02.600, NVIDIA GeForce RTX 4090, 48 %, 24 %, 19206 MiB, 49140 MiB, 282.33 W, 64
2026/08/14 03:46:03.600, NVIDIA GeForce RTX 4090, 73 %, 44 %, 19206 MiB, 49140 MiB, 285.61 W, 68
2026/08/14 03:46:04.600, NVIDIA GeForce RTX 4090, 57 %, 28 %, 19206 MiB, 49140 MiB, 298.40 W, 62
2026/08/14 03:46:05.601, NVIDIA GeForce RTX 4090, 29 %, 10 %, 19206 MiB, 49140 MiB, 285.18 W, 59
2026/08/14 03:46:06.601, NVIDIA GeForce RTX 4090, 35 %, 12 %, 19206 MiB, 49140 MiB, 272.55 W, 59
2026/08/14 03:46:07.601, NVIDIA GeForce RTX 4090, 41 %, 16 %, 19206 MiB, 49140 MiB, 275.44 W, 60
2026/08/14 03:46:08.601, NVIDIA GeForce RTX 4090, 66 %, 36 %, 19206 MiB, 49140 MiB, 279.71 W, 66
2026/08/14 03:46:09.602, NVIDIA GeForce RTX 4090, 94 %, 54 %, 19206 MiB, 49140 MiB, 296.67 W, 65
2026/08/14 03:46:10.602, NVIDIA GeForce RTX 4090, 100 %, 53 %, 19206 MiB, 49140 MiB, 311.33 W, 69
2026/08/14 03:46:11.602, NVIDIA GeForce RTX 4090, 0 %, 0 %, 19206 MiB, 49140 MiB, 244.97 W, 55
2026/08/14 03:46:12.602, NVIDIA GeForce RTX 4090, 2 %, 0 %, 19206 MiB, 49140 MiB, 105.91 W, 54
2026/08/14 03:46:13.603, NVIDIA GeForce RTX 4090, 27 %, 10 %, 19206 MiB, 49140 MiB, 160.53 W, 57
2026/08/14 03:46:14.603, NVIDIA GeForce RTX 4090, 41 %, 15 %, 19206 MiB, 49140 MiB, 265.25 W, 59
2026/08/14 03:46:15.603, NVIDIA GeForce RTX 4090, 43 %, 14 %, 19206 MiB, 49140 MiB, 265.51 W, 60
2026/08/14 03:46:16.603, NVIDIA GeForce RTX 4090, 43 %, 15 %, 19206 MiB, 49140 MiB, 269.36 W, 59
2026/08/14 03:46:17.604, NVIDIA GeForce RTX 4090, 81 %, 42 %, 19206 MiB, 49140 MiB, 285.85 W, 66
2026/08/14 03:46:18.604, NVIDIA GeForce RTX 4090, 89 %, 48 %, 19206 MiB, 49140 MiB, 307.17 W, 63
2026/08/14 03:46:19.604, NVIDIA GeForce RTX 4090, 35 %, 12 %, 19206 MiB, 49140 MiB, 298.31 W, 60
2026/08/14 03:46:20.605, NVIDIA GeForce RTX 4090, 32 %, 11 %, 19206 MiB, 49140 MiB, 278.69 W, 59
2026/08/14 03:46:21.605, NVIDIA GeForce RTX 4090, 44 %, 17 %, 19206 MiB, 49140 MiB, 278.43 W, 60
2026/08/14 03:46:22.605, NVIDIA GeForce RTX 4090, 66 %, 36 %, 19206 MiB, 49140 MiB, 281.70 W, 67
2026/08/14 03:46:23.605, NVIDIA GeForce RTX 4090, 94 %, 55 %, 19206 MiB, 49140 MiB, 294.26 W, 64
2026/08/14 03:46:24.605, NVIDIA GeForce RTX 4090, 61 %, 27 %, 19206 MiB, 49140 MiB, 298.56 W, 61
2026/08/14 03:46:25.605, NVIDIA GeForce RTX 4090, 36 %, 13 %, 19206 MiB, 49140 MiB, 281.48 W, 60
2026/08/14 03:46:26.606, NVIDIA GeForce RTX 4090, 32 %, 11 %, 19206 MiB, 49140 MiB, 267.95 W, 59
2026/08/14 03:46:27.606, NVIDIA GeForce RTX 4090, 45 %, 16 %, 19206 MiB, 49140 MiB, 269.34 W, 65
2026/08/14 03:46:28.606, NVIDIA GeForce RTX 4090, 74 %, 43 %, 19206 MiB, 49140 MiB, 300.70 W, 66
2026/08/14 03:46:29.606, NVIDIA GeForce RTX 4090, 88 %, 46 %, 19206 MiB, 49140 MiB, 304.31 W, 64
2026/08/14 03:46:30.606, NVIDIA GeForce RTX 4090, 43 %, 20 %, 19206 MiB, 49140 MiB, 270.10 W, 59
2026/08/14 03:46:31.607, NVIDIA GeForce RTX 4090, 37 %, 13 %, 19206 MiB, 49140 MiB, 279.23 W, 60
2026/08/14 03:46:32.607, NVIDIA GeForce RTX 4090, 30 %, 10 %, 19206 MiB, 49140 MiB, 274.93 W, 59
2026/08/14 03:46:33.607, NVIDIA GeForce RTX 4090, 40 %, 14 %, 19206 MiB, 49140 MiB, 271.32 W, 61
2026/08/14 03:46:34.607, NVIDIA GeForce RTX 4090, 49 %, 24 %, 19206 MiB, 49140 MiB, 281.10 W, 67
2026/08/14 03:46:35.607, NVIDIA GeForce RTX 4090, 73 %, 45 %, 19206 MiB, 49140 MiB, 291.51 W, 68
2026/08/14 03:46:36.608, NVIDIA GeForce RTX 4090, 87 %, 46 %, 19206 MiB, 49140 MiB, 293.54 W, 65
2026/08/14 03:46:37.608, NVIDIA GeForce RTX 4090, 61 %, 29 %, 19206 MiB, 49140 MiB, 287.86 W, 61
2026/08/14 03:46:38.608, NVIDIA GeForce RTX 4090, 39 %, 13 %, 19206 MiB, 49140 MiB, 279.36 W, 60
2026/08/14 03:46:39.608, NVIDIA GeForce RTX 4090, 38 %, 13 %, 19206 MiB, 49140 MiB, 279.74 W, 60
2026/08/14 03:46:40.608, NVIDIA GeForce RTX 4090, 41 %, 14 %, 19206 MiB, 49140 MiB, 272.27 W, 61
2026/08/14 03:46:41.608, NVIDIA GeForce RTX 4090, 49 %, 22 %, 19206 MiB, 49140 MiB, 283.93 W, 67
2026/08/14 03:46:42.609, NVIDIA GeForce RTX 4090, 74 %, 43 %, 19206 MiB, 49140 MiB, 282.10 W, 66
2026/08/14 03:46:43.609, NVIDIA GeForce RTX 4090, 88 %, 47 %, 19206 MiB, 49140 MiB, 303.92 W, 65
2026/08/14 03:46:44.609, NVIDIA GeForce RTX 4090, 60 %, 29 %, 19206 MiB, 49140 MiB, 281.82 W, 62
2026/08/14 03:46:45.609, NVIDIA GeForce RTX 4090, 40 %, 14 %, 19206 MiB, 49140 MiB, 282.51 W, 61
2026/08/14 03:46:46.609, NVIDIA GeForce RTX 4090, 43 %, 14 %, 19206 MiB, 49140 MiB, 277.42 W, 62
2026/08/14 03:46:47.610, NVIDIA GeForce RTX 4090, 47 %, 20 %, 19206 MiB, 49140 MiB, 285.81 W, 66
2026/08/14 03:46:48.610, NVIDIA GeForce RTX 4090, 74 %, 45 %, 19206 MiB, 49140 MiB, 295.38 W, 69
2026/08/14 03:46:49.610, NVIDIA GeForce RTX 4090, 81 %, 40 %, 19206 MiB, 49140 MiB, 310.07 W, 62
2026/08/14 03:46:50.610, NVIDIA GeForce RTX 4090, 25 %, 9 %, 19206 MiB, 49140 MiB, 282.59 W, 60
2026/08/14 03:46:51.610, NVIDIA GeForce RTX 4090, 46 %, 16 %, 19206 MiB, 49140 MiB, 280.41 W, 61
2026/08/14 03:46:52.610, NVIDIA GeForce RTX 4090, 39 %, 14 %, 19206 MiB, 49140 MiB, 278.68 W, 62
2026/08/14 03:46:53.610, NVIDIA GeForce RTX 4090, 51 %, 20 %, 19206 MiB, 49140 MiB, 271.70 W, 63
2026/08/14 03:46:54.611, NVIDIA GeForce RTX 4090, 60 %, 30 %, 19206 MiB, 49140 MiB, 277.81 W, 67
2026/08/14 03:46:55.611, NVIDIA GeForce RTX 4090, 75 %, 44 %, 19206 MiB, 49140 MiB, 285.45 W, 69
2026/08/14 03:46:56.611, NVIDIA GeForce RTX 4090, 99 %, 51 %, 19206 MiB, 49140 MiB, 297.65 W, 69
2026/08/14 03:46:57.611, NVIDIA GeForce RTX 4090, 35 %, 12 %, 19206 MiB, 49140 MiB, 355.19 W, 62
2026/08/14 03:46:58.611, NVIDIA GeForce RTX 4090, 40 %, 14 %, 19206 MiB, 49140 MiB, 278.15 W, 62
2026/08/14 03:46:59.611, NVIDIA GeForce RTX 4090, 45 %, 17 %, 19206 MiB, 49140 MiB, 266.81 W, 61
2026/08/14 03:47:00.612, NVIDIA GeForce RTX 4090, 94 %, 48 %, 19206 MiB, 49140 MiB, 294.21 W, 68
2026/08/14 03:47:01.683, NVIDIA GeForce RTX 4090, 88 %, 47 %, 19206 MiB, 49140 MiB, 313.10 W, 68
2026/08/14 03:47:02.684, NVIDIA GeForce RTX 4090, 52 %, 25 %, 19206 MiB, 49140 MiB, 281.04 W, 61
2026/08/14 03:47:03.684, NVIDIA GeForce RTX 4090, 44 %, 16 %, 19206 MiB, 49140 MiB, 277.62 W, 61
2026/08/14 03:47:04.684, NVIDIA GeForce RTX 4090, 43 %, 14 %, 19206 MiB, 49140 MiB, 284.57 W, 62
2026/08/14 03:47:05.684, NVIDIA GeForce RTX 4090, 46 %, 17 %, 19206 MiB, 49140 MiB, 275.17 W, 62
2026/08/14 03:47:06.684, NVIDIA GeForce RTX 4090, 60 %, 29 %, 19206 MiB, 49140 MiB, 285.32 W, 67
2026/08/14 03:47:07.684, NVIDIA GeForce RTX 4090, 93 %, 52 %, 19206 MiB, 49140 MiB, 301.19 W, 68
2026/08/14 03:47:08.685, NVIDIA GeForce RTX 4090, 58 %, 28 %, 19206 MiB, 49140 MiB, 300.50 W, 63
2026/08/14 03:47:09.685, NVIDIA GeForce RTX 4090, 44 %, 15 %, 19206 MiB, 49140 MiB, 279.31 W, 61
2026/08/14 03:47:10.685, NVIDIA GeForce RTX 4090, 45 %, 15 %, 19206 MiB, 49140 MiB, 279.76 W, 61
2026/08/14 03:47:11.685, NVIDIA GeForce RTX 4090, 47 %, 17 %, 19206 MiB, 49140 MiB, 275.26 W, 62
2026/08/14 03:47:12.686, NVIDIA GeForce RTX 4090, 46 %, 18 %, 19206 MiB, 49140 MiB, 275.11 W, 67
2026/08/14 03:47:13.686, NVIDIA GeForce RTX 4090, 74 %, 42 %, 19206 MiB, 49140 MiB, 293.50 W, 68
2026/08/14 03:47:14.686, NVIDIA GeForce RTX 4090, 62 %, 34 %, 19206 MiB, 49140 MiB, 302.88 W, 65
2026/08/14 03:47:15.687, NVIDIA GeForce RTX 4090, 41 %, 14 %, 19206 MiB, 49140 MiB, 285.37 W, 62
2026/08/14 03:47:16.687, NVIDIA GeForce RTX 4090, 44 %, 15 %, 19206 MiB, 49140 MiB, 272.78 W, 61
2026/08/14 03:47:17.687, NVIDIA GeForce RTX 4090, 39 %, 13 %, 19206 MiB, 49140 MiB, 274.43 W, 63
2026/08/14 03:47:18.688, NVIDIA GeForce RTX 4090, 60 %, 29 %, 19206 MiB, 49140 MiB, 298.28 W, 67
2026/08/14 03:47:19.688, NVIDIA GeForce RTX 4090, 93 %, 52 %, 19206 MiB, 49140 MiB, 302.24 W, 70
2026/08/14 03:47:20.688, NVIDIA GeForce RTX 4090, 55 %, 26 %, 19206 MiB, 49140 MiB, 278.06 W, 62
2026/08/14 03:47:21.689, NVIDIA GeForce RTX 4090, 41 %, 14 %, 19206 MiB, 49140 MiB, 282.90 W, 61
2026/08/14 03:47:22.689, NVIDIA GeForce RTX 4090, 32 %, 12 %, 19206 MiB, 49140 MiB, 278.26 W, 63
2026/08/14 03:47:23.689, NVIDIA GeForce RTX 4090, 51 %, 28 %, 19206 MiB, 49140 MiB, 283.77 W, 68
2026/08/14 03:47:24.690, NVIDIA GeForce RTX 4090, 94 %, 54 %, 19206 MiB, 49140 MiB, 305.81 W, 68
2026/08/14 03:47:25.690, NVIDIA GeForce RTX 4090, 53 %, 26 %, 19206 MiB, 49140 MiB, 301.22 W, 68
2026/08/14 03:47:26.690, NVIDIA GeForce RTX 4090, 32 %, 11 %, 19206 MiB, 49140 MiB, 283.24 W, 63
2026/08/14 03:47:27.691, NVIDIA GeForce RTX 4090, 36 %, 11 %, 19206 MiB, 49140 MiB, 280.69 W, 62
2026/08/14 03:47:28.691, NVIDIA GeForce RTX 4090, 37 %, 14 %, 19206 MiB, 49140 MiB, 280.62 W, 63
2026/08/14 03:47:29.691, NVIDIA GeForce RTX 4090, 66 %, 38 %, 19206 MiB, 49140 MiB, 294.36 W, 67
2026/08/14 03:47:30.691, NVIDIA GeForce RTX 4090, 56 %, 32 %, 19206 MiB, 49140 MiB, 301.42 W, 69
2026/08/14 03:47:31.692, NVIDIA GeForce RTX 4090, 33 %, 12 %, 19206 MiB, 49140 MiB, 281.87 W, 62
2026/08/14 03:47:32.692, NVIDIA GeForce RTX 4090, 38 %, 13 %, 19206 MiB, 49140 MiB, 284.33 W, 63
2026/08/14 03:47:33.692, NVIDIA GeForce RTX 4090, 44 %, 17 %, 19206 MiB, 49140 MiB, 281.85 W, 64
2026/08/14 03:47:34.693, NVIDIA GeForce RTX 4090, 70 %, 39 %, 19206 MiB, 49140 MiB, 288.38 W, 67
2026/08/14 03:47:35.693, NVIDIA GeForce RTX 4090, 91 %, 45 %, 19206 MiB, 49140 MiB, 319.39 W, 67
2026/08/14 03:47:36.693, NVIDIA GeForce RTX 4090, 28 %, 10 %, 19206 MiB, 49140 MiB, 292.81 W, 63
2026/08/14 03:47:37.693, NVIDIA GeForce RTX 4090, 38 %, 13 %, 19206 MiB, 49140 MiB, 270.88 W, 63
2026/08/14 03:47:38.693, NVIDIA GeForce RTX 4090, 39 %, 14 %, 19206 MiB, 49140 MiB, 272.07 W, 61
2026/08/14 03:47:39.694, NVIDIA GeForce RTX 4090, 41 %, 16 %, 19206 MiB, 49140 MiB, 273.76 W, 63
2026/08/14 03:47:40.694, NVIDIA GeForce RTX 4090, 0 %, 0 %, 19206 MiB, 49140 MiB, 325.96 W, 58
2026/08/14 03:47:41.694, NVIDIA GeForce RTX 4090, 0 %, 0 %, 19206 MiB, 49140 MiB, 107.33 W, 56
2026/08/14 03:47:42.694, NVIDIA GeForce RTX 4090, 0 %, 0 %, 19206 MiB, 49140 MiB, 99.49 W, 54
2026/08/14 03:47:43.694, NVIDIA GeForce RTX 4090, 36 %, 13 %, 19206 MiB, 49140 MiB, 200.85 W, 63
2026/08/14 03:47:44.694, NVIDIA GeForce RTX 4090, 54 %, 28 %, 19206 MiB, 49140 MiB, 278.05 W, 66
2026/08/14 03:47:45.695, NVIDIA GeForce RTX 4090, 33 %, 19 %, 19206 MiB, 49140 MiB, 275.11 W, 62
2026/08/14 03:47:46.695, NVIDIA GeForce RTX 4090, 71 %, 39 %, 19206 MiB, 49140 MiB, 269.33 W, 67
2026/08/14 03:47:47.695, NVIDIA GeForce RTX 4090, 94 %, 52 %, 19206 MiB, 49140 MiB, 293.96 W, 66
2026/08/14 03:47:48.695, NVIDIA GeForce RTX 4090, 54 %, 22 %, 19206 MiB, 49140 MiB, 294.83 W, 67
2026/08/14 03:47:49.696, NVIDIA GeForce RTX 4090, 28 %, 10 %, 19206 MiB, 49140 MiB, 281.18 W, 62
2026/08/14 03:47:50.696, NVIDIA GeForce RTX 4090, 31 %, 12 %, 19206 MiB, 49140 MiB, 284.89 W, 64
2026/08/14 03:47:51.696, NVIDIA GeForce RTX 4090, 52 %, 27 %, 19206 MiB, 49140 MiB, 283.66 W, 66
2026/08/14 03:47:52.696, NVIDIA GeForce RTX 4090, 98 %, 54 %, 19206 MiB, 49140 MiB, 302.97 W, 67
2026/08/14 03:47:53.696, NVIDIA GeForce RTX 4090, 51 %, 25 %, 19206 MiB, 49140 MiB, 287.78 W, 68
2026/08/14 03:47:54.697, NVIDIA GeForce RTX 4090, 27 %, 11 %, 19206 MiB, 49140 MiB, 273.63 W, 62
2026/08/14 03:47:55.697, NVIDIA GeForce RTX 4090, 36 %, 13 %, 19206 MiB, 49140 MiB, 270.92 W, 62
2026/08/14 03:47:56.697, NVIDIA GeForce RTX 4090, 32 %, 10 %, 19206 MiB, 49140 MiB, 284.16 W, 62
2026/08/14 03:47:57.697, NVIDIA GeForce RTX 4090, 31 %, 13 %, 19206 MiB, 49140 MiB, 280.60 W, 64
2026/08/14 03:47:58.697, NVIDIA GeForce RTX 4090, 69 %, 38 %, 19206 MiB, 49140 MiB, 294.64 W, 67
2026/08/14 03:47:59.698, NVIDIA GeForce RTX 4090, 92 %, 51 %, 19206 MiB, 49140 MiB, 293.90 W, 67
2026/08/14 03:48:00.698, NVIDIA GeForce RTX 4090, 51 %, 25 %, 19206 MiB, 49140 MiB, 279.21 W, 68
2026/08/14 03:48:01.698, NVIDIA GeForce RTX 4090, 18 %, 6 %, 19206 MiB, 49140 MiB, 273.67 W, 61
2026/08/14 03:48:02.698, NVIDIA GeForce RTX 4090, 34 %, 12 %, 19206 MiB, 49140 MiB, 271.69 W, 63
2026/08/14 03:48:03.699, NVIDIA GeForce RTX 4090, 32 %, 11 %, 19206 MiB, 49140 MiB, 275.81 W, 62
2026/08/14 03:48:04.699, NVIDIA GeForce RTX 4090, 35 %, 13 %, 19206 MiB, 49140 MiB, 274.00 W, 67
2026/08/14 03:48:05.699, NVIDIA GeForce RTX 4090, 52 %, 26 %, 19206 MiB, 49140 MiB, 280.73 W, 66
2026/08/14 03:48:06.699, NVIDIA GeForce RTX 4090, 98 %, 56 %, 19206 MiB, 49140 MiB, 306.45 W, 68
2026/08/14 03:48:07.699, NVIDIA GeForce RTX 4090, 42 %, 16 %, 19206 MiB, 49140 MiB, 305.85 W, 68
2026/08/14 03:48:08.700, NVIDIA GeForce RTX 4090, 33 %, 12 %, 19206 MiB, 49140 MiB, 275.78 W, 64
2026/08/14 03:48:09.700, NVIDIA GeForce RTX 4090, 35 %, 12 %, 19206 MiB, 49140 MiB, 269.16 W, 63
2026/08/14 03:48:10.700, NVIDIA GeForce RTX 4090, 34 %, 11 %, 19206 MiB, 49140 MiB, 275.23 W, 63
2026/08/14 03:48:11.700, NVIDIA GeForce RTX 4090, 30 %, 11 %, 19206 MiB, 49140 MiB, 280.57 W, 64
2026/08/14 03:48:12.700, NVIDIA GeForce RTX 4090, 71 %, 39 %, 19206 MiB, 49140 MiB, 294.76 W, 67
2026/08/14 03:48:13.701, NVIDIA GeForce RTX 4090, 86 %, 45 %, 19206 MiB, 49140 MiB, 311.55 W, 68
2026/08/14 03:48:14.701, NVIDIA GeForce RTX 4090, 17 %, 6 %, 19206 MiB, 49140 MiB, 290.14 W, 64
2026/08/14 03:48:15.701, NVIDIA GeForce RTX 4090, 33 %, 11 %, 19206 MiB, 49140 MiB, 284.66 W, 64
2026/08/14 03:48:16.701, NVIDIA GeForce RTX 4090, 45 %, 17 %, 19206 MiB, 49140 MiB, 274.31 W, 67
2026/08/14 03:48:17.702, NVIDIA GeForce RTX 4090, 53 %, 25 %, 19206 MiB, 49140 MiB, 283.19 W, 66
2026/08/14 03:48:18.702, NVIDIA GeForce RTX 4090, 71 %, 39 %, 19206 MiB, 49140 MiB, 285.30 W, 67
2026/08/14 03:48:19.702, NVIDIA GeForce RTX 4090, 49 %, 26 %, 19206 MiB, 49140 MiB, 301.62 W, 68
2026/08/14 03:48:20.702, NVIDIA GeForce RTX 4090, 24 %, 10 %, 19206 MiB, 49140 MiB, 277.99 W, 63
2026/08/14 03:48:21.703, NVIDIA GeForce RTX 4090, 16 %, 6 %, 19206 MiB, 49140 MiB, 267.72 W, 61
2026/08/14 03:48:22.703, NVIDIA GeForce RTX 4090, 37 %, 13 %, 19206 MiB, 49140 MiB, 274.06 W, 65
2026/08/14 03:48:23.703, NVIDIA GeForce RTX 4090, 45 %, 17 %, 19206 MiB, 49140 MiB, 279.84 W, 67
2026/08/14 03:48:24.703, NVIDIA GeForce RTX 4090, 70 %, 37 %, 19206 MiB, 49140 MiB, 291.10 W, 67
2026/08/14 03:48:25.703, NVIDIA GeForce RTX 4090, 84 %, 44 %, 19206 MiB, 49140 MiB, 322.51 W, 68
2026/08/14 03:48:26.704, NVIDIA GeForce RTX 4090, 100 %, 54 %, 19206 MiB, 49140 MiB, 312.20 W, 69
2026/08/14 03:48:27.704, NVIDIA GeForce RTX 4090, 40 %, 14 %, 19206 MiB, 49140 MiB, 327.73 W, 68
2026/08/14 03:48:28.704, NVIDIA GeForce RTX 4090, 62 %, 37 %, 19206 MiB, 49140 MiB, 297.39 W, 67
2026/08/14 03:48:29.704, NVIDIA GeForce RTX 4090, 92 %, 53 %, 19206 MiB, 49140 MiB, 307.05 W, 66
2026/08/14 03:48:30.705, NVIDIA GeForce RTX 4090, 52 %, 25 %, 19206 MiB, 49140 MiB, 291.68 W, 68
2026/08/14 03:48:31.705, NVIDIA GeForce RTX 4090, 39 %, 14 %, 19206 MiB, 49140 MiB, 279.25 W, 68
2026/08/14 03:48:32.705, NVIDIA GeForce RTX 4090, 26 %, 9 %, 19206 MiB, 49140 MiB, 278.93 W, 67
2026/08/14 03:48:33.705, NVIDIA GeForce RTX 4090, 49 %, 17 %, 19206 MiB, 49140 MiB, 270.11 W, 68
2026/08/14 03:48:34.705, NVIDIA GeForce RTX 4090, 37 %, 15 %, 19206 MiB, 49140 MiB, 285.12 W, 67
2026/08/14 03:48:35.706, NVIDIA GeForce RTX 4090, 63 %, 37 %, 19206 MiB, 49140 MiB, 298.35 W, 68
2026/08/14 03:48:36.706, NVIDIA GeForce RTX 4090, 92 %, 53 %, 19206 MiB, 49140 MiB, 298.40 W, 66
2026/08/14 03:48:37.706, NVIDIA GeForce RTX 4090, 37 %, 14 %, 19206 MiB, 49140 MiB, 300.06 W, 70
2026/08/14 03:48:38.706, NVIDIA GeForce RTX 4090, 9 %, 3 %, 19206 MiB, 49140 MiB, 273.71 W, 61
2026/08/14 03:48:39.706, NVIDIA GeForce RTX 4090, 23 %, 8 %, 19206 MiB, 49140 MiB, 265.71 W, 65
2026/08/14 03:48:40.706, NVIDIA GeForce RTX 4090, 42 %, 16 %, 19206 MiB, 49140 MiB, 280.30 W, 68
2026/08/14 03:48:41.707, NVIDIA GeForce RTX 4090, 70 %, 37 %, 19206 MiB, 49140 MiB, 290.29 W, 67
2026/08/14 03:48:42.707, NVIDIA GeForce RTX 4090, 92 %, 53 %, 19206 MiB, 49140 MiB, 304.90 W, 66
2026/08/14 03:48:43.707, NVIDIA GeForce RTX 4090, 53 %, 25 %, 19206 MiB, 49140 MiB, 296.66 W, 66
2026/08/14 03:48:44.707, NVIDIA GeForce RTX 4090, 24 %, 8 %, 19206 MiB, 49140 MiB, 273.88 W, 64
2026/08/14 03:48:45.707, NVIDIA GeForce RTX 4090, 37 %, 12 %, 19206 MiB, 49140 MiB, 280.06 W, 65
2026/08/14 03:48:46.708, NVIDIA GeForce RTX 4090, 44 %, 16 %, 19206 MiB, 49140 MiB, 280.37 W, 68
2026/08/14 03:48:47.708, NVIDIA GeForce RTX 4090, 98 %, 57 %, 19206 MiB, 49140 MiB, 320.31 W, 69
2026/08/14 03:48:48.708, NVIDIA GeForce RTX 4090, 53 %, 26 %, 19206 MiB, 49140 MiB, 300.34 W, 66
2026/08/14 03:48:49.708, NVIDIA GeForce RTX 4090, 17 %, 6 %, 19206 MiB, 49140 MiB, 282.17 W, 69
2026/08/14 03:48:50.709, NVIDIA GeForce RTX 4090, 37 %, 12 %, 19206 MiB, 49140 MiB, 276.62 W, 68
2026/08/14 03:48:51.709, NVIDIA GeForce RTX 4090, 44 %, 16 %, 19206 MiB, 49140 MiB, 279.43 W, 68
2026/08/14 03:48:52.709, NVIDIA GeForce RTX 4090, 54 %, 22 %, 19206 MiB, 49140 MiB, 280.99 W, 67
2026/08/14 03:48:53.710, NVIDIA GeForce RTX 4090, 66 %, 35 %, 19206 MiB, 49140 MiB, 286.55 W, 66
2026/08/14 03:48:54.710, NVIDIA GeForce RTX 4090, 47 %, 23 %, 19206 MiB, 49140 MiB, 302.64 W, 67
2026/08/14 03:48:55.710, NVIDIA GeForce RTX 4090, 39 %, 15 %, 19206 MiB, 49140 MiB, 276.04 W, 68
2026/08/14 03:48:56.711, NVIDIA GeForce RTX 4090, 12 %, 4 %, 19206 MiB, 49140 MiB, 270.62 W, 66
2026/08/14 03:48:57.711, NVIDIA GeForce RTX 4090, 33 %, 11 %, 19206 MiB, 49140 MiB, 270.96 W, 68
2026/08/14 03:48:58.711, NVIDIA GeForce RTX 4090, 38 %, 14 %, 19206 MiB, 49140 MiB, 278.04 W, 67
2026/08/14 03:48:59.711, NVIDIA GeForce RTX 4090, 69 %, 37 %, 19206 MiB, 49140 MiB, 291.82 W, 66
2026/08/14 03:49:00.712, NVIDIA GeForce RTX 4090, 84 %, 42 %, 19206 MiB, 49140 MiB, 310.19 W, 70
2026/08/14 03:49:01.712, NVIDIA GeForce RTX 4090, 32 %, 11 %, 19206 MiB, 49140 MiB, 294.29 W, 68
2026/08/14 03:49:02.783, NVIDIA GeForce RTX 4090, 31 %, 10 %, 19206 MiB, 49140 MiB, 277.73 W, 68
2026/08/14 03:49:03.784, NVIDIA GeForce RTX 4090, 23 %, 9 %, 19206 MiB, 49140 MiB, 278.11 W, 67
2026/08/14 03:49:04.784, NVIDIA GeForce RTX 4090, 70 %, 38 %, 19206 MiB, 49140 MiB, 291.72 W, 66
2026/08/14 03:49:05.784, NVIDIA GeForce RTX 4090, 84 %, 42 %, 19206 MiB, 49140 MiB, 310.68 W, 70
2026/08/14 03:49:06.785, NVIDIA GeForce RTX 4090, 34 %, 12 %, 19206 MiB, 49140 MiB, 287.89 W, 66
2026/08/14 03:49:07.785, NVIDIA GeForce RTX 4090, 37 %, 13 %, 19206 MiB, 49140 MiB, 266.99 W, 68
2026/08/14 03:49:08.785, NVIDIA GeForce RTX 4090, 40 %, 13 %, 19206 MiB, 49140 MiB, 276.60 W, 67
2026/08/14 03:49:09.786, NVIDIA GeForce RTX 4090, 70 %, 34 %, 19206 MiB, 49140 MiB, 295.90 W, 67
2026/08/14 03:49:10.786, NVIDIA GeForce RTX 4090, 0 %, 0 %, 19206 MiB, 49140 MiB, 316.79 W, 57
2026/08/14 03:49:11.786, NVIDIA GeForce RTX 4090, 0 %, 0 %, 19206 MiB, 49140 MiB, 106.96 W, 56
2026/08/14 03:49:12.786, NVIDIA GeForce RTX 4090, 0 %, 0 %, 19206 MiB, 49140 MiB, 99.09 W, 54
2026/08/14 03:49:13.786, NVIDIA GeForce RTX 4090, 42 %, 14 %, 19206 MiB, 49140 MiB, 188.74 W, 65
2026/08/14 03:49:14.787, NVIDIA GeForce RTX 4090, 39 %, 15 %, 19206 MiB, 49140 MiB, 274.45 W, 66
2026/08/14 03:49:15.787, NVIDIA GeForce RTX 4090, 72 %, 40 %, 19206 MiB, 49140 MiB, 291.86 W, 65
2026/08/14 03:49:16.787, NVIDIA GeForce RTX 4090, 77 %, 46 %, 19206 MiB, 49140 MiB, 281.89 W, 66
2026/08/14 03:49:17.787, NVIDIA GeForce RTX 4090, 54 %, 26 %, 19206 MiB, 49140 MiB, 292.61 W, 66
2026/08/14 03:49:18.787, NVIDIA GeForce RTX 4090, 39 %, 14 %, 19206 MiB, 49140 MiB, 297.60 W, 67
2026/08/14 03:49:19.787, NVIDIA GeForce RTX 4090, 41 %, 13 %, 19206 MiB, 49140 MiB, 286.13 W, 66
2026/08/14 03:49:20.788, NVIDIA GeForce RTX 4090, 72 %, 35 %, 19206 MiB, 49140 MiB, 296.66 W, 65
2026/08/14 03:49:21.788, NVIDIA GeForce RTX 4090, 92 %, 53 %, 19206 MiB, 49140 MiB, 304.27 W, 66
2026/08/14 03:49:22.788, NVIDIA GeForce RTX 4090, 56 %, 20 %, 19206 MiB, 49140 MiB, 305.95 W, 66
2026/08/14 03:49:23.789, NVIDIA GeForce RTX 4090, 41 %, 14 %, 19206 MiB, 49140 MiB, 283.48 W, 67
2026/08/14 03:49:24.789, NVIDIA GeForce RTX 4090, 32 %, 12 %, 19206 MiB, 49140 MiB, 278.39 W, 66
2026/08/14 03:49:25.789, NVIDIA GeForce RTX 4090, 72 %, 35 %, 19206 MiB, 49140 MiB, 289.12 W, 66
2026/08/14 03:49:26.789, NVIDIA GeForce RTX 4090, 88 %, 45 %, 19206 MiB, 49140 MiB, 322.31 W, 68
2026/08/14 03:49:27.790, NVIDIA GeForce RTX 4090, 38 %, 14 %, 19206 MiB, 49140 MiB, 293.05 W, 65
2026/08/14 03:49:28.790, NVIDIA GeForce RTX 4090, 39 %, 14 %, 19206 MiB, 49140 MiB, 276.06 W, 67
2026/08/14 03:49:29.790, NVIDIA GeForce RTX 4090, 41 %, 15 %, 19206 MiB, 49140 MiB, 286.33 W, 65
2026/08/14 03:49:30.790, NVIDIA GeForce RTX 4090, 75 %, 42 %, 19206 MiB, 49140 MiB, 293.11 W, 65
2026/08/14 03:49:31.791, NVIDIA GeForce RTX 4090, 92 %, 53 %, 19206 MiB, 49140 MiB, 288.64 W, 67
2026/08/14 03:49:32.791, NVIDIA GeForce RTX 4090, 53 %, 25 %, 19206 MiB, 49140 MiB, 295.80 W, 67
2026/08/14 03:49:33.791, NVIDIA GeForce RTX 4090, 35 %, 12 %, 19206 MiB, 49140 MiB, 276.96 W, 66
2026/08/14 03:49:34.791, NVIDIA GeForce RTX 4090, 38 %, 13 %, 19206 MiB, 49140 MiB, 277.86 W, 65
2026/08/14 03:49:35.792, NVIDIA GeForce RTX 4090, 71 %, 25 %, 19206 MiB, 49140 MiB, 280.53 W, 65
2026/08/14 03:49:36.792, NVIDIA GeForce RTX 4090, 98 %, 59 %, 19206 MiB, 49140 MiB, 314.61 W, 65
2026/08/14 03:49:37.792, NVIDIA GeForce RTX 4090, 52 %, 25 %, 19206 MiB, 49140 MiB, 304.42 W, 67
2026/08/14 03:49:38.792, NVIDIA GeForce RTX 4090, 28 %, 10 %, 19206 MiB, 49140 MiB, 290.07 W, 67
2026/08/14 03:49:39.793, NVIDIA GeForce RTX 4090, 49 %, 17 %, 19206 MiB, 49140 MiB, 278.13 W, 66
2026/08/14 03:49:40.793, NVIDIA GeForce RTX 4090, 61 %, 24 %, 19206 MiB, 49140 MiB, 279.63 W, 64
2026/08/14 03:49:41.793, NVIDIA GeForce RTX 4090, 99 %, 61 %, 19206 MiB, 49140 MiB, 302.46 W, 65
2026/08/14 03:49:42.793, NVIDIA GeForce RTX 4090, 78 %, 35 %, 19206 MiB, 49140 MiB, 307.22 W, 66
2026/08/14 03:49:43.794, NVIDIA GeForce RTX 4090, 37 %, 13 %, 19206 MiB, 49140 MiB, 282.80 W, 65
2026/08/14 03:49:44.794, NVIDIA GeForce RTX 4090, 38 %, 13 %, 19206 MiB, 49140 MiB, 282.73 W, 65
2026/08/14 03:49:45.794, NVIDIA GeForce RTX 4090, 79 %, 38 %, 19206 MiB, 49140 MiB, 303.17 W, 66
2026/08/14 03:49:46.795, NVIDIA GeForce RTX 4090, 39 %, 21 %, 19206 MiB, 49140 MiB, 316.10 W, 65
2026/08/14 03:49:47.795, NVIDIA GeForce RTX 4090, 42 %, 17 %, 19206 MiB, 49140 MiB, 278.68 W, 65
2026/08/14 03:49:48.795, NVIDIA GeForce RTX 4090, 61 %, 21 %, 19206 MiB, 49140 MiB, 289.99 W, 65
2026/08/14 03:49:49.795, NVIDIA GeForce RTX 4090, 49 %, 17 %, 19206 MiB, 49140 MiB, 279.70 W, 65
2026/08/14 03:49:50.795, NVIDIA GeForce RTX 4090, 77 %, 37 %, 19206 MiB, 49140 MiB, 288.13 W, 66
2026/08/14 03:49:51.796, NVIDIA GeForce RTX 4090, 88 %, 50 %, 19206 MiB, 49140 MiB, 302.91 W, 69
2026/08/14 03:49:52.796, NVIDIA GeForce RTX 4090, 25 %, 10 %, 19206 MiB, 49140 MiB, 294.38 W, 66
2026/08/14 03:49:53.796, NVIDIA GeForce RTX 4090, 45 %, 16 %, 19206 MiB, 49140 MiB, 282.34 W, 66
2026/08/14 03:49:54.796, NVIDIA GeForce RTX 4090, 67 %, 24 %, 19206 MiB, 49140 MiB, 280.29 W, 66
2026/08/14 03:49:55.797, NVIDIA GeForce RTX 4090, 70 %, 37 %, 19206 MiB, 49140 MiB, 382.78 W, 67
2026/08/14 03:49:56.797, NVIDIA GeForce RTX 4090, 40 %, 15 %, 19206 MiB, 49140 MiB, 283.22 W, 66
2026/08/14 03:49:57.797, NVIDIA GeForce RTX 4090, 43 %, 15 %, 19206 MiB, 49140 MiB, 277.89 W, 67
2026/08/14 03:49:58.797, NVIDIA GeForce RTX 4090, 47 %, 18 %, 19206 MiB, 49140 MiB, 287.93 W, 65
2026/08/14 03:49:59.798, NVIDIA GeForce RTX 4090, 95 %, 58 %, 19206 MiB, 49140 MiB, 307.58 W, 69
2026/08/14 03:50:00.798, NVIDIA GeForce RTX 4090, 85 %, 42 %, 19206 MiB, 49140 MiB, 306.95 W, 69
2026/08/14 03:50:01.798, NVIDIA GeForce RTX 4090, 37 %, 13 %, 19206 MiB, 49140 MiB, 291.51 W, 65
2026/08/14 03:50:02.798, NVIDIA GeForce RTX 4090, 38 %, 13 %, 19206 MiB, 49140 MiB, 278.61 W, 65
2026/08/14 03:50:03.798, NVIDIA GeForce RTX 4090, 50 %, 18 %, 19206 MiB, 49140 MiB, 275.29 W, 66
2026/08/14 03:50:04.799, NVIDIA GeForce RTX 4090, 65 %, 26 %, 19206 MiB, 49140 MiB, 278.29 W, 65
2026/08/14 03:50:05.799, NVIDIA GeForce RTX 4090, 93 %, 57 %, 19206 MiB, 49140 MiB, 299.52 W, 69
2026/08/14 03:50:06.799, NVIDIA GeForce RTX 4090, 72 %, 39 %, 19206 MiB, 49140 MiB, 301.95 W, 68
2026/08/14 03:50:07.799, NVIDIA GeForce RTX 4090, 39 %, 15 %, 19206 MiB, 49140 MiB, 283.93 W, 66
2026/08/14 03:50:08.799, NVIDIA GeForce RTX 4090, 65 %, 21 %, 19206 MiB, 49140 MiB, 289.55 W, 66
2026/08/14 03:50:09.799, NVIDIA GeForce RTX 4090, 62 %, 24 %, 19206 MiB, 49140 MiB, 284.01 W, 65
2026/08/14 03:50:10.800, NVIDIA GeForce RTX 4090, 98 %, 59 %, 19206 MiB, 49140 MiB, 299.64 W, 69
2026/08/14 03:50:11.800, NVIDIA GeForce RTX 4090, 53 %, 25 %, 19206 MiB, 49140 MiB, 306.24 W, 67
2026/08/14 03:50:12.800, NVIDIA GeForce RTX 4090, 35 %, 12 %, 19206 MiB, 49140 MiB, 278.04 W, 65
2026/08/14 03:50:13.801, NVIDIA GeForce RTX 4090, 34 %, 11 %, 19206 MiB, 49140 MiB, 276.51 W, 65
2026/08/14 03:50:14.801, NVIDIA GeForce RTX 4090, 47 %, 18 %, 19206 MiB, 49140 MiB, 278.89 W, 66
2026/08/14 03:50:15.801, NVIDIA GeForce RTX 4090, 75 %, 42 %, 19206 MiB, 49140 MiB, 293.22 W, 67
2026/08/14 03:50:16.801, NVIDIA GeForce RTX 4090, 70 %, 35 %, 19206 MiB, 49140 MiB, 299.09 W, 65
2026/08/14 03:50:17.802, NVIDIA GeForce RTX 4090, 28 %, 11 %, 19206 MiB, 49140 MiB, 282.33 W, 66
2026/08/14 03:50:18.802, NVIDIA GeForce RTX 4090, 40 %, 14 %, 19206 MiB, 49140 MiB, 277.79 W, 66
2026/08/14 03:50:19.802, NVIDIA GeForce RTX 4090, 45 %, 15 %, 19206 MiB, 49140 MiB, 278.39 W, 65
2026/08/14 03:50:20.802, NVIDIA GeForce RTX 4090, 65 %, 25 %, 19206 MiB, 49140 MiB, 285.95 W, 66
2026/08/14 03:50:21.803, NVIDIA GeForce RTX 4090, 88 %, 47 %, 19206 MiB, 49140 MiB, 319.61 W, 70
2026/08/14 03:50:22.803, NVIDIA GeForce RTX 4090, 36 %, 12 %, 19206 MiB, 49140 MiB, 298.45 W, 65
2026/08/14 03:50:23.803, NVIDIA GeForce RTX 4090, 45 %, 15 %, 19206 MiB, 49140 MiB, 283.74 W, 65
2026/08/14 03:50:24.804, NVIDIA GeForce RTX 4090, 24 %, 9 %, 19206 MiB, 49140 MiB, 267.77 W, 64
2026/08/14 03:50:25.804, NVIDIA GeForce RTX 4090, 92 %, 56 %, 19206 MiB, 49140 MiB, 302.30 W, 69
2026/08/14 03:50:26.804, NVIDIA GeForce RTX 4090, 32 %, 18 %, 19206 MiB, 49140 MiB, 299.98 W, 65
2026/08/14 03:50:27.804, NVIDIA GeForce RTX 4090, 40 %, 15 %, 19206 MiB, 49140 MiB, 280.29 W, 65
2026/08/14 03:50:28.804, NVIDIA GeForce RTX 4090, 39 %, 13 %, 19206 MiB, 49140 MiB, 273.02 W, 66
2026/08/14 03:50:29.805, NVIDIA GeForce RTX 4090, 45 %, 15 %, 19206 MiB, 49140 MiB, 274.35 W, 65
2026/08/14 03:50:30.805, NVIDIA GeForce RTX 4090, 77 %, 37 %, 19206 MiB, 49140 MiB, 295.69 W, 66
2026/08/14 03:50:31.805, NVIDIA GeForce RTX 4090, 69 %, 34 %, 19206 MiB, 49140 MiB, 311.36 W, 65
2026/08/14 03:50:32.805, NVIDIA GeForce RTX 4090, 33 %, 13 %, 19206 MiB, 49140 MiB, 285.07 W, 66
2026/08/14 03:50:33.806, NVIDIA GeForce RTX 4090, 43 %, 15 %, 19206 MiB, 49140 MiB, 270.52 W, 65
2026/08/14 03:50:34.806, NVIDIA GeForce RTX 4090, 43 %, 15 %, 19206 MiB, 49140 MiB, 271.78 W, 65
2026/08/14 03:50:35.806, NVIDIA GeForce RTX 4090, 49 %, 17 %, 19206 MiB, 49140 MiB, 278.29 W, 65
2026/08/14 03:50:36.806, NVIDIA GeForce RTX 4090, 63 %, 25 %, 19206 MiB, 49140 MiB, 277.87 W, 65
2026/08/14 03:50:37.807, NVIDIA GeForce RTX 4090, 85 %, 52 %, 19206 MiB, 49140 MiB, 295.77 W, 67
2026/08/14 03:50:38.807, NVIDIA GeForce RTX 4090, 0 %, 0 %, 19206 MiB, 49140 MiB, 295.13 W, 57
2026/08/14 03:50:39.807, NVIDIA GeForce RTX 4090, 0 %, 0 %, 19206 MiB, 49140 MiB, 107.11 W, 56
2026/08/14 03:50:40.808, NVIDIA GeForce RTX 4090, 0 %, 0 %, 19206 MiB, 49140 MiB, 98.94 W, 54
2026/08/14 03:50:41.808, NVIDIA GeForce RTX 4090, 77 %, 37 %, 19206 MiB, 49140 MiB, 242.97 W, 64
2026/08/14 03:50:42.808, NVIDIA GeForce RTX 4090, 81 %, 50 %, 19206 MiB, 49140 MiB, 289.59 W, 68
2026/08/14 03:50:43.808, NVIDIA GeForce RTX 4090, 88 %, 46 %, 19206 MiB, 49140 MiB, 295.26 W, 68
2026/08/14 03:50:44.808, NVIDIA GeForce RTX 4090, 43 %, 17 %, 19206 MiB, 49140 MiB, 279.89 W, 65
2026/08/14 03:50:45.809, NVIDIA GeForce RTX 4090, 21 %, 7 %, 19206 MiB, 49140 MiB, 266.27 W, 64
2026/08/14 03:50:46.809, NVIDIA GeForce RTX 4090, 40 %, 14 %, 19206 MiB, 49140 MiB, 264.07 W, 64
2026/08/14 03:50:47.809, NVIDIA GeForce RTX 4090, 38 %, 13 %, 19206 MiB, 49140 MiB, 269.72 W, 64
2026/08/14 03:50:48.809, NVIDIA GeForce RTX 4090, 49 %, 17 %, 19206 MiB, 49140 MiB, 274.22 W, 64
2026/08/14 03:50:49.809, NVIDIA GeForce RTX 4090, 45 %, 17 %, 19206 MiB, 49140 MiB, 267.87 W, 63
2026/08/14 03:50:50.809, NVIDIA GeForce RTX 4090, 62 %, 24 %, 19206 MiB, 49140 MiB, 269.75 W, 63
2026/08/14 03:50:51.810, NVIDIA GeForce RTX 4090, 78 %, 38 %, 19206 MiB, 49140 MiB, 272.59 W, 64
2026/08/14 03:50:52.810, NVIDIA GeForce RTX 4090, 88 %, 49 %, 19206 MiB, 49140 MiB, 279.57 W, 64
2026/08/14 03:50:53.810, NVIDIA GeForce RTX 4090, 86 %, 53 %, 19206 MiB, 49140 MiB, 290.00 W, 68
2026/08/14 03:50:54.810, NVIDIA GeForce RTX 4090, 61 %, 26 %, 19206 MiB, 49140 MiB, 301.56 W, 65
2026/08/14 03:50:55.811, NVIDIA GeForce RTX 4090, 42 %, 15 %, 19206 MiB, 49140 MiB, 281.33 W, 64
2026/08/14 03:50:56.811, NVIDIA GeForce RTX 4090, 39 %, 13 %, 19206 MiB, 49140 MiB, 270.82 W, 64
2026/08/14 03:50:57.811, NVIDIA GeForce RTX 4090, 49 %, 17 %, 19206 MiB, 49140 MiB, 273.29 W, 64
2026/08/14 03:50:58.811, NVIDIA GeForce RTX 4090, 63 %, 25 %, 19206 MiB, 49140 MiB, 281.37 W, 64
2026/08/14 03:50:59.812, NVIDIA GeForce RTX 4090, 88 %, 49 %, 19206 MiB, 49140 MiB, 286.66 W, 65
2026/08/14 03:51:00.812, NVIDIA GeForce RTX 4090, 82 %, 52 %, 19206 MiB, 49140 MiB, 288.84 W, 68
2026/08/14 03:51:01.812, NVIDIA GeForce RTX 4090, 53 %, 25 %, 19206 MiB, 49140 MiB, 298.59 W, 64
2026/08/14 03:51:02.812, NVIDIA GeForce RTX 4090, 40 %, 14 %, 19206 MiB, 49140 MiB, 273.29 W, 63
2026/08/14 03:51:03.812, NVIDIA GeForce RTX 4090, 42 %, 15 %, 19206 MiB, 49140 MiB, 269.44 W, 63
2026/08/14 03:51:04.812, NVIDIA GeForce RTX 4090, 39 %, 13 %, 19206 MiB, 49140 MiB, 273.27 W, 63
2026/08/14 03:51:05.813, NVIDIA GeForce RTX 4090, 51 %, 18 %, 19206 MiB, 49140 MiB, 277.04 W, 63
2026/08/14 03:51:06.883, NVIDIA GeForce RTX 4090, 78 %, 38 %, 19206 MiB, 49140 MiB, 290.53 W, 63
2026/08/14 03:51:07.884, NVIDIA GeForce RTX 4090, 82 %, 42 %, 19206 MiB, 49140 MiB, 314.29 W, 61
2026/08/14 03:51:08.884, NVIDIA GeForce RTX 4090, 38 %, 14 %, 19206 MiB, 49140 MiB, 299.41 W, 63
2026/08/14 03:51:09.884, NVIDIA GeForce RTX 4090, 42 %, 15 %, 19206 MiB, 49140 MiB, 273.09 W, 63
2026/08/14 03:51:10.884, NVIDIA GeForce RTX 4090, 44 %, 16 %, 19206 MiB, 49140 MiB, 265.88 W, 63
2026/08/14 03:51:11.884, NVIDIA GeForce RTX 4090, 49 %, 17 %, 19206 MiB, 49140 MiB, 279.84 W, 63
2026/08/14 03:51:12.885, NVIDIA GeForce RTX 4090, 63 %, 25 %, 19206 MiB, 49140 MiB, 279.93 W, 63
2026/08/14 03:51:13.885, NVIDIA GeForce RTX 4090, 86 %, 48 %, 19206 MiB, 49140 MiB, 284.49 W, 64
2026/08/14 03:51:14.885, NVIDIA GeForce RTX 4090, 79 %, 50 %, 19206 MiB, 49140 MiB, 288.70 W, 68
2026/08/14 03:51:15.885, NVIDIA GeForce RTX 4090, 77 %, 40 %, 19206 MiB, 49140 MiB, 294.30 W, 63
2026/08/14 03:51:16.885, NVIDIA GeForce RTX 4090, 46 %, 17 %, 19206 MiB, 49140 MiB, 289.39 W, 61
2026/08/14 03:51:17.885, NVIDIA GeForce RTX 4090, 40 %, 15 %, 19206 MiB, 49140 MiB, 275.81 W, 59
2026/08/14 03:51:18.885, NVIDIA GeForce RTX 4090, 49 %, 17 %, 19206 MiB, 49140 MiB, 286.44 W, 60
2026/08/14 03:51:19.886, NVIDIA GeForce RTX 4090, 75 %, 36 %, 19206 MiB, 49140 MiB, 293.11 W, 62
2026/08/14 03:51:20.886, NVIDIA GeForce RTX 4090, 84 %, 43 %, 19206 MiB, 49140 MiB, 314.02 W, 62
2026/08/14 03:51:21.886, NVIDIA GeForce RTX 4090, 25 %, 9 %, 19206 MiB, 49140 MiB, 283.97 W, 63
2026/08/14 03:51:22.886, NVIDIA GeForce RTX 4090, 32 %, 11 %, 19206 MiB, 49140 MiB, 270.12 W, 60
2026/08/14 03:51:23.886, NVIDIA GeForce RTX 4090, 31 %, 11 %, 19206 MiB, 49140 MiB, 275.01 W, 60
2026/08/14 03:51:24.887, NVIDIA GeForce RTX 4090, 43 %, 14 %, 19206 MiB, 49140 MiB, 273.20 W, 61
2026/08/14 03:51:25.887, NVIDIA GeForce RTX 4090, 99 %, 52 %, 19206 MiB, 49140 MiB, 357.66 W, 70
2026/08/14 03:51:26.887, NVIDIA GeForce RTX 4090, 79 %, 40 %, 19206 MiB, 49140 MiB, 315.35 W, 62
2026/08/14 03:51:27.887, NVIDIA GeForce RTX 4090, 45 %, 17 %, 19206 MiB, 49140 MiB, 290.96 W, 60
2026/08/14 03:51:28.887, NVIDIA GeForce RTX 4090, 44 %, 15 %, 19206 MiB, 49140 MiB, 279.82 W, 61
2026/08/14 03:51:29.887, NVIDIA GeForce RTX 4090, 49 %, 17 %, 19206 MiB, 49140 MiB, 281.84 W, 60
2026/08/14 03:51:30.888, NVIDIA GeForce RTX 4090, 61 %, 24 %, 19206 MiB, 49140 MiB, 281.42 W, 61
2026/08/14 03:51:31.888, NVIDIA GeForce RTX 4090, 70 %, 41 %, 19206 MiB, 49140 MiB, 285.03 W, 62
2026/08/14 03:51:32.888, NVIDIA GeForce RTX 4090, 73 %, 47 %, 19206 MiB, 49140 MiB, 286.88 W, 67
2026/08/14 03:51:33.888, NVIDIA GeForce RTX 4090, 53 %, 25 %, 19206 MiB, 49140 MiB, 295.62 W, 61
2026/08/14 03:51:34.888, NVIDIA GeForce RTX 4090, 45 %, 17 %, 19206 MiB, 49140 MiB, 275.05 W, 60
2026/08/14 03:51:35.889, NVIDIA GeForce RTX 4090, 46 %, 16 %, 19206 MiB, 49140 MiB, 279.62 W, 60
2026/08/14 03:51:36.889, NVIDIA GeForce RTX 4090, 49 %, 17 %, 19206 MiB, 49140 MiB, 279.64 W, 60
2026/08/14 03:51:37.889, NVIDIA GeForce RTX 4090, 88 %, 52 %, 19206 MiB, 49140 MiB, 297.15 W, 63
2026/08/14 03:51:38.889, NVIDIA GeForce RTX 4090, 70 %, 44 %, 19206 MiB, 49140 MiB, 289.24 W, 67
2026/08/14 03:51:39.889, NVIDIA GeForce RTX 4090, 71 %, 33 %, 19206 MiB, 49140 MiB, 305.23 W, 61
2026/08/14 03:51:40.890, NVIDIA GeForce RTX 4090, 42 %, 15 %, 19206 MiB, 49140 MiB, 277.96 W, 60
2026/08/14 03:51:41.890, NVIDIA GeForce RTX 4090, 39 %, 13 %, 19206 MiB, 49140 MiB, 270.29 W, 60
2026/08/14 03:51:42.890, NVIDIA GeForce RTX 4090, 48 %, 18 %, 19206 MiB, 49140 MiB, 280.77 W, 60
2026/08/14 03:51:43.890, NVIDIA GeForce RTX 4090, 69 %, 42 %, 19206 MiB, 49140 MiB, 291.18 W, 63
2026/08/14 03:51:44.890, NVIDIA GeForce RTX 4090, 84 %, 54 %, 19206 MiB, 49140 MiB, 283.23 W, 65
2026/08/14 03:51:45.890, NVIDIA GeForce RTX 4090, 87 %, 44 %, 19206 MiB, 49140 MiB, 291.49 W, 65
2026/08/14 03:51:46.891, NVIDIA GeForce RTX 4090, 39 %, 14 %, 19206 MiB, 49140 MiB, 278.20 W, 61
2026/08/14 03:51:47.891, NVIDIA GeForce RTX 4090, 42 %, 15 %, 19206 MiB, 49140 MiB, 277.52 W, 60
2026/08/14 03:51:48.891, NVIDIA GeForce RTX 4090, 52 %, 20 %, 19206 MiB, 49140 MiB, 287.98 W, 60
2026/08/14 03:51:49.892, NVIDIA GeForce RTX 4090, 70 %, 42 %, 19206 MiB, 49140 MiB, 296.44 W, 63
2026/08/14 03:51:50.892, NVIDIA GeForce RTX 4090, 86 %, 43 %, 19206 MiB, 49140 MiB, 301.95 W, 62
2026/08/14 03:51:51.892, NVIDIA GeForce RTX 4090, 56 %, 19 %, 19206 MiB, 49140 MiB, 277.18 W, 61
2026/08/14 03:51:52.893, NVIDIA GeForce RTX 4090, 41 %, 14 %, 19206 MiB, 49140 MiB, 273.57 W, 60
2026/08/14 03:51:53.893, NVIDIA GeForce RTX 4090, 49 %, 17 %, 19206 MiB, 49140 MiB, 280.07 W, 60
2026/08/14 03:51:54.893, NVIDIA GeForce RTX 4090, 62 %, 25 %, 19206 MiB, 49140 MiB, 283.76 W, 61
2026/08/14 03:51:55.893, NVIDIA GeForce RTX 4090, 74 %, 45 %, 19206 MiB, 49140 MiB, 299.86 W, 69
2026/08/14 03:51:56.894, NVIDIA GeForce RTX 4090, 88 %, 44 %, 19206 MiB, 49140 MiB, 294.09 W, 63
2026/08/14 03:51:57.894, NVIDIA GeForce RTX 4090, 39 %, 14 %, 19206 MiB, 49140 MiB, 278.06 W, 61
2026/08/14 03:51:58.894, NVIDIA GeForce RTX 4090, 49 %, 17 %, 19206 MiB, 49140 MiB, 279.03 W, 61
2026/08/14 03:51:59.895, NVIDIA GeForce RTX 4090, 45 %, 17 %, 19206 MiB, 49140 MiB, 289.89 W, 61
2026/08/14 03:52:00.895, NVIDIA GeForce RTX 4090, 65 %, 39 %, 19206 MiB, 49140 MiB, 294.21 W, 63
2026/08/14 03:52:01.895, NVIDIA GeForce RTX 4090, 94 %, 51 %, 19206 MiB, 49140 MiB, 301.42 W, 63
2026/08/14 03:52:02.895, NVIDIA GeForce RTX 4090, 44 %, 17 %, 19206 MiB, 49140 MiB, 280.79 W, 61
2026/08/14 03:52:03.896, NVIDIA GeForce RTX 4090, 40 %, 14 %, 19206 MiB, 49140 MiB, 279.72 W, 61
2026/08/14 03:52:04.896, NVIDIA GeForce RTX 4090, 48 %, 16 %, 19206 MiB, 49140 MiB, 281.43 W, 61
2026/08/14 03:52:05.896, NVIDIA GeForce RTX 4090, 79 %, 40 %, 19206 MiB, 49140 MiB, 299.73 W, 63
2026/08/14 03:52:06.897, NVIDIA GeForce RTX 4090, 50 %, 24 %, 19206 MiB, 49140 MiB, 310.51 W, 69
2026/08/14 03:52:07.897, NVIDIA GeForce RTX 4090, 44 %, 17 %, 19206 MiB, 49140 MiB, 280.73 W, 61
2026/08/14 03:52:08.897, NVIDIA GeForce RTX 4090, 100 %, 53 %, 19206 MiB, 49140 MiB, 338.33 W, 70
2026/08/14 03:52:09.898, NVIDIA GeForce RTX 4090, 0 %, 0 %, 19206 MiB, 49140 MiB, 168.91 W, 57
2026/08/14 03:52:10.898, NVIDIA GeForce RTX 4090, 0 %, 0 %, 19206 MiB, 49140 MiB, 106.97 W, 56
2026/08/14 03:52:11.898, NVIDIA GeForce RTX 4090, 0 %, 0 %, 19206 MiB, 49140 MiB, 91.97 W, 55
2026/08/14 03:52:12.898, NVIDIA GeForce RTX 4090, 0 %, 0 %, 19206 MiB, 49140 MiB, 89.83 W, 54
2026/08/14 03:52:13.899, NVIDIA GeForce RTX 4090, 0 %, 0 %, 19206 MiB, 49140 MiB, 89.04 W, 54
2026/08/14 03:52:14.899, NVIDIA GeForce RTX 4090, 0 %, 0 %, 19206 MiB, 49140 MiB, 88.68 W, 53
2026/08/14 03:52:15.899, NVIDIA GeForce RTX 4090, 0 %, 0 %, 19206 MiB, 49140 MiB, 88.22 W, 53
2026/08/14 03:52:16.900, NVIDIA GeForce RTX 4090, 0 %, 0 %, 19206 MiB, 49140 MiB, 88.01 W, 52
2026/08/14 03:52:17.900, NVIDIA GeForce RTX 4090, 0 %, 0 %, 19206 MiB, 49140 MiB, 87.78 W, 52
2026/08/14 03:52:18.900, NVIDIA GeForce RTX 4090, 0 %, 0 %, 19206 MiB, 49140 MiB, 87.52 W, 52
2026/08/14 03:52:19.900, NVIDIA GeForce RTX 4090, 0 %, 0 %, 19206 MiB, 49140 MiB, 86.87 W, 52
2026/08/14 03:52:20.900, NVIDIA GeForce RTX 4090, 0 %, 0 %, 19206 MiB, 49140 MiB, 86.40 W, 51
2026/08/14 03:52:21.901, NVIDIA GeForce RTX 4090, 0 %, 0 %, 19206 MiB, 49140 MiB, 86.11 W, 51
2026/08/14 03:52:22.983, NVIDIA GeForce RTX 4090, 0 %, 0 %, 19206 MiB, 49140 MiB, 85.69 W, 51
2026/08/14 03:52:23.983, NVIDIA GeForce RTX 4090, 0 %, 0 %, 19206 MiB, 49140 MiB, 85.51 W, 50
2026/08/14 03:52:24.984, NVIDIA GeForce RTX 4090, 0 %, 0 %, 19206 MiB, 49140 MiB, 85.36 W, 50
2026/08/14 03:52:25.984, NVIDIA GeForce RTX 4090, 0 %, 0 %, 19206 MiB, 49140 MiB, 84.91 W, 50
2026/08/14 03:52:26.984, NVIDIA GeForce RTX 4090, 0 %, 0 %, 19206 MiB, 49140 MiB, 84.60 W, 50
2026/08/14 03:52:27.985, NVIDIA GeForce RTX 4090, 0 %, 0 %, 19206 MiB, 49140 MiB, 84.52 W, 49
2026/08/14 03:52:28.985, NVIDIA GeForce RTX 4090, 0 %, 0 %, 19206 MiB, 49140 MiB, 84.54 W, 49
