timestamp, name, utilization.gpu [%], utilization.memory [%], memory.used [MiB], memory.total [MiB], power.draw [W], temperature.gpu
2026/08/14 04:49:45.695, NVIDIA GeForce RTX 4090, 0 %, 0 %, 1 MiB, 49140 MiB, 105.83 W, 51
2026/08/14 04:49:46.785, NVIDIA GeForce RTX 4090, 0 %, 0 %, 1 MiB, 49140 MiB, 105.83 W, 51
2026/08/14 04:49:47.785, NVIDIA GeForce RTX 4090, 0 %, 0 %, 1 MiB, 49140 MiB, 99.96 W, 51
2026/08/14 04:49:48.786, NVIDIA GeForce RTX 4090, 0 %, 0 %, 1 MiB, 49140 MiB, 76.40 W, 49
2026/08/14 04:49:49.786, NVIDIA GeForce RTX 4090, 0 %, 0 %, 1 MiB, 49140 MiB, 52.24 W, 49
2026/08/14 04:49:50.786, NVIDIA GeForce RTX 4090, 0 %, 0 %, 4 MiB, 49140 MiB, 42.91 W, 48
2026/08/14 04:49:51.787, NVIDIA GeForce RTX 4090, 0 %, 0 %, 4 MiB, 49140 MiB, 41.86 W, 48
2026/08/14 04:49:52.787, NVIDIA GeForce RTX 4090, 0 %, 0 %, 4 MiB, 49140 MiB, 40.26 W, 47
2026/08/14 04:49:53.787, NVIDIA GeForce RTX 4090, 0 %, 0 %, 4 MiB, 49140 MiB, 39.89 W, 47
2026/08/14 04:49:54.787, NVIDIA GeForce RTX 4090, 0 %, 0 %, 4 MiB, 49140 MiB, 39.33 W, 47
2026/08/14 04:49:55.788, NVIDIA GeForce RTX 4090, 0 %, 0 %, 4 MiB, 49140 MiB, 38.62 W, 47
2026/08/14 04:49:56.788, NVIDIA GeForce RTX 4090, 0 %, 0 %, 4 MiB, 49140 MiB, 37.57 W, 46
2026/08/14 04:49:57.788, NVIDIA GeForce RTX 4090, 0 %, 0 %, 4 MiB, 49140 MiB, 36.54 W, 46
2026/08/14 04:49:58.788, NVIDIA GeForce RTX 4090, 0 %, 0 %, 4 MiB, 49140 MiB, 35.63 W, 46
2026/08/14 04:49:59.789, NVIDIA GeForce RTX 4090, 0 %, 0 %, 4 MiB, 49140 MiB, 35.19 W, 46
2026/08/14 04:50:00.789, NVIDIA GeForce RTX 4090, 0 %, 0 %, 4 MiB, 49140 MiB, 35.20 W, 46
2026/08/14 04:50:01.789, NVIDIA GeForce RTX 4090, 0 %, 0 %, 4 MiB, 49140 MiB, 34.94 W, 45
2026/08/14 04:50:02.790, NVIDIA GeForce RTX 4090, 0 %, 0 %, 4 MiB, 49140 MiB, 34.46 W, 45
2026/08/14 04:50:03.790, NVIDIA GeForce RTX 4090, 0 %, 0 %, 4 MiB, 49140 MiB, 33.90 W, 45
2026/08/14 04:50:04.790, NVIDIA GeForce RTX 4090, 0 %, 0 %, 4 MiB, 49140 MiB, 33.65 W, 45
2026/08/14 04:50:05.790, NVIDIA GeForce RTX 4090, 0 %, 0 %, 4 MiB, 49140 MiB, 33.59 W, 45
2026/08/14 04:50:06.790, NVIDIA GeForce RTX 4090, 0 %, 0 %, 4 MiB, 49140 MiB, 33.24 W, 45
2026/08/14 04:50:07.791, NVIDIA GeForce RTX 4090, 0 %, 0 %, 4 MiB, 49140 MiB, 32.85 W, 45
2026/08/14 04:50:08.791, NVIDIA GeForce RTX 4090, 0 %, 0 %, 4 MiB, 49140 MiB, 32.85 W, 44
2026/08/14 04:50:09.791, NVIDIA GeForce RTX 4090, 0 %, 0 %, 4 MiB, 49140 MiB, 32.69 W, 44
2026/08/14 04:50:10.791, NVIDIA GeForce RTX 4090, 0 %, 0 %, 4 MiB, 49140 MiB, 32.53 W, 44
2026/08/14 04:50:11.792, NVIDIA GeForce RTX 4090, 0 %, 0 %, 4 MiB, 49140 MiB, 32.51 W, 44
2026/08/14 04:50:12.792, NVIDIA GeForce RTX 4090, 0 %, 0 %, 4 MiB, 49140 MiB, 32.60 W, 44
2026/08/14 04:50:13.792, NVIDIA GeForce RTX 4090, 0 %, 0 %, 4 MiB, 49140 MiB, 32.55 W, 44
2026/08/14 04:50:14.792, NVIDIA GeForce RTX 4090, 0 %, 0 %, 4 MiB, 49140 MiB, 32.24 W, 44
2026/08/14 04:50:15.793, NVIDIA GeForce RTX 4090, 0 %, 0 %, 4 MiB, 49140 MiB, 32.33 W, 44
2026/08/14 04:50:16.793, NVIDIA GeForce RTX 4090, 0 %, 0 %, 4 MiB, 49140 MiB, 32.46 W, 43
2026/08/14 04:50:17.793, NVIDIA GeForce RTX 4090, 0 %, 0 %, 4 MiB, 49140 MiB, 32.31 W, 43
2026/08/14 04:50:18.793, NVIDIA GeForce RTX 4090, 0 %, 0 %, 4 MiB, 49140 MiB, 32.01 W, 43
2026/08/14 04:50:19.794, NVIDIA GeForce RTX 4090, 0 %, 0 %, 4 MiB, 49140 MiB, 31.88 W, 43
2026/08/14 04:50:20.794, NVIDIA GeForce RTX 4090, 0 %, 0 %, 4 MiB, 49140 MiB, 31.60 W, 43
2026/08/14 04:50:21.794, NVIDIA GeForce RTX 4090, 0 %, 0 %, 4 MiB, 49140 MiB, 31.16 W, 43
2026/08/14 04:50:22.795, NVIDIA GeForce RTX 4090, 0 %, 0 %, 4 MiB, 49140 MiB, 30.82 W, 43
2026/08/14 04:50:23.795, NVIDIA GeForce RTX 4090, 0 %, 0 %, 4 MiB, 49140 MiB, 30.72 W, 43
2026/08/14 04:50:24.795, NVIDIA GeForce RTX 4090, 0 %, 0 %, 4 MiB, 49140 MiB, 30.61 W, 42
2026/08/14 04:50:25.795, NVIDIA GeForce RTX 4090, 0 %, 0 %, 4 MiB, 49140 MiB, 30.58 W, 42
2026/08/14 04:50:26.796, NVIDIA GeForce RTX 4090, 0 %, 0 %, 4 MiB, 49140 MiB, 30.49 W, 42
2026/08/14 04:50:27.796, NVIDIA GeForce RTX 4090, 0 %, 0 %, 4 MiB, 49140 MiB, 30.18 W, 42
2026/08/14 04:50:28.797, NVIDIA GeForce RTX 4090, 0 %, 0 %, 4 MiB, 49140 MiB, 30.03 W, 42
2026/08/14 04:50:29.797, NVIDIA GeForce RTX 4090, 0 %, 0 %, 4 MiB, 49140 MiB, 29.87 W, 42
2026/08/14 04:50:30.797, NVIDIA GeForce RTX 4090, 0 %, 0 %, 4 MiB, 49140 MiB, 29.79 W, 42
2026/08/14 04:50:31.797, NVIDIA GeForce RTX 4090, 0 %, 0 %, 4 MiB, 49140 MiB, 29.67 W, 42
2026/08/14 04:50:32.798, NVIDIA GeForce RTX 4090, 49 %, 1 %, 3010 MiB, 49140 MiB, 37.20 W, 43
2026/08/14 04:50:33.798, NVIDIA GeForce RTX 4090, 46 %, 1 %, 8470 MiB, 49140 MiB, 86.99 W, 44
2026/08/14 04:50:34.798, NVIDIA GeForce RTX 4090, 68 %, 1 %, 16728 MiB, 49140 MiB, 92.41 W, 44
2026/08/14 04:50:35.798, NVIDIA GeForce RTX 4090, 28 %, 10 %, 19198 MiB, 49140 MiB, 157.30 W, 58
2026/08/14 04:50:36.799, NVIDIA GeForce RTX 4090, 28 %, 10 %, 19202 MiB, 49140 MiB, 247.63 W, 56
2026/08/14 04:50:37.799, NVIDIA GeForce RTX 4090, 19 %, 7 %, 19204 MiB, 49140 MiB, 255.58 W, 57
2026/08/14 04:50:38.799, NVIDIA GeForce RTX 4090, 36 %, 13 %, 19204 MiB, 49140 MiB, 271.28 W, 58
2026/08/14 04:50:39.799, NVIDIA GeForce RTX 4090, 70 %, 38 %, 19204 MiB, 49140 MiB, 278.86 W, 58
2026/08/14 04:50:40.800, NVIDIA GeForce RTX 4090, 52 %, 25 %, 19204 MiB, 49140 MiB, 289.79 W, 59
2026/08/14 04:50:41.800, NVIDIA GeForce RTX 4090, 20 %, 9 %, 19204 MiB, 49140 MiB, 269.17 W, 59
2026/08/14 04:50:42.800, NVIDIA GeForce RTX 4090, 36 %, 13 %, 19206 MiB, 49140 MiB, 263.62 W, 58
2026/08/14 04:50:43.800, NVIDIA GeForce RTX 4090, 42 %, 13 %, 19206 MiB, 49140 MiB, 265.01 W, 59
2026/08/14 04:50:44.800, NVIDIA GeForce RTX 4090, 45 %, 18 %, 19206 MiB, 49140 MiB, 276.26 W, 60
2026/08/14 04:50:45.801, NVIDIA GeForce RTX 4090, 99 %, 60 %, 19206 MiB, 49140 MiB, 292.44 W, 60
2026/08/14 04:50:46.801, NVIDIA GeForce RTX 4090, 61 %, 32 %, 19206 MiB, 49140 MiB, 292.05 W, 62
2026/08/14 04:50:47.801, NVIDIA GeForce RTX 4090, 41 %, 16 %, 19206 MiB, 49140 MiB, 269.42 W, 61
2026/08/14 04:50:48.801, NVIDIA GeForce RTX 4090, 29 %, 10 %, 19206 MiB, 49140 MiB, 267.33 W, 59
2026/08/14 04:50:49.801, NVIDIA GeForce RTX 4090, 66 %, 24 %, 19206 MiB, 49140 MiB, 281.06 W, 61
2026/08/14 04:50:50.802, NVIDIA GeForce RTX 4090, 73 %, 40 %, 19206 MiB, 49140 MiB, 292.76 W, 60
2026/08/14 04:50:51.802, NVIDIA GeForce RTX 4090, 92 %, 53 %, 19206 MiB, 49140 MiB, 281.14 W, 60
2026/08/14 04:50:52.802, NVIDIA GeForce RTX 4090, 52 %, 25 %, 19206 MiB, 49140 MiB, 287.29 W, 60
2026/08/14 04:50:53.802, NVIDIA GeForce RTX 4090, 32 %, 11 %, 19206 MiB, 49140 MiB, 270.59 W, 62
2026/08/14 04:50:54.802, NVIDIA GeForce RTX 4090, 40 %, 14 %, 19206 MiB, 49140 MiB, 251.17 W, 60
2026/08/14 04:50:55.803, NVIDIA GeForce RTX 4090, 41 %, 15 %, 19206 MiB, 49140 MiB, 278.82 W, 62
2026/08/14 04:50:56.803, NVIDIA GeForce RTX 4090, 58 %, 23 %, 19206 MiB, 49140 MiB, 272.28 W, 62
2026/08/14 04:50:57.803, NVIDIA GeForce RTX 4090, 97 %, 59 %, 19206 MiB, 49140 MiB, 294.99 W, 62
2026/08/14 04:50:58.803, NVIDIA GeForce RTX 4090, 49 %, 21 %, 19206 MiB, 49140 MiB, 290.50 W, 62
2026/08/14 04:50:59.803, NVIDIA GeForce RTX 4090, 41 %, 14 %, 19206 MiB, 49140 MiB, 278.42 W, 62
2026/08/14 04:51:00.803, NVIDIA GeForce RTX 4090, 45 %, 15 %, 19206 MiB, 49140 MiB, 272.50 W, 63
2026/08/14 04:51:01.804, NVIDIA GeForce RTX 4090, 60 %, 24 %, 19206 MiB, 49140 MiB, 277.55 W, 62
2026/08/14 04:51:02.804, NVIDIA GeForce RTX 4090, 98 %, 59 %, 19206 MiB, 49140 MiB, 291.67 W, 62
2026/08/14 04:51:03.804, NVIDIA GeForce RTX 4090, 60 %, 32 %, 19206 MiB, 49140 MiB, 294.78 W, 65
2026/08/14 04:51:04.804, NVIDIA GeForce RTX 4090, 27 %, 10 %, 19206 MiB, 49140 MiB, 268.48 W, 62
2026/08/14 04:51:05.804, NVIDIA GeForce RTX 4090, 14 %, 4 %, 19206 MiB, 49140 MiB, 261.99 W, 63
2026/08/14 04:51:06.804, NVIDIA GeForce RTX 4090, 42 %, 15 %, 19206 MiB, 49140 MiB, 263.42 W, 62
2026/08/14 04:51:07.805, NVIDIA GeForce RTX 4090, 45 %, 15 %, 19206 MiB, 49140 MiB, 274.84 W, 64
2026/08/14 04:51:08.805, NVIDIA GeForce RTX 4090, 62 %, 25 %, 19206 MiB, 49140 MiB, 281.24 W, 63
2026/08/14 04:51:09.805, NVIDIA GeForce RTX 4090, 75 %, 42 %, 19206 MiB, 49140 MiB, 284.10 W, 62
2026/08/14 04:51:10.805, NVIDIA GeForce RTX 4090, 62 %, 30 %, 19206 MiB, 49140 MiB, 300.52 W, 64
2026/08/14 04:51:11.805, NVIDIA GeForce RTX 4090, 55 %, 26 %, 19206 MiB, 49140 MiB, 276.14 W, 62
2026/08/14 04:51:12.805, NVIDIA GeForce RTX 4090, 34 %, 12 %, 19206 MiB, 49140 MiB, 294.19 W, 64
2026/08/14 04:51:13.806, NVIDIA GeForce RTX 4090, 62 %, 34 %, 19206 MiB, 49140 MiB, 298.26 W, 66
2026/08/14 04:51:14.806, NVIDIA GeForce RTX 4090, 39 %, 15 %, 19206 MiB, 49140 MiB, 276.04 W, 64
2026/08/14 04:51:15.806, NVIDIA GeForce RTX 4090, 36 %, 13 %, 19206 MiB, 49140 MiB, 274.55 W, 63
2026/08/14 04:51:16.806, NVIDIA GeForce RTX 4090, 40 %, 13 %, 19206 MiB, 49140 MiB, 278.01 W, 65
2026/08/14 04:51:17.806, NVIDIA GeForce RTX 4090, 57 %, 26 %, 19206 MiB, 49140 MiB, 284.72 W, 64
2026/08/14 04:51:18.806, NVIDIA GeForce RTX 4090, 28 %, 15 %, 19206 MiB, 49140 MiB, 374.31 W, 64
2026/08/14 04:51:19.807, NVIDIA GeForce RTX 4090, 34 %, 13 %, 19206 MiB, 49140 MiB, 269.20 W, 64
2026/08/14 04:51:20.807, NVIDIA GeForce RTX 4090, 36 %, 13 %, 19206 MiB, 49140 MiB, 270.30 W, 63
2026/08/14 04:51:21.807, NVIDIA GeForce RTX 4090, 18 %, 6 %, 19206 MiB, 49140 MiB, 264.42 W, 64
2026/08/14 04:51:22.807, NVIDIA GeForce RTX 4090, 42 %, 15 %, 19206 MiB, 49140 MiB, 281.38 W, 63
2026/08/14 04:51:23.807, NVIDIA GeForce RTX 4090, 54 %, 22 %, 19206 MiB, 49140 MiB, 278.29 W, 64
2026/08/14 04:51:24.807, NVIDIA GeForce RTX 4090, 67 %, 38 %, 19206 MiB, 49140 MiB, 286.04 W, 65
2026/08/14 04:51:25.807, NVIDIA GeForce RTX 4090, 77 %, 46 %, 19206 MiB, 49140 MiB, 286.57 W, 64
2026/08/14 04:51:26.808, NVIDIA GeForce RTX 4090, 63 %, 34 %, 19206 MiB, 49140 MiB, 290.25 W, 65
2026/08/14 04:51:27.808, NVIDIA GeForce RTX 4090, 32 %, 11 %, 19206 MiB, 49140 MiB, 289.04 W, 63
2026/08/14 04:51:28.808, NVIDIA GeForce RTX 4090, 35 %, 12 %, 19206 MiB, 49140 MiB, 277.87 W, 64
2026/08/14 04:51:29.808, NVIDIA GeForce RTX 4090, 58 %, 21 %, 19206 MiB, 49140 MiB, 284.93 W, 65
2026/08/14 04:51:30.808, NVIDIA GeForce RTX 4090, 67 %, 38 %, 19206 MiB, 49140 MiB, 297.95 W, 65
2026/08/14 04:51:31.808, NVIDIA GeForce RTX 4090, 70 %, 37 %, 19206 MiB, 49140 MiB, 313.77 W, 64
2026/08/14 04:51:32.809, NVIDIA GeForce RTX 4090, 39 %, 15 %, 19206 MiB, 49140 MiB, 277.70 W, 65
2026/08/14 04:51:33.809, NVIDIA GeForce RTX 4090, 33 %, 11 %, 19206 MiB, 49140 MiB, 268.43 W, 63
2026/08/14 04:51:34.809, NVIDIA GeForce RTX 4090, 40 %, 13 %, 19206 MiB, 49140 MiB, 280.69 W, 64
2026/08/14 04:51:35.809, NVIDIA GeForce RTX 4090, 50 %, 20 %, 19206 MiB, 49140 MiB, 283.83 W, 64
2026/08/14 04:51:36.809, NVIDIA GeForce RTX 4090, 64 %, 36 %, 19206 MiB, 49140 MiB, 284.09 W, 65
2026/08/14 04:51:37.809, NVIDIA GeForce RTX 4090, 80 %, 46 %, 19206 MiB, 49140 MiB, 289.81 W, 67
2026/08/14 04:51:38.883, NVIDIA GeForce RTX 4090, 65 %, 34 %, 19206 MiB, 49140 MiB, 285.08 W, 65
2026/08/14 04:51:39.883, NVIDIA GeForce RTX 4090, 20 %, 8 %, 19206 MiB, 49140 MiB, 263.49 W, 64
2026/08/14 04:51:40.884, NVIDIA GeForce RTX 4090, 36 %, 13 %, 19206 MiB, 49140 MiB, 273.52 W, 64
2026/08/14 04:51:41.884, NVIDIA GeForce RTX 4090, 33 %, 11 %, 19206 MiB, 49140 MiB, 267.25 W, 64
2026/08/14 04:51:42.884, NVIDIA GeForce RTX 4090, 40 %, 15 %, 19206 MiB, 49140 MiB, 274.72 W, 64
2026/08/14 04:51:43.884, NVIDIA GeForce RTX 4090, 65 %, 36 %, 19206 MiB, 49140 MiB, 293.10 W, 65
2026/08/14 04:51:44.884, NVIDIA GeForce RTX 4090, 79 %, 46 %, 19206 MiB, 49140 MiB, 287.90 W, 67
2026/08/14 04:51:45.884, NVIDIA GeForce RTX 4090, 67 %, 35 %, 19206 MiB, 49140 MiB, 286.08 W, 66
2026/08/14 04:51:46.885, NVIDIA GeForce RTX 4090, 28 %, 11 %, 19206 MiB, 49140 MiB, 273.45 W, 65
2026/08/14 04:51:47.885, NVIDIA GeForce RTX 4090, 24 %, 8 %, 19206 MiB, 49140 MiB, 265.41 W, 64
2026/08/14 04:51:48.885, NVIDIA GeForce RTX 4090, 33 %, 11 %, 19206 MiB, 49140 MiB, 271.63 W, 64
2026/08/14 04:51:49.885, NVIDIA GeForce RTX 4090, 43 %, 15 %, 19206 MiB, 49140 MiB, 279.21 W, 64
2026/08/14 04:51:50.886, NVIDIA GeForce RTX 4090, 64 %, 31 %, 19206 MiB, 49140 MiB, 290.79 W, 64
2026/08/14 04:51:51.886, NVIDIA GeForce RTX 4090, 73 %, 38 %, 19206 MiB, 49140 MiB, 315.19 W, 62
2026/08/14 04:51:52.886, NVIDIA GeForce RTX 4090, 35 %, 13 %, 19206 MiB, 49140 MiB, 295.85 W, 65
2026/08/14 04:51:53.886, NVIDIA GeForce RTX 4090, 38 %, 13 %, 19206 MiB, 49140 MiB, 278.78 W, 65
2026/08/14 04:51:54.887, NVIDIA GeForce RTX 4090, 42 %, 15 %, 19206 MiB, 49140 MiB, 281.64 W, 65
2026/08/14 04:51:55.887, NVIDIA GeForce RTX 4090, 67 %, 32 %, 19206 MiB, 49140 MiB, 291.78 W, 65
2026/08/14 04:51:56.887, NVIDIA GeForce RTX 4090, 75 %, 45 %, 19206 MiB, 49140 MiB, 300.33 W, 68
2026/08/14 04:51:57.887, NVIDIA GeForce RTX 4090, 69 %, 35 %, 19206 MiB, 49140 MiB, 288.97 W, 66
2026/08/14 04:51:58.888, NVIDIA GeForce RTX 4090, 34 %, 13 %, 19206 MiB, 49140 MiB, 286.76 W, 65
2026/08/14 04:51:59.888, NVIDIA GeForce RTX 4090, 37 %, 13 %, 19206 MiB, 49140 MiB, 280.04 W, 65
2026/08/14 04:52:00.888, NVIDIA GeForce RTX 4090, 44 %, 16 %, 19206 MiB, 49140 MiB, 284.06 W, 64
2026/08/14 04:52:01.888, NVIDIA GeForce RTX 4090, 67 %, 32 %, 19206 MiB, 49140 MiB, 291.19 W, 65
2026/08/14 04:52:02.889, NVIDIA GeForce RTX 4090, 0 %, 0 %, 19206 MiB, 49140 MiB, 316.79 W, 57
2026/08/14 04:52:03.889, NVIDIA GeForce RTX 4090, 0 %, 0 %, 19206 MiB, 49140 MiB, 106.57 W, 55
2026/08/14 04:52:04.889, NVIDIA GeForce RTX 4090, 36 %, 14 %, 19206 MiB, 49140 MiB, 163.39 W, 62
2026/08/14 04:52:05.889, NVIDIA GeForce RTX 4090, 29 %, 10 %, 19206 MiB, 49140 MiB, 270.15 W, 60
2026/08/14 04:52:06.890, NVIDIA GeForce RTX 4090, 24 %, 9 %, 19206 MiB, 49140 MiB, 269.41 W, 62
2026/08/14 04:52:07.890, NVIDIA GeForce RTX 4090, 41 %, 13 %, 19206 MiB, 49140 MiB, 279.14 W, 62
2026/08/14 04:52:08.890, NVIDIA GeForce RTX 4090, 40 %, 15 %, 19206 MiB, 49140 MiB, 272.77 W, 62
2026/08/14 04:52:09.890, NVIDIA GeForce RTX 4090, 74 %, 46 %, 19206 MiB, 49140 MiB, 303.10 W, 68
2026/08/14 04:52:10.891, NVIDIA GeForce RTX 4090, 81 %, 44 %, 19206 MiB, 49140 MiB, 294.17 W, 61
2026/08/14 04:52:11.891, NVIDIA GeForce RTX 4090, 78 %, 40 %, 19206 MiB, 49140 MiB, 282.20 W, 64
2026/08/14 04:52:12.891, NVIDIA GeForce RTX 4090, 45 %, 17 %, 19206 MiB, 49140 MiB, 287.74 W, 63
2026/08/14 04:52:13.892, NVIDIA GeForce RTX 4090, 30 %, 11 %, 19206 MiB, 49140 MiB, 270.15 W, 62
2026/08/14 04:52:14.892, NVIDIA GeForce RTX 4090, 34 %, 12 %, 19206 MiB, 49140 MiB, 266.78 W, 61
2026/08/14 04:52:15.892, NVIDIA GeForce RTX 4090, 37 %, 13 %, 19206 MiB, 49140 MiB, 270.96 W, 60
2026/08/14 04:52:16.892, NVIDIA GeForce RTX 4090, 35 %, 12 %, 19206 MiB, 49140 MiB, 268.09 W, 59
2026/08/14 04:52:17.892, NVIDIA GeForce RTX 4090, 40 %, 14 %, 19206 MiB, 49140 MiB, 276.71 W, 60
2026/08/14 04:52:18.893, NVIDIA GeForce RTX 4090, 73 %, 35 %, 19206 MiB, 49140 MiB, 281.84 W, 66
2026/08/14 04:52:19.893, NVIDIA GeForce RTX 4090, 74 %, 45 %, 19206 MiB, 49140 MiB, 297.44 W, 69
2026/08/14 04:52:20.893, NVIDIA GeForce RTX 4090, 88 %, 48 %, 19206 MiB, 49140 MiB, 299.70 W, 63
2026/08/14 04:52:21.893, NVIDIA GeForce RTX 4090, 46 %, 17 %, 19206 MiB, 49140 MiB, 292.13 W, 60
2026/08/14 04:52:22.894, NVIDIA GeForce RTX 4090, 35 %, 13 %, 19206 MiB, 49140 MiB, 270.84 W, 60
2026/08/14 04:52:23.894, NVIDIA GeForce RTX 4090, 16 %, 5 %, 19206 MiB, 49140 MiB, 261.41 W, 59
2026/08/14 04:52:24.894, NVIDIA GeForce RTX 4090, 36 %, 13 %, 19206 MiB, 49140 MiB, 266.57 W, 59
2026/08/14 04:52:25.894, NVIDIA GeForce RTX 4090, 35 %, 12 %, 19206 MiB, 49140 MiB, 275.20 W, 59
2026/08/14 04:52:26.894, NVIDIA GeForce RTX 4090, 40 %, 15 %, 19206 MiB, 49140 MiB, 282.28 W, 61
2026/08/14 04:52:27.894, NVIDIA GeForce RTX 4090, 58 %, 32 %, 19206 MiB, 49140 MiB, 289.35 W, 62
2026/08/14 04:52:28.895, NVIDIA GeForce RTX 4090, 72 %, 44 %, 19206 MiB, 49140 MiB, 286.99 W, 67
2026/08/14 04:52:29.895, NVIDIA GeForce RTX 4090, 78 %, 39 %, 19206 MiB, 49140 MiB, 292.67 W, 62
2026/08/14 04:52:30.895, NVIDIA GeForce RTX 4090, 27 %, 11 %, 19206 MiB, 49140 MiB, 280.76 W, 60
2026/08/14 04:52:31.895, NVIDIA GeForce RTX 4090, 34 %, 13 %, 19206 MiB, 49140 MiB, 267.15 W, 60
2026/08/14 04:52:32.895, NVIDIA GeForce RTX 4090, 34 %, 12 %, 19206 MiB, 49140 MiB, 276.83 W, 59
2026/08/14 04:52:33.896, NVIDIA GeForce RTX 4090, 34 %, 11 %, 19206 MiB, 49140 MiB, 271.88 W, 59
2026/08/14 04:52:34.896, NVIDIA GeForce RTX 4090, 41 %, 14 %, 19206 MiB, 49140 MiB, 275.49 W, 60
2026/08/14 04:52:35.896, NVIDIA GeForce RTX 4090, 55 %, 22 %, 19206 MiB, 49140 MiB, 281.53 W, 61
2026/08/14 04:52:36.896, NVIDIA GeForce RTX 4090, 65 %, 37 %, 19206 MiB, 49140 MiB, 281.70 W, 62
2026/08/14 04:52:37.896, NVIDIA GeForce RTX 4090, 73 %, 44 %, 19206 MiB, 49140 MiB, 288.19 W, 68
2026/08/14 04:52:38.896, NVIDIA GeForce RTX 4090, 43 %, 20 %, 19206 MiB, 49140 MiB, 301.03 W, 61
2026/08/14 04:52:39.897, NVIDIA GeForce RTX 4090, 35 %, 13 %, 19206 MiB, 49140 MiB, 274.53 W, 60
2026/08/14 04:52:40.897, NVIDIA GeForce RTX 4090, 36 %, 13 %, 19206 MiB, 49140 MiB, 269.55 W, 60
2026/08/14 04:52:41.897, NVIDIA GeForce RTX 4090, 34 %, 11 %, 19206 MiB, 49140 MiB, 271.03 W, 59
2026/08/14 04:52:42.897, NVIDIA GeForce RTX 4090, 66 %, 27 %, 19206 MiB, 49140 MiB, 292.68 W, 63
2026/08/14 04:52:43.898, NVIDIA GeForce RTX 4090, 74 %, 42 %, 19206 MiB, 49140 MiB, 300.42 W, 70
2026/08/14 04:52:44.898, NVIDIA GeForce RTX 4090, 48 %, 23 %, 19206 MiB, 49140 MiB, 309.00 W, 61
2026/08/14 04:52:45.898, NVIDIA GeForce RTX 4090, 33 %, 11 %, 19206 MiB, 49140 MiB, 280.30 W, 60
2026/08/14 04:52:46.898, NVIDIA GeForce RTX 4090, 32 %, 11 %, 19206 MiB, 49140 MiB, 281.28 W, 60
2026/08/14 04:52:47.898, NVIDIA GeForce RTX 4090, 44 %, 15 %, 19206 MiB, 49140 MiB, 273.88 W, 60
2026/08/14 04:52:48.898, NVIDIA GeForce RTX 4090, 58 %, 28 %, 19206 MiB, 49140 MiB, 283.24 W, 62
2026/08/14 04:52:49.899, NVIDIA GeForce RTX 4090, 39 %, 15 %, 19206 MiB, 49140 MiB, 374.03 W, 61
2026/08/14 04:52:50.899, NVIDIA GeForce RTX 4090, 35 %, 12 %, 19206 MiB, 49140 MiB, 282.71 W, 60
2026/08/14 04:52:51.899, NVIDIA GeForce RTX 4090, 39 %, 15 %, 19206 MiB, 49140 MiB, 281.06 W, 60
2026/08/14 04:52:52.899, NVIDIA GeForce RTX 4090, 74 %, 42 %, 19206 MiB, 49140 MiB, 295.32 W, 70
2026/08/14 04:52:53.899, NVIDIA GeForce RTX 4090, 82 %, 42 %, 19206 MiB, 49140 MiB, 300.43 W, 63
2026/08/14 04:52:54.899, NVIDIA GeForce RTX 4090, 39 %, 15 %, 19206 MiB, 49140 MiB, 275.19 W, 61
2026/08/14 04:52:55.900, NVIDIA GeForce RTX 4090, 37 %, 13 %, 19206 MiB, 49140 MiB, 286.00 W, 61
2026/08/14 04:52:56.900, NVIDIA GeForce RTX 4090, 41 %, 13 %, 19206 MiB, 49140 MiB, 275.94 W, 60
2026/08/14 04:52:57.900, NVIDIA GeForce RTX 4090, 40 %, 15 %, 19206 MiB, 49140 MiB, 272.20 W, 60
2026/08/14 04:52:58.900, NVIDIA GeForce RTX 4090, 62 %, 32 %, 19206 MiB, 49140 MiB, 277.28 W, 63
2026/08/14 04:52:59.900, NVIDIA GeForce RTX 4090, 92 %, 50 %, 19206 MiB, 49140 MiB, 313.83 W, 63
2026/08/14 04:53:00.900, NVIDIA GeForce RTX 4090, 50 %, 24 %, 19206 MiB, 49140 MiB, 290.71 W, 62
2026/08/14 04:53:01.900, NVIDIA GeForce RTX 4090, 35 %, 13 %, 19206 MiB, 49140 MiB, 273.28 W, 60
2026/08/14 04:53:02.901, NVIDIA GeForce RTX 4090, 36 %, 13 %, 19206 MiB, 49140 MiB, 271.58 W, 60
2026/08/14 04:53:03.901, NVIDIA GeForce RTX 4090, 35 %, 12 %, 19206 MiB, 49140 MiB, 274.20 W, 60
2026/08/14 04:53:04.901, NVIDIA GeForce RTX 4090, 44 %, 15 %, 19206 MiB, 49140 MiB, 277.00 W, 61
2026/08/14 04:53:05.901, NVIDIA GeForce RTX 4090, 53 %, 21 %, 19206 MiB, 49140 MiB, 279.84 W, 62
2026/08/14 04:53:06.901, NVIDIA GeForce RTX 4090, 62 %, 34 %, 19206 MiB, 49140 MiB, 283.16 W, 64
2026/08/14 04:53:07.902, NVIDIA GeForce RTX 4090, 93 %, 51 %, 19206 MiB, 49140 MiB, 303.92 W, 64
2026/08/14 04:53:08.902, NVIDIA GeForce RTX 4090, 51 %, 23 %, 19206 MiB, 49140 MiB, 289.99 W, 62
2026/08/14 04:53:09.902, NVIDIA GeForce RTX 4090, 20 %, 8 %, 19206 MiB, 49140 MiB, 273.88 W, 60
2026/08/14 04:53:10.902, NVIDIA GeForce RTX 4090, 37 %, 13 %, 19206 MiB, 49140 MiB, 281.30 W, 61
2026/08/14 04:53:11.902, NVIDIA GeForce RTX 4090, 34 %, 11 %, 19206 MiB, 49140 MiB, 269.61 W, 60
2026/08/14 04:53:12.903, NVIDIA GeForce RTX 4090, 44 %, 15 %, 19206 MiB, 49140 MiB, 275.01 W, 61
2026/08/14 04:53:13.903, NVIDIA GeForce RTX 4090, 48 %, 19 %, 19206 MiB, 49140 MiB, 279.75 W, 62
2026/08/14 04:53:14.903, NVIDIA GeForce RTX 4090, 60 %, 36 %, 19206 MiB, 49140 MiB, 284.52 W, 64
2026/08/14 04:53:15.903, NVIDIA GeForce RTX 4090, 73 %, 43 %, 19206 MiB, 49140 MiB, 287.26 W, 66
2026/08/14 04:53:16.904, NVIDIA GeForce RTX 4090, 88 %, 46 %, 19206 MiB, 49140 MiB, 294.73 W, 63
2026/08/14 04:53:17.904, NVIDIA GeForce RTX 4090, 36 %, 13 %, 19206 MiB, 49140 MiB, 291.18 W, 61
2026/08/14 04:53:18.904, NVIDIA GeForce RTX 4090, 36 %, 13 %, 19206 MiB, 49140 MiB, 272.31 W, 60
2026/08/14 04:53:19.904, NVIDIA GeForce RTX 4090, 40 %, 13 %, 19206 MiB, 49140 MiB, 277.03 W, 61
2026/08/14 04:53:20.905, NVIDIA GeForce RTX 4090, 49 %, 19 %, 19206 MiB, 49140 MiB, 282.48 W, 63
2026/08/14 04:53:21.905, NVIDIA GeForce RTX 4090, 74 %, 42 %, 19206 MiB, 49140 MiB, 292.94 W, 69
2026/08/14 04:53:22.905, NVIDIA GeForce RTX 4090, 54 %, 24 %, 19206 MiB, 49140 MiB, 310.54 W, 63
2026/08/14 04:53:23.905, NVIDIA GeForce RTX 4090, 32 %, 11 %, 19206 MiB, 49140 MiB, 285.18 W, 61
2026/08/14 04:53:24.906, NVIDIA GeForce RTX 4090, 35 %, 12 %, 19206 MiB, 49140 MiB, 278.06 W, 61
2026/08/14 04:53:25.906, NVIDIA GeForce RTX 4090, 43 %, 15 %, 19206 MiB, 49140 MiB, 277.06 W, 61
2026/08/14 04:53:26.906, NVIDIA GeForce RTX 4090, 54 %, 21 %, 19206 MiB, 49140 MiB, 277.83 W, 62
2026/08/14 04:53:27.906, NVIDIA GeForce RTX 4090, 73 %, 40 %, 19206 MiB, 49140 MiB, 291.47 W, 67
2026/08/14 04:53:28.907, NVIDIA GeForce RTX 4090, 74 %, 39 %, 19206 MiB, 49140 MiB, 300.90 W, 66
2026/08/14 04:53:29.907, NVIDIA GeForce RTX 4090, 41 %, 15 %, 19206 MiB, 49140 MiB, 293.73 W, 61
2026/08/14 04:53:30.907, NVIDIA GeForce RTX 4090, 31 %, 11 %, 19206 MiB, 49140 MiB, 279.96 W, 61
2026/08/14 04:53:31.907, NVIDIA GeForce RTX 4090, 45 %, 16 %, 19206 MiB, 49140 MiB, 280.03 W, 61
2026/08/14 04:53:32.908, NVIDIA GeForce RTX 4090, 55 %, 28 %, 19206 MiB, 49140 MiB, 281.67 W, 65
2026/08/14 04:53:33.908, NVIDIA GeForce RTX 4090, 0 %, 0 %, 19206 MiB, 49140 MiB, 318.18 W, 58
2026/08/14 04:53:34.908, NVIDIA GeForce RTX 4090, 0 %, 0 %, 19206 MiB, 49140 MiB, 107.37 W, 56
2026/08/14 04:53:35.909, NVIDIA GeForce RTX 4090, 58 %, 26 %, 19206 MiB, 49140 MiB, 152.39 W, 59
2026/08/14 04:53:36.909, NVIDIA GeForce RTX 4090, 61 %, 28 %, 19206 MiB, 49140 MiB, 258.99 W, 62
2026/08/14 04:53:37.909, NVIDIA GeForce RTX 4090, 29 %, 10 %, 19206 MiB, 49140 MiB, 283.72 W, 60
2026/08/14 04:53:38.910, NVIDIA GeForce RTX 4090, 39 %, 14 %, 19206 MiB, 49140 MiB, 270.23 W, 61
2026/08/14 04:53:39.910, NVIDIA GeForce RTX 4090, 44 %, 15 %, 19206 MiB, 49140 MiB, 279.47 W, 61
2026/08/14 04:53:40.910, NVIDIA GeForce RTX 4090, 52 %, 26 %, 19206 MiB, 49140 MiB, 280.94 W, 64
2026/08/14 04:53:41.911, NVIDIA GeForce RTX 4090, 94 %, 53 %, 19206 MiB, 49140 MiB, 307.65 W, 68
2026/08/14 04:53:42.911, NVIDIA GeForce RTX 4090, 43 %, 15 %, 19206 MiB, 49140 MiB, 305.51 W, 61
2026/08/14 04:53:43.911, NVIDIA GeForce RTX 4090, 39 %, 14 %, 19206 MiB, 49140 MiB, 281.78 W, 61
2026/08/14 04:53:44.912, NVIDIA GeForce RTX 4090, 38 %, 13 %, 19206 MiB, 49140 MiB, 280.89 W, 61
2026/08/14 04:53:45.912, NVIDIA GeForce RTX 4090, 51 %, 26 %, 19206 MiB, 49140 MiB, 279.06 W, 66
2026/08/14 04:53:46.912, NVIDIA GeForce RTX 4090, 89 %, 47 %, 19206 MiB, 49140 MiB, 313.60 W, 66
2026/08/14 04:53:47.983, NVIDIA GeForce RTX 4090, 32 %, 11 %, 19206 MiB, 49140 MiB, 304.57 W, 61
2026/08/14 04:53:48.984, NVIDIA GeForce RTX 4090, 31 %, 11 %, 19206 MiB, 49140 MiB, 278.05 W, 61
2026/08/14 04:53:49.984, NVIDIA GeForce RTX 4090, 43 %, 15 %, 19206 MiB, 49140 MiB, 275.33 W, 62
2026/08/14 04:53:50.984, NVIDIA GeForce RTX 4090, 48 %, 24 %, 19206 MiB, 49140 MiB, 278.38 W, 66
2026/08/14 04:53:51.985, NVIDIA GeForce RTX 4090, 72 %, 43 %, 19206 MiB, 49140 MiB, 294.03 W, 69
2026/08/14 04:53:52.985, NVIDIA GeForce RTX 4090, 70 %, 32 %, 19206 MiB, 49140 MiB, 306.69 W, 62
2026/08/14 04:53:53.985, NVIDIA GeForce RTX 4090, 36 %, 13 %, 19206 MiB, 49140 MiB, 289.18 W, 62
2026/08/14 04:53:54.985, NVIDIA GeForce RTX 4090, 40 %, 15 %, 19206 MiB, 49140 MiB, 288.33 W, 62
2026/08/14 04:53:55.985, NVIDIA GeForce RTX 4090, 74 %, 43 %, 19206 MiB, 49140 MiB, 293.99 W, 68
2026/08/14 04:53:56.986, NVIDIA GeForce RTX 4090, 76 %, 39 %, 19206 MiB, 49140 MiB, 295.98 W, 68
2026/08/14 04:53:57.987, NVIDIA GeForce RTX 4090, 33 %, 11 %, 19206 MiB, 49140 MiB, 297.73 W, 62
2026/08/14 04:53:58.987, NVIDIA GeForce RTX 4090, 29 %, 10 %, 19206 MiB, 49140 MiB, 279.22 W, 61
2026/08/14 04:53:59.987, NVIDIA GeForce RTX 4090, 35 %, 14 %, 19206 MiB, 49140 MiB, 294.70 W, 62
2026/08/14 04:54:00.988, NVIDIA GeForce RTX 4090, 93 %, 54 %, 19206 MiB, 49140 MiB, 304.43 W, 67
2026/08/14 04:54:01.988, NVIDIA GeForce RTX 4090, 36 %, 13 %, 19206 MiB, 49140 MiB, 316.72 W, 62
2026/08/14 04:54:02.988, NVIDIA GeForce RTX 4090, 31 %, 11 %, 19206 MiB, 49140 MiB, 270.81 W, 62
2026/08/14 04:54:03.988, NVIDIA GeForce RTX 4090, 43 %, 16 %, 19206 MiB, 49140 MiB, 282.25 W, 62
2026/08/14 04:54:04.989, NVIDIA GeForce RTX 4090, 61 %, 34 %, 19206 MiB, 49140 MiB, 284.82 W, 68
2026/08/14 04:54:05.989, NVIDIA GeForce RTX 4090, 94 %, 55 %, 19206 MiB, 49140 MiB, 298.02 W, 67
2026/08/14 04:54:06.989, NVIDIA GeForce RTX 4090, 40 %, 14 %, 19206 MiB, 49140 MiB, 308.96 W, 63
2026/08/14 04:54:07.989, NVIDIA GeForce RTX 4090, 34 %, 11 %, 19206 MiB, 49140 MiB, 276.19 W, 62
2026/08/14 04:54:08.990, NVIDIA GeForce RTX 4090, 43 %, 15 %, 19206 MiB, 49140 MiB, 271.99 W, 62
2026/08/14 04:54:09.990, NVIDIA GeForce RTX 4090, 54 %, 21 %, 19206 MiB, 49140 MiB, 280.33 W, 64
2026/08/14 04:54:10.990, NVIDIA GeForce RTX 4090, 75 %, 44 %, 19206 MiB, 49140 MiB, 303.87 W, 68
2026/08/14 04:54:11.990, NVIDIA GeForce RTX 4090, 75 %, 38 %, 19206 MiB, 49140 MiB, 294.14 W, 69
2026/08/14 04:54:12.991, NVIDIA GeForce RTX 4090, 90 %, 42 %, 19206 MiB, 49140 MiB, 279.76 W, 64
2026/08/14 04:54:13.991, NVIDIA GeForce RTX 4090, 38 %, 13 %, 19206 MiB, 49140 MiB, 286.68 W, 63
2026/08/14 04:54:14.991, NVIDIA GeForce RTX 4090, 43 %, 14 %, 19206 MiB, 49140 MiB, 273.81 W, 62
2026/08/14 04:54:15.992, NVIDIA GeForce RTX 4090, 49 %, 19 %, 19206 MiB, 49140 MiB, 286.65 W, 65
2026/08/14 04:54:16.992, NVIDIA GeForce RTX 4090, 74 %, 43 %, 19206 MiB, 49140 MiB, 302.56 W, 68
2026/08/14 04:54:17.992, NVIDIA GeForce RTX 4090, 99 %, 52 %, 19206 MiB, 49140 MiB, 314.01 W, 70
2026/08/14 04:54:18.992, NVIDIA GeForce RTX 4090, 39 %, 13 %, 19206 MiB, 49140 MiB, 342.26 W, 62
2026/08/14 04:54:19.992, NVIDIA GeForce RTX 4090, 50 %, 20 %, 19206 MiB, 49140 MiB, 283.27 W, 63
2026/08/14 04:54:20.993, NVIDIA GeForce RTX 4090, 55 %, 28 %, 19206 MiB, 49140 MiB, 280.26 W, 65
2026/08/14 04:54:21.993, NVIDIA GeForce RTX 4090, 71 %, 43 %, 19206 MiB, 49140 MiB, 287.41 W, 70
2026/08/14 04:54:22.993, NVIDIA GeForce RTX 4090, 86 %, 43 %, 19206 MiB, 49140 MiB, 296.90 W, 70
2026/08/14 04:54:23.993, NVIDIA GeForce RTX 4090, 89 %, 41 %, 19206 MiB, 49140 MiB, 292.62 W, 68
2026/08/14 04:54:24.994, NVIDIA GeForce RTX 4090, 41 %, 14 %, 19206 MiB, 49140 MiB, 294.43 W, 63
2026/08/14 04:54:25.994, NVIDIA GeForce RTX 4090, 39 %, 14 %, 19206 MiB, 49140 MiB, 268.19 W, 61
2026/08/14 04:54:26.994, NVIDIA GeForce RTX 4090, 48 %, 17 %, 19206 MiB, 49140 MiB, 279.06 W, 62
2026/08/14 04:54:27.994, NVIDIA GeForce RTX 4090, 40 %, 16 %, 19206 MiB, 49140 MiB, 283.28 W, 63
2026/08/14 04:54:28.995, NVIDIA GeForce RTX 4090, 71 %, 42 %, 19206 MiB, 49140 MiB, 292.51 W, 69
2026/08/14 04:54:29.995, NVIDIA GeForce RTX 4090, 77 %, 42 %, 19206 MiB, 49140 MiB, 288.15 W, 70
2026/08/14 04:54:30.995, NVIDIA GeForce RTX 4090, 47 %, 18 %, 19206 MiB, 49140 MiB, 295.42 W, 68
2026/08/14 04:54:31.995, NVIDIA GeForce RTX 4090, 32 %, 11 %, 19206 MiB, 49140 MiB, 277.04 W, 63
2026/08/14 04:54:32.995, NVIDIA GeForce RTX 4090, 35 %, 12 %, 19206 MiB, 49140 MiB, 274.15 W, 63
2026/08/14 04:54:33.996, NVIDIA GeForce RTX 4090, 45 %, 16 %, 19206 MiB, 49140 MiB, 282.68 W, 63
2026/08/14 04:54:34.996, NVIDIA GeForce RTX 4090, 44 %, 17 %, 19206 MiB, 49140 MiB, 276.61 W, 63
2026/08/14 04:54:35.996, NVIDIA GeForce RTX 4090, 53 %, 27 %, 19206 MiB, 49140 MiB, 278.68 W, 65
2026/08/14 04:54:36.996, NVIDIA GeForce RTX 4090, 70 %, 43 %, 19206 MiB, 49140 MiB, 288.80 W, 69
2026/08/14 04:54:37.997, NVIDIA GeForce RTX 4090, 55 %, 29 %, 19206 MiB, 49140 MiB, 304.27 W, 70
2026/08/14 04:54:38.997, NVIDIA GeForce RTX 4090, 28 %, 9 %, 19206 MiB, 49140 MiB, 287.55 W, 63
2026/08/14 04:54:39.997, NVIDIA GeForce RTX 4090, 34 %, 13 %, 19206 MiB, 49140 MiB, 268.67 W, 62
2026/08/14 04:54:40.997, NVIDIA GeForce RTX 4090, 43 %, 14 %, 19206 MiB, 49140 MiB, 279.42 W, 63
2026/08/14 04:54:41.997, NVIDIA GeForce RTX 4090, 33 %, 11 %, 19206 MiB, 49140 MiB, 274.42 W, 63
2026/08/14 04:54:42.998, NVIDIA GeForce RTX 4090, 43 %, 16 %, 19206 MiB, 49140 MiB, 273.44 W, 64
2026/08/14 04:54:43.998, NVIDIA GeForce RTX 4090, 55 %, 29 %, 19206 MiB, 49140 MiB, 284.98 W, 66
2026/08/14 04:54:44.998, NVIDIA GeForce RTX 4090, 92 %, 53 %, 19206 MiB, 49140 MiB, 306.02 W, 68
2026/08/14 04:54:45.998, NVIDIA GeForce RTX 4090, 51 %, 19 %, 19206 MiB, 49140 MiB, 310.33 W, 67
2026/08/14 04:54:46.998, NVIDIA GeForce RTX 4090, 32 %, 12 %, 19206 MiB, 49140 MiB, 277.21 W, 63
2026/08/14 04:54:47.999, NVIDIA GeForce RTX 4090, 40 %, 14 %, 19206 MiB, 49140 MiB, 279.38 W, 63
2026/08/14 04:54:48.999, NVIDIA GeForce RTX 4090, 33 %, 12 %, 19206 MiB, 49140 MiB, 275.77 W, 63
2026/08/14 04:54:49.999, NVIDIA GeForce RTX 4090, 45 %, 17 %, 19206 MiB, 49140 MiB, 274.04 W, 64
2026/08/14 04:54:50.999, NVIDIA GeForce RTX 4090, 71 %, 42 %, 19206 MiB, 49140 MiB, 297.46 W, 69
2026/08/14 04:54:52.000, NVIDIA GeForce RTX 4090, 73 %, 37 %, 19206 MiB, 49140 MiB, 320.41 W, 71
2026/08/14 04:54:53.000, NVIDIA GeForce RTX 4090, 28 %, 10 %, 19206 MiB, 49140 MiB, 287.04 W, 64
2026/08/14 04:54:54.000, NVIDIA GeForce RTX 4090, 40 %, 14 %, 19206 MiB, 49140 MiB, 272.19 W, 64
2026/08/14 04:54:55.001, NVIDIA GeForce RTX 4090, 37 %, 12 %, 19206 MiB, 49140 MiB, 281.07 W, 63
2026/08/14 04:54:56.001, NVIDIA GeForce RTX 4090, 44 %, 17 %, 19206 MiB, 49140 MiB, 275.80 W, 64
2026/08/14 04:54:57.001, NVIDIA GeForce RTX 4090, 53 %, 28 %, 19206 MiB, 49140 MiB, 279.29 W, 67
2026/08/14 04:54:58.001, NVIDIA GeForce RTX 4090, 71 %, 42 %, 19206 MiB, 49140 MiB, 290.22 W, 69
2026/08/14 04:54:59.002, NVIDIA GeForce RTX 4090, 53 %, 30 %, 19206 MiB, 49140 MiB, 304.44 W, 71
2026/08/14 04:55:00.002, NVIDIA GeForce RTX 4090, 28 %, 10 %, 19206 MiB, 49140 MiB, 286.51 W, 64
2026/08/14 04:55:01.002, NVIDIA GeForce RTX 4090, 35 %, 12 %, 19206 MiB, 49140 MiB, 279.75 W, 64
2026/08/14 04:55:02.002, NVIDIA GeForce RTX 4090, 39 %, 14 %, 19206 MiB, 49140 MiB, 283.66 W, 64
2026/08/14 04:55:03.003, NVIDIA GeForce RTX 4090, 0 %, 0 %, 19206 MiB, 49140 MiB, 340.09 W, 62
2026/08/14 04:55:04.003, NVIDIA GeForce RTX 4090, 0 %, 0 %, 19206 MiB, 49140 MiB, 108.78 W, 57
2026/08/14 04:55:05.003, NVIDIA GeForce RTX 4090, 11 %, 1 %, 19206 MiB, 49140 MiB, 104.12 W, 56
2026/08/14 04:55:06.003, NVIDIA GeForce RTX 4090, 63 %, 37 %, 19206 MiB, 49140 MiB, 252.48 W, 68
2026/08/14 04:55:07.004, NVIDIA GeForce RTX 4090, 91 %, 50 %, 19206 MiB, 49140 MiB, 296.53 W, 68
2026/08/14 04:55:08.004, NVIDIA GeForce RTX 4090, 67 %, 30 %, 19206 MiB, 49140 MiB, 293.24 W, 69
2026/08/14 04:55:09.004, NVIDIA GeForce RTX 4090, 28 %, 11 %, 19206 MiB, 49140 MiB, 262.37 W, 63
2026/08/14 04:55:10.004, NVIDIA GeForce RTX 4090, 33 %, 12 %, 19206 MiB, 49140 MiB, 276.30 W, 64
2026/08/14 04:55:11.005, NVIDIA GeForce RTX 4090, 34 %, 11 %, 19206 MiB, 49140 MiB, 268.57 W, 62
2026/08/14 04:55:12.005, NVIDIA GeForce RTX 4090, 32 %, 10 %, 19206 MiB, 49140 MiB, 277.24 W, 63
2026/08/14 04:55:13.005, NVIDIA GeForce RTX 4090, 45 %, 17 %, 19206 MiB, 49140 MiB, 274.35 W, 64
2026/08/14 04:55:14.005, NVIDIA GeForce RTX 4090, 51 %, 27 %, 19206 MiB, 49140 MiB, 280.22 W, 69
2026/08/14 04:55:15.083, NVIDIA GeForce RTX 4090, 96 %, 55 %, 19206 MiB, 49140 MiB, 298.60 W, 68
2026/08/14 04:55:16.084, NVIDIA GeForce RTX 4090, 54 %, 26 %, 19206 MiB, 49140 MiB, 288.39 W, 69
2026/08/14 04:55:17.084, NVIDIA GeForce RTX 4090, 32 %, 11 %, 19206 MiB, 49140 MiB, 272.99 W, 64
2026/08/14 04:55:18.085, NVIDIA GeForce RTX 4090, 23 %, 8 %, 19206 MiB, 49140 MiB, 266.02 W, 62
2026/08/14 04:55:19.085, NVIDIA GeForce RTX 4090, 34 %, 11 %, 19206 MiB, 49140 MiB, 273.45 W, 63
2026/08/14 04:55:20.085, NVIDIA GeForce RTX 4090, 26 %, 8 %, 19206 MiB, 49140 MiB, 271.20 W, 63
2026/08/14 04:55:21.086, NVIDIA GeForce RTX 4090, 59 %, 23 %, 19206 MiB, 49140 MiB, 277.09 W, 69
2026/08/14 04:55:22.086, NVIDIA GeForce RTX 4090, 53 %, 27 %, 19206 MiB, 49140 MiB, 278.90 W, 68
2026/08/14 04:55:23.086, NVIDIA GeForce RTX 4090, 71 %, 39 %, 19206 MiB, 49140 MiB, 285.89 W, 69
2026/08/14 04:55:24.086, NVIDIA GeForce RTX 4090, 53 %, 31 %, 19206 MiB, 49140 MiB, 300.31 W, 69
2026/08/14 04:55:25.087, NVIDIA GeForce RTX 4090, 32 %, 11 %, 19206 MiB, 49140 MiB, 291.23 W, 63
2026/08/14 04:55:26.087, NVIDIA GeForce RTX 4090, 34 %, 12 %, 19206 MiB, 49140 MiB, 277.03 W, 63
2026/08/14 04:55:27.087, NVIDIA GeForce RTX 4090, 33 %, 12 %, 19206 MiB, 49140 MiB, 281.17 W, 65
2026/08/14 04:55:28.088, NVIDIA GeForce RTX 4090, 51 %, 27 %, 19206 MiB, 49140 MiB, 287.63 W, 68
2026/08/14 04:55:29.088, NVIDIA GeForce RTX 4090, 98 %, 55 %, 19206 MiB, 49140 MiB, 299.36 W, 69
2026/08/14 04:55:30.088, NVIDIA GeForce RTX 4090, 53 %, 25 %, 19206 MiB, 49140 MiB, 290.05 W, 69
2026/08/14 04:55:31.090, NVIDIA GeForce RTX 4090, 30 %, 12 %, 19206 MiB, 49140 MiB, 275.85 W, 64
2026/08/14 04:55:32.090, NVIDIA GeForce RTX 4090, 31 %, 11 %, 19206 MiB, 49140 MiB, 267.10 W, 64
2026/08/14 04:55:33.091, NVIDIA GeForce RTX 4090, 34 %, 12 %, 19206 MiB, 49140 MiB, 277.12 W, 63
2026/08/14 04:55:34.091, NVIDIA GeForce RTX 4090, 31 %, 11 %, 19206 MiB, 49140 MiB, 282.22 W, 66
2026/08/14 04:55:35.091, NVIDIA GeForce RTX 4090, 68 %, 38 %, 19206 MiB, 49140 MiB, 298.10 W, 69
2026/08/14 04:55:36.092, NVIDIA GeForce RTX 4090, 92 %, 51 %, 19206 MiB, 49140 MiB, 306.03 W, 68
2026/08/14 04:55:37.092, NVIDIA GeForce RTX 4090, 51 %, 25 %, 19206 MiB, 49140 MiB, 281.34 W, 69
2026/08/14 04:55:38.092, NVIDIA GeForce RTX 4090, 27 %, 11 %, 19206 MiB, 49140 MiB, 275.30 W, 64
2026/08/14 04:55:39.093, NVIDIA GeForce RTX 4090, 25 %, 9 %, 19206 MiB, 49140 MiB, 266.57 W, 63
2026/08/14 04:55:40.093, NVIDIA GeForce RTX 4090, 33 %, 11 %, 19206 MiB, 49140 MiB, 276.37 W, 64
2026/08/14 04:55:41.095, NVIDIA GeForce RTX 4090, 23 %, 8 %, 19206 MiB, 49140 MiB, 272.23 W, 64
2026/08/14 04:55:42.095, NVIDIA GeForce RTX 4090, 41 %, 15 %, 19206 MiB, 49140 MiB, 275.88 W, 67
2026/08/14 04:55:43.095, NVIDIA GeForce RTX 4090, 53 %, 26 %, 19206 MiB, 49140 MiB, 279.75 W, 68
2026/08/14 04:55:44.096, NVIDIA GeForce RTX 4090, 70 %, 39 %, 19206 MiB, 49140 MiB, 288.19 W, 68
2026/08/14 04:55:45.096, NVIDIA GeForce RTX 4090, 86 %, 45 %, 19206 MiB, 49140 MiB, 310.27 W, 69
2026/08/14 04:55:46.096, NVIDIA GeForce RTX 4090, 32 %, 12 %, 19206 MiB, 49140 MiB, 296.30 W, 65
2026/08/14 04:55:47.096, NVIDIA GeForce RTX 4090, 32 %, 10 %, 19206 MiB, 49140 MiB, 285.19 W, 65
2026/08/14 04:55:48.097, NVIDIA GeForce RTX 4090, 36 %, 14 %, 19206 MiB, 49140 MiB, 276.23 W, 69
2026/08/14 04:55:49.097, NVIDIA GeForce RTX 4090, 70 %, 39 %, 19206 MiB, 49140 MiB, 293.43 W, 68
2026/08/14 04:55:50.097, NVIDIA GeForce RTX 4090, 40 %, 15 %, 19206 MiB, 49140 MiB, 378.59 W, 69
2026/08/14 04:55:51.097, NVIDIA GeForce RTX 4090, 18 %, 7 %, 19206 MiB, 49140 MiB, 286.46 W, 66
2026/08/14 04:55:52.098, NVIDIA GeForce RTX 4090, 40 %, 16 %, 19206 MiB, 49140 MiB, 288.23 W, 68
2026/08/14 04:55:53.098, NVIDIA GeForce RTX 4090, 69 %, 38 %, 19206 MiB, 49140 MiB, 282.06 W, 69
2026/08/14 04:55:54.098, NVIDIA GeForce RTX 4090, 92 %, 53 %, 19206 MiB, 49140 MiB, 305.49 W, 69
2026/08/14 04:55:55.098, NVIDIA GeForce RTX 4090, 66 %, 32 %, 19206 MiB, 49140 MiB, 291.41 W, 65
2026/08/14 04:55:56.098, NVIDIA GeForce RTX 4090, 39 %, 15 %, 19206 MiB, 49140 MiB, 280.67 W, 66
2026/08/14 04:55:57.099, NVIDIA GeForce RTX 4090, 37 %, 13 %, 19206 MiB, 49140 MiB, 281.65 W, 66
2026/08/14 04:55:58.099, NVIDIA GeForce RTX 4090, 26 %, 10 %, 19206 MiB, 49140 MiB, 283.47 W, 69
2026/08/14 04:55:59.099, NVIDIA GeForce RTX 4090, 70 %, 38 %, 19206 MiB, 49140 MiB, 298.40 W, 70
2026/08/14 04:56:00.099, NVIDIA GeForce RTX 4090, 93 %, 53 %, 19206 MiB, 49140 MiB, 308.32 W, 68
2026/08/14 04:56:01.100, NVIDIA GeForce RTX 4090, 54 %, 25 %, 19206 MiB, 49140 MiB, 300.04 W, 67
2026/08/14 04:56:02.100, NVIDIA GeForce RTX 4090, 20 %, 8 %, 19206 MiB, 49140 MiB, 284.97 W, 68
2026/08/14 04:56:03.100, NVIDIA GeForce RTX 4090, 31 %, 11 %, 19206 MiB, 49140 MiB, 279.08 W, 68
2026/08/14 04:56:04.100, NVIDIA GeForce RTX 4090, 45 %, 17 %, 19206 MiB, 49140 MiB, 276.71 W, 69
2026/08/14 04:56:05.100, NVIDIA GeForce RTX 4090, 42 %, 20 %, 19206 MiB, 49140 MiB, 283.54 W, 69
2026/08/14 04:56:06.103, NVIDIA GeForce RTX 4090, 70 %, 39 %, 19206 MiB, 49140 MiB, 291.03 W, 68
2026/08/14 04:56:07.103, NVIDIA GeForce RTX 4090, 91 %, 52 %, 19206 MiB, 49140 MiB, 295.72 W, 68
2026/08/14 04:56:08.103, NVIDIA GeForce RTX 4090, 52 %, 25 %, 19206 MiB, 49140 MiB, 283.85 W, 65
2026/08/14 04:56:09.103, NVIDIA GeForce RTX 4090, 31 %, 12 %, 19206 MiB, 49140 MiB, 280.35 W, 67
2026/08/14 04:56:10.104, NVIDIA GeForce RTX 4090, 39 %, 14 %, 19206 MiB, 49140 MiB, 272.51 W, 69
2026/08/14 04:56:11.104, NVIDIA GeForce RTX 4090, 28 %, 10 %, 19206 MiB, 49140 MiB, 272.34 W, 68
2026/08/14 04:56:12.104, NVIDIA GeForce RTX 4090, 29 %, 11 %, 19206 MiB, 49140 MiB, 281.66 W, 68
2026/08/14 04:56:13.104, NVIDIA GeForce RTX 4090, 55 %, 23 %, 19206 MiB, 49140 MiB, 278.25 W, 68
2026/08/14 04:56:14.105, NVIDIA GeForce RTX 4090, 70 %, 38 %, 19206 MiB, 49140 MiB, 286.95 W, 67
2026/08/14 04:56:15.105, NVIDIA GeForce RTX 4090, 92 %, 52 %, 19206 MiB, 49140 MiB, 299.85 W, 67
2026/08/14 04:56:16.105, NVIDIA GeForce RTX 4090, 53 %, 26 %, 19206 MiB, 49140 MiB, 292.25 W, 66
2026/08/14 04:56:17.105, NVIDIA GeForce RTX 4090, 30 %, 11 %, 19206 MiB, 49140 MiB, 273.72 W, 69
2026/08/14 04:56:18.106, NVIDIA GeForce RTX 4090, 33 %, 11 %, 19206 MiB, 49140 MiB, 269.67 W, 68
2026/08/14 04:56:19.106, NVIDIA GeForce RTX 4090, 20 %, 6 %, 19206 MiB, 49140 MiB, 278.51 W, 67
2026/08/14 04:56:20.106, NVIDIA GeForce RTX 4090, 44 %, 16 %, 19206 MiB, 49140 MiB, 276.24 W, 68
2026/08/14 04:56:21.106, NVIDIA GeForce RTX 4090, 52 %, 22 %, 19206 MiB, 49140 MiB, 276.89 W, 69
2026/08/14 04:56:22.106, NVIDIA GeForce RTX 4090, 98 %, 59 %, 19206 MiB, 49140 MiB, 307.10 W, 68
2026/08/14 04:56:23.107, NVIDIA GeForce RTX 4090, 53 %, 26 %, 19206 MiB, 49140 MiB, 302.41 W, 67
2026/08/14 04:56:24.107, NVIDIA GeForce RTX 4090, 19 %, 8 %, 19206 MiB, 49140 MiB, 270.39 W, 69
2026/08/14 04:56:25.107, NVIDIA GeForce RTX 4090, 36 %, 12 %, 19206 MiB, 49140 MiB, 271.76 W, 69
2026/08/14 04:56:26.107, NVIDIA GeForce RTX 4090, 26 %, 8 %, 19206 MiB, 49140 MiB, 284.47 W, 69
2026/08/14 04:56:27.108, NVIDIA GeForce RTX 4090, 70 %, 35 %, 19206 MiB, 49140 MiB, 300.02 W, 69
2026/08/14 04:56:28.108, NVIDIA GeForce RTX 4090, 92 %, 52 %, 19206 MiB, 49140 MiB, 306.18 W, 66
2026/08/14 04:56:29.108, NVIDIA GeForce RTX 4090, 50 %, 25 %, 19206 MiB, 49140 MiB, 291.11 W, 64
2026/08/14 04:56:30.184, NVIDIA GeForce RTX 4090, 20 %, 8 %, 19206 MiB, 49140 MiB, 273.86 W, 70
2026/08/14 04:56:31.184, NVIDIA GeForce RTX 4090, 31 %, 11 %, 19206 MiB, 49140 MiB, 271.56 W, 68
2026/08/14 04:56:32.184, NVIDIA GeForce RTX 4090, 31 %, 11 %, 19206 MiB, 49140 MiB, 277.23 W, 69
2026/08/14 04:56:33.184, NVIDIA GeForce RTX 4090, 23 %, 9 %, 19206 MiB, 49140 MiB, 280.14 W, 68
2026/08/14 04:56:34.185, NVIDIA GeForce RTX 4090, 0 %, 0 %, 19206 MiB, 49140 MiB, 332.35 W, 59
2026/08/14 04:56:35.185, NVIDIA GeForce RTX 4090, 0 %, 0 %, 19206 MiB, 49140 MiB, 108.07 W, 57
2026/08/14 04:56:36.185, NVIDIA GeForce RTX 4090, 36 %, 13 %, 19206 MiB, 49140 MiB, 156.12 W, 67
2026/08/14 04:56:37.185, NVIDIA GeForce RTX 4090, 3 %, 1 %, 19206 MiB, 49140 MiB, 267.82 W, 65
2026/08/14 04:56:38.186, NVIDIA GeForce RTX 4090, 15 %, 5 %, 19206 MiB, 49140 MiB, 262.00 W, 67
2026/08/14 04:56:39.186, NVIDIA GeForce RTX 4090, 36 %, 13 %, 19206 MiB, 49140 MiB, 260.77 W, 68
2026/08/14 04:56:40.186, NVIDIA GeForce RTX 4090, 17 %, 6 %, 19206 MiB, 49140 MiB, 273.49 W, 67
2026/08/14 04:56:41.186, NVIDIA GeForce RTX 4090, 22 %, 8 %, 19206 MiB, 49140 MiB, 276.53 W, 68
2026/08/14 04:56:42.187, NVIDIA GeForce RTX 4090, 54 %, 21 %, 19206 MiB, 49140 MiB, 274.35 W, 68
2026/08/14 04:56:43.187, NVIDIA GeForce RTX 4090, 71 %, 38 %, 19206 MiB, 49140 MiB, 287.04 W, 66
2026/08/14 04:56:44.187, NVIDIA GeForce RTX 4090, 82 %, 47 %, 19206 MiB, 49140 MiB, 296.24 W, 68
2026/08/14 04:56:45.187, NVIDIA GeForce RTX 4090, 84 %, 46 %, 19206 MiB, 49140 MiB, 274.54 W, 69
2026/08/14 04:56:46.188, NVIDIA GeForce RTX 4090, 86 %, 48 %, 19206 MiB, 49140 MiB, 274.37 W, 69
2026/08/14 04:56:47.188, NVIDIA GeForce RTX 4090, 49 %, 26 %, 19206 MiB, 49140 MiB, 284.95 W, 67
2026/08/14 04:56:48.188, NVIDIA GeForce RTX 4090, 52 %, 25 %, 19206 MiB, 49140 MiB, 282.63 W, 69
2026/08/14 04:56:49.188, NVIDIA GeForce RTX 4090, 42 %, 17 %, 19206 MiB, 49140 MiB, 270.75 W, 63
2026/08/14 04:56:50.188, NVIDIA GeForce RTX 4090, 18 %, 6 %, 19206 MiB, 49140 MiB, 268.84 W, 65
2026/08/14 04:56:51.189, NVIDIA GeForce RTX 4090, 31 %, 11 %, 19206 MiB, 49140 MiB, 266.18 W, 68
2026/08/14 04:56:52.189, NVIDIA GeForce RTX 4090, 20 %, 7 %, 19206 MiB, 49140 MiB, 269.48 W, 67
2026/08/14 04:56:53.189, NVIDIA GeForce RTX 4090, 26 %, 8 %, 19206 MiB, 49140 MiB, 266.68 W, 67
2026/08/14 04:56:54.190, NVIDIA GeForce RTX 4090, 29 %, 11 %, 19206 MiB, 49140 MiB, 269.65 W, 66
2026/08/14 04:56:55.190, NVIDIA GeForce RTX 4090, 75 %, 36 %, 19206 MiB, 49140 MiB, 285.43 W, 67
2026/08/14 04:56:56.190, NVIDIA GeForce RTX 4090, 39 %, 22 %, 19206 MiB, 49140 MiB, 270.94 W, 65
2026/08/14 04:56:57.190, NVIDIA GeForce RTX 4090, 74 %, 36 %, 19206 MiB, 49140 MiB, 260.79 W, 67
2026/08/14 04:56:58.190, NVIDIA GeForce RTX 4090, 76 %, 42 %, 19206 MiB, 49140 MiB, 283.40 W, 65
2026/08/14 04:56:59.191, NVIDIA GeForce RTX 4090, 68 %, 41 %, 19206 MiB, 49140 MiB, 279.22 W, 67
2026/08/14 04:57:00.191, NVIDIA GeForce RTX 4090, 87 %, 51 %, 19206 MiB, 49140 MiB, 282.95 W, 68
2026/08/14 04:57:01.191, NVIDIA GeForce RTX 4090, 87 %, 45 %, 19206 MiB, 49140 MiB, 289.19 W, 68
2026/08/14 04:57:02.191, NVIDIA GeForce RTX 4090, 53 %, 25 %, 19206 MiB, 49140 MiB, 284.00 W, 67
2026/08/14 04:57:03.192, NVIDIA GeForce RTX 4090, 42 %, 17 %, 19206 MiB, 49140 MiB, 270.67 W, 64
2026/08/14 04:57:04.192, NVIDIA GeForce RTX 4090, 18 %, 6 %, 19206 MiB, 49140 MiB, 269.83 W, 65
2026/08/14 04:57:05.192, NVIDIA GeForce RTX 4090, 31 %, 12 %, 19206 MiB, 49140 MiB, 267.71 W, 67
2026/08/14 04:57:06.192, NVIDIA GeForce RTX 4090, 47 %, 16 %, 19206 MiB, 49140 MiB, 277.26 W, 67
2026/08/14 04:57:07.192, NVIDIA GeForce RTX 4090, 78 %, 38 %, 19206 MiB, 49140 MiB, 298.66 W, 66
2026/08/14 04:57:08.193, NVIDIA GeForce RTX 4090, 92 %, 52 %, 19206 MiB, 49140 MiB, 304.44 W, 69
2026/08/14 04:57:09.193, NVIDIA GeForce RTX 4090, 32 %, 13 %, 19206 MiB, 49140 MiB, 299.81 W, 68
2026/08/14 04:57:10.193, NVIDIA GeForce RTX 4090, 18 %, 6 %, 19206 MiB, 49140 MiB, 271.38 W, 66
2026/08/14 04:57:11.193, NVIDIA GeForce RTX 4090, 42 %, 15 %, 19206 MiB, 49140 MiB, 273.16 W, 68
2026/08/14 04:57:12.193, NVIDIA GeForce RTX 4090, 49 %, 17 %, 19206 MiB, 49140 MiB, 282.84 W, 67
2026/08/14 04:57:13.193, NVIDIA GeForce RTX 4090, 78 %, 38 %, 19206 MiB, 49140 MiB, 292.04 W, 67
2026/08/14 04:57:14.194, NVIDIA GeForce RTX 4090, 63 %, 32 %, 19206 MiB, 49140 MiB, 316.95 W, 67
2026/08/14 04:57:15.194, NVIDIA GeForce RTX 4090, 25 %, 10 %, 19206 MiB, 49140 MiB, 288.81 W, 67
2026/08/14 04:57:16.194, NVIDIA GeForce RTX 4090, 35 %, 12 %, 19206 MiB, 49140 MiB, 273.36 W, 66
2026/08/14 04:57:17.194, NVIDIA GeForce RTX 4090, 44 %, 15 %, 19206 MiB, 49140 MiB, 271.45 W, 68
2026/08/14 04:57:18.194, NVIDIA GeForce RTX 4090, 45 %, 15 %, 19206 MiB, 49140 MiB, 273.25 W, 66
2026/08/14 04:57:19.195, NVIDIA GeForce RTX 4090, 63 %, 25 %, 19206 MiB, 49140 MiB, 287.19 W, 67
2026/08/14 04:57:20.195, NVIDIA GeForce RTX 4090, 81 %, 45 %, 19206 MiB, 49140 MiB, 288.74 W, 66
2026/08/14 04:57:21.195, NVIDIA GeForce RTX 4090, 100 %, 56 %, 19206 MiB, 49140 MiB, 311.34 W, 69
2026/08/14 04:57:22.196, NVIDIA GeForce RTX 4090, 33 %, 11 %, 19206 MiB, 49140 MiB, 355.61 W, 68
2026/08/14 04:57:23.196, NVIDIA GeForce RTX 4090, 49 %, 17 %, 19206 MiB, 49140 MiB, 284.43 W, 67
2026/08/14 04:57:24.196, NVIDIA GeForce RTX 4090, 63 %, 25 %, 19206 MiB, 49140 MiB, 282.89 W, 67
2026/08/14 04:57:25.196, NVIDIA GeForce RTX 4090, 78 %, 44 %, 19206 MiB, 49140 MiB, 285.75 W, 67
2026/08/14 04:57:26.197, NVIDIA GeForce RTX 4090, 63 %, 31 %, 19206 MiB, 49140 MiB, 306.72 W, 66
2026/08/14 04:57:27.197, NVIDIA GeForce RTX 4090, 31 %, 13 %, 19206 MiB, 49140 MiB, 288.70 W, 68
2026/08/14 04:57:28.197, NVIDIA GeForce RTX 4090, 38 %, 14 %, 19206 MiB, 49140 MiB, 263.39 W, 66
2026/08/14 04:57:29.197, NVIDIA GeForce RTX 4090, 36 %, 13 %, 19206 MiB, 49140 MiB, 271.89 W, 67
2026/08/14 04:57:30.197, NVIDIA GeForce RTX 4090, 38 %, 13 %, 19206 MiB, 49140 MiB, 274.29 W, 66
2026/08/14 04:57:31.198, NVIDIA GeForce RTX 4090, 47 %, 18 %, 19206 MiB, 49140 MiB, 281.77 W, 66
2026/08/14 04:57:32.198, NVIDIA GeForce RTX 4090, 78 %, 44 %, 19206 MiB, 49140 MiB, 298.28 W, 68
2026/08/14 04:57:33.198, NVIDIA GeForce RTX 4090, 96 %, 55 %, 19206 MiB, 49140 MiB, 296.04 W, 66
2026/08/14 04:57:34.198, NVIDIA GeForce RTX 4090, 67 %, 37 %, 19206 MiB, 49140 MiB, 289.64 W, 67
2026/08/14 04:57:35.198, NVIDIA GeForce RTX 4090, 32 %, 13 %, 19206 MiB, 49140 MiB, 275.04 W, 67
2026/08/14 04:57:36.198, NVIDIA GeForce RTX 4090, 25 %, 8 %, 19206 MiB, 49140 MiB, 268.14 W, 66
2026/08/14 04:57:37.199, NVIDIA GeForce RTX 4090, 42 %, 15 %, 19206 MiB, 49140 MiB, 268.98 W, 66
2026/08/14 04:57:38.199, NVIDIA GeForce RTX 4090, 46 %, 15 %, 19206 MiB, 49140 MiB, 280.67 W, 66
2026/08/14 04:57:39.199, NVIDIA GeForce RTX 4090, 78 %, 38 %, 19206 MiB, 49140 MiB, 297.70 W, 67
2026/08/14 04:57:40.199, NVIDIA GeForce RTX 4090, 89 %, 52 %, 19206 MiB, 49140 MiB, 302.96 W, 68
2026/08/14 04:57:41.202, NVIDIA GeForce RTX 4090, 39 %, 14 %, 19206 MiB, 49140 MiB, 305.61 W, 66
2026/08/14 04:57:42.202, NVIDIA GeForce RTX 4090, 42 %, 15 %, 19206 MiB, 49140 MiB, 271.39 W, 66
2026/08/14 04:57:43.202, NVIDIA GeForce RTX 4090, 49 %, 16 %, 19206 MiB, 49140 MiB, 281.83 W, 66
2026/08/14 04:57:44.202, NVIDIA GeForce RTX 4090, 61 %, 24 %, 19206 MiB, 49140 MiB, 285.77 W, 66
2026/08/14 04:57:45.202, NVIDIA GeForce RTX 4090, 87 %, 53 %, 19206 MiB, 49140 MiB, 298.95 W, 70
2026/08/14 04:57:46.203, NVIDIA GeForce RTX 4090, 55 %, 22 %, 19206 MiB, 49140 MiB, 313.46 W, 67
2026/08/14 04:57:47.203, NVIDIA GeForce RTX 4090, 41 %, 14 %, 19206 MiB, 49140 MiB, 281.36 W, 66
2026/08/14 04:57:48.203, NVIDIA GeForce RTX 4090, 49 %, 17 %, 19206 MiB, 49140 MiB, 283.69 W, 66
2026/08/14 04:57:49.203, NVIDIA GeForce RTX 4090, 63 %, 25 %, 19206 MiB, 49140 MiB, 279.90 W, 66
2026/08/14 04:57:50.203, NVIDIA GeForce RTX 4090, 76 %, 42 %, 19206 MiB, 49140 MiB, 285.29 W, 67
2026/08/14 04:57:51.203, NVIDIA GeForce RTX 4090, 83 %, 49 %, 19206 MiB, 49140 MiB, 290.11 W, 69
2026/08/14 04:57:52.203, NVIDIA GeForce RTX 4090, 70 %, 37 %, 19206 MiB, 49140 MiB, 289.48 W, 68
2026/08/14 04:57:53.204, NVIDIA GeForce RTX 4090, 33 %, 13 %, 19206 MiB, 49140 MiB, 277.91 W, 65
2026/08/14 04:57:54.204, NVIDIA GeForce RTX 4090, 42 %, 15 %, 19206 MiB, 49140 MiB, 277.07 W, 66
2026/08/14 04:57:55.204, NVIDIA GeForce RTX 4090, 41 %, 14 %, 19206 MiB, 49140 MiB, 271.42 W, 66
2026/08/14 04:57:56.204, NVIDIA GeForce RTX 4090, 47 %, 18 %, 19206 MiB, 49140 MiB, 279.02 W, 66
2026/08/14 04:57:57.204, NVIDIA GeForce RTX 4090, 99 %, 61 %, 19206 MiB, 49140 MiB, 305.89 W, 69
2026/08/14 04:57:58.205, NVIDIA GeForce RTX 4090, 39 %, 20 %, 19206 MiB, 49140 MiB, 294.30 W, 62
2026/08/14 04:57:59.205, NVIDIA GeForce RTX 4090, 35 %, 14 %, 19206 MiB, 49140 MiB, 280.64 W, 66
2026/08/14 04:58:00.205, NVIDIA GeForce RTX 4090, 40 %, 14 %, 19206 MiB, 49140 MiB, 278.49 W, 66
2026/08/14 04:58:01.205, NVIDIA GeForce RTX 4090, 48 %, 16 %, 19206 MiB, 49140 MiB, 280.17 W, 67
2026/08/14 04:58:02.206, NVIDIA GeForce RTX 4090, 65 %, 26 %, 19206 MiB, 49140 MiB, 288.08 W, 65
2026/08/14 04:58:03.206, NVIDIA GeForce RTX 4090, 83 %, 51 %, 19206 MiB, 49140 MiB, 299.79 W, 70
2026/08/14 04:58:04.206, NVIDIA GeForce RTX 4090, 70 %, 36 %, 19206 MiB, 49140 MiB, 302.89 W, 66
2026/08/14 04:58:05.207, NVIDIA GeForce RTX 4090, 100 %, 56 %, 19206 MiB, 49140 MiB, 314.77 W, 69
2026/08/14 04:58:06.207, NVIDIA GeForce RTX 4090, 3 %, 0 %, 19206 MiB, 49140 MiB, 219.77 W, 57
2026/08/14 04:58:07.207, NVIDIA GeForce RTX 4090, 0 %, 0 %, 19206 MiB, 49140 MiB, 106.87 W, 56
2026/08/14 04:58:08.208, NVIDIA GeForce RTX 4090, 48 %, 18 %, 19206 MiB, 49140 MiB, 205.76 W, 63
2026/08/14 04:58:09.208, NVIDIA GeForce RTX 4090, 82 %, 40 %, 19206 MiB, 49140 MiB, 281.01 W, 65
2026/08/14 04:58:10.208, NVIDIA GeForce RTX 4090, 80 %, 50 %, 19206 MiB, 49140 MiB, 290.65 W, 69
2026/08/14 04:58:11.208, NVIDIA GeForce RTX 4090, 73 %, 38 %, 19206 MiB, 49140 MiB, 301.25 W, 65
2026/08/14 04:58:12.208, NVIDIA GeForce RTX 4090, 31 %, 13 %, 19206 MiB, 49140 MiB, 279.39 W, 64
2026/08/14 04:58:13.209, NVIDIA GeForce RTX 4090, 26 %, 9 %, 19206 MiB, 49140 MiB, 269.15 W, 65
2026/08/14 04:58:14.209, NVIDIA GeForce RTX 4090, 42 %, 15 %, 19206 MiB, 49140 MiB, 280.99 W, 65
2026/08/14 04:58:15.209, NVIDIA GeForce RTX 4090, 49 %, 17 %, 19206 MiB, 49140 MiB, 278.09 W, 65
2026/08/14 04:58:16.209, NVIDIA GeForce RTX 4090, 65 %, 26 %, 19206 MiB, 49140 MiB, 282.26 W, 63
2026/08/14 04:58:17.210, NVIDIA GeForce RTX 4090, 77 %, 46 %, 19206 MiB, 49140 MiB, 296.83 W, 70
2026/08/14 04:58:18.210, NVIDIA GeForce RTX 4090, 75 %, 40 %, 19206 MiB, 49140 MiB, 301.91 W, 63
2026/08/14 04:58:19.210, NVIDIA GeForce RTX 4090, 45 %, 17 %, 19206 MiB, 49140 MiB, 285.69 W, 64
2026/08/14 04:58:20.210, NVIDIA GeForce RTX 4090, 42 %, 15 %, 19206 MiB, 49140 MiB, 280.36 W, 64
2026/08/14 04:58:21.210, NVIDIA GeForce RTX 4090, 45 %, 15 %, 19206 MiB, 49140 MiB, 283.05 W, 63
2026/08/14 04:58:22.211, NVIDIA GeForce RTX 4090, 70 %, 28 %, 19206 MiB, 49140 MiB, 283.95 W, 62
2026/08/14 04:58:23.211, NVIDIA GeForce RTX 4090, 82 %, 49 %, 19206 MiB, 49140 MiB, 294.81 W, 69
2026/08/14 04:58:24.211, NVIDIA GeForce RTX 4090, 76 %, 40 %, 19206 MiB, 49140 MiB, 304.57 W, 64
2026/08/14 04:58:25.211, NVIDIA GeForce RTX 4090, 22 %, 8 %, 19206 MiB, 49140 MiB, 271.21 W, 62
2026/08/14 04:58:26.211, NVIDIA GeForce RTX 4090, 36 %, 13 %, 19206 MiB, 49140 MiB, 274.34 W, 65
2026/08/14 04:58:27.211, NVIDIA GeForce RTX 4090, 47 %, 15 %, 19206 MiB, 49140 MiB, 289.06 W, 64
2026/08/14 04:58:28.212, NVIDIA GeForce RTX 4090, 62 %, 24 %, 19206 MiB, 49140 MiB, 288.53 W, 63
2026/08/14 04:58:29.212, NVIDIA GeForce RTX 4090, 85 %, 48 %, 19206 MiB, 49140 MiB, 286.68 W, 64
2026/08/14 04:58:30.212, NVIDIA GeForce RTX 4090, 74 %, 47 %, 19206 MiB, 49140 MiB, 290.19 W, 69
2026/08/14 04:58:31.212, NVIDIA GeForce RTX 4090, 45 %, 21 %, 19206 MiB, 49140 MiB, 301.61 W, 62
2026/08/14 04:58:32.212, NVIDIA GeForce RTX 4090, 42 %, 15 %, 19206 MiB, 49140 MiB, 287.42 W, 61
2026/08/14 04:58:33.213, NVIDIA GeForce RTX 4090, 38 %, 13 %, 19206 MiB, 49140 MiB, 274.67 W, 60
2026/08/14 04:58:34.283, NVIDIA GeForce RTX 4090, 46 %, 18 %, 19206 MiB, 49140 MiB, 279.83 W, 61
2026/08/14 04:58:35.283, NVIDIA GeForce RTX 4090, 74 %, 44 %, 19206 MiB, 49140 MiB, 303.72 W, 70
2026/08/14 04:58:36.284, NVIDIA GeForce RTX 4090, 87 %, 47 %, 19206 MiB, 49140 MiB, 306.62 W, 65
2026/08/14 04:58:37.284, NVIDIA GeForce RTX 4090, 29 %, 10 %, 19206 MiB, 49140 MiB, 291.18 W, 60
2026/08/14 04:58:38.284, NVIDIA GeForce RTX 4090, 42 %, 15 %, 19206 MiB, 49140 MiB, 273.12 W, 61
2026/08/14 04:58:39.285, NVIDIA GeForce RTX 4090, 49 %, 17 %, 19206 MiB, 49140 MiB, 288.22 W, 61
2026/08/14 04:58:40.285, NVIDIA GeForce RTX 4090, 60 %, 24 %, 19206 MiB, 49140 MiB, 282.99 W, 62
2026/08/14 04:58:41.285, NVIDIA GeForce RTX 4090, 72 %, 44 %, 19206 MiB, 49140 MiB, 297.17 W, 71
2026/08/14 04:58:42.285, NVIDIA GeForce RTX 4090, 81 %, 41 %, 19206 MiB, 49140 MiB, 304.77 W, 63
2026/08/14 04:58:43.286, NVIDIA GeForce RTX 4090, 30 %, 12 %, 19206 MiB, 49140 MiB, 282.34 W, 66
2026/08/14 04:58:44.286, NVIDIA GeForce RTX 4090, 31 %, 11 %, 19206 MiB, 49140 MiB, 269.29 W, 60
2026/08/14 04:58:45.286, NVIDIA GeForce RTX 4090, 40 %, 14 %, 19206 MiB, 49140 MiB, 266.27 W, 60
2026/08/14 04:58:46.286, NVIDIA GeForce RTX 4090, 38 %, 13 %, 19206 MiB, 49140 MiB, 276.49 W, 60
2026/08/14 04:58:47.287, NVIDIA GeForce RTX 4090, 50 %, 17 %, 19206 MiB, 49140 MiB, 281.54 W, 61
2026/08/14 04:58:48.287, NVIDIA GeForce RTX 4090, 62 %, 25 %, 19206 MiB, 49140 MiB, 284.28 W, 61
2026/08/14 04:58:49.287, NVIDIA GeForce RTX 4090, 70 %, 43 %, 19206 MiB, 49140 MiB, 305.88 W, 71
2026/08/14 04:58:50.287, NVIDIA GeForce RTX 4090, 54 %, 26 %, 19206 MiB, 49140 MiB, 303.60 W, 62
2026/08/14 04:58:51.288, NVIDIA GeForce RTX 4090, 100 %, 52 %, 19206 MiB, 49140 MiB, 327.32 W, 71
2026/08/14 04:58:52.288, NVIDIA GeForce RTX 4090, 46 %, 18 %, 19206 MiB, 49140 MiB, 316.81 W, 61
2026/08/14 04:58:53.288, NVIDIA GeForce RTX 4090, 85 %, 51 %, 19206 MiB, 49140 MiB, 296.07 W, 63
2026/08/14 04:58:54.288, NVIDIA GeForce RTX 4090, 92 %, 49 %, 19206 MiB, 49140 MiB, 308.10 W, 70
2026/08/14 04:58:55.289, NVIDIA GeForce RTX 4090, 39 %, 14 %, 19206 MiB, 49140 MiB, 286.89 W, 61
2026/08/14 04:58:56.289, NVIDIA GeForce RTX 4090, 42 %, 15 %, 19206 MiB, 49140 MiB, 270.80 W, 60
2026/08/14 04:58:57.289, NVIDIA GeForce RTX 4090, 52 %, 17 %, 19206 MiB, 49140 MiB, 281.78 W, 61
2026/08/14 04:58:58.289, NVIDIA GeForce RTX 4090, 67 %, 34 %, 19206 MiB, 49140 MiB, 298.59 W, 64
2026/08/14 04:58:59.290, NVIDIA GeForce RTX 4090, 68 %, 43 %, 19206 MiB, 49140 MiB, 305.35 W, 66
2026/08/14 04:59:00.290, NVIDIA GeForce RTX 4090, 87 %, 44 %, 19206 MiB, 49140 MiB, 284.41 W, 63
2026/08/14 04:59:01.290, NVIDIA GeForce RTX 4090, 39 %, 14 %, 19206 MiB, 49140 MiB, 278.12 W, 61
2026/08/14 04:59:02.290, NVIDIA GeForce RTX 4090, 40 %, 14 %, 19206 MiB, 49140 MiB, 275.30 W, 61
2026/08/14 04:59:03.290, NVIDIA GeForce RTX 4090, 45 %, 15 %, 19206 MiB, 49140 MiB, 280.33 W, 61
2026/08/14 04:59:04.291, NVIDIA GeForce RTX 4090, 70 %, 27 %, 19206 MiB, 49140 MiB, 288.64 W, 62
2026/08/14 04:59:05.291, NVIDIA GeForce RTX 4090, 65 %, 39 %, 19206 MiB, 49140 MiB, 283.42 W, 63
2026/08/14 04:59:06.291, NVIDIA GeForce RTX 4090, 92 %, 50 %, 19206 MiB, 49140 MiB, 306.03 W, 69
2026/08/14 04:59:07.291, NVIDIA GeForce RTX 4090, 49 %, 18 %, 19206 MiB, 49140 MiB, 289.25 W, 61
2026/08/14 04:59:08.291, NVIDIA GeForce RTX 4090, 41 %, 14 %, 19206 MiB, 49140 MiB, 276.95 W, 61
2026/08/14 04:59:09.292, NVIDIA GeForce RTX 4090, 61 %, 26 %, 19206 MiB, 49140 MiB, 281.58 W, 61
2026/08/14 04:59:10.292, NVIDIA GeForce RTX 4090, 73 %, 43 %, 19206 MiB, 49140 MiB, 304.92 W, 65
2026/08/14 04:59:11.292, NVIDIA GeForce RTX 4090, 87 %, 45 %, 19206 MiB, 49140 MiB, 295.00 W, 66
2026/08/14 04:59:12.292, NVIDIA GeForce RTX 4090, 57 %, 21 %, 19206 MiB, 49140 MiB, 304.55 W, 61
2026/08/14 04:59:13.293, NVIDIA GeForce RTX 4090, 35 %, 12 %, 19206 MiB, 49140 MiB, 268.16 W, 60
2026/08/14 04:59:14.293, NVIDIA GeForce RTX 4090, 38 %, 13 %, 19206 MiB, 49140 MiB, 275.29 W, 60
2026/08/14 04:59:15.293, NVIDIA GeForce RTX 4090, 49 %, 17 %, 19206 MiB, 49140 MiB, 280.54 W, 61
2026/08/14 04:59:16.293, NVIDIA GeForce RTX 4090, 74 %, 42 %, 19206 MiB, 49140 MiB, 296.04 W, 64
2026/08/14 04:59:17.294, NVIDIA GeForce RTX 4090, 86 %, 44 %, 19206 MiB, 49140 MiB, 302.76 W, 66
2026/08/14 04:59:18.294, NVIDIA GeForce RTX 4090, 37 %, 14 %, 19206 MiB, 49140 MiB, 286.67 W, 63
2026/08/14 04:59:19.294, NVIDIA GeForce RTX 4090, 32 %, 11 %, 19206 MiB, 49140 MiB, 278.10 W, 61
2026/08/14 04:59:20.294, NVIDIA GeForce RTX 4090, 40 %, 13 %, 19206 MiB, 49140 MiB, 285.08 W, 61
2026/08/14 04:59:21.295, NVIDIA GeForce RTX 4090, 53 %, 21 %, 19206 MiB, 49140 MiB, 286.35 W, 61
2026/08/14 04:59:22.295, NVIDIA GeForce RTX 4090, 59 %, 23 %, 19206 MiB, 49140 MiB, 283.17 W, 62
2026/08/14 04:59:23.295, NVIDIA GeForce RTX 4090, 93 %, 51 %, 19206 MiB, 49140 MiB, 301.95 W, 68
2026/08/14 04:59:24.295, NVIDIA GeForce RTX 4090, 54 %, 23 %, 19206 MiB, 49140 MiB, 288.92 W, 64
2026/08/14 04:59:25.296, NVIDIA GeForce RTX 4090, 26 %, 9 %, 19206 MiB, 49140 MiB, 278.59 W, 62
2026/08/14 04:59:26.296, NVIDIA GeForce RTX 4090, 37 %, 13 %, 19206 MiB, 49140 MiB, 276.52 W, 60
2026/08/14 04:59:27.296, NVIDIA GeForce RTX 4090, 34 %, 11 %, 19206 MiB, 49140 MiB, 270.98 W, 61
2026/08/14 04:59:28.296, NVIDIA GeForce RTX 4090, 41 %, 16 %, 19206 MiB, 49140 MiB, 281.37 W, 61
2026/08/14 04:59:29.296, NVIDIA GeForce RTX 4090, 56 %, 27 %, 19206 MiB, 49140 MiB, 281.55 W, 65
2026/08/14 04:59:30.297, NVIDIA GeForce RTX 4090, 69 %, 38 %, 19206 MiB, 49140 MiB, 306.15 W, 68
2026/08/14 04:59:31.297, NVIDIA GeForce RTX 4090, 50 %, 23 %, 19206 MiB, 49140 MiB, 296.43 W, 64
2026/08/14 04:59:32.297, NVIDIA GeForce RTX 4090, 40 %, 16 %, 19206 MiB, 49140 MiB, 279.19 W, 61
2026/08/14 04:59:33.297, NVIDIA GeForce RTX 4090, 35 %, 12 %, 19206 MiB, 49140 MiB, 280.93 W, 61
2026/08/14 04:59:34.298, NVIDIA GeForce RTX 4090, 55 %, 20 %, 19206 MiB, 49140 MiB, 277.70 W, 61
2026/08/14 04:59:35.298, NVIDIA GeForce RTX 4090, 0 %, 0 %, 19206 MiB, 49140 MiB, 341.08 W, 60
2026/08/14 04:59:36.298, NVIDIA GeForce RTX 4090, 0 %, 0 %, 19206 MiB, 49140 MiB, 108.27 W, 57
2026/08/14 04:59:37.299, NVIDIA GeForce RTX 4090, 38 %, 15 %, 19206 MiB, 49140 MiB, 160.46 W, 60
2026/08/14 04:59:38.299, NVIDIA GeForce RTX 4090, 16 %, 5 %, 19206 MiB, 49140 MiB, 263.66 W, 61
2026/08/14 04:59:39.299, NVIDIA GeForce RTX 4090, 20 %, 7 %, 19206 MiB, 49140 MiB, 266.74 W, 60
2026/08/14 04:59:40.299, NVIDIA GeForce RTX 4090, 35 %, 12 %, 19206 MiB, 49140 MiB, 274.77 W, 60
2026/08/14 04:59:41.300, NVIDIA GeForce RTX 4090, 40 %, 15 %, 19206 MiB, 49140 MiB, 283.70 W, 60
2026/08/14 04:59:42.300, NVIDIA GeForce RTX 4090, 61 %, 34 %, 19206 MiB, 49140 MiB, 284.85 W, 61
2026/08/14 04:59:43.300, NVIDIA GeForce RTX 4090, 94 %, 52 %, 19206 MiB, 49140 MiB, 300.35 W, 68
2026/08/14 04:59:44.301, NVIDIA GeForce RTX 4090, 42 %, 17 %, 19206 MiB, 49140 MiB, 298.00 W, 63
2026/08/14 04:59:45.301, NVIDIA GeForce RTX 4090, 38 %, 13 %, 19206 MiB, 49140 MiB, 271.69 W, 60
2026/08/14 04:59:46.301, NVIDIA GeForce RTX 4090, 40 %, 14 %, 19206 MiB, 49140 MiB, 288.39 W, 60
2026/08/14 04:59:47.301, NVIDIA GeForce RTX 4090, 52 %, 26 %, 19206 MiB, 49140 MiB, 293.76 W, 60
2026/08/14 04:59:48.302, NVIDIA GeForce RTX 4090, 73 %, 44 %, 19206 MiB, 49140 MiB, 291.13 W, 64
2026/08/14 04:59:49.302, NVIDIA GeForce RTX 4090, 57 %, 26 %, 19206 MiB, 49140 MiB, 301.02 W, 64
2026/08/14 04:59:50.302, NVIDIA GeForce RTX 4090, 35 %, 12 %, 19206 MiB, 49140 MiB, 286.48 W, 61
2026/08/14 04:59:51.302, NVIDIA GeForce RTX 4090, 39 %, 14 %, 19206 MiB, 49140 MiB, 273.70 W, 60
2026/08/14 04:59:52.302, NVIDIA GeForce RTX 4090, 45 %, 16 %, 19206 MiB, 49140 MiB, 280.64 W, 60
2026/08/14 04:59:53.302, NVIDIA GeForce RTX 4090, 49 %, 17 %, 19206 MiB, 49140 MiB, 277.78 W, 61
2026/08/14 04:59:54.303, NVIDIA GeForce RTX 4090, 74 %, 42 %, 19206 MiB, 49140 MiB, 291.19 W, 65
2026/08/14 04:59:55.303, NVIDIA GeForce RTX 4090, 89 %, 48 %, 19206 MiB, 49140 MiB, 305.51 W, 69
2026/08/14 04:59:56.303, NVIDIA GeForce RTX 4090, 42 %, 18 %, 19206 MiB, 49140 MiB, 290.37 W, 64
2026/08/14 04:59:57.303, NVIDIA GeForce RTX 4090, 25 %, 8 %, 19206 MiB, 49140 MiB, 272.15 W, 61
2026/08/14 04:59:58.303, NVIDIA GeForce RTX 4090, 37 %, 13 %, 19206 MiB, 49140 MiB, 267.61 W, 60
2026/08/14 04:59:59.304, NVIDIA GeForce RTX 4090, 40 %, 13 %, 19206 MiB, 49140 MiB, 280.08 W, 61
2026/08/14 05:00:00.304, NVIDIA GeForce RTX 4090, 52 %, 17 %, 19206 MiB, 49140 MiB, 274.69 W, 61
2026/08/14 05:00:01.304, NVIDIA GeForce RTX 4090, 61 %, 35 %, 19206 MiB, 49140 MiB, 281.52 W, 62
2026/08/14 05:00:02.304, NVIDIA GeForce RTX 4090, 93 %, 54 %, 19206 MiB, 49140 MiB, 301.49 W, 67
2026/08/14 05:00:03.304, NVIDIA GeForce RTX 4090, 47 %, 17 %, 19206 MiB, 49140 MiB, 309.10 W, 63
2026/08/14 05:00:04.304, NVIDIA GeForce RTX 4090, 33 %, 12 %, 19206 MiB, 49140 MiB, 277.20 W, 60
2026/08/14 05:00:05.305, NVIDIA GeForce RTX 4090, 47 %, 15 %, 19206 MiB, 49140 MiB, 271.51 W, 60
2026/08/14 05:00:06.305, NVIDIA GeForce RTX 4090, 50 %, 26 %, 19206 MiB, 49140 MiB, 287.91 W, 61
2026/08/14 05:00:07.305, NVIDIA GeForce RTX 4090, 72 %, 43 %, 19206 MiB, 49140 MiB, 294.31 W, 64
2026/08/14 05:00:08.305, NVIDIA GeForce RTX 4090, 88 %, 47 %, 19206 MiB, 49140 MiB, 289.26 W, 68
2026/08/14 05:00:09.305, NVIDIA GeForce RTX 4090, 44 %, 20 %, 19206 MiB, 49140 MiB, 288.08 W, 64
2026/08/14 05:00:10.306, NVIDIA GeForce RTX 4090, 32 %, 11 %, 19206 MiB, 49140 MiB, 276.16 W, 62
2026/08/14 05:00:11.306, NVIDIA GeForce RTX 4090, 38 %, 12 %, 19206 MiB, 49140 MiB, 282.01 W, 61
2026/08/14 05:00:12.306, NVIDIA GeForce RTX 4090, 51 %, 21 %, 19206 MiB, 49140 MiB, 278.49 W, 61
2026/08/14 05:00:13.306, NVIDIA GeForce RTX 4090, 73 %, 41 %, 19206 MiB, 49140 MiB, 290.79 W, 67
2026/08/14 05:00:14.306, NVIDIA GeForce RTX 4090, 84 %, 44 %, 19206 MiB, 49140 MiB, 303.24 W, 69
2026/08/14 05:00:15.306, NVIDIA GeForce RTX 4090, 33 %, 11 %, 19206 MiB, 49140 MiB, 302.73 W, 63
2026/08/14 05:00:16.307, NVIDIA GeForce RTX 4090, 34 %, 11 %, 19206 MiB, 49140 MiB, 276.98 W, 62
2026/08/14 05:00:17.307, NVIDIA GeForce RTX 4090, 43 %, 16 %, 19206 MiB, 49140 MiB, 280.54 W, 62
2026/08/14 05:00:18.307, NVIDIA GeForce RTX 4090, 74 %, 43 %, 19206 MiB, 49140 MiB, 293.36 W, 69
2026/08/14 05:00:19.307, NVIDIA GeForce RTX 4090, 91 %, 49 %, 19206 MiB, 49140 MiB, 303.55 W, 68
2026/08/14 05:00:20.307, NVIDIA GeForce RTX 4090, 100 %, 53 %, 19206 MiB, 49140 MiB, 303.17 W, 69
2026/08/14 05:00:21.307, NVIDIA GeForce RTX 4090, 35 %, 11 %, 19206 MiB, 49140 MiB, 343.09 W, 62
2026/08/14 05:00:22.308, NVIDIA GeForce RTX 4090, 51 %, 21 %, 19206 MiB, 49140 MiB, 277.25 W, 62
2026/08/14 05:00:23.308, NVIDIA GeForce RTX 4090, 59 %, 31 %, 19206 MiB, 49140 MiB, 278.38 W, 63
2026/08/14 05:00:24.308, NVIDIA GeForce RTX 4090, 93 %, 54 %, 19206 MiB, 49140 MiB, 299.65 W, 67
2026/08/14 05:00:25.308, NVIDIA GeForce RTX 4090, 41 %, 15 %, 19206 MiB, 49140 MiB, 301.33 W, 63
2026/08/14 05:00:26.309, NVIDIA GeForce RTX 4090, 34 %, 12 %, 19206 MiB, 49140 MiB, 277.07 W, 62
2026/08/14 05:00:27.309, NVIDIA GeForce RTX 4090, 34 %, 11 %, 19206 MiB, 49140 MiB, 272.44 W, 61
2026/08/14 05:00:28.309, NVIDIA GeForce RTX 4090, 37 %, 13 %, 19206 MiB, 49140 MiB, 274.04 W, 61
2026/08/14 05:00:29.309, NVIDIA GeForce RTX 4090, 51 %, 20 %, 19206 MiB, 49140 MiB, 271.63 W, 62
2026/08/14 05:00:30.309, NVIDIA GeForce RTX 4090, 59 %, 31 %, 19206 MiB, 49140 MiB, 279.36 W, 69
2026/08/14 05:00:31.310, NVIDIA GeForce RTX 4090, 85 %, 45 %, 19206 MiB, 49140 MiB, 307.21 W, 69
2026/08/14 05:00:32.310, NVIDIA GeForce RTX 4090, 61 %, 28 %, 19206 MiB, 49140 MiB, 296.07 W, 63
2026/08/14 05:00:33.310, NVIDIA GeForce RTX 4090, 36 %, 13 %, 19206 MiB, 49140 MiB, 290.40 W, 62
2026/08/14 05:00:34.310, NVIDIA GeForce RTX 4090, 43 %, 14 %, 19206 MiB, 49140 MiB, 273.40 W, 62
2026/08/14 05:00:35.310, NVIDIA GeForce RTX 4090, 54 %, 21 %, 19206 MiB, 49140 MiB, 282.38 W, 64
2026/08/14 05:00:36.311, NVIDIA GeForce RTX 4090, 75 %, 43 %, 19206 MiB, 49140 MiB, 292.71 W, 67
2026/08/14 05:00:37.311, NVIDIA GeForce RTX 4090, 88 %, 46 %, 19206 MiB, 49140 MiB, 305.93 W, 66
2026/08/14 05:00:38.311, NVIDIA GeForce RTX 4090, 58 %, 30 %, 19206 MiB, 49140 MiB, 274.37 W, 65
2026/08/14 05:00:39.311, NVIDIA GeForce RTX 4090, 35 %, 12 %, 19206 MiB, 49140 MiB, 286.13 W, 62
2026/08/14 05:00:40.311, NVIDIA GeForce RTX 4090, 43 %, 14 %, 19206 MiB, 49140 MiB, 281.24 W, 63
2026/08/14 05:00:41.311, NVIDIA GeForce RTX 4090, 47 %, 20 %, 19206 MiB, 49140 MiB, 290.32 W, 68
2026/08/14 05:00:42.312, NVIDIA GeForce RTX 4090, 74 %, 45 %, 19206 MiB, 49140 MiB, 291.97 W, 70
2026/08/14 05:00:43.312, NVIDIA GeForce RTX 4090, 88 %, 48 %, 19206 MiB, 49140 MiB, 295.85 W, 67
2026/08/14 05:00:44.312, NVIDIA GeForce RTX 4090, 27 %, 10 %, 19206 MiB, 49140 MiB, 297.14 W, 62
2026/08/14 05:00:45.312, NVIDIA GeForce RTX 4090, 35 %, 12 %, 19206 MiB, 49140 MiB, 275.71 W, 62
2026/08/14 05:00:46.312, NVIDIA GeForce RTX 4090, 39 %, 15 %, 19206 MiB, 49140 MiB, 277.28 W, 63
2026/08/14 05:00:47.313, NVIDIA GeForce RTX 4090, 47 %, 17 %, 19206 MiB, 49140 MiB, 271.27 W, 62
2026/08/14 05:00:48.313, NVIDIA GeForce RTX 4090, 47 %, 19 %, 19206 MiB, 49140 MiB, 273.06 W, 69
2026/08/14 05:00:49.313, NVIDIA GeForce RTX 4090, 73 %, 40 %, 19206 MiB, 49140 MiB, 282.97 W, 68
2026/08/14 05:00:50.313, NVIDIA GeForce RTX 4090, 87 %, 46 %, 19206 MiB, 49140 MiB, 306.72 W, 69
2026/08/14 05:00:51.314, NVIDIA GeForce RTX 4090, 55 %, 21 %, 19206 MiB, 49140 MiB, 298.55 W, 63
2026/08/14 05:00:52.314, NVIDIA GeForce RTX 4090, 36 %, 13 %, 19206 MiB, 49140 MiB, 278.99 W, 62
2026/08/14 05:00:53.314, NVIDIA GeForce RTX 4090, 42 %, 14 %, 19206 MiB, 49140 MiB, 273.51 W, 61
2026/08/14 05:00:54.314, NVIDIA GeForce RTX 4090, 48 %, 18 %, 19206 MiB, 49140 MiB, 282.13 W, 63
2026/08/14 05:00:55.314, NVIDIA GeForce RTX 4090, 93 %, 49 %, 19206 MiB, 49140 MiB, 299.16 W, 69
2026/08/14 05:00:56.315, NVIDIA GeForce RTX 4090, 90 %, 49 %, 19206 MiB, 49140 MiB, 313.60 W, 69
2026/08/14 05:00:57.315, NVIDIA GeForce RTX 4090, 55 %, 27 %, 19206 MiB, 49140 MiB, 280.75 W, 62
2026/08/14 05:00:58.315, NVIDIA GeForce RTX 4090, 28 %, 10 %, 19206 MiB, 49140 MiB, 276.21 W, 61
2026/08/14 05:00:59.315, NVIDIA GeForce RTX 4090, 35 %, 12 %, 19206 MiB, 49140 MiB, 269.53 W, 62
2026/08/14 05:01:00.316, NVIDIA GeForce RTX 4090, 41 %, 13 %, 19206 MiB, 49140 MiB, 271.92 W, 62
2026/08/14 05:01:01.383, NVIDIA GeForce RTX 4090, 32 %, 11 %, 19206 MiB, 49140 MiB, 304.58 W, 62
2026/08/14 05:01:02.383, NVIDIA GeForce RTX 4090, 34 %, 12 %, 19206 MiB, 49140 MiB, 276.53 W, 62
2026/08/14 05:01:03.384, NVIDIA GeForce RTX 4090, 41 %, 15 %, 19206 MiB, 49140 MiB, 280.71 W, 62
2026/08/14 05:01:04.384, NVIDIA GeForce RTX 4090, 0 %, 0 %, 19206 MiB, 49140 MiB, 336.95 W, 59
2026/08/14 05:01:05.384, NVIDIA GeForce RTX 4090, 0 %, 0 %, 19206 MiB, 49140 MiB, 108.29 W, 56
2026/08/14 05:01:06.385, NVIDIA GeForce RTX 4090, 62 %, 30 %, 19206 MiB, 49140 MiB, 153.20 W, 62
2026/08/14 05:01:07.385, NVIDIA GeForce RTX 4090, 26 %, 10 %, 19206 MiB, 49140 MiB, 263.73 W, 62
2026/08/14 05:01:08.385, NVIDIA GeForce RTX 4090, 40 %, 14 %, 19206 MiB, 49140 MiB, 271.21 W, 61
2026/08/14 05:01:09.386, NVIDIA GeForce RTX 4090, 28 %, 10 %, 19206 MiB, 49140 MiB, 271.16 W, 60
2026/08/14 05:01:10.386, NVIDIA GeForce RTX 4090, 34 %, 12 %, 19206 MiB, 49140 MiB, 265.59 W, 62
2026/08/14 05:01:11.386, NVIDIA GeForce RTX 4090, 36 %, 14 %, 19206 MiB, 49140 MiB, 283.74 W, 62
2026/08/14 05:01:12.386, NVIDIA GeForce RTX 4090, 55 %, 29 %, 19206 MiB, 49140 MiB, 286.02 W, 68
2026/08/14 05:01:13.386, NVIDIA GeForce RTX 4090, 71 %, 42 %, 19206 MiB, 49140 MiB, 284.79 W, 70
2026/08/14 05:01:14.387, NVIDIA GeForce RTX 4090, 54 %, 30 %, 19206 MiB, 49140 MiB, 298.55 W, 66
2026/08/14 05:01:15.387, NVIDIA GeForce RTX 4090, 28 %, 10 %, 19206 MiB, 49140 MiB, 284.34 W, 61
2026/08/14 05:01:16.387, NVIDIA GeForce RTX 4090, 30 %, 11 %, 19206 MiB, 49140 MiB, 270.84 W, 60
2026/08/14 05:01:17.388, NVIDIA GeForce RTX 4090, 35 %, 12 %, 19206 MiB, 49140 MiB, 274.84 W, 62
2026/08/14 05:01:18.388, NVIDIA GeForce RTX 4090, 34 %, 14 %, 19206 MiB, 49140 MiB, 282.69 W, 68
2026/08/14 05:01:19.388, NVIDIA GeForce RTX 4090, 70 %, 40 %, 19206 MiB, 49140 MiB, 293.60 W, 68
2026/08/14 05:01:20.388, NVIDIA GeForce RTX 4090, 93 %, 50 %, 19206 MiB, 49140 MiB, 307.25 W, 68
2026/08/14 05:01:21.389, NVIDIA GeForce RTX 4090, 33 %, 12 %, 19206 MiB, 49140 MiB, 292.36 W, 63
2026/08/14 05:01:22.389, NVIDIA GeForce RTX 4090, 32 %, 11 %, 19206 MiB, 49140 MiB, 270.94 W, 62
2026/08/14 05:01:23.389, NVIDIA GeForce RTX 4090, 28 %, 9 %, 19206 MiB, 49140 MiB, 278.94 W, 64
2026/08/14 05:01:24.389, NVIDIA GeForce RTX 4090, 45 %, 17 %, 19206 MiB, 49140 MiB, 273.02 W, 68
2026/08/14 05:01:25.390, NVIDIA GeForce RTX 4090, 53 %, 27 %, 19206 MiB, 49140 MiB, 279.68 W, 67
2026/08/14 05:01:26.390, NVIDIA GeForce RTX 4090, 91 %, 51 %, 19206 MiB, 49140 MiB, 310.69 W, 68
2026/08/14 05:01:27.390, NVIDIA GeForce RTX 4090, 53 %, 20 %, 19206 MiB, 49140 MiB, 297.96 W, 62
2026/08/14 05:01:28.390, NVIDIA GeForce RTX 4090, 38 %, 13 %, 19206 MiB, 49140 MiB, 295.88 W, 63
2026/08/14 05:01:29.391, NVIDIA GeForce RTX 4090, 35 %, 14 %, 19206 MiB, 49140 MiB, 279.76 W, 67
2026/08/14 05:01:30.391, NVIDIA GeForce RTX 4090, 68 %, 40 %, 19206 MiB, 49140 MiB, 287.43 W, 68
2026/08/14 05:01:31.391, NVIDIA GeForce RTX 4090, 90 %, 46 %, 19206 MiB, 49140 MiB, 321.42 W, 65
2026/08/14 05:01:32.391, NVIDIA GeForce RTX 4090, 34 %, 12 %, 19206 MiB, 49140 MiB, 281.33 W, 62
2026/08/14 05:01:33.392, NVIDIA GeForce RTX 4090, 55 %, 19 %, 19206 MiB, 49140 MiB, 278.73 W, 68
2026/08/14 05:01:34.392, NVIDIA GeForce RTX 4090, 77 %, 36 %, 19206 MiB, 49140 MiB, 300.03 W, 69
2026/08/14 05:01:35.392, NVIDIA GeForce RTX 4090, 97 %, 55 %, 19206 MiB, 49140 MiB, 294.64 W, 67
2026/08/14 05:01:36.392, NVIDIA GeForce RTX 4090, 52 %, 26 %, 19206 MiB, 49140 MiB, 300.90 W, 62
2026/08/14 05:01:37.393, NVIDIA GeForce RTX 4090, 23 %, 8 %, 19206 MiB, 49140 MiB, 272.39 W, 61
2026/08/14 05:01:38.393, NVIDIA GeForce RTX 4090, 22 %, 8 %, 19206 MiB, 49140 MiB, 265.54 W, 62
2026/08/14 05:01:39.393, NVIDIA GeForce RTX 4090, 37 %, 13 %, 19206 MiB, 49140 MiB, 267.85 W, 61
2026/08/14 05:01:40.393, NVIDIA GeForce RTX 4090, 32 %, 10 %, 19206 MiB, 49140 MiB, 271.13 W, 63
2026/08/14 05:01:41.394, NVIDIA GeForce RTX 4090, 38 %, 15 %, 19206 MiB, 49140 MiB, 280.36 W, 67
2026/08/14 05:01:42.394, NVIDIA GeForce RTX 4090, 69 %, 39 %, 19206 MiB, 49140 MiB, 292.38 W, 66
2026/08/14 05:01:43.394, NVIDIA GeForce RTX 4090, 89 %, 46 %, 19206 MiB, 49140 MiB, 309.12 W, 63
2026/08/14 05:01:44.394, NVIDIA GeForce RTX 4090, 28 %, 10 %, 19206 MiB, 49140 MiB, 291.93 W, 62
2026/08/14 05:01:45.395, NVIDIA GeForce RTX 4090, 36 %, 12 %, 19206 MiB, 49140 MiB, 279.56 W, 64
2026/08/14 05:01:46.395, NVIDIA GeForce RTX 4090, 38 %, 15 %, 19206 MiB, 49140 MiB, 291.86 W, 66
2026/08/14 05:01:47.396, NVIDIA GeForce RTX 4090, 99 %, 55 %, 19206 MiB, 49140 MiB, 312.88 W, 67
2026/08/14 05:01:48.397, NVIDIA GeForce RTX 4090, 39 %, 14 %, 19206 MiB, 49140 MiB, 312.37 W, 62
2026/08/14 05:01:49.397, NVIDIA GeForce RTX 4090, 100 %, 55 %, 19206 MiB, 49140 MiB, 330.40 W, 68
2026/08/14 05:01:50.397, NVIDIA GeForce RTX 4090, 67 %, 40 %, 19206 MiB, 49140 MiB, 311.89 W, 67
2026/08/14 05:01:51.397, NVIDIA GeForce RTX 4090, 86 %, 44 %, 19206 MiB, 49140 MiB, 320.63 W, 65
2026/08/14 05:01:52.398, NVIDIA GeForce RTX 4090, 33 %, 12 %, 19206 MiB, 49140 MiB, 289.91 W, 62
2026/08/14 05:01:53.398, NVIDIA GeForce RTX 4090, 22 %, 7 %, 19206 MiB, 49140 MiB, 277.91 W, 63
2026/08/14 05:01:54.398, NVIDIA GeForce RTX 4090, 41 %, 14 %, 19206 MiB, 49140 MiB, 271.36 W, 67
2026/08/14 05:01:55.398, NVIDIA GeForce RTX 4090, 70 %, 39 %, 19206 MiB, 49140 MiB, 296.23 W, 66
2026/08/14 05:01:56.399, NVIDIA GeForce RTX 4090, 77 %, 43 %, 19206 MiB, 49140 MiB, 302.50 W, 63
2026/08/14 05:01:57.399, NVIDIA GeForce RTX 4090, 38 %, 14 %, 19206 MiB, 49140 MiB, 304.38 W, 62
2026/08/14 05:01:58.399, NVIDIA GeForce RTX 4090, 32 %, 11 %, 19206 MiB, 49140 MiB, 280.76 W, 62
2026/08/14 05:01:59.399, NVIDIA GeForce RTX 4090, 42 %, 15 %, 19206 MiB, 49140 MiB, 279.42 W, 64
2026/08/14 05:02:00.400, NVIDIA GeForce RTX 4090, 43 %, 22 %, 19206 MiB, 49140 MiB, 284.07 W, 65
2026/08/14 05:02:01.400, NVIDIA GeForce RTX 4090, 93 %, 53 %, 19206 MiB, 49140 MiB, 314.24 W, 66
2026/08/14 05:02:02.400, NVIDIA GeForce RTX 4090, 53 %, 23 %, 19206 MiB, 49140 MiB, 297.00 W, 63
2026/08/14 05:02:03.400, NVIDIA GeForce RTX 4090, 33 %, 11 %, 19206 MiB, 49140 MiB, 288.19 W, 62
2026/08/14 05:02:04.400, NVIDIA GeForce RTX 4090, 34 %, 11 %, 19206 MiB, 49140 MiB, 271.78 W, 67
2026/08/14 05:02:05.401, NVIDIA GeForce RTX 4090, 69 %, 39 %, 19206 MiB, 49140 MiB, 301.18 W, 66
2026/08/14 05:02:06.401, NVIDIA GeForce RTX 4090, 93 %, 53 %, 19206 MiB, 49140 MiB, 307.11 W, 65
2026/08/14 05:02:07.401, NVIDIA GeForce RTX 4090, 25 %, 10 %, 19206 MiB, 49140 MiB, 285.69 W, 60
2026/08/14 05:02:08.401, NVIDIA GeForce RTX 4090, 30 %, 11 %, 19206 MiB, 49140 MiB, 271.61 W, 63
2026/08/14 05:02:09.402, NVIDIA GeForce RTX 4090, 31 %, 10 %, 19206 MiB, 49140 MiB, 274.36 W, 65
2026/08/14 05:02:10.402, NVIDIA GeForce RTX 4090, 67 %, 26 %, 19206 MiB, 49140 MiB, 279.55 W, 66
2026/08/14 05:02:11.402, NVIDIA GeForce RTX 4090, 98 %, 58 %, 19206 MiB, 49140 MiB, 314.08 W, 66
2026/08/14 05:02:12.402, NVIDIA GeForce RTX 4090, 53 %, 24 %, 19206 MiB, 49140 MiB, 303.11 W, 64
2026/08/14 05:02:13.403, NVIDIA GeForce RTX 4090, 34 %, 12 %, 19206 MiB, 49140 MiB, 274.82 W, 64
2026/08/14 05:02:14.403, NVIDIA GeForce RTX 4090, 24 %, 10 %, 19206 MiB, 49140 MiB, 291.18 W, 66
2026/08/14 05:02:15.403, NVIDIA GeForce RTX 4090, 55 %, 25 %, 19206 MiB, 49140 MiB, 283.63 W, 66
2026/08/14 05:02:16.403, NVIDIA GeForce RTX 4090, 73 %, 40 %, 19206 MiB, 49140 MiB, 307.37 W, 67
2026/08/14 05:02:17.404, NVIDIA GeForce RTX 4090, 53 %, 25 %, 19206 MiB, 49140 MiB, 291.84 W, 64
2026/08/14 05:02:18.404, NVIDIA GeForce RTX 4090, 28 %, 10 %, 19206 MiB, 49140 MiB, 280.65 W, 65
2026/08/14 05:02:19.404, NVIDIA GeForce RTX 4090, 39 %, 14 %, 19206 MiB, 49140 MiB, 285.58 W, 66
2026/08/14 05:02:20.404, NVIDIA GeForce RTX 4090, 70 %, 37 %, 19206 MiB, 49140 MiB, 294.83 W, 66
2026/08/14 05:02:21.404, NVIDIA GeForce RTX 4090, 91 %, 52 %, 19206 MiB, 49140 MiB, 301.65 W, 65
2026/08/14 05:02:22.405, NVIDIA GeForce RTX 4090, 53 %, 25 %, 19206 MiB, 49140 MiB, 296.07 W, 66
2026/08/14 05:02:23.405, NVIDIA GeForce RTX 4090, 35 %, 12 %, 19206 MiB, 49140 MiB, 271.78 W, 65
2026/08/14 05:02:24.405, NVIDIA GeForce RTX 4090, 25 %, 9 %, 19206 MiB, 49140 MiB, 274.67 W, 64
2026/08/14 05:02:25.405, NVIDIA GeForce RTX 4090, 35 %, 14 %, 19206 MiB, 49140 MiB, 282.63 W, 65
2026/08/14 05:02:26.405, NVIDIA GeForce RTX 4090, 69 %, 36 %, 19206 MiB, 49140 MiB, 287.64 W, 66
2026/08/14 05:02:27.405, NVIDIA GeForce RTX 4090, 48 %, 24 %, 19206 MiB, 49140 MiB, 307.57 W, 66
2026/08/14 05:02:28.406, NVIDIA GeForce RTX 4090, 17 %, 6 %, 19206 MiB, 49140 MiB, 288.16 W, 66
2026/08/14 05:02:29.406, NVIDIA GeForce RTX 4090, 35 %, 13 %, 19206 MiB, 49140 MiB, 270.28 W, 64
2026/08/14 05:02:30.406, NVIDIA GeForce RTX 4090, 38 %, 14 %, 19206 MiB, 49140 MiB, 278.62 W, 66
2026/08/14 05:02:31.406, NVIDIA GeForce RTX 4090, 54 %, 23 %, 19206 MiB, 49140 MiB, 289.80 W, 65
2026/08/14 05:02:32.406, NVIDIA GeForce RTX 4090, 0 %, 0 %, 19206 MiB, 49140 MiB, 322.77 W, 56
2026/08/14 05:02:33.483, NVIDIA GeForce RTX 4090, 0 %, 0 %, 19206 MiB, 49140 MiB, 106.54 W, 54
2026/08/14 05:02:34.484, NVIDIA GeForce RTX 4090, 35 %, 13 %, 19206 MiB, 49140 MiB, 155.27 W, 63
2026/08/14 05:02:35.484, NVIDIA GeForce RTX 4090, 16 %, 5 %, 19206 MiB, 49140 MiB, 273.73 W, 65
2026/08/14 05:02:36.484, NVIDIA GeForce RTX 4090, 14 %, 5 %, 19206 MiB, 49140 MiB, 264.92 W, 65
2026/08/14 05:02:37.484, NVIDIA GeForce RTX 4090, 38 %, 13 %, 19206 MiB, 49140 MiB, 265.33 W, 65
2026/08/14 05:02:38.485, NVIDIA GeForce RTX 4090, 70 %, 37 %, 19206 MiB, 49140 MiB, 304.00 W, 64
2026/08/14 05:02:39.485, NVIDIA GeForce RTX 4090, 48 %, 24 %, 19206 MiB, 49140 MiB, 300.71 W, 66
2026/08/14 05:02:40.485, NVIDIA GeForce RTX 4090, 39 %, 15 %, 19206 MiB, 49140 MiB, 280.10 W, 65
2026/08/14 05:02:41.485, NVIDIA GeForce RTX 4090, 36 %, 13 %, 19206 MiB, 49140 MiB, 275.96 W, 66
2026/08/14 05:02:42.486, NVIDIA GeForce RTX 4090, 23 %, 8 %, 19206 MiB, 49140 MiB, 277.66 W, 65
2026/08/14 05:02:43.486, NVIDIA GeForce RTX 4090, 55 %, 23 %, 19206 MiB, 49140 MiB, 282.21 W, 64
2026/08/14 05:02:44.486, NVIDIA GeForce RTX 4090, 98 %, 58 %, 19206 MiB, 49140 MiB, 300.27 W, 65
2026/08/14 05:02:45.486, NVIDIA GeForce RTX 4090, 51 %, 25 %, 19206 MiB, 49140 MiB, 287.03 W, 66
2026/08/14 05:02:46.487, NVIDIA GeForce RTX 4090, 20 %, 7 %, 19206 MiB, 49140 MiB, 284.73 W, 65
2026/08/14 05:02:47.487, NVIDIA GeForce RTX 4090, 31 %, 10 %, 19206 MiB, 49140 MiB, 274.85 W, 65
2026/08/14 05:02:48.487, NVIDIA GeForce RTX 4090, 36 %, 13 %, 19206 MiB, 49140 MiB, 274.49 W, 64
2026/08/14 05:02:49.487, NVIDIA GeForce RTX 4090, 63 %, 32 %, 19206 MiB, 49140 MiB, 286.01 W, 63
2026/08/14 05:02:50.488, NVIDIA GeForce RTX 4090, 52 %, 24 %, 19206 MiB, 49140 MiB, 299.21 W, 65
2026/08/14 05:02:51.488, NVIDIA GeForce RTX 4090, 31 %, 12 %, 19206 MiB, 49140 MiB, 277.74 W, 66
2026/08/14 05:02:52.488, NVIDIA GeForce RTX 4090, 36 %, 13 %, 19206 MiB, 49140 MiB, 275.57 W, 65
2026/08/14 05:02:53.488, NVIDIA GeForce RTX 4090, 35 %, 14 %, 19206 MiB, 49140 MiB, 281.92 W, 65
2026/08/14 05:02:54.489, NVIDIA GeForce RTX 4090, 68 %, 33 %, 19206 MiB, 49140 MiB, 288.30 W, 66
2026/08/14 05:02:55.489, NVIDIA GeForce RTX 4090, 52 %, 25 %, 19206 MiB, 49140 MiB, 313.19 W, 65
2026/08/14 05:02:56.489, NVIDIA GeForce RTX 4090, 24 %, 9 %, 19206 MiB, 49140 MiB, 282.07 W, 65
2026/08/14 05:02:57.489, NVIDIA GeForce RTX 4090, 38 %, 13 %, 19206 MiB, 49140 MiB, 272.05 W, 65
2026/08/14 05:02:58.490, NVIDIA GeForce RTX 4090, 38 %, 14 %, 19206 MiB, 49140 MiB, 271.17 W, 64
2026/08/14 05:02:59.491, NVIDIA GeForce RTX 4090, 46 %, 16 %, 19206 MiB, 49140 MiB, 278.04 W, 61
2026/08/14 05:03:00.492, NVIDIA GeForce RTX 4090, 49 %, 19 %, 19206 MiB, 49140 MiB, 278.20 W, 65
2026/08/14 05:03:01.492, NVIDIA GeForce RTX 4090, 98 %, 59 %, 19206 MiB, 49140 MiB, 301.02 W, 64
2026/08/14 05:03:02.492, NVIDIA GeForce RTX 4090, 52 %, 26 %, 19206 MiB, 49140 MiB, 298.49 W, 65
2026/08/14 05:03:03.493, NVIDIA GeForce RTX 4090, 1 %, 1 %, 19206 MiB, 49140 MiB, 281.05 W, 64
2026/08/14 05:03:04.493, NVIDIA GeForce RTX 4090, 38 %, 13 %, 19206 MiB, 49140 MiB, 272.92 W, 66
2026/08/14 05:03:05.493, NVIDIA GeForce RTX 4090, 43 %, 14 %, 19206 MiB, 49140 MiB, 272.40 W, 65
2026/08/14 05:03:06.493, NVIDIA GeForce RTX 4090, 73 %, 35 %, 19206 MiB, 49140 MiB, 300.19 W, 65
2026/08/14 05:03:07.494, NVIDIA GeForce RTX 4090, 54 %, 26 %, 19206 MiB, 49140 MiB, 311.80 W, 65
2026/08/14 05:03:08.494, NVIDIA GeForce RTX 4090, 32 %, 12 %, 19206 MiB, 49140 MiB, 281.20 W, 66
2026/08/14 05:03:09.494, NVIDIA GeForce RTX 4090, 41 %, 14 %, 19206 MiB, 49140 MiB, 282.50 W, 67
2026/08/14 05:03:10.494, NVIDIA GeForce RTX 4090, 28 %, 11 %, 19206 MiB, 49140 MiB, 285.49 W, 64
2026/08/14 05:03:11.495, NVIDIA GeForce RTX 4090, 56 %, 22 %, 19206 MiB, 49140 MiB, 271.17 W, 64
2026/08/14 05:03:12.495, NVIDIA GeForce RTX 4090, 92 %, 53 %, 19206 MiB, 49140 MiB, 308.75 W, 66
2026/08/14 05:03:13.495, NVIDIA GeForce RTX 4090, 51 %, 25 %, 19206 MiB, 49140 MiB, 296.12 W, 67
2026/08/14 05:03:14.495, NVIDIA GeForce RTX 4090, 32 %, 12 %, 19206 MiB, 49140 MiB, 279.64 W, 66
2026/08/14 05:03:15.496, NVIDIA GeForce RTX 4090, 42 %, 15 %, 19206 MiB, 49140 MiB, 268.42 W, 66
2026/08/14 05:03:16.496, NVIDIA GeForce RTX 4090, 61 %, 23 %, 19206 MiB, 49140 MiB, 284.32 W, 66
2026/08/14 05:03:17.496, NVIDIA GeForce RTX 4090, 71 %, 32 %, 19206 MiB, 49140 MiB, 390.34 W, 65
2026/08/14 05:03:18.496, NVIDIA GeForce RTX 4090, 38 %, 14 %, 19206 MiB, 49140 MiB, 282.24 W, 65
2026/08/14 05:03:19.497, NVIDIA GeForce RTX 4090, 40 %, 14 %, 19206 MiB, 49140 MiB, 271.61 W, 66
2026/08/14 05:03:20.497, NVIDIA GeForce RTX 4090, 46 %, 15 %, 19206 MiB, 49140 MiB, 279.73 W, 66
2026/08/14 05:03:21.497, NVIDIA GeForce RTX 4090, 60 %, 24 %, 19206 MiB, 49140 MiB, 287.95 W, 64
2026/08/14 05:03:22.498, NVIDIA GeForce RTX 4090, 98 %, 60 %, 19206 MiB, 49140 MiB, 302.19 W, 65
2026/08/14 05:03:23.498, NVIDIA GeForce RTX 4090, 59 %, 31 %, 19206 MiB, 49140 MiB, 301.27 W, 65
2026/08/14 05:03:24.498, NVIDIA GeForce RTX 4090, 26 %, 9 %, 19206 MiB, 49140 MiB, 283.80 W, 65
2026/08/14 05:03:25.498, NVIDIA GeForce RTX 4090, 42 %, 15 %, 19206 MiB, 49140 MiB, 272.18 W, 67
2026/08/14 05:03:26.499, NVIDIA GeForce RTX 4090, 38 %, 13 %, 19206 MiB, 49140 MiB, 272.23 W, 65
2026/08/14 05:03:27.499, NVIDIA GeForce RTX 4090, 46 %, 17 %, 19206 MiB, 49140 MiB, 288.70 W, 64
2026/08/14 05:03:28.499, NVIDIA GeForce RTX 4090, 98 %, 59 %, 19206 MiB, 49140 MiB, 319.84 W, 66
2026/08/14 05:03:29.499, NVIDIA GeForce RTX 4090, 23 %, 9 %, 19206 MiB, 49140 MiB, 284.15 W, 65
2026/08/14 05:03:30.500, NVIDIA GeForce RTX 4090, 40 %, 15 %, 19206 MiB, 49140 MiB, 283.69 W, 67
2026/08/14 05:03:31.500, NVIDIA GeForce RTX 4090, 26 %, 9 %, 19206 MiB, 49140 MiB, 273.45 W, 64
2026/08/14 05:03:32.500, NVIDIA GeForce RTX 4090, 87 %, 34 %, 19206 MiB, 49140 MiB, 291.58 W, 67
2026/08/14 05:03:33.500, NVIDIA GeForce RTX 4090, 96 %, 59 %, 19206 MiB, 49140 MiB, 303.27 W, 67
2026/08/14 05:03:34.501, NVIDIA GeForce RTX 4090, 62 %, 33 %, 19206 MiB, 49140 MiB, 285.62 W, 66
2026/08/14 05:03:35.501, NVIDIA GeForce RTX 4090, 31 %, 12 %, 19206 MiB, 49140 MiB, 271.01 W, 66
2026/08/14 05:03:36.501, NVIDIA GeForce RTX 4090, 42 %, 15 %, 19206 MiB, 49140 MiB, 279.91 W, 67
2026/08/14 05:03:37.501, NVIDIA GeForce RTX 4090, 39 %, 13 %, 19206 MiB, 49140 MiB, 273.90 W, 65
2026/08/14 05:03:38.502, NVIDIA GeForce RTX 4090, 38 %, 14 %, 19206 MiB, 49140 MiB, 286.89 W, 64
2026/08/14 05:03:39.502, NVIDIA GeForce RTX 4090, 77 %, 43 %, 19206 MiB, 49140 MiB, 301.89 W, 66
2026/08/14 05:03:40.502, NVIDIA GeForce RTX 4090, 91 %, 52 %, 19206 MiB, 49140 MiB, 290.17 W, 68
2026/08/14 05:03:41.503, NVIDIA GeForce RTX 4090, 53 %, 25 %, 19206 MiB, 49140 MiB, 287.70 W, 65
2026/08/14 05:03:42.503, NVIDIA GeForce RTX 4090, 29 %, 10 %, 19206 MiB, 49140 MiB, 271.54 W, 64
2026/08/14 05:03:43.503, NVIDIA GeForce RTX 4090, 42 %, 15 %, 19206 MiB, 49140 MiB, 272.23 W, 65
2026/08/14 05:03:44.503, NVIDIA GeForce RTX 4090, 50 %, 16 %, 19206 MiB, 49140 MiB, 279.94 W, 64
2026/08/14 05:03:45.504, NVIDIA GeForce RTX 4090, 60 %, 23 %, 19206 MiB, 49140 MiB, 291.75 W, 65
2026/08/14 05:03:46.504, NVIDIA GeForce RTX 4090, 90 %, 55 %, 19206 MiB, 49140 MiB, 306.69 W, 68
2026/08/14 05:03:47.504, NVIDIA GeForce RTX 4090, 53 %, 25 %, 19206 MiB, 49140 MiB, 293.99 W, 66
2026/08/14 05:03:48.504, NVIDIA GeForce RTX 4090, 40 %, 14 %, 19206 MiB, 49140 MiB, 283.79 W, 66
2026/08/14 05:03:49.504, NVIDIA GeForce RTX 4090, 49 %, 16 %, 19206 MiB, 49140 MiB, 279.41 W, 65
2026/08/14 05:03:50.505, NVIDIA GeForce RTX 4090, 79 %, 38 %, 19206 MiB, 49140 MiB, 292.93 W, 66
2026/08/14 05:03:51.505, NVIDIA GeForce RTX 4090, 89 %, 48 %, 19206 MiB, 49140 MiB, 297.70 W, 69
2026/08/14 05:03:52.505, NVIDIA GeForce RTX 4090, 36 %, 13 %, 19206 MiB, 49140 MiB, 297.00 W, 66
2026/08/14 05:03:53.505, NVIDIA GeForce RTX 4090, 35 %, 12 %, 19206 MiB, 49140 MiB, 277.21 W, 64
2026/08/14 05:03:54.506, NVIDIA GeForce RTX 4090, 49 %, 16 %, 19206 MiB, 49140 MiB, 280.68 W, 64
2026/08/14 05:03:55.506, NVIDIA GeForce RTX 4090, 91 %, 48 %, 19206 MiB, 49140 MiB, 310.36 W, 68
2026/08/14 05:03:56.506, NVIDIA GeForce RTX 4090, 63 %, 32 %, 19206 MiB, 49140 MiB, 308.88 W, 66
2026/08/14 05:03:57.506, NVIDIA GeForce RTX 4090, 38 %, 14 %, 19206 MiB, 49140 MiB, 279.42 W, 64
2026/08/14 05:03:58.506, NVIDIA GeForce RTX 4090, 38 %, 13 %, 19206 MiB, 49140 MiB, 281.22 W, 64
2026/08/14 05:03:59.507, NVIDIA GeForce RTX 4090, 40 %, 15 %, 19206 MiB, 49140 MiB, 265.09 W, 64
2026/08/14 05:04:00.507, NVIDIA GeForce RTX 4090, 0 %, 0 %, 19206 MiB, 49140 MiB, 329.42 W, 58
2026/08/14 05:04:01.507, NVIDIA GeForce RTX 4090, 0 %, 0 %, 19206 MiB, 49140 MiB, 107.25 W, 55
2026/08/14 05:04:02.507, NVIDIA GeForce RTX 4090, 29 %, 11 %, 19206 MiB, 49140 MiB, 174.69 W, 62
2026/08/14 05:04:03.508, NVIDIA GeForce RTX 4090, 40 %, 13 %, 19206 MiB, 49140 MiB, 272.90 W, 63
2026/08/14 05:04:04.508, NVIDIA GeForce RTX 4090, 68 %, 33 %, 19206 MiB, 49140 MiB, 292.13 W, 64
2026/08/14 05:04:05.508, NVIDIA GeForce RTX 4090, 80 %, 46 %, 19206 MiB, 49140 MiB, 297.84 W, 65
2026/08/14 05:04:06.508, NVIDIA GeForce RTX 4090, 63 %, 34 %, 19206 MiB, 49140 MiB, 286.06 W, 67
2026/08/14 05:04:07.509, NVIDIA GeForce RTX 4090, 32 %, 11 %, 19206 MiB, 49140 MiB, 285.66 W, 65
2026/08/14 05:04:08.509, NVIDIA GeForce RTX 4090, 20 %, 7 %, 19206 MiB, 49140 MiB, 273.19 W, 62
2026/08/14 05:04:09.509, NVIDIA GeForce RTX 4090, 42 %, 15 %, 19206 MiB, 49140 MiB, 277.99 W, 64
2026/08/14 05:04:10.509, NVIDIA GeForce RTX 4090, 46 %, 18 %, 19206 MiB, 49140 MiB, 288.84 W, 64
2026/08/14 05:04:11.583, NVIDIA GeForce RTX 4090, 75 %, 38 %, 19206 MiB, 49140 MiB, 320.14 W, 68
2026/08/14 05:04:12.584, NVIDIA GeForce RTX 4090, 32 %, 11 %, 19206 MiB, 49140 MiB, 290.73 W, 65
2026/08/14 05:04:13.584, NVIDIA GeForce RTX 4090, 35 %, 12 %, 19206 MiB, 49140 MiB, 272.94 W, 65
2026/08/14 05:04:14.584, NVIDIA GeForce RTX 4090, 40 %, 15 %, 19206 MiB, 49140 MiB, 278.84 W, 64
2026/08/14 05:04:15.584, NVIDIA GeForce RTX 4090, 64 %, 36 %, 19206 MiB, 49140 MiB, 298.18 W, 64
2026/08/14 05:04:16.584, NVIDIA GeForce RTX 4090, 89 %, 47 %, 19206 MiB, 49140 MiB, 303.37 W, 68
2026/08/14 05:04:17.585, NVIDIA GeForce RTX 4090, 37 %, 13 %, 19206 MiB, 49140 MiB, 299.10 W, 65
2026/08/14 05:04:18.585, NVIDIA GeForce RTX 4090, 34 %, 11 %, 19206 MiB, 49140 MiB, 279.49 W, 64
2026/08/14 05:04:19.585, NVIDIA GeForce RTX 4090, 42 %, 15 %, 19206 MiB, 49140 MiB, 274.93 W, 64
2026/08/14 05:04:20.585, NVIDIA GeForce RTX 4090, 67 %, 32 %, 19206 MiB, 49140 MiB, 291.19 W, 63
2026/08/14 05:04:21.586, NVIDIA GeForce RTX 4090, 49 %, 25 %, 19206 MiB, 49140 MiB, 290.53 W, 63
2026/08/14 05:04:22.586, NVIDIA GeForce RTX 4090, 69 %, 35 %, 19206 MiB, 49140 MiB, 300.35 W, 67
2026/08/14 05:04:23.586, NVIDIA GeForce RTX 4090, 34 %, 13 %, 19206 MiB, 49140 MiB, 284.53 W, 64
2026/08/14 05:04:24.587, NVIDIA GeForce RTX 4090, 37 %, 13 %, 19206 MiB, 49140 MiB, 279.77 W, 62
2026/08/14 05:04:25.587, NVIDIA GeForce RTX 4090, 45 %, 16 %, 19206 MiB, 49140 MiB, 281.59 W, 65
2026/08/14 05:04:26.587, NVIDIA GeForce RTX 4090, 53 %, 21 %, 19206 MiB, 49140 MiB, 278.44 W, 64
2026/08/14 05:04:27.587, NVIDIA GeForce RTX 4090, 76 %, 44 %, 19206 MiB, 49140 MiB, 306.21 W, 65
2026/08/14 05:04:28.588, NVIDIA GeForce RTX 4090, 49 %, 23 %, 19206 MiB, 49140 MiB, 297.46 W, 61
2026/08/14 05:04:29.588, NVIDIA GeForce RTX 4090, 26 %, 9 %, 19206 MiB, 49140 MiB, 273.92 W, 64
2026/08/14 05:04:30.588, NVIDIA GeForce RTX 4090, 37 %, 13 %, 19206 MiB, 49140 MiB, 267.57 W, 64
2026/08/14 05:04:31.589, NVIDIA GeForce RTX 4090, 26 %, 9 %, 19206 MiB, 49140 MiB, 271.39 W, 63
2026/08/14 05:04:32.589, NVIDIA GeForce RTX 4090, 44 %, 16 %, 19206 MiB, 49140 MiB, 275.71 W, 63
2026/08/14 05:04:33.589, NVIDIA GeForce RTX 4090, 67 %, 32 %, 19206 MiB, 49140 MiB, 288.60 W, 63
2026/08/14 05:04:34.589, NVIDIA GeForce RTX 4090, 78 %, 41 %, 19206 MiB, 49140 MiB, 313.15 W, 69
2026/08/14 05:04:35.589, NVIDIA GeForce RTX 4090, 25 %, 10 %, 19206 MiB, 49140 MiB, 290.58 W, 64
2026/08/14 05:04:36.589, NVIDIA GeForce RTX 4090, 28 %, 10 %, 19206 MiB, 49140 MiB, 267.35 W, 63
2026/08/14 05:04:37.590, NVIDIA GeForce RTX 4090, 37 %, 13 %, 19206 MiB, 49140 MiB, 273.79 W, 62
2026/08/14 05:04:38.590, NVIDIA GeForce RTX 4090, 40 %, 15 %, 19206 MiB, 49140 MiB, 286.85 W, 63
2026/08/14 05:04:39.590, NVIDIA GeForce RTX 4090, 93 %, 53 %, 19206 MiB, 49140 MiB, 303.82 W, 68
2026/08/14 05:04:40.590, NVIDIA GeForce RTX 4090, 72 %, 37 %, 19206 MiB, 49140 MiB, 305.26 W, 63
2026/08/14 05:04:41.590, NVIDIA GeForce RTX 4090, 39 %, 15 %, 19206 MiB, 49140 MiB, 282.36 W, 64
2026/08/14 05:04:42.591, NVIDIA GeForce RTX 4090, 36 %, 13 %, 19206 MiB, 49140 MiB, 277.52 W, 64
2026/08/14 05:04:43.591, NVIDIA GeForce RTX 4090, 32 %, 11 %, 19206 MiB, 49140 MiB, 277.11 W, 63
2026/08/14 05:04:44.591, NVIDIA GeForce RTX 4090, 40 %, 15 %, 19206 MiB, 49140 MiB, 282.49 W, 62
2026/08/14 05:04:45.591, NVIDIA GeForce RTX 4090, 84 %, 42 %, 19206 MiB, 49140 MiB, 384.15 W, 69
2026/08/14 05:04:46.591, NVIDIA GeForce RTX 4090, 26 %, 9 %, 19206 MiB, 49140 MiB, 285.44 W, 62
2026/08/14 05:04:47.592, NVIDIA GeForce RTX 4090, 37 %, 13 %, 19206 MiB, 49140 MiB, 271.49 W, 60
2026/08/14 05:04:48.592, NVIDIA GeForce RTX 4090, 34 %, 12 %, 19206 MiB, 49140 MiB, 266.91 W, 60
2026/08/14 05:04:49.592, NVIDIA GeForce RTX 4090, 40 %, 14 %, 19206 MiB, 49140 MiB, 279.50 W, 61
2026/08/14 05:04:50.592, NVIDIA GeForce RTX 4090, 51 %, 20 %, 19206 MiB, 49140 MiB, 277.82 W, 61
2026/08/14 05:04:51.592, NVIDIA GeForce RTX 4090, 67 %, 37 %, 19206 MiB, 49140 MiB, 286.60 W, 62
2026/08/14 05:04:52.592, NVIDIA GeForce RTX 4090, 82 %, 44 %, 19206 MiB, 49140 MiB, 306.54 W, 70
2026/08/14 05:04:53.593, NVIDIA GeForce RTX 4090, 39 %, 15 %, 19206 MiB, 49140 MiB, 284.62 W, 62
2026/08/14 05:04:54.593, NVIDIA GeForce RTX 4090, 33 %, 11 %, 19206 MiB, 49140 MiB, 273.46 W, 62
2026/08/14 05:04:55.593, NVIDIA GeForce RTX 4090, 35 %, 12 %, 19206 MiB, 49140 MiB, 279.04 W, 62
2026/08/14 05:04:56.593, NVIDIA GeForce RTX 4090, 40 %, 15 %, 19206 MiB, 49140 MiB, 281.06 W, 61
2026/08/14 05:04:57.593, NVIDIA GeForce RTX 4090, 74 %, 44 %, 19206 MiB, 49140 MiB, 301.41 W, 63
2026/08/14 05:04:58.593, NVIDIA GeForce RTX 4090, 76 %, 38 %, 19206 MiB, 49140 MiB, 305.11 W, 67
2026/08/14 05:04:59.594, NVIDIA GeForce RTX 4090, 24 %, 10 %, 19206 MiB, 49140 MiB, 280.92 W, 62
2026/08/14 05:05:00.594, NVIDIA GeForce RTX 4090, 26 %, 9 %, 19206 MiB, 49140 MiB, 265.86 W, 60
2026/08/14 05:05:01.594, NVIDIA GeForce RTX 4090, 36 %, 13 %, 19206 MiB, 49140 MiB, 269.39 W, 59
2026/08/14 05:05:02.594, NVIDIA GeForce RTX 4090, 35 %, 12 %, 19206 MiB, 49140 MiB, 272.47 W, 59
2026/08/14 05:05:03.594, NVIDIA GeForce RTX 4090, 40 %, 14 %, 19206 MiB, 49140 MiB, 274.57 W, 59
2026/08/14 05:05:04.594, NVIDIA GeForce RTX 4090, 51 %, 20 %, 19206 MiB, 49140 MiB, 278.96 W, 60
2026/08/14 05:05:05.595, NVIDIA GeForce RTX 4090, 67 %, 37 %, 19206 MiB, 49140 MiB, 286.39 W, 61
2026/08/14 05:05:06.595, NVIDIA GeForce RTX 4090, 86 %, 46 %, 19206 MiB, 49140 MiB, 306.61 W, 70
2026/08/14 05:05:07.595, NVIDIA GeForce RTX 4090, 39 %, 15 %, 19206 MiB, 49140 MiB, 294.37 W, 62
2026/08/14 05:05:08.595, NVIDIA GeForce RTX 4090, 37 %, 13 %, 19206 MiB, 49140 MiB, 279.35 W, 60
2026/08/14 05:05:09.595, NVIDIA GeForce RTX 4090, 41 %, 14 %, 19206 MiB, 49140 MiB, 279.68 W, 60
2026/08/14 05:05:10.595, NVIDIA GeForce RTX 4090, 61 %, 30 %, 19206 MiB, 49140 MiB, 292.68 W, 60
2026/08/14 05:05:11.596, NVIDIA GeForce RTX 4090, 72 %, 42 %, 19206 MiB, 49140 MiB, 297.92 W, 66
2026/08/14 05:05:12.596, NVIDIA GeForce RTX 4090, 54 %, 26 %, 19206 MiB, 49140 MiB, 301.46 W, 61
2026/08/14 05:05:13.596, NVIDIA GeForce RTX 4090, 26 %, 9 %, 19206 MiB, 49140 MiB, 275.06 W, 60
2026/08/14 05:05:14.596, NVIDIA GeForce RTX 4090, 37 %, 13 %, 19206 MiB, 49140 MiB, 273.88 W, 60
2026/08/14 05:05:15.596, NVIDIA GeForce RTX 4090, 35 %, 12 %, 19206 MiB, 49140 MiB, 267.88 W, 60
2026/08/14 05:05:16.597, NVIDIA GeForce RTX 4090, 44 %, 15 %, 19206 MiB, 49140 MiB, 273.92 W, 60
2026/08/14 05:05:17.597, NVIDIA GeForce RTX 4090, 61 %, 30 %, 19206 MiB, 49140 MiB, 284.99 W, 62
2026/08/14 05:05:18.597, NVIDIA GeForce RTX 4090, 74 %, 41 %, 19206 MiB, 49140 MiB, 284.87 W, 70
2026/08/14 05:05:19.597, NVIDIA GeForce RTX 4090, 81 %, 41 %, 19206 MiB, 49140 MiB, 302.60 W, 62
2026/08/14 05:05:20.597, NVIDIA GeForce RTX 4090, 38 %, 15 %, 19206 MiB, 49140 MiB, 284.07 W, 61
2026/08/14 05:05:21.598, NVIDIA GeForce RTX 4090, 31 %, 11 %, 19206 MiB, 49140 MiB, 268.81 W, 60
2026/08/14 05:05:22.598, NVIDIA GeForce RTX 4090, 40 %, 13 %, 19206 MiB, 49140 MiB, 277.55 W, 60
2026/08/14 05:05:23.598, NVIDIA GeForce RTX 4090, 53 %, 21 %, 19206 MiB, 49140 MiB, 284.03 W, 61
2026/08/14 05:05:24.598, NVIDIA GeForce RTX 4090, 62 %, 34 %, 19206 MiB, 49140 MiB, 280.56 W, 63
2026/08/14 05:05:25.599, NVIDIA GeForce RTX 4090, 72 %, 43 %, 19206 MiB, 49140 MiB, 282.93 W, 65
2026/08/14 05:05:26.599, NVIDIA GeForce RTX 4090, 50 %, 24 %, 19206 MiB, 49140 MiB, 299.31 W, 61
2026/08/14 05:05:27.599, NVIDIA GeForce RTX 4090, 26 %, 9 %, 19206 MiB, 49140 MiB, 273.77 W, 60
2026/08/14 05:05:28.599, NVIDIA GeForce RTX 4090, 23 %, 8 %, 19206 MiB, 49140 MiB, 268.19 W, 59
2026/08/14 05:05:29.599, NVIDIA GeForce RTX 4090, 100 %, 55 %, 19206 MiB, 49140 MiB, 340.24 W, 69
2026/08/14 05:05:30.600, NVIDIA GeForce RTX 4090, 0 %, 0 %, 19206 MiB, 49140 MiB, 157.11 W, 56
2026/08/14 05:05:31.600, NVIDIA GeForce RTX 4090, 41 %, 16 %, 19206 MiB, 49140 MiB, 110.74 W, 60
2026/08/14 05:05:32.600, NVIDIA GeForce RTX 4090, 81 %, 43 %, 19206 MiB, 49140 MiB, 275.14 W, 63
2026/08/14 05:05:33.601, NVIDIA GeForce RTX 4090, 83 %, 45 %, 19206 MiB, 49140 MiB, 270.29 W, 63
2026/08/14 05:05:34.606, NVIDIA GeForce RTX 4090, 46 %, 20 %, 19206 MiB, 49140 MiB, 283.52 W, 60
2026/08/14 05:05:35.607, NVIDIA GeForce RTX 4090, 17 %, 6 %, 19206 MiB, 49140 MiB, 275.56 W, 59
2026/08/14 05:05:36.607, NVIDIA GeForce RTX 4090, 37 %, 13 %, 19206 MiB, 49140 MiB, 264.72 W, 59
2026/08/14 05:05:37.607, NVIDIA GeForce RTX 4090, 43 %, 15 %, 19206 MiB, 49140 MiB, 275.49 W, 60
2026/08/14 05:05:38.610, NVIDIA GeForce RTX 4090, 28 %, 10 %, 19206 MiB, 49140 MiB, 271.39 W, 59
2026/08/14 05:05:39.683, NVIDIA GeForce RTX 4090, 44 %, 15 %, 19206 MiB, 49140 MiB, 264.35 W, 60
2026/08/14 05:05:40.684, NVIDIA GeForce RTX 4090, 21 %, 8 %, 19206 MiB, 49140 MiB, 268.45 W, 59
2026/08/14 05:05:41.684, NVIDIA GeForce RTX 4090, 34 %, 13 %, 19206 MiB, 49140 MiB, 255.57 W, 59
2026/08/14 05:05:42.684, NVIDIA GeForce RTX 4090, 34 %, 14 %, 19206 MiB, 49140 MiB, 270.73 W, 59
2026/08/14 05:05:43.685, NVIDIA GeForce RTX 4090, 58 %, 30 %, 19206 MiB, 49140 MiB, 264.95 W, 63
2026/08/14 05:05:44.685, NVIDIA GeForce RTX 4090, 58 %, 29 %, 19206 MiB, 49140 MiB, 263.29 W, 63
2026/08/14 05:05:45.685, NVIDIA GeForce RTX 4090, 74 %, 42 %, 19206 MiB, 49140 MiB, 285.99 W, 68
2026/08/14 05:05:46.685, NVIDIA GeForce RTX 4090, 89 %, 46 %, 19206 MiB, 49140 MiB, 303.96 W, 62
2026/08/14 05:05:47.686, NVIDIA GeForce RTX 4090, 34 %, 13 %, 19206 MiB, 49140 MiB, 291.85 W, 60
2026/08/14 05:05:48.686, NVIDIA GeForce RTX 4090, 32 %, 11 %, 19206 MiB, 49140 MiB, 277.93 W, 60
2026/08/14 05:05:49.686, NVIDIA GeForce RTX 4090, 45 %, 16 %, 19206 MiB, 49140 MiB, 283.45 W, 60
2026/08/14 05:05:50.686, NVIDIA GeForce RTX 4090, 58 %, 30 %, 19206 MiB, 49140 MiB, 285.89 W, 63
2026/08/14 05:05:51.687, NVIDIA GeForce RTX 4090, 72 %, 42 %, 19206 MiB, 49140 MiB, 294.38 W, 67
2026/08/14 05:05:52.687, NVIDIA GeForce RTX 4090, 56 %, 24 %, 19206 MiB, 49140 MiB, 301.23 W, 62
2026/08/14 05:05:53.687, NVIDIA GeForce RTX 4090, 40 %, 14 %, 19206 MiB, 49140 MiB, 282.66 W, 61
2026/08/14 05:05:54.688, NVIDIA GeForce RTX 4090, 35 %, 12 %, 19206 MiB, 49140 MiB, 279.55 W, 60
2026/08/14 05:05:55.688, NVIDIA GeForce RTX 4090, 34 %, 13 %, 19206 MiB, 49140 MiB, 284.47 W, 60
2026/08/14 05:05:56.688, NVIDIA GeForce RTX 4090, 74 %, 42 %, 19206 MiB, 49140 MiB, 296.98 W, 67
2026/08/14 05:05:57.688, NVIDIA GeForce RTX 4090, 90 %, 46 %, 19206 MiB, 49140 MiB, 307.17 W, 62
2026/08/14 05:05:58.688, NVIDIA GeForce RTX 4090, 34 %, 13 %, 19206 MiB, 49140 MiB, 289.65 W, 60
2026/08/14 05:05:59.689, NVIDIA GeForce RTX 4090, 31 %, 10 %, 19206 MiB, 49140 MiB, 285.02 W, 60
2026/08/14 05:06:00.689, NVIDIA GeForce RTX 4090, 42 %, 15 %, 19206 MiB, 49140 MiB, 275.16 W, 60
2026/08/14 05:06:01.689, NVIDIA GeForce RTX 4090, 56 %, 29 %, 19206 MiB, 49140 MiB, 282.42 W, 63
2026/08/14 05:06:02.689, NVIDIA GeForce RTX 4090, 90 %, 53 %, 19206 MiB, 49140 MiB, 299.89 W, 67
2026/08/14 05:06:03.690, NVIDIA GeForce RTX 4090, 58 %, 26 %, 19206 MiB, 49140 MiB, 301.64 W, 62
2026/08/14 05:06:04.690, NVIDIA GeForce RTX 4090, 24 %, 8 %, 19206 MiB, 49140 MiB, 276.34 W, 60
2026/08/14 05:06:05.690, NVIDIA GeForce RTX 4090, 34 %, 11 %, 19206 MiB, 49140 MiB, 279.22 W, 60
2026/08/14 05:06:06.691, NVIDIA GeForce RTX 4090, 40 %, 14 %, 19206 MiB, 49140 MiB, 273.96 W, 61
2026/08/14 05:06:07.691, NVIDIA GeForce RTX 4090, 54 %, 27 %, 19206 MiB, 49140 MiB, 280.18 W, 64
2026/08/14 05:06:08.691, NVIDIA GeForce RTX 4090, 73 %, 44 %, 19206 MiB, 49140 MiB, 292.16 W, 69
2026/08/14 05:06:09.691, NVIDIA GeForce RTX 4090, 89 %, 48 %, 19206 MiB, 49140 MiB, 294.72 W, 63
2026/08/14 05:06:10.691, NVIDIA GeForce RTX 4090, 33 %, 11 %, 19206 MiB, 49140 MiB, 301.63 W, 61
2026/08/14 05:06:11.692, NVIDIA GeForce RTX 4090, 34 %, 11 %, 19206 MiB, 49140 MiB, 274.37 W, 60
2026/08/14 05:06:12.692, NVIDIA GeForce RTX 4090, 40 %, 15 %, 19206 MiB, 49140 MiB, 281.03 W, 61
2026/08/14 05:06:13.692, NVIDIA GeForce RTX 4090, 60 %, 34 %, 19206 MiB, 49140 MiB, 285.46 W, 65
2026/08/14 05:06:14.692, NVIDIA GeForce RTX 4090, 72 %, 43 %, 19206 MiB, 49140 MiB, 287.35 W, 69
2026/08/14 05:06:15.693, NVIDIA GeForce RTX 4090, 100 %, 54 %, 19206 MiB, 49140 MiB, 293.60 W, 68
2026/08/14 05:06:16.693, NVIDIA GeForce RTX 4090, 32 %, 11 %, 19206 MiB, 49140 MiB, 356.62 W, 61
2026/08/14 05:06:17.693, NVIDIA GeForce RTX 4090, 45 %, 16 %, 19206 MiB, 49140 MiB, 281.70 W, 61
2026/08/14 05:06:18.693, NVIDIA GeForce RTX 4090, 49 %, 21 %, 19206 MiB, 49140 MiB, 276.55 W, 63
2026/08/14 05:06:19.694, NVIDIA GeForce RTX 4090, 61 %, 34 %, 19206 MiB, 49140 MiB, 278.12 W, 65
2026/08/14 05:06:20.694, NVIDIA GeForce RTX 4090, 94 %, 54 %, 19206 MiB, 49140 MiB, 299.67 W, 68
2026/08/14 05:06:21.694, NVIDIA GeForce RTX 4090, 35 %, 13 %, 19206 MiB, 49140 MiB, 305.41 W, 61
2026/08/14 05:06:22.694, NVIDIA GeForce RTX 4090, 37 %, 13 %, 19206 MiB, 49140 MiB, 279.98 W, 61
2026/08/14 05:06:23.694, NVIDIA GeForce RTX 4090, 37 %, 13 %, 19206 MiB, 49140 MiB, 281.99 W, 61
2026/08/14 05:06:24.694, NVIDIA GeForce RTX 4090, 49 %, 24 %, 19206 MiB, 49140 MiB, 282.69 W, 65
2026/08/14 05:06:25.695, NVIDIA GeForce RTX 4090, 93 %, 55 %, 19206 MiB, 49140 MiB, 309.51 W, 64
2026/08/14 05:06:26.695, NVIDIA GeForce RTX 4090, 57 %, 27 %, 19206 MiB, 49140 MiB, 289.09 W, 63
2026/08/14 05:06:27.695, NVIDIA GeForce RTX 4090, 30 %, 11 %, 19206 MiB, 49140 MiB, 274.80 W, 60
2026/08/14 05:06:28.695, NVIDIA GeForce RTX 4090, 36 %, 13 %, 19206 MiB, 49140 MiB, 286.94 W, 61
2026/08/14 05:06:29.696, NVIDIA GeForce RTX 4090, 43 %, 15 %, 19206 MiB, 49140 MiB, 280.03 W, 62
2026/08/14 05:06:30.696, NVIDIA GeForce RTX 4090, 48 %, 19 %, 19206 MiB, 49140 MiB, 274.35 W, 63
2026/08/14 05:06:31.696, NVIDIA GeForce RTX 4090, 74 %, 43 %, 19206 MiB, 49140 MiB, 288.80 W, 67
2026/08/14 05:06:32.696, NVIDIA GeForce RTX 4090, 89 %, 47 %, 19206 MiB, 49140 MiB, 303.48 W, 64
2026/08/14 05:06:33.696, NVIDIA GeForce RTX 4090, 56 %, 24 %, 19206 MiB, 49140 MiB, 289.47 W, 62
2026/08/14 05:06:34.696, NVIDIA GeForce RTX 4090, 41 %, 15 %, 19206 MiB, 49140 MiB, 285.03 W, 62
2026/08/14 05:06:35.697, NVIDIA GeForce RTX 4090, 42 %, 15 %, 19206 MiB, 49140 MiB, 288.06 W, 62
2026/08/14 05:06:36.697, NVIDIA GeForce RTX 4090, 47 %, 23 %, 19206 MiB, 49140 MiB, 273.59 W, 66
2026/08/14 05:06:37.697, NVIDIA GeForce RTX 4090, 72 %, 43 %, 19206 MiB, 49140 MiB, 290.88 W, 69
2026/08/14 05:06:38.698, NVIDIA GeForce RTX 4090, 88 %, 46 %, 19206 MiB, 49140 MiB, 292.07 W, 64
2026/08/14 05:06:39.698, NVIDIA GeForce RTX 4090, 49 %, 22 %, 19206 MiB, 49140 MiB, 289.13 W, 61
2026/08/14 05:06:40.698, NVIDIA GeForce RTX 4090, 36 %, 13 %, 19206 MiB, 49140 MiB, 280.82 W, 61
2026/08/14 05:06:41.698, NVIDIA GeForce RTX 4090, 37 %, 12 %, 19206 MiB, 49140 MiB, 274.78 W, 62
2026/08/14 05:06:42.698, NVIDIA GeForce RTX 4090, 52 %, 21 %, 19206 MiB, 49140 MiB, 280.23 W, 64
2026/08/14 05:06:43.699, NVIDIA GeForce RTX 4090, 60 %, 33 %, 19206 MiB, 49140 MiB, 275.52 W, 69
2026/08/14 05:06:44.699, NVIDIA GeForce RTX 4090, 73 %, 44 %, 19206 MiB, 49140 MiB, 282.46 W, 68
2026/08/14 05:06:45.699, NVIDIA GeForce RTX 4090, 69 %, 32 %, 19206 MiB, 49140 MiB, 306.95 W, 62
2026/08/14 05:06:46.699, NVIDIA GeForce RTX 4090, 34 %, 13 %, 19206 MiB, 49140 MiB, 279.89 W, 61
2026/08/14 05:06:47.699, NVIDIA GeForce RTX 4090, 39 %, 14 %, 19206 MiB, 49140 MiB, 275.47 W, 62
2026/08/14 05:06:48.699, NVIDIA GeForce RTX 4090, 40 %, 14 %, 19206 MiB, 49140 MiB, 279.04 W, 62
2026/08/14 05:06:49.700, NVIDIA GeForce RTX 4090, 49 %, 25 %, 19206 MiB, 49140 MiB, 280.79 W, 69
2026/08/14 05:06:50.700, NVIDIA GeForce RTX 4090, 94 %, 55 %, 19206 MiB, 49140 MiB, 308.33 W, 65
2026/08/14 05:06:51.700, NVIDIA GeForce RTX 4090, 41 %, 19 %, 19206 MiB, 49140 MiB, 295.42 W, 61
2026/08/14 05:06:52.700, NVIDIA GeForce RTX 4090, 39 %, 14 %, 19206 MiB, 49140 MiB, 279.24 W, 62
2026/08/14 05:06:53.700, NVIDIA GeForce RTX 4090, 37 %, 13 %, 19206 MiB, 49140 MiB, 272.29 W, 61
2026/08/14 05:06:54.700, NVIDIA GeForce RTX 4090, 45 %, 17 %, 19206 MiB, 49140 MiB, 287.26 W, 62
2026/08/14 05:06:55.701, NVIDIA GeForce RTX 4090, 59 %, 31 %, 19206 MiB, 49140 MiB, 285.81 W, 69
2026/08/14 05:06:56.701, NVIDIA GeForce RTX 4090, 94 %, 56 %, 19206 MiB, 49140 MiB, 299.27 W, 66
2026/08/14 05:06:57.701, NVIDIA GeForce RTX 4090, 60 %, 27 %, 19206 MiB, 49140 MiB, 299.85 W, 62
2026/08/14 05:06:58.701, NVIDIA GeForce RTX 4090, 32 %, 11 %, 19206 MiB, 49140 MiB, 281.09 W, 62
2026/08/14 05:06:59.701, NVIDIA GeForce RTX 4090, 100 %, 53 %, 19206 MiB, 49140 MiB, 335.47 W, 71
2026/08/14 05:07:00.702, NVIDIA GeForce RTX 4090, 0 %, 0 %, 19206 MiB, 49140 MiB, 174.31 W, 57
2026/08/14 05:07:01.702, NVIDIA GeForce RTX 4090, 44 %, 20 %, 19206 MiB, 49140 MiB, 115.82 W, 63
2026/08/14 05:07:02.702, NVIDIA GeForce RTX 4090, 86 %, 50 %, 19206 MiB, 49140 MiB, 269.49 W, 69
2026/08/14 05:07:03.702, NVIDIA GeForce RTX 4090, 85 %, 46 %, 19206 MiB, 49140 MiB, 281.05 W, 68
2026/08/14 05:07:04.703, NVIDIA GeForce RTX 4090, 85 %, 49 %, 19206 MiB, 49140 MiB, 265.62 W, 69
2026/08/14 05:07:05.703, NVIDIA GeForce RTX 4090, 79 %, 42 %, 19206 MiB, 49140 MiB, 278.63 W, 68
2026/08/14 05:07:06.703, NVIDIA GeForce RTX 4090, 36 %, 14 %, 19206 MiB, 49140 MiB, 284.15 W, 62
2026/08/14 05:07:07.703, NVIDIA GeForce RTX 4090, 39 %, 14 %, 19206 MiB, 49140 MiB, 274.53 W, 61
2026/08/14 05:07:08.703, NVIDIA GeForce RTX 4090, 34 %, 12 %, 19206 MiB, 49140 MiB, 274.24 W, 61
2026/08/14 05:07:09.703, NVIDIA GeForce RTX 4090, 47 %, 17 %, 19206 MiB, 49140 MiB, 278.59 W, 62
2026/08/14 05:07:10.704, NVIDIA GeForce RTX 4090, 61 %, 32 %, 19206 MiB, 49140 MiB, 287.39 W, 68
2026/08/14 05:07:11.704, NVIDIA GeForce RTX 4090, 94 %, 55 %, 19206 MiB, 49140 MiB, 302.00 W, 67
2026/08/14 05:07:12.704, NVIDIA GeForce RTX 4090, 86 %, 44 %, 19206 MiB, 49140 MiB, 291.92 W, 62
2026/08/14 05:07:13.704, NVIDIA GeForce RTX 4090, 38 %, 14 %, 19206 MiB, 49140 MiB, 287.73 W, 62
2026/08/14 05:07:14.705, NVIDIA GeForce RTX 4090, 41 %, 14 %, 19206 MiB, 49140 MiB, 274.51 W, 61
2026/08/14 05:07:15.705, NVIDIA GeForce RTX 4090, 41 %, 15 %, 19206 MiB, 49140 MiB, 273.13 W, 62
2026/08/14 05:07:16.705, NVIDIA GeForce RTX 4090, 47 %, 19 %, 19206 MiB, 49140 MiB, 281.51 W, 68
2026/08/14 05:07:17.705, NVIDIA GeForce RTX 4090, 75 %, 44 %, 19206 MiB, 49140 MiB, 295.82 W, 69
2026/08/14 05:07:18.706, NVIDIA GeForce RTX 4090, 57 %, 31 %, 19206 MiB, 49140 MiB, 302.60 W, 65
2026/08/14 05:07:19.706, NVIDIA GeForce RTX 4090, 36 %, 12 %, 19206 MiB, 49140 MiB, 284.99 W, 62
2026/08/14 05:07:20.706, NVIDIA GeForce RTX 4090, 42 %, 14 %, 19206 MiB, 49140 MiB, 286.21 W, 62
2026/08/14 05:07:21.706, NVIDIA GeForce RTX 4090, 48 %, 18 %, 19206 MiB, 49140 MiB, 279.81 W, 62
2026/08/14 05:07:22.706, NVIDIA GeForce RTX 4090, 60 %, 30 %, 19206 MiB, 49140 MiB, 283.60 W, 68
2026/08/14 05:07:23.706, NVIDIA GeForce RTX 4090, 94 %, 54 %, 19206 MiB, 49140 MiB, 299.84 W, 69
2026/08/14 05:07:24.707, NVIDIA GeForce RTX 4090, 55 %, 26 %, 19206 MiB, 49140 MiB, 292.33 W, 62
2026/08/14 05:07:25.707, NVIDIA GeForce RTX 4090, 41 %, 14 %, 19206 MiB, 49140 MiB, 282.56 W, 62
2026/08/14 05:07:26.707, NVIDIA GeForce RTX 4090, 44 %, 15 %, 19206 MiB, 49140 MiB, 276.55 W, 63
2026/08/14 05:07:27.708, NVIDIA GeForce RTX 4090, 50 %, 19 %, 19206 MiB, 49140 MiB, 284.08 W, 66
2026/08/14 05:07:28.708, NVIDIA GeForce RTX 4090, 59 %, 29 %, 19206 MiB, 49140 MiB, 280.57 W, 67
2026/08/14 05:07:29.708, NVIDIA GeForce RTX 4090, 94 %, 52 %, 19206 MiB, 49140 MiB, 302.68 W, 69
2026/08/14 05:07:30.708, NVIDIA GeForce RTX 4090, 58 %, 28 %, 19206 MiB, 49140 MiB, 300.86 W, 63
2026/08/14 05:07:31.709, NVIDIA GeForce RTX 4090, 42 %, 15 %, 19206 MiB, 49140 MiB, 282.20 W, 62
2026/08/14 05:07:32.709, NVIDIA GeForce RTX 4090, 42 %, 13 %, 19206 MiB, 49140 MiB, 279.44 W, 63
2026/08/14 05:07:33.709, NVIDIA GeForce RTX 4090, 52 %, 20 %, 19206 MiB, 49140 MiB, 279.60 W, 67
2026/08/14 05:07:34.783, NVIDIA GeForce RTX 4090, 73 %, 39 %, 19206 MiB, 49140 MiB, 295.49 W, 68
2026/08/14 05:07:35.783, NVIDIA GeForce RTX 4090, 89 %, 46 %, 19206 MiB, 49140 MiB, 309.71 W, 69
2026/08/14 05:07:36.784, NVIDIA GeForce RTX 4090, 45 %, 16 %, 19206 MiB, 49140 MiB, 302.23 W, 63
2026/08/14 05:07:37.784, NVIDIA GeForce RTX 4090, 43 %, 14 %, 19206 MiB, 49140 MiB, 280.00 W, 62
2026/08/14 05:07:38.784, NVIDIA GeForce RTX 4090, 49 %, 18 %, 19206 MiB, 49140 MiB, 283.31 W, 63
2026/08/14 05:07:39.784, NVIDIA GeForce RTX 4090, 59 %, 30 %, 19206 MiB, 49140 MiB, 287.96 W, 68
2026/08/14 05:07:40.784, NVIDIA GeForce RTX 4090, 93 %, 51 %, 19206 MiB, 49140 MiB, 303.91 W, 70
2026/08/14 05:07:41.785, NVIDIA GeForce RTX 4090, 73 %, 33 %, 19206 MiB, 49140 MiB, 301.48 W, 63
2026/08/14 05:07:42.785, NVIDIA GeForce RTX 4090, 47 %, 17 %, 19206 MiB, 49140 MiB, 284.42 W, 62
2026/08/14 05:07:43.785, NVIDIA GeForce RTX 4090, 43 %, 14 %, 19206 MiB, 49140 MiB, 279.70 W, 62
2026/08/14 05:07:44.785, NVIDIA GeForce RTX 4090, 49 %, 18 %, 19206 MiB, 49140 MiB, 279.93 W, 63
2026/08/14 05:07:45.785, NVIDIA GeForce RTX 4090, 87 %, 45 %, 19206 MiB, 49140 MiB, 376.89 W, 66
2026/08/14 05:07:46.786, NVIDIA GeForce RTX 4090, 58 %, 22 %, 19206 MiB, 49140 MiB, 295.21 W, 63
2026/08/14 05:07:47.786, NVIDIA GeForce RTX 4090, 44 %, 16 %, 19206 MiB, 49140 MiB, 280.53 W, 63
2026/08/14 05:07:48.786, NVIDIA GeForce RTX 4090, 40 %, 14 %, 19206 MiB, 49140 MiB, 287.06 W, 65
2026/08/14 05:07:49.787, NVIDIA GeForce RTX 4090, 52 %, 21 %, 19206 MiB, 49140 MiB, 274.81 W, 69
2026/08/14 05:07:50.787, NVIDIA GeForce RTX 4090, 60 %, 30 %, 19206 MiB, 49140 MiB, 280.63 W, 68
2026/08/14 05:07:51.787, NVIDIA GeForce RTX 4090, 93 %, 52 %, 19206 MiB, 49140 MiB, 305.40 W, 69
2026/08/14 05:07:52.787, NVIDIA GeForce RTX 4090, 58 %, 27 %, 19206 MiB, 49140 MiB, 288.65 W, 63
2026/08/14 05:07:53.788, NVIDIA GeForce RTX 4090, 30 %, 11 %, 19206 MiB, 49140 MiB, 281.94 W, 63
2026/08/14 05:07:54.788, NVIDIA GeForce RTX 4090, 29 %, 10 %, 19206 MiB, 49140 MiB, 265.20 W, 62
2026/08/14 05:07:55.788, NVIDIA GeForce RTX 4090, 46 %, 17 %, 19206 MiB, 49140 MiB, 284.88 W, 64
2026/08/14 05:07:56.789, NVIDIA GeForce RTX 4090, 61 %, 30 %, 19206 MiB, 49140 MiB, 283.12 W, 67
2026/08/14 05:07:57.789, NVIDIA GeForce RTX 4090, 91 %, 49 %, 19206 MiB, 49140 MiB, 309.61 W, 69
2026/08/14 05:07:58.789, NVIDIA GeForce RTX 4090, 60 %, 27 %, 19206 MiB, 49140 MiB, 289.68 W, 65
2026/08/14 05:07:59.789, NVIDIA GeForce RTX 4090, 34 %, 12 %, 19206 MiB, 49140 MiB, 283.30 W, 61
2026/08/14 05:08:00.790, NVIDIA GeForce RTX 4090, 41 %, 15 %, 19206 MiB, 49140 MiB, 271.83 W, 63
2026/08/14 05:08:01.790, NVIDIA GeForce RTX 4090, 49 %, 18 %, 19206 MiB, 49140 MiB, 277.07 W, 64
2026/08/14 05:08:02.790, NVIDIA GeForce RTX 4090, 60 %, 30 %, 19206 MiB, 49140 MiB, 294.06 W, 69
2026/08/14 05:08:03.790, NVIDIA GeForce RTX 4090, 74 %, 42 %, 19206 MiB, 49140 MiB, 294.93 W, 68
2026/08/14 05:08:04.791, NVIDIA GeForce RTX 4090, 93 %, 51 %, 19206 MiB, 49140 MiB, 293.34 W, 68
2026/08/14 05:08:05.791, NVIDIA GeForce RTX 4090, 47 %, 17 %, 19206 MiB, 49140 MiB, 287.05 W, 63
2026/08/14 05:08:06.791, NVIDIA GeForce RTX 4090, 47 %, 16 %, 19206 MiB, 49140 MiB, 284.63 W, 64
2026/08/14 05:08:07.791, NVIDIA GeForce RTX 4090, 50 %, 19 %, 19206 MiB, 49140 MiB, 287.96 W, 68
2026/08/14 05:08:08.791, NVIDIA GeForce RTX 4090, 59 %, 29 %, 19206 MiB, 49140 MiB, 287.22 W, 68
2026/08/14 05:08:09.792, NVIDIA GeForce RTX 4090, 75 %, 42 %, 19206 MiB, 49140 MiB, 296.95 W, 68
2026/08/14 05:08:10.792, NVIDIA GeForce RTX 4090, 53 %, 29 %, 19206 MiB, 49140 MiB, 294.77 W, 69
2026/08/14 05:08:11.792, NVIDIA GeForce RTX 4090, 34 %, 12 %, 19206 MiB, 49140 MiB, 278.01 W, 64
2026/08/14 05:08:12.793, NVIDIA GeForce RTX 4090, 26 %, 9 %, 19206 MiB, 49140 MiB, 273.52 W, 63
2026/08/14 05:08:13.793, NVIDIA GeForce RTX 4090, 28 %, 9 %, 19206 MiB, 49140 MiB, 272.39 W, 63
2026/08/14 05:08:14.793, NVIDIA GeForce RTX 4090, 38 %, 16 %, 19206 MiB, 49140 MiB, 280.75 W, 65
2026/08/14 05:08:15.793, NVIDIA GeForce RTX 4090, 69 %, 39 %, 19206 MiB, 49140 MiB, 293.86 W, 68
2026/08/14 05:08:16.793, NVIDIA GeForce RTX 4090, 51 %, 29 %, 19206 MiB, 49140 MiB, 302.84 W, 68
2026/08/14 05:08:17.794, NVIDIA GeForce RTX 4090, 17 %, 6 %, 19206 MiB, 49140 MiB, 283.07 W, 61
2026/08/14 05:08:18.794, NVIDIA GeForce RTX 4090, 36 %, 12 %, 19206 MiB, 49140 MiB, 281.41 W, 65
2026/08/14 05:08:19.794, NVIDIA GeForce RTX 4090, 35 %, 13 %, 19206 MiB, 49140 MiB, 282.24 W, 67
2026/08/14 05:08:20.794, NVIDIA GeForce RTX 4090, 68 %, 38 %, 19206 MiB, 49140 MiB, 292.07 W, 68
2026/08/14 05:08:21.794, NVIDIA GeForce RTX 4090, 98 %, 56 %, 19206 MiB, 49140 MiB, 297.80 W, 69
2026/08/14 05:08:22.794, NVIDIA GeForce RTX 4090, 51 %, 25 %, 19206 MiB, 49140 MiB, 288.90 W, 68
2026/08/14 05:08:23.795, NVIDIA GeForce RTX 4090, 38 %, 14 %, 19206 MiB, 49140 MiB, 277.61 W, 67
2026/08/14 05:08:24.795, NVIDIA GeForce RTX 4090, 35 %, 12 %, 19206 MiB, 49140 MiB, 278.80 W, 64
2026/08/14 05:08:25.795, NVIDIA GeForce RTX 4090, 43 %, 14 %, 19206 MiB, 49140 MiB, 272.69 W, 68
2026/08/14 05:08:26.795, NVIDIA GeForce RTX 4090, 30 %, 11 %, 19206 MiB, 49140 MiB, 283.97 W, 66
2026/08/14 05:08:27.795, NVIDIA GeForce RTX 4090, 69 %, 38 %, 19206 MiB, 49140 MiB, 295.04 W, 67
2026/08/14 05:08:28.796, NVIDIA GeForce RTX 4090, 100 %, 52 %, 19206 MiB, 49140 MiB, 315.01 W, 68
2026/08/14 05:08:29.796, NVIDIA GeForce RTX 4090, 0 %, 0 %, 19206 MiB, 49140 MiB, 264.52 W, 57
2026/08/14 05:08:30.796, NVIDIA GeForce RTX 4090, 0 %, 0 %, 19206 MiB, 49140 MiB, 106.70 W, 56
2026/08/14 05:08:31.796, NVIDIA GeForce RTX 4090, 0 %, 0 %, 19206 MiB, 49140 MiB, 96.07 W, 55
2026/08/14 05:08:32.796, NVIDIA GeForce RTX 4090, 0 %, 0 %, 19206 MiB, 49140 MiB, 93.04 W, 55
2026/08/14 05:08:33.797, NVIDIA GeForce RTX 4090, 0 %, 0 %, 19206 MiB, 49140 MiB, 89.17 W, 54
2026/08/14 05:08:34.797, NVIDIA GeForce RTX 4090, 0 %, 0 %, 19206 MiB, 49140 MiB, 88.94 W, 54
2026/08/14 05:08:35.797, NVIDIA GeForce RTX 4090, 0 %, 0 %, 19206 MiB, 49140 MiB, 88.75 W, 53
2026/08/14 05:08:36.797, NVIDIA GeForce RTX 4090, 0 %, 0 %, 19206 MiB, 49140 MiB, 88.50 W, 53
2026/08/14 05:08:37.797, NVIDIA GeForce RTX 4090, 0 %, 0 %, 19206 MiB, 49140 MiB, 88.22 W, 52
2026/08/14 05:08:38.797, NVIDIA GeForce RTX 4090, 0 %, 0 %, 19206 MiB, 49140 MiB, 87.93 W, 52
2026/08/14 05:08:39.797, NVIDIA GeForce RTX 4090, 0 %, 0 %, 19206 MiB, 49140 MiB, 87.49 W, 52
2026/08/14 05:08:40.798, NVIDIA GeForce RTX 4090, 0 %, 0 %, 19206 MiB, 49140 MiB, 87.13 W, 51
2026/08/14 05:08:41.798, NVIDIA GeForce RTX 4090, 0 %, 0 %, 19206 MiB, 49140 MiB, 86.82 W, 51
2026/08/14 05:08:42.798, NVIDIA GeForce RTX 4090, 0 %, 0 %, 19206 MiB, 49140 MiB, 86.12 W, 51
2026/08/14 05:08:43.798, NVIDIA GeForce RTX 4090, 0 %, 0 %, 19206 MiB, 49140 MiB, 85.80 W, 50
2026/08/14 05:08:44.798, NVIDIA GeForce RTX 4090, 0 %, 0 %, 19206 MiB, 49140 MiB, 85.77 W, 50
