timestamp, name, utilization.gpu [%], utilization.memory [%], memory.used [MiB], memory.total [MiB], power.draw [W], temperature.gpu
2026/08/14 03:17:14.993, NVIDIA GeForce RTX 4090, 0 %, 0 %, 1 MiB, 49140 MiB, 90.05 W, 47
2026/08/14 03:17:16.001, NVIDIA GeForce RTX 4090, 0 %, 0 %, 1 MiB, 49140 MiB, 95.45 W, 47
2026/08/14 03:17:17.001, NVIDIA GeForce RTX 4090, 0 %, 0 %, 1 MiB, 49140 MiB, 87.04 W, 46
2026/08/14 03:17:18.001, NVIDIA GeForce RTX 4090, 0 %, 0 %, 1 MiB, 49140 MiB, 68.07 W, 45
2026/08/14 03:17:19.001, NVIDIA GeForce RTX 4090, 0 %, 0 %, 1 MiB, 49140 MiB, 47.29 W, 45
2026/08/14 03:17:20.002, NVIDIA GeForce RTX 4090, 0 %, 0 %, 4 MiB, 49140 MiB, 39.00 W, 44
2026/08/14 03:17:21.002, NVIDIA GeForce RTX 4090, 0 %, 0 %, 4 MiB, 49140 MiB, 35.01 W, 44
2026/08/14 03:17:22.002, NVIDIA GeForce RTX 4090, 0 %, 0 %, 4 MiB, 49140 MiB, 34.69 W, 44
2026/08/14 03:17:23.002, NVIDIA GeForce RTX 4090, 0 %, 0 %, 4 MiB, 49140 MiB, 34.36 W, 44
2026/08/14 03:17:24.002, NVIDIA GeForce RTX 4090, 0 %, 0 %, 4 MiB, 49140 MiB, 33.55 W, 44
2026/08/14 03:17:25.003, NVIDIA GeForce RTX 4090, 0 %, 0 %, 4 MiB, 49140 MiB, 33.15 W, 43
2026/08/14 03:17:26.003, NVIDIA GeForce RTX 4090, 0 %, 0 %, 4 MiB, 49140 MiB, 33.07 W, 43
2026/08/14 03:17:27.003, NVIDIA GeForce RTX 4090, 0 %, 0 %, 4 MiB, 49140 MiB, 32.57 W, 43
2026/08/14 03:17:28.003, NVIDIA GeForce RTX 4090, 0 %, 0 %, 4 MiB, 49140 MiB, 32.29 W, 43
2026/08/14 03:17:29.003, NVIDIA GeForce RTX 4090, 0 %, 0 %, 4 MiB, 49140 MiB, 32.22 W, 43
2026/08/14 03:17:30.004, NVIDIA GeForce RTX 4090, 0 %, 0 %, 4 MiB, 49140 MiB, 31.94 W, 43
2026/08/14 03:17:31.004, NVIDIA GeForce RTX 4090, 0 %, 0 %, 4 MiB, 49140 MiB, 31.78 W, 43
2026/08/14 03:17:32.004, NVIDIA GeForce RTX 4090, 0 %, 0 %, 4 MiB, 49140 MiB, 31.54 W, 42
2026/08/14 03:17:33.004, NVIDIA GeForce RTX 4090, 0 %, 0 %, 4 MiB, 49140 MiB, 31.16 W, 42
2026/08/14 03:17:34.004, NVIDIA GeForce RTX 4090, 0 %, 0 %, 4 MiB, 49140 MiB, 31.09 W, 42
2026/08/14 03:17:35.004, NVIDIA GeForce RTX 4090, 0 %, 0 %, 4 MiB, 49140 MiB, 31.22 W, 42
2026/08/14 03:17:36.005, NVIDIA GeForce RTX 4090, 0 %, 0 %, 4 MiB, 49140 MiB, 31.14 W, 42
2026/08/14 03:17:37.005, NVIDIA GeForce RTX 4090, 0 %, 0 %, 4 MiB, 49140 MiB, 31.03 W, 42
2026/08/14 03:17:38.005, NVIDIA GeForce RTX 4090, 0 %, 0 %, 4 MiB, 49140 MiB, 31.11 W, 42
2026/08/14 03:17:39.005, NVIDIA GeForce RTX 4090, 0 %, 0 %, 4 MiB, 49140 MiB, 31.00 W, 42
2026/08/14 03:17:40.005, NVIDIA GeForce RTX 4090, 0 %, 0 %, 4 MiB, 49140 MiB, 30.93 W, 42
2026/08/14 03:17:41.005, NVIDIA GeForce RTX 4090, 0 %, 0 %, 4 MiB, 49140 MiB, 30.76 W, 41
2026/08/14 03:17:42.006, NVIDIA GeForce RTX 4090, 0 %, 0 %, 4 MiB, 49140 MiB, 30.43 W, 41
2026/08/14 03:17:43.006, NVIDIA GeForce RTX 4090, 0 %, 0 %, 4 MiB, 49140 MiB, 30.28 W, 41
2026/08/14 03:17:44.006, NVIDIA GeForce RTX 4090, 0 %, 0 %, 4 MiB, 49140 MiB, 30.17 W, 41
2026/08/14 03:17:45.006, NVIDIA GeForce RTX 4090, 0 %, 0 %, 4 MiB, 49140 MiB, 29.80 W, 41
2026/08/14 03:17:46.006, NVIDIA GeForce RTX 4090, 0 %, 0 %, 4 MiB, 49140 MiB, 29.38 W, 41
2026/08/14 03:17:47.006, NVIDIA GeForce RTX 4090, 0 %, 0 %, 4 MiB, 49140 MiB, 29.31 W, 41
2026/08/14 03:17:48.007, NVIDIA GeForce RTX 4090, 0 %, 0 %, 4 MiB, 49140 MiB, 29.19 W, 41
2026/08/14 03:17:49.007, NVIDIA GeForce RTX 4090, 0 %, 0 %, 4 MiB, 49140 MiB, 28.91 W, 41
2026/08/14 03:17:50.007, NVIDIA GeForce RTX 4090, 0 %, 0 %, 4 MiB, 49140 MiB, 28.65 W, 41
2026/08/14 03:17:51.007, NVIDIA GeForce RTX 4090, 0 %, 0 %, 4 MiB, 49140 MiB, 28.65 W, 41
2026/08/14 03:17:52.007, NVIDIA GeForce RTX 4090, 0 %, 0 %, 4 MiB, 49140 MiB, 28.57 W, 41
2026/08/14 03:17:53.008, NVIDIA GeForce RTX 4090, 0 %, 0 %, 4 MiB, 49140 MiB, 28.55 W, 41
2026/08/14 03:17:54.008, NVIDIA GeForce RTX 4090, 0 %, 0 %, 4 MiB, 49140 MiB, 28.66 W, 40
2026/08/14 03:17:55.008, NVIDIA GeForce RTX 4090, 0 %, 0 %, 4 MiB, 49140 MiB, 28.69 W, 40
2026/08/14 03:17:56.008, NVIDIA GeForce RTX 4090, 0 %, 0 %, 4 MiB, 49140 MiB, 28.52 W, 40
2026/08/14 03:17:57.083, NVIDIA GeForce RTX 4090, 0 %, 0 %, 4 MiB, 49140 MiB, 28.30 W, 40
2026/08/14 03:17:58.083, NVIDIA GeForce RTX 4090, 0 %, 0 %, 4 MiB, 49140 MiB, 28.51 W, 40
2026/08/14 03:17:59.084, NVIDIA GeForce RTX 4090, 0 %, 0 %, 4 MiB, 49140 MiB, 28.84 W, 40
2026/08/14 03:18:00.084, NVIDIA GeForce RTX 4090, 0 %, 0 %, 4 MiB, 49140 MiB, 28.72 W, 40
2026/08/14 03:18:01.085, NVIDIA GeForce RTX 4090, 0 %, 0 %, 4 MiB, 49140 MiB, 28.35 W, 40
2026/08/14 03:18:02.086, NVIDIA GeForce RTX 4090, 0 %, 0 %, 4 MiB, 49140 MiB, 28.17 W, 40
2026/08/14 03:18:03.086, NVIDIA GeForce RTX 4090, 0 %, 0 %, 4 MiB, 49140 MiB, 28.07 W, 40
2026/08/14 03:18:04.086, NVIDIA GeForce RTX 4090, 44 %, 1 %, 4880 MiB, 49140 MiB, 35.32 W, 41
2026/08/14 03:18:05.086, NVIDIA GeForce RTX 4090, 58 %, 1 %, 12012 MiB, 49140 MiB, 85.98 W, 42
2026/08/14 03:18:06.089, NVIDIA GeForce RTX 4090, 75 %, 1 %, 18998 MiB, 49140 MiB, 91.43 W, 42
2026/08/14 03:18:07.089, NVIDIA GeForce RTX 4090, 67 %, 25 %, 19200 MiB, 49140 MiB, 215.42 W, 54
2026/08/14 03:18:08.089, NVIDIA GeForce RTX 4090, 48 %, 20 %, 19202 MiB, 49140 MiB, 252.52 W, 55
2026/08/14 03:18:09.089, NVIDIA GeForce RTX 4090, 73 %, 43 %, 19204 MiB, 49140 MiB, 289.53 W, 56
2026/08/14 03:18:10.090, NVIDIA GeForce RTX 4090, 54 %, 31 %, 19204 MiB, 49140 MiB, 276.30 W, 56
2026/08/14 03:18:11.090, NVIDIA GeForce RTX 4090, 36 %, 13 %, 19204 MiB, 49140 MiB, 265.91 W, 52
2026/08/14 03:18:12.091, NVIDIA GeForce RTX 4090, 47 %, 16 %, 19204 MiB, 49140 MiB, 261.91 W, 52
2026/08/14 03:18:13.091, NVIDIA GeForce RTX 4090, 66 %, 26 %, 19204 MiB, 49140 MiB, 283.26 W, 58
2026/08/14 03:18:14.091, NVIDIA GeForce RTX 4090, 72 %, 41 %, 19204 MiB, 49140 MiB, 292.38 W, 58
2026/08/14 03:18:15.092, NVIDIA GeForce RTX 4090, 60 %, 32 %, 19204 MiB, 49140 MiB, 280.23 W, 58
2026/08/14 03:18:16.094, NVIDIA GeForce RTX 4090, 30 %, 11 %, 19204 MiB, 49140 MiB, 263.25 W, 55
2026/08/14 03:18:17.094, NVIDIA GeForce RTX 4090, 34 %, 12 %, 19204 MiB, 49140 MiB, 251.77 W, 53
2026/08/14 03:18:18.094, NVIDIA GeForce RTX 4090, 42 %, 16 %, 19204 MiB, 49140 MiB, 262.71 W, 57
2026/08/14 03:18:19.095, NVIDIA GeForce RTX 4090, 47 %, 27 %, 19204 MiB, 49140 MiB, 266.05 W, 59
2026/08/14 03:18:20.095, NVIDIA GeForce RTX 4090, 98 %, 55 %, 19204 MiB, 49140 MiB, 293.23 W, 60
2026/08/14 03:18:21.095, NVIDIA GeForce RTX 4090, 52 %, 25 %, 19204 MiB, 49140 MiB, 288.28 W, 60
2026/08/14 03:18:22.095, NVIDIA GeForce RTX 4090, 34 %, 12 %, 19204 MiB, 49140 MiB, 269.44 W, 56
2026/08/14 03:18:23.095, NVIDIA GeForce RTX 4090, 32 %, 11 %, 19204 MiB, 49140 MiB, 272.21 W, 56
2026/08/14 03:18:24.096, NVIDIA GeForce RTX 4090, 36 %, 14 %, 19204 MiB, 49140 MiB, 269.46 W, 57
2026/08/14 03:18:25.096, NVIDIA GeForce RTX 4090, 69 %, 39 %, 19204 MiB, 49140 MiB, 283.04 W, 61
2026/08/14 03:18:26.097, NVIDIA GeForce RTX 4090, 99 %, 55 %, 19204 MiB, 49140 MiB, 278.68 W, 61
2026/08/14 03:18:27.097, NVIDIA GeForce RTX 4090, 27 %, 11 %, 19204 MiB, 49140 MiB, 299.19 W, 57
2026/08/14 03:18:28.097, NVIDIA GeForce RTX 4090, 22 %, 8 %, 19204 MiB, 49140 MiB, 258.52 W, 55
2026/08/14 03:18:29.097, NVIDIA GeForce RTX 4090, 21 %, 7 %, 19204 MiB, 49140 MiB, 266.56 W, 58
2026/08/14 03:18:30.098, NVIDIA GeForce RTX 4090, 44 %, 17 %, 19204 MiB, 49140 MiB, 267.14 W, 60
2026/08/14 03:18:31.098, NVIDIA GeForce RTX 4090, 92 %, 48 %, 19204 MiB, 49140 MiB, 280.55 W, 61
2026/08/14 03:18:32.099, NVIDIA GeForce RTX 4090, 98 %, 56 %, 19204 MiB, 49140 MiB, 285.36 W, 62
2026/08/14 03:18:33.099, NVIDIA GeForce RTX 4090, 50 %, 25 %, 19204 MiB, 49140 MiB, 292.38 W, 62
2026/08/14 03:18:34.099, NVIDIA GeForce RTX 4090, 32 %, 11 %, 19204 MiB, 49140 MiB, 274.92 W, 59
2026/08/14 03:18:35.099, NVIDIA GeForce RTX 4090, 33 %, 11 %, 19204 MiB, 49140 MiB, 272.12 W, 59
2026/08/14 03:18:36.100, NVIDIA GeForce RTX 4090, 28 %, 11 %, 19204 MiB, 49140 MiB, 274.90 W, 62
2026/08/14 03:18:37.100, NVIDIA GeForce RTX 4090, 70 %, 38 %, 19204 MiB, 49140 MiB, 282.67 W, 61
2026/08/14 03:18:38.101, NVIDIA GeForce RTX 4090, 49 %, 26 %, 19204 MiB, 49140 MiB, 304.35 W, 63
2026/08/14 03:18:39.101, NVIDIA GeForce RTX 4090, 24 %, 10 %, 19204 MiB, 49140 MiB, 279.12 W, 58
2026/08/14 03:18:40.101, NVIDIA GeForce RTX 4090, 15 %, 6 %, 19204 MiB, 49140 MiB, 261.72 W, 57
2026/08/14 03:18:41.103, NVIDIA GeForce RTX 4090, 33 %, 12 %, 19204 MiB, 49140 MiB, 268.20 W, 59
2026/08/14 03:18:42.103, NVIDIA GeForce RTX 4090, 38 %, 14 %, 19204 MiB, 49140 MiB, 266.45 W, 61
2026/08/14 03:18:43.103, NVIDIA GeForce RTX 4090, 62 %, 37 %, 19204 MiB, 49140 MiB, 292.61 W, 63
2026/08/14 03:18:44.103, NVIDIA GeForce RTX 4090, 83 %, 43 %, 19204 MiB, 49140 MiB, 315.70 W, 64
2026/08/14 03:18:45.103, NVIDIA GeForce RTX 4090, 30 %, 11 %, 19204 MiB, 49140 MiB, 283.31 W, 61
2026/08/14 03:18:46.105, NVIDIA GeForce RTX 4090, 33 %, 12 %, 19204 MiB, 49140 MiB, 282.36 W, 61
2026/08/14 03:18:47.105, NVIDIA GeForce RTX 4090, 35 %, 14 %, 19204 MiB, 49140 MiB, 268.07 W, 63
2026/08/14 03:18:48.106, NVIDIA GeForce RTX 4090, 69 %, 37 %, 19204 MiB, 49140 MiB, 285.33 W, 63
2026/08/14 03:18:49.106, NVIDIA GeForce RTX 4090, 92 %, 49 %, 19204 MiB, 49140 MiB, 291.65 W, 64
2026/08/14 03:18:50.106, NVIDIA GeForce RTX 4090, 13 %, 5 %, 19204 MiB, 49140 MiB, 282.86 W, 64
2026/08/14 03:18:51.109, NVIDIA GeForce RTX 4090, 90 %, 52 %, 19204 MiB, 49140 MiB, 290.67 W, 61
2026/08/14 03:18:52.110, NVIDIA GeForce RTX 4090, 74 %, 40 %, 19204 MiB, 49140 MiB, 286.85 W, 64
2026/08/14 03:18:53.110, NVIDIA GeForce RTX 4090, 34 %, 13 %, 19204 MiB, 49140 MiB, 272.61 W, 59
2026/08/14 03:18:54.110, NVIDIA GeForce RTX 4090, 45 %, 16 %, 19204 MiB, 49140 MiB, 266.78 W, 63
2026/08/14 03:18:55.110, NVIDIA GeForce RTX 4090, 25 %, 9 %, 19204 MiB, 49140 MiB, 272.67 W, 61
2026/08/14 03:18:56.111, NVIDIA GeForce RTX 4090, 46 %, 17 %, 19204 MiB, 49140 MiB, 281.88 W, 63
2026/08/14 03:18:57.111, NVIDIA GeForce RTX 4090, 75 %, 43 %, 19204 MiB, 49140 MiB, 289.80 W, 63
2026/08/14 03:18:58.111, NVIDIA GeForce RTX 4090, 93 %, 54 %, 19204 MiB, 49140 MiB, 293.06 W, 62
2026/08/14 03:18:59.183, NVIDIA GeForce RTX 4090, 47 %, 23 %, 19204 MiB, 49140 MiB, 293.43 W, 62
2026/08/14 03:19:00.183, NVIDIA GeForce RTX 4090, 34 %, 12 %, 19204 MiB, 49140 MiB, 267.05 W, 60
2026/08/14 03:19:01.184, NVIDIA GeForce RTX 4090, 39 %, 14 %, 19204 MiB, 49140 MiB, 269.52 W, 62
2026/08/14 03:19:02.184, NVIDIA GeForce RTX 4090, 22 %, 8 %, 19204 MiB, 49140 MiB, 275.23 W, 63
2026/08/14 03:19:03.184, NVIDIA GeForce RTX 4090, 74 %, 39 %, 19204 MiB, 49140 MiB, 285.39 W, 63
2026/08/14 03:19:04.184, NVIDIA GeForce RTX 4090, 53 %, 25 %, 19204 MiB, 49140 MiB, 309.76 W, 64
2026/08/14 03:19:05.184, NVIDIA GeForce RTX 4090, 35 %, 13 %, 19204 MiB, 49140 MiB, 276.86 W, 61
2026/08/14 03:19:06.185, NVIDIA GeForce RTX 4090, 39 %, 14 %, 19206 MiB, 49140 MiB, 265.18 W, 59
2026/08/14 03:19:07.185, NVIDIA GeForce RTX 4090, 43 %, 15 %, 19206 MiB, 49140 MiB, 265.16 W, 63
2026/08/14 03:19:08.185, NVIDIA GeForce RTX 4090, 51 %, 18 %, 19206 MiB, 49140 MiB, 273.85 W, 63
2026/08/14 03:19:09.185, NVIDIA GeForce RTX 4090, 34 %, 14 %, 19206 MiB, 49140 MiB, 284.59 W, 63
2026/08/14 03:19:10.185, NVIDIA GeForce RTX 4090, 73 %, 42 %, 19206 MiB, 49140 MiB, 284.73 W, 64
2026/08/14 03:19:11.185, NVIDIA GeForce RTX 4090, 93 %, 55 %, 19206 MiB, 49140 MiB, 291.67 W, 62
2026/08/14 03:19:12.186, NVIDIA GeForce RTX 4090, 35 %, 13 %, 19206 MiB, 49140 MiB, 293.12 W, 64
2026/08/14 03:19:13.186, NVIDIA GeForce RTX 4090, 30 %, 10 %, 19206 MiB, 49140 MiB, 263.24 W, 58
2026/08/14 03:19:14.186, NVIDIA GeForce RTX 4090, 39 %, 13 %, 19206 MiB, 49140 MiB, 273.13 W, 64
2026/08/14 03:19:15.186, NVIDIA GeForce RTX 4090, 73 %, 37 %, 19206 MiB, 49140 MiB, 297.62 W, 64
2026/08/14 03:19:16.187, NVIDIA GeForce RTX 4090, 86 %, 43 %, 19206 MiB, 49140 MiB, 316.75 W, 64
2026/08/14 03:19:17.187, NVIDIA GeForce RTX 4090, 45 %, 17 %, 19206 MiB, 49140 MiB, 273.55 W, 65
2026/08/14 03:19:18.187, NVIDIA GeForce RTX 4090, 44 %, 16 %, 19206 MiB, 49140 MiB, 274.55 W, 63
2026/08/14 03:19:19.187, NVIDIA GeForce RTX 4090, 47 %, 16 %, 19206 MiB, 49140 MiB, 275.32 W, 63
2026/08/14 03:19:20.188, NVIDIA GeForce RTX 4090, 64 %, 30 %, 19206 MiB, 49140 MiB, 279.66 W, 64
2026/08/14 03:19:21.188, NVIDIA GeForce RTX 4090, 99 %, 58 %, 19206 MiB, 49140 MiB, 299.85 W, 64
2026/08/14 03:19:22.188, NVIDIA GeForce RTX 4090, 53 %, 25 %, 19206 MiB, 49140 MiB, 299.80 W, 63
2026/08/14 03:19:23.189, NVIDIA GeForce RTX 4090, 52 %, 18 %, 19206 MiB, 49140 MiB, 287.69 W, 65
2026/08/14 03:19:24.189, NVIDIA GeForce RTX 4090, 52 %, 19 %, 19206 MiB, 49140 MiB, 277.54 W, 64
2026/08/14 03:19:25.189, NVIDIA GeForce RTX 4090, 74 %, 38 %, 19206 MiB, 49140 MiB, 283.96 W, 63
2026/08/14 03:19:26.190, NVIDIA GeForce RTX 4090, 55 %, 26 %, 19206 MiB, 49140 MiB, 310.17 W, 65
2026/08/14 03:19:27.190, NVIDIA GeForce RTX 4090, 50 %, 19 %, 19206 MiB, 49140 MiB, 281.21 W, 65
2026/08/14 03:19:28.190, NVIDIA GeForce RTX 4090, 43 %, 15 %, 19206 MiB, 49140 MiB, 275.48 W, 63
2026/08/14 03:19:29.190, NVIDIA GeForce RTX 4090, 51 %, 19 %, 19206 MiB, 49140 MiB, 282.27 W, 64
2026/08/14 03:19:30.191, NVIDIA GeForce RTX 4090, 73 %, 37 %, 19206 MiB, 49140 MiB, 287.85 W, 64
2026/08/14 03:19:31.191, NVIDIA GeForce RTX 4090, 98 %, 60 %, 19206 MiB, 49140 MiB, 292.48 W, 65
2026/08/14 03:19:32.191, NVIDIA GeForce RTX 4090, 100 %, 54 %, 19206 MiB, 49140 MiB, 310.24 W, 66
2026/08/14 03:19:33.192, NVIDIA GeForce RTX 4090, 0 %, 0 %, 19206 MiB, 49140 MiB, 255.90 W, 54
2026/08/14 03:19:34.192, NVIDIA GeForce RTX 4090, 0 %, 0 %, 19206 MiB, 49140 MiB, 105.50 W, 53
2026/08/14 03:19:35.192, NVIDIA GeForce RTX 4090, 0 %, 0 %, 19206 MiB, 49140 MiB, 93.44 W, 51
2026/08/14 03:19:36.193, NVIDIA GeForce RTX 4090, 46 %, 16 %, 19206 MiB, 49140 MiB, 185.77 W, 63
2026/08/14 03:19:37.193, NVIDIA GeForce RTX 4090, 52 %, 21 %, 19206 MiB, 49140 MiB, 270.84 W, 62
2026/08/14 03:19:38.193, NVIDIA GeForce RTX 4090, 71 %, 40 %, 19206 MiB, 49140 MiB, 293.95 W, 61
2026/08/14 03:19:39.193, NVIDIA GeForce RTX 4090, 78 %, 46 %, 19206 MiB, 49140 MiB, 291.01 W, 62
2026/08/14 03:19:40.194, NVIDIA GeForce RTX 4090, 36 %, 19 %, 19206 MiB, 49140 MiB, 279.96 W, 63
2026/08/14 03:19:41.194, NVIDIA GeForce RTX 4090, 41 %, 16 %, 19206 MiB, 49140 MiB, 274.51 W, 64
2026/08/14 03:19:42.194, NVIDIA GeForce RTX 4090, 39 %, 14 %, 19206 MiB, 49140 MiB, 270.29 W, 62
2026/08/14 03:19:43.194, NVIDIA GeForce RTX 4090, 35 %, 12 %, 19206 MiB, 49140 MiB, 269.50 W, 64
2026/08/14 03:19:44.195, NVIDIA GeForce RTX 4090, 54 %, 19 %, 19206 MiB, 49140 MiB, 272.15 W, 63
2026/08/14 03:19:45.195, NVIDIA GeForce RTX 4090, 69 %, 33 %, 19206 MiB, 49140 MiB, 289.27 W, 62
2026/08/14 03:19:46.195, NVIDIA GeForce RTX 4090, 59 %, 29 %, 19206 MiB, 49140 MiB, 306.61 W, 63
2026/08/14 03:19:47.195, NVIDIA GeForce RTX 4090, 39 %, 15 %, 19206 MiB, 49140 MiB, 286.36 W, 64
2026/08/14 03:19:48.196, NVIDIA GeForce RTX 4090, 29 %, 10 %, 19206 MiB, 49140 MiB, 270.52 W, 63
2026/08/14 03:19:49.196, NVIDIA GeForce RTX 4090, 57 %, 20 %, 19206 MiB, 49140 MiB, 275.95 W, 63
2026/08/14 03:19:50.196, NVIDIA GeForce RTX 4090, 41 %, 16 %, 19206 MiB, 49140 MiB, 285.30 W, 62
2026/08/14 03:19:51.196, NVIDIA GeForce RTX 4090, 93 %, 57 %, 19206 MiB, 49140 MiB, 301.61 W, 63
2026/08/14 03:19:52.197, NVIDIA GeForce RTX 4090, 59 %, 32 %, 19206 MiB, 49140 MiB, 296.56 W, 62
2026/08/14 03:19:53.197, NVIDIA GeForce RTX 4090, 26 %, 10 %, 19206 MiB, 49140 MiB, 273.29 W, 64
2026/08/14 03:19:54.197, NVIDIA GeForce RTX 4090, 33 %, 11 %, 19206 MiB, 49140 MiB, 269.33 W, 63
2026/08/14 03:19:55.197, NVIDIA GeForce RTX 4090, 35 %, 12 %, 19206 MiB, 49140 MiB, 274.44 W, 63
2026/08/14 03:19:56.197, NVIDIA GeForce RTX 4090, 44 %, 16 %, 19206 MiB, 49140 MiB, 272.50 W, 63
2026/08/14 03:19:57.198, NVIDIA GeForce RTX 4090, 54 %, 22 %, 19206 MiB, 49140 MiB, 277.77 W, 62
2026/08/14 03:19:58.198, NVIDIA GeForce RTX 4090, 67 %, 38 %, 19206 MiB, 49140 MiB, 284.51 W, 62
2026/08/14 03:19:59.198, NVIDIA GeForce RTX 4090, 84 %, 49 %, 19206 MiB, 49140 MiB, 284.53 W, 66
2026/08/14 03:20:00.198, NVIDIA GeForce RTX 4090, 64 %, 34 %, 19206 MiB, 49140 MiB, 288.09 W, 64
2026/08/14 03:20:01.199, NVIDIA GeForce RTX 4090, 35 %, 13 %, 19206 MiB, 49140 MiB, 282.37 W, 63
2026/08/14 03:20:02.199, NVIDIA GeForce RTX 4090, 37 %, 13 %, 19206 MiB, 49140 MiB, 275.28 W, 64
2026/08/14 03:20:03.199, NVIDIA GeForce RTX 4090, 39 %, 13 %, 19206 MiB, 49140 MiB, 271.08 W, 62
2026/08/14 03:20:04.199, NVIDIA GeForce RTX 4090, 54 %, 22 %, 19206 MiB, 49140 MiB, 284.44 W, 63
2026/08/14 03:20:05.200, NVIDIA GeForce RTX 4090, 89 %, 54 %, 19206 MiB, 49140 MiB, 298.73 W, 65
2026/08/14 03:20:06.200, NVIDIA GeForce RTX 4090, 62 %, 34 %, 19206 MiB, 49140 MiB, 287.05 W, 64
2026/08/14 03:20:07.200, NVIDIA GeForce RTX 4090, 19 %, 8 %, 19206 MiB, 49140 MiB, 271.03 W, 63
2026/08/14 03:20:08.200, NVIDIA GeForce RTX 4090, 37 %, 13 %, 19206 MiB, 49140 MiB, 269.03 W, 65
2026/08/14 03:20:09.200, NVIDIA GeForce RTX 4090, 35 %, 12 %, 19206 MiB, 49140 MiB, 269.35 W, 62
2026/08/14 03:20:10.200, NVIDIA GeForce RTX 4090, 42 %, 15 %, 19206 MiB, 49140 MiB, 274.05 W, 62
2026/08/14 03:20:11.201, NVIDIA GeForce RTX 4090, 54 %, 22 %, 19206 MiB, 49140 MiB, 276.58 W, 63
2026/08/14 03:20:12.201, NVIDIA GeForce RTX 4090, 67 %, 38 %, 19206 MiB, 49140 MiB, 285.52 W, 63
2026/08/14 03:20:13.201, NVIDIA GeForce RTX 4090, 77 %, 46 %, 19206 MiB, 49140 MiB, 282.91 W, 63
2026/08/14 03:20:14.201, NVIDIA GeForce RTX 4090, 48 %, 23 %, 19206 MiB, 49140 MiB, 292.82 W, 63
2026/08/14 03:20:15.201, NVIDIA GeForce RTX 4090, 27 %, 10 %, 19206 MiB, 49140 MiB, 271.83 W, 62
2026/08/14 03:20:16.201, NVIDIA GeForce RTX 4090, 41 %, 14 %, 19206 MiB, 49140 MiB, 274.53 W, 63
2026/08/14 03:20:17.202, NVIDIA GeForce RTX 4090, 38 %, 14 %, 19206 MiB, 49140 MiB, 283.43 W, 62
2026/08/14 03:20:18.202, NVIDIA GeForce RTX 4090, 67 %, 37 %, 19206 MiB, 49140 MiB, 290.83 W, 64
2026/08/14 03:20:19.202, NVIDIA GeForce RTX 4090, 86 %, 48 %, 19206 MiB, 49140 MiB, 292.81 W, 64
2026/08/14 03:20:20.202, NVIDIA GeForce RTX 4090, 31 %, 11 %, 19206 MiB, 49140 MiB, 352.79 W, 62
2026/08/14 03:20:21.202, NVIDIA GeForce RTX 4090, 35 %, 12 %, 19206 MiB, 49140 MiB, 273.51 W, 63
2026/08/14 03:20:22.202, NVIDIA GeForce RTX 4090, 43 %, 15 %, 19206 MiB, 49140 MiB, 270.75 W, 62
2026/08/14 03:20:23.203, NVIDIA GeForce RTX 4090, 63 %, 32 %, 19206 MiB, 49140 MiB, 288.51 W, 64
2026/08/14 03:20:24.283, NVIDIA GeForce RTX 4090, 80 %, 46 %, 19206 MiB, 49140 MiB, 301.83 W, 65
2026/08/14 03:20:25.283, NVIDIA GeForce RTX 4090, 52 %, 21 %, 19206 MiB, 49140 MiB, 299.84 W, 66
2026/08/14 03:20:26.284, NVIDIA GeForce RTX 4090, 28 %, 10 %, 19206 MiB, 49140 MiB, 275.37 W, 63
2026/08/14 03:20:27.284, NVIDIA GeForce RTX 4090, 35 %, 12 %, 19206 MiB, 49140 MiB, 266.53 W, 63
2026/08/14 03:20:28.284, NVIDIA GeForce RTX 4090, 42 %, 15 %, 19206 MiB, 49140 MiB, 271.07 W, 62
2026/08/14 03:20:29.285, NVIDIA GeForce RTX 4090, 71 %, 34 %, 19206 MiB, 49140 MiB, 285.22 W, 64
2026/08/14 03:20:30.285, NVIDIA GeForce RTX 4090, 79 %, 46 %, 19206 MiB, 49140 MiB, 300.15 W, 66
2026/08/14 03:20:31.285, NVIDIA GeForce RTX 4090, 64 %, 34 %, 19206 MiB, 49140 MiB, 286.90 W, 64
2026/08/14 03:20:32.285, NVIDIA GeForce RTX 4090, 48 %, 23 %, 19206 MiB, 49140 MiB, 269.20 W, 63
2026/08/14 03:20:33.286, NVIDIA GeForce RTX 4090, 30 %, 11 %, 19206 MiB, 49140 MiB, 269.44 W, 62
2026/08/14 03:20:34.286, NVIDIA GeForce RTX 4090, 35 %, 12 %, 19206 MiB, 49140 MiB, 267.32 W, 62
2026/08/14 03:20:35.287, NVIDIA GeForce RTX 4090, 42 %, 15 %, 19206 MiB, 49140 MiB, 272.65 W, 62
2026/08/14 03:20:36.287, NVIDIA GeForce RTX 4090, 69 %, 33 %, 19206 MiB, 49140 MiB, 287.12 W, 64
2026/08/14 03:20:37.287, NVIDIA GeForce RTX 4090, 69 %, 36 %, 19206 MiB, 49140 MiB, 309.73 W, 62
2026/08/14 03:20:38.287, NVIDIA GeForce RTX 4090, 49 %, 23 %, 19206 MiB, 49140 MiB, 278.33 W, 63
2026/08/14 03:20:39.288, NVIDIA GeForce RTX 4090, 27 %, 9 %, 19206 MiB, 49140 MiB, 271.19 W, 62
2026/08/14 03:20:40.288, NVIDIA GeForce RTX 4090, 37 %, 13 %, 19206 MiB, 49140 MiB, 265.15 W, 62
2026/08/14 03:20:41.288, NVIDIA GeForce RTX 4090, 39 %, 13 %, 19206 MiB, 49140 MiB, 274.25 W, 63
2026/08/14 03:20:42.288, NVIDIA GeForce RTX 4090, 39 %, 15 %, 19206 MiB, 49140 MiB, 271.43 W, 62
2026/08/14 03:20:43.289, NVIDIA GeForce RTX 4090, 67 %, 38 %, 19206 MiB, 49140 MiB, 286.93 W, 63
2026/08/14 03:20:44.289, NVIDIA GeForce RTX 4090, 69 %, 41 %, 19206 MiB, 49140 MiB, 287.71 W, 61
2026/08/14 03:20:45.289, NVIDIA GeForce RTX 4090, 65 %, 34 %, 19206 MiB, 49140 MiB, 286.74 W, 64
2026/08/14 03:20:46.289, NVIDIA GeForce RTX 4090, 27 %, 11 %, 19206 MiB, 49140 MiB, 275.90 W, 62
2026/08/14 03:20:47.289, NVIDIA GeForce RTX 4090, 38 %, 13 %, 19206 MiB, 49140 MiB, 269.19 W, 61
2026/08/14 03:20:48.290, NVIDIA GeForce RTX 4090, 35 %, 12 %, 19206 MiB, 49140 MiB, 277.64 W, 63
2026/08/14 03:20:49.290, NVIDIA GeForce RTX 4090, 42 %, 15 %, 19206 MiB, 49140 MiB, 276.03 W, 63
2026/08/14 03:20:50.290, NVIDIA GeForce RTX 4090, 67 %, 32 %, 19206 MiB, 49140 MiB, 288.96 W, 63
2026/08/14 03:20:51.290, NVIDIA GeForce RTX 4090, 72 %, 37 %, 19206 MiB, 49140 MiB, 313.95 W, 60
2026/08/14 03:20:52.290, NVIDIA GeForce RTX 4090, 25 %, 10 %, 19206 MiB, 49140 MiB, 277.95 W, 62
2026/08/14 03:20:53.291, NVIDIA GeForce RTX 4090, 26 %, 9 %, 19206 MiB, 49140 MiB, 263.81 W, 62
2026/08/14 03:20:54.291, NVIDIA GeForce RTX 4090, 36 %, 13 %, 19206 MiB, 49140 MiB, 269.24 W, 61
2026/08/14 03:20:55.291, NVIDIA GeForce RTX 4090, 41 %, 13 %, 19206 MiB, 49140 MiB, 280.37 W, 61
2026/08/14 03:20:56.291, NVIDIA GeForce RTX 4090, 55 %, 22 %, 19206 MiB, 49140 MiB, 283.09 W, 61
2026/08/14 03:20:57.292, NVIDIA GeForce RTX 4090, 76 %, 46 %, 19206 MiB, 49140 MiB, 294.78 W, 66
2026/08/14 03:20:58.292, NVIDIA GeForce RTX 4090, 71 %, 36 %, 19206 MiB, 49140 MiB, 299.66 W, 63
2026/08/14 03:20:59.292, NVIDIA GeForce RTX 4090, 31 %, 11 %, 19206 MiB, 49140 MiB, 279.94 W, 62
2026/08/14 03:21:00.292, NVIDIA GeForce RTX 4090, 33 %, 11 %, 19206 MiB, 49140 MiB, 266.40 W, 60
2026/08/14 03:21:01.293, NVIDIA GeForce RTX 4090, 35 %, 12 %, 19206 MiB, 49140 MiB, 275.71 W, 62
2026/08/14 03:21:02.293, NVIDIA GeForce RTX 4090, 41 %, 16 %, 19206 MiB, 49140 MiB, 282.83 W, 62
2026/08/14 03:21:03.293, NVIDIA GeForce RTX 4090, 67 %, 38 %, 19206 MiB, 49140 MiB, 289.82 W, 63
2026/08/14 03:21:04.293, NVIDIA GeForce RTX 4090, 0 %, 0 %, 19206 MiB, 49140 MiB, 304.13 W, 55
2026/08/14 03:21:05.294, NVIDIA GeForce RTX 4090, 2 %, 0 %, 19206 MiB, 49140 MiB, 105.85 W, 53
2026/08/14 03:21:06.294, NVIDIA GeForce RTX 4090, 0 %, 0 %, 19206 MiB, 49140 MiB, 97.04 W, 52
2026/08/14 03:21:07.294, NVIDIA GeForce RTX 4090, 79 %, 39 %, 19206 MiB, 49140 MiB, 128.79 W, 57
2026/08/14 03:21:08.294, NVIDIA GeForce RTX 4090, 89 %, 47 %, 19206 MiB, 49140 MiB, 263.72 W, 59
2026/08/14 03:21:09.295, NVIDIA GeForce RTX 4090, 48 %, 23 %, 19206 MiB, 49140 MiB, 263.96 W, 56
2026/08/14 03:21:10.295, NVIDIA GeForce RTX 4090, 38 %, 15 %, 19206 MiB, 49140 MiB, 282.88 W, 60
2026/08/14 03:21:11.295, NVIDIA GeForce RTX 4090, 35 %, 13 %, 19206 MiB, 49140 MiB, 275.16 W, 59
2026/08/14 03:21:12.296, NVIDIA GeForce RTX 4090, 35 %, 12 %, 19206 MiB, 49140 MiB, 266.72 W, 59
2026/08/14 03:21:13.296, NVIDIA GeForce RTX 4090, 38 %, 15 %, 19206 MiB, 49140 MiB, 280.76 W, 59
2026/08/14 03:21:14.296, NVIDIA GeForce RTX 4090, 67 %, 38 %, 19206 MiB, 49140 MiB, 289.16 W, 60
2026/08/14 03:21:15.297, NVIDIA GeForce RTX 4090, 80 %, 43 %, 19206 MiB, 49140 MiB, 302.63 W, 58
2026/08/14 03:21:16.297, NVIDIA GeForce RTX 4090, 39 %, 15 %, 19206 MiB, 49140 MiB, 281.11 W, 61
2026/08/14 03:21:17.297, NVIDIA GeForce RTX 4090, 36 %, 13 %, 19206 MiB, 49140 MiB, 275.58 W, 59
2026/08/14 03:21:18.298, NVIDIA GeForce RTX 4090, 35 %, 12 %, 19206 MiB, 49140 MiB, 269.27 W, 58
2026/08/14 03:21:19.298, NVIDIA GeForce RTX 4090, 40 %, 15 %, 19206 MiB, 49140 MiB, 278.41 W, 57
2026/08/14 03:21:20.298, NVIDIA GeForce RTX 4090, 67 %, 38 %, 19206 MiB, 49140 MiB, 287.34 W, 59
2026/08/14 03:21:21.298, NVIDIA GeForce RTX 4090, 73 %, 44 %, 19206 MiB, 49140 MiB, 287.04 W, 64
2026/08/14 03:21:22.299, NVIDIA GeForce RTX 4090, 40 %, 19 %, 19206 MiB, 49140 MiB, 295.88 W, 58
2026/08/14 03:21:23.299, NVIDIA GeForce RTX 4090, 24 %, 8 %, 19206 MiB, 49140 MiB, 267.69 W, 56
2026/08/14 03:21:24.299, NVIDIA GeForce RTX 4090, 26 %, 9 %, 19206 MiB, 49140 MiB, 266.65 W, 62
2026/08/14 03:21:25.299, NVIDIA GeForce RTX 4090, 40 %, 15 %, 19206 MiB, 49140 MiB, 285.12 W, 57
2026/08/14 03:21:26.299, NVIDIA GeForce RTX 4090, 61 %, 34 %, 19206 MiB, 49140 MiB, 289.10 W, 59
2026/08/14 03:21:27.300, NVIDIA GeForce RTX 4090, 73 %, 44 %, 19206 MiB, 49140 MiB, 283.61 W, 65
2026/08/14 03:21:28.300, NVIDIA GeForce RTX 4090, 48 %, 23 %, 19206 MiB, 49140 MiB, 298.14 W, 58
2026/08/14 03:21:29.300, NVIDIA GeForce RTX 4090, 34 %, 13 %, 19206 MiB, 49140 MiB, 272.57 W, 57
2026/08/14 03:21:30.300, NVIDIA GeForce RTX 4090, 34 %, 12 %, 19206 MiB, 49140 MiB, 282.90 W, 57
2026/08/14 03:21:31.300, NVIDIA GeForce RTX 4090, 43 %, 15 %, 19206 MiB, 49140 MiB, 271.30 W, 57
2026/08/14 03:21:32.301, NVIDIA GeForce RTX 4090, 67 %, 32 %, 19206 MiB, 49140 MiB, 285.39 W, 59
2026/08/14 03:21:33.301, NVIDIA GeForce RTX 4090, 74 %, 41 %, 19206 MiB, 49140 MiB, 296.78 W, 65
2026/08/14 03:21:34.301, NVIDIA GeForce RTX 4090, 49 %, 23 %, 19206 MiB, 49140 MiB, 297.90 W, 59
2026/08/14 03:21:35.301, NVIDIA GeForce RTX 4090, 42 %, 15 %, 19206 MiB, 49140 MiB, 272.48 W, 57
2026/08/14 03:21:36.301, NVIDIA GeForce RTX 4090, 37 %, 13 %, 19206 MiB, 49140 MiB, 273.28 W, 57
2026/08/14 03:21:37.302, NVIDIA GeForce RTX 4090, 45 %, 16 %, 19206 MiB, 49140 MiB, 282.18 W, 57
2026/08/14 03:21:38.302, NVIDIA GeForce RTX 4090, 53 %, 21 %, 19206 MiB, 49140 MiB, 276.70 W, 58
2026/08/14 03:21:39.302, NVIDIA GeForce RTX 4090, 73 %, 42 %, 19206 MiB, 49140 MiB, 290.93 W, 68
2026/08/14 03:21:40.302, NVIDIA GeForce RTX 4090, 82 %, 42 %, 19206 MiB, 49140 MiB, 301.55 W, 59
2026/08/14 03:21:41.303, NVIDIA GeForce RTX 4090, 39 %, 15 %, 19206 MiB, 49140 MiB, 282.36 W, 64
2026/08/14 03:21:42.303, NVIDIA GeForce RTX 4090, 36 %, 13 %, 19206 MiB, 49140 MiB, 274.52 W, 57
2026/08/14 03:21:43.303, NVIDIA GeForce RTX 4090, 35 %, 12 %, 19206 MiB, 49140 MiB, 269.70 W, 57
2026/08/14 03:21:44.303, NVIDIA GeForce RTX 4090, 45 %, 16 %, 19206 MiB, 49140 MiB, 273.72 W, 57
2026/08/14 03:21:45.303, NVIDIA GeForce RTX 4090, 55 %, 22 %, 19206 MiB, 49140 MiB, 275.36 W, 58
2026/08/14 03:21:46.303, NVIDIA GeForce RTX 4090, 73 %, 43 %, 19206 MiB, 49140 MiB, 299.94 W, 64
2026/08/14 03:21:47.304, NVIDIA GeForce RTX 4090, 48 %, 23 %, 19206 MiB, 49140 MiB, 297.51 W, 59
2026/08/14 03:21:48.304, NVIDIA GeForce RTX 4090, 34 %, 13 %, 19206 MiB, 49140 MiB, 271.79 W, 58
2026/08/14 03:21:49.304, NVIDIA GeForce RTX 4090, 21 %, 7 %, 19206 MiB, 49140 MiB, 266.35 W, 56
2026/08/14 03:21:50.304, NVIDIA GeForce RTX 4090, 35 %, 12 %, 19206 MiB, 49140 MiB, 270.32 W, 57
2026/08/14 03:21:51.304, NVIDIA GeForce RTX 4090, 99 %, 50 %, 19206 MiB, 49140 MiB, 353.07 W, 66
2026/08/14 03:21:52.305, NVIDIA GeForce RTX 4090, 83 %, 43 %, 19206 MiB, 49140 MiB, 311.71 W, 60
2026/08/14 03:21:53.305, NVIDIA GeForce RTX 4090, 32 %, 13 %, 19206 MiB, 49140 MiB, 280.10 W, 58
2026/08/14 03:21:54.305, NVIDIA GeForce RTX 4090, 34 %, 12 %, 19206 MiB, 49140 MiB, 278.64 W, 58
2026/08/14 03:21:55.306, NVIDIA GeForce RTX 4090, 42 %, 15 %, 19206 MiB, 49140 MiB, 279.83 W, 58
2026/08/14 03:21:56.306, NVIDIA GeForce RTX 4090, 63 %, 31 %, 19206 MiB, 49140 MiB, 283.19 W, 60
2026/08/14 03:21:57.306, NVIDIA GeForce RTX 4090, 76 %, 41 %, 19206 MiB, 49140 MiB, 310.24 W, 60
2026/08/14 03:21:58.306, NVIDIA GeForce RTX 4090, 39 %, 15 %, 19206 MiB, 49140 MiB, 293.56 W, 58
2026/08/14 03:21:59.307, NVIDIA GeForce RTX 4090, 37 %, 13 %, 19206 MiB, 49140 MiB, 277.87 W, 58
2026/08/14 03:22:00.307, NVIDIA GeForce RTX 4090, 40 %, 13 %, 19206 MiB, 49140 MiB, 277.08 W, 58
2026/08/14 03:22:01.307, NVIDIA GeForce RTX 4090, 61 %, 30 %, 19206 MiB, 49140 MiB, 288.93 W, 61
2026/08/14 03:22:02.308, NVIDIA GeForce RTX 4090, 72 %, 43 %, 19206 MiB, 49140 MiB, 293.26 W, 63
2026/08/14 03:22:03.308, NVIDIA GeForce RTX 4090, 84 %, 43 %, 19206 MiB, 49140 MiB, 286.16 W, 60
2026/08/14 03:22:04.308, NVIDIA GeForce RTX 4090, 34 %, 13 %, 19206 MiB, 49140 MiB, 290.22 W, 58
2026/08/14 03:22:05.309, NVIDIA GeForce RTX 4090, 21 %, 8 %, 19206 MiB, 49140 MiB, 271.55 W, 57
2026/08/14 03:22:06.309, NVIDIA GeForce RTX 4090, 34 %, 11 %, 19206 MiB, 49140 MiB, 260.96 W, 57
2026/08/14 03:22:07.309, NVIDIA GeForce RTX 4090, 41 %, 16 %, 19206 MiB, 49140 MiB, 278.70 W, 57
2026/08/14 03:22:08.309, NVIDIA GeForce RTX 4090, 61 %, 34 %, 19206 MiB, 49140 MiB, 286.82 W, 60
2026/08/14 03:22:09.310, NVIDIA GeForce RTX 4090, 82 %, 42 %, 19206 MiB, 49140 MiB, 311.80 W, 60
2026/08/14 03:22:10.310, NVIDIA GeForce RTX 4090, 32 %, 12 %, 19206 MiB, 49140 MiB, 289.61 W, 58
2026/08/14 03:22:11.310, NVIDIA GeForce RTX 4090, 32 %, 11 %, 19206 MiB, 49140 MiB, 276.85 W, 57
2026/08/14 03:22:12.310, NVIDIA GeForce RTX 4090, 44 %, 16 %, 19206 MiB, 49140 MiB, 281.21 W, 58
2026/08/14 03:22:13.310, NVIDIA GeForce RTX 4090, 59 %, 30 %, 19206 MiB, 49140 MiB, 283.38 W, 61
2026/08/14 03:22:14.311, NVIDIA GeForce RTX 4090, 72 %, 42 %, 19206 MiB, 49140 MiB, 292.61 W, 64
2026/08/14 03:22:15.311, NVIDIA GeForce RTX 4090, 53 %, 23 %, 19206 MiB, 49140 MiB, 299.80 W, 59
2026/08/14 03:22:16.311, NVIDIA GeForce RTX 4090, 27 %, 9 %, 19206 MiB, 49140 MiB, 274.09 W, 57
2026/08/14 03:22:17.312, NVIDIA GeForce RTX 4090, 37 %, 13 %, 19206 MiB, 49140 MiB, 269.13 W, 57
2026/08/14 03:22:18.312, NVIDIA GeForce RTX 4090, 35 %, 12 %, 19206 MiB, 49140 MiB, 271.14 W, 57
2026/08/14 03:22:19.312, NVIDIA GeForce RTX 4090, 45 %, 16 %, 19206 MiB, 49140 MiB, 274.97 W, 58
2026/08/14 03:22:20.312, NVIDIA GeForce RTX 4090, 55 %, 22 %, 19206 MiB, 49140 MiB, 276.14 W, 59
2026/08/14 03:22:21.313, NVIDIA GeForce RTX 4090, 75 %, 43 %, 19206 MiB, 49140 MiB, 289.49 W, 66
2026/08/14 03:22:22.313, NVIDIA GeForce RTX 4090, 81 %, 42 %, 19206 MiB, 49140 MiB, 301.44 W, 61
2026/08/14 03:22:23.313, NVIDIA GeForce RTX 4090, 35 %, 13 %, 19206 MiB, 49140 MiB, 285.86 W, 58
2026/08/14 03:22:24.313, NVIDIA GeForce RTX 4090, 34 %, 13 %, 19206 MiB, 49140 MiB, 264.67 W, 58
2026/08/14 03:22:25.314, NVIDIA GeForce RTX 4090, 31 %, 11 %, 19206 MiB, 49140 MiB, 275.45 W, 58
2026/08/14 03:22:26.314, NVIDIA GeForce RTX 4090, 44 %, 16 %, 19206 MiB, 49140 MiB, 279.93 W, 58
2026/08/14 03:22:27.314, NVIDIA GeForce RTX 4090, 64 %, 30 %, 19206 MiB, 49140 MiB, 280.76 W, 63
2026/08/14 03:22:28.383, NVIDIA GeForce RTX 4090, 72 %, 43 %, 19206 MiB, 49140 MiB, 297.72 W, 66
2026/08/14 03:22:29.383, NVIDIA GeForce RTX 4090, 58 %, 26 %, 19206 MiB, 49140 MiB, 299.04 W, 60
2026/08/14 03:22:30.384, NVIDIA GeForce RTX 4090, 27 %, 10 %, 19206 MiB, 49140 MiB, 276.33 W, 57
2026/08/14 03:22:31.384, NVIDIA GeForce RTX 4090, 36 %, 13 %, 19206 MiB, 49140 MiB, 272.60 W, 58
2026/08/14 03:22:32.384, NVIDIA GeForce RTX 4090, 50 %, 18 %, 19206 MiB, 49140 MiB, 280.68 W, 60
2026/08/14 03:22:33.384, NVIDIA GeForce RTX 4090, 61 %, 34 %, 19206 MiB, 49140 MiB, 288.42 W, 62
2026/08/14 03:22:34.385, NVIDIA GeForce RTX 4090, 99 %, 54 %, 19206 MiB, 49140 MiB, 300.45 W, 66
2026/08/14 03:22:35.385, NVIDIA GeForce RTX 4090, 0 %, 0 %, 19206 MiB, 49140 MiB, 278.95 W, 54
2026/08/14 03:22:36.385, NVIDIA GeForce RTX 4090, 0 %, 0 %, 19206 MiB, 49140 MiB, 105.21 W, 53
2026/08/14 03:22:37.385, NVIDIA GeForce RTX 4090, 0 %, 0 %, 19206 MiB, 49140 MiB, 95.91 W, 52
2026/08/14 03:22:38.386, NVIDIA GeForce RTX 4090, 36 %, 13 %, 19206 MiB, 49140 MiB, 161.30 W, 56
2026/08/14 03:22:39.386, NVIDIA GeForce RTX 4090, 29 %, 10 %, 19206 MiB, 49140 MiB, 269.19 W, 56
2026/08/14 03:22:40.386, NVIDIA GeForce RTX 4090, 44 %, 15 %, 19206 MiB, 49140 MiB, 274.76 W, 58
2026/08/14 03:22:41.386, NVIDIA GeForce RTX 4090, 49 %, 21 %, 19206 MiB, 49140 MiB, 278.17 W, 59
2026/08/14 03:22:42.387, NVIDIA GeForce RTX 4090, 60 %, 34 %, 19206 MiB, 49140 MiB, 282.20 W, 62
2026/08/14 03:22:43.387, NVIDIA GeForce RTX 4090, 75 %, 42 %, 19206 MiB, 49140 MiB, 272.88 W, 63
2026/08/14 03:22:44.387, NVIDIA GeForce RTX 4090, 93 %, 54 %, 19206 MiB, 49140 MiB, 287.77 W, 61
2026/08/14 03:22:45.388, NVIDIA GeForce RTX 4090, 90 %, 48 %, 19206 MiB, 49140 MiB, 265.88 W, 61
2026/08/14 03:22:46.388, NVIDIA GeForce RTX 4090, 59 %, 28 %, 19206 MiB, 49140 MiB, 269.89 W, 59
2026/08/14 03:22:47.388, NVIDIA GeForce RTX 4090, 34 %, 13 %, 19206 MiB, 49140 MiB, 265.34 W, 57
2026/08/14 03:22:48.388, NVIDIA GeForce RTX 4090, 47 %, 17 %, 19206 MiB, 49140 MiB, 261.77 W, 56
2026/08/14 03:22:49.389, NVIDIA GeForce RTX 4090, 27 %, 9 %, 19206 MiB, 49140 MiB, 259.71 W, 57
2026/08/14 03:22:50.389, NVIDIA GeForce RTX 4090, 52 %, 18 %, 19206 MiB, 49140 MiB, 273.23 W, 57
2026/08/14 03:22:51.389, NVIDIA GeForce RTX 4090, 46 %, 16 %, 19206 MiB, 49140 MiB, 256.97 W, 57
2026/08/14 03:22:52.389, NVIDIA GeForce RTX 4090, 49 %, 20 %, 19206 MiB, 49140 MiB, 270.88 W, 58
2026/08/14 03:22:53.389, NVIDIA GeForce RTX 4090, 60 %, 35 %, 19206 MiB, 49140 MiB, 275.98 W, 59
2026/08/14 03:22:54.390, NVIDIA GeForce RTX 4090, 61 %, 35 %, 19206 MiB, 49140 MiB, 276.52 W, 63
2026/08/14 03:22:55.390, NVIDIA GeForce RTX 4090, 87 %, 45 %, 19206 MiB, 49140 MiB, 288.04 W, 65
2026/08/14 03:22:56.390, NVIDIA GeForce RTX 4090, 62 %, 27 %, 19206 MiB, 49140 MiB, 289.62 W, 62
2026/08/14 03:22:57.390, NVIDIA GeForce RTX 4090, 31 %, 11 %, 19206 MiB, 49140 MiB, 270.67 W, 59
2026/08/14 03:22:58.390, NVIDIA GeForce RTX 4090, 42 %, 15 %, 19206 MiB, 49140 MiB, 260.06 W, 56
2026/08/14 03:22:59.390, NVIDIA GeForce RTX 4090, 39 %, 13 %, 19206 MiB, 49140 MiB, 268.67 W, 57
2026/08/14 03:23:00.390, NVIDIA GeForce RTX 4090, 57 %, 20 %, 19206 MiB, 49140 MiB, 272.91 W, 57
2026/08/14 03:23:01.391, NVIDIA GeForce RTX 4090, 44 %, 17 %, 19206 MiB, 49140 MiB, 271.86 W, 58
2026/08/14 03:23:02.391, NVIDIA GeForce RTX 4090, 44 %, 18 %, 19206 MiB, 49140 MiB, 256.57 W, 56
2026/08/14 03:23:03.391, NVIDIA GeForce RTX 4090, 46 %, 21 %, 19206 MiB, 49140 MiB, 256.88 W, 57
2026/08/14 03:23:04.391, NVIDIA GeForce RTX 4090, 45 %, 27 %, 19206 MiB, 49140 MiB, 267.65 W, 57
2026/08/14 03:23:05.391, NVIDIA GeForce RTX 4090, 63 %, 36 %, 19206 MiB, 49140 MiB, 275.70 W, 60
2026/08/14 03:23:06.392, NVIDIA GeForce RTX 4090, 87 %, 44 %, 19206 MiB, 49140 MiB, 287.29 W, 65
2026/08/14 03:23:07.392, NVIDIA GeForce RTX 4090, 60 %, 26 %, 19206 MiB, 49140 MiB, 279.21 W, 62
2026/08/14 03:23:08.392, NVIDIA GeForce RTX 4090, 18 %, 6 %, 19206 MiB, 49140 MiB, 266.52 W, 59
2026/08/14 03:23:09.392, NVIDIA GeForce RTX 4090, 41 %, 15 %, 19206 MiB, 49140 MiB, 262.52 W, 57
2026/08/14 03:23:10.393, NVIDIA GeForce RTX 4090, 39 %, 13 %, 19206 MiB, 49140 MiB, 268.76 W, 57
2026/08/14 03:23:11.393, NVIDIA GeForce RTX 4090, 47 %, 17 %, 19206 MiB, 49140 MiB, 268.58 W, 57
2026/08/14 03:23:12.393, NVIDIA GeForce RTX 4090, 45 %, 20 %, 19206 MiB, 49140 MiB, 276.72 W, 58
2026/08/14 03:23:13.393, NVIDIA GeForce RTX 4090, 69 %, 42 %, 19206 MiB, 49140 MiB, 288.84 W, 65
2026/08/14 03:23:14.393, NVIDIA GeForce RTX 4090, 87 %, 45 %, 19206 MiB, 49140 MiB, 290.23 W, 65
2026/08/14 03:23:15.393, NVIDIA GeForce RTX 4090, 56 %, 23 %, 19206 MiB, 49140 MiB, 287.29 W, 62
2026/08/14 03:23:16.393, NVIDIA GeForce RTX 4090, 39 %, 14 %, 19206 MiB, 49140 MiB, 277.15 W, 59
2026/08/14 03:23:17.394, NVIDIA GeForce RTX 4090, 42 %, 13 %, 19206 MiB, 49140 MiB, 275.35 W, 58
2026/08/14 03:23:18.394, NVIDIA GeForce RTX 4090, 46 %, 19 %, 19206 MiB, 49140 MiB, 279.11 W, 59
2026/08/14 03:23:19.394, NVIDIA GeForce RTX 4090, 68 %, 36 %, 19206 MiB, 49140 MiB, 288.10 W, 66
2026/08/14 03:23:20.394, NVIDIA GeForce RTX 4090, 88 %, 39 %, 19206 MiB, 49140 MiB, 318.11 W, 63
2026/08/14 03:23:21.395, NVIDIA GeForce RTX 4090, 38 %, 13 %, 19206 MiB, 49140 MiB, 279.54 W, 59
2026/08/14 03:23:22.395, NVIDIA GeForce RTX 4090, 39 %, 13 %, 19206 MiB, 49140 MiB, 276.38 W, 58
2026/08/14 03:23:23.395, NVIDIA GeForce RTX 4090, 96 %, 49 %, 19206 MiB, 49140 MiB, 359.13 W, 65
2026/08/14 03:23:24.395, NVIDIA GeForce RTX 4090, 53 %, 26 %, 19206 MiB, 49140 MiB, 286.42 W, 63
2026/08/14 03:23:25.395, NVIDIA GeForce RTX 4090, 31 %, 11 %, 19206 MiB, 49140 MiB, 281.64 W, 59
2026/08/14 03:23:26.395, NVIDIA GeForce RTX 4090, 41 %, 15 %, 19206 MiB, 49140 MiB, 265.37 W, 58
2026/08/14 03:23:27.396, NVIDIA GeForce RTX 4090, 39 %, 14 %, 19206 MiB, 49140 MiB, 263.18 W, 57
2026/08/14 03:23:28.396, NVIDIA GeForce RTX 4090, 48 %, 19 %, 19206 MiB, 49140 MiB, 284.81 W, 59
2026/08/14 03:23:29.396, NVIDIA GeForce RTX 4090, 71 %, 39 %, 19206 MiB, 49140 MiB, 294.62 W, 65
2026/08/14 03:23:30.396, NVIDIA GeForce RTX 4090, 88 %, 45 %, 19206 MiB, 49140 MiB, 301.36 W, 67
2026/08/14 03:23:31.396, NVIDIA GeForce RTX 4090, 55 %, 25 %, 19206 MiB, 49140 MiB, 279.18 W, 64
2026/08/14 03:23:32.397, NVIDIA GeForce RTX 4090, 35 %, 12 %, 19206 MiB, 49140 MiB, 280.63 W, 59
2026/08/14 03:23:33.397, NVIDIA GeForce RTX 4090, 39 %, 13 %, 19206 MiB, 49140 MiB, 271.17 W, 59
2026/08/14 03:23:34.397, NVIDIA GeForce RTX 4090, 35 %, 13 %, 19206 MiB, 49140 MiB, 270.49 W, 59
2026/08/14 03:23:35.397, NVIDIA GeForce RTX 4090, 45 %, 18 %, 19206 MiB, 49140 MiB, 276.12 W, 60
2026/08/14 03:23:36.397, NVIDIA GeForce RTX 4090, 55 %, 27 %, 19206 MiB, 49140 MiB, 277.59 W, 62
2026/08/14 03:23:37.398, NVIDIA GeForce RTX 4090, 71 %, 43 %, 19206 MiB, 49140 MiB, 283.35 W, 66
2026/08/14 03:23:38.398, NVIDIA GeForce RTX 4090, 88 %, 41 %, 19206 MiB, 49140 MiB, 308.35 W, 64
2026/08/14 03:23:39.398, NVIDIA GeForce RTX 4090, 34 %, 12 %, 19206 MiB, 49140 MiB, 289.03 W, 59
2026/08/14 03:23:40.398, NVIDIA GeForce RTX 4090, 37 %, 12 %, 19206 MiB, 49140 MiB, 270.16 W, 59
2026/08/14 03:23:41.398, NVIDIA GeForce RTX 4090, 40 %, 16 %, 19206 MiB, 49140 MiB, 278.18 W, 60
2026/08/14 03:23:42.398, NVIDIA GeForce RTX 4090, 63 %, 33 %, 19206 MiB, 49140 MiB, 293.44 W, 65
2026/08/14 03:23:43.399, NVIDIA GeForce RTX 4090, 92 %, 54 %, 19206 MiB, 49140 MiB, 295.10 W, 65
2026/08/14 03:23:44.399, NVIDIA GeForce RTX 4090, 51 %, 27 %, 19206 MiB, 49140 MiB, 288.71 W, 66
2026/08/14 03:23:45.399, NVIDIA GeForce RTX 4090, 33 %, 12 %, 19206 MiB, 49140 MiB, 292.16 W, 60
2026/08/14 03:23:46.399, NVIDIA GeForce RTX 4090, 36 %, 12 %, 19206 MiB, 49140 MiB, 270.78 W, 59
2026/08/14 03:23:47.399, NVIDIA GeForce RTX 4090, 35 %, 12 %, 19206 MiB, 49140 MiB, 271.45 W, 59
2026/08/14 03:23:48.399, NVIDIA GeForce RTX 4090, 38 %, 16 %, 19206 MiB, 49140 MiB, 278.82 W, 60
2026/08/14 03:23:49.400, NVIDIA GeForce RTX 4090, 71 %, 43 %, 19206 MiB, 49140 MiB, 294.30 W, 65
2026/08/14 03:23:50.400, NVIDIA GeForce RTX 4090, 88 %, 43 %, 19206 MiB, 49140 MiB, 309.41 W, 66
2026/08/14 03:23:51.400, NVIDIA GeForce RTX 4090, 34 %, 13 %, 19206 MiB, 49140 MiB, 287.20 W, 60
2026/08/14 03:23:52.400, NVIDIA GeForce RTX 4090, 32 %, 11 %, 19206 MiB, 49140 MiB, 270.90 W, 57
2026/08/14 03:23:53.400, NVIDIA GeForce RTX 4090, 41 %, 15 %, 19206 MiB, 49140 MiB, 274.15 W, 60
2026/08/14 03:23:54.400, NVIDIA GeForce RTX 4090, 70 %, 42 %, 19206 MiB, 49140 MiB, 291.52 W, 65
2026/08/14 03:23:55.401, NVIDIA GeForce RTX 4090, 92 %, 53 %, 19206 MiB, 49140 MiB, 293.53 W, 65
2026/08/14 03:23:56.401, NVIDIA GeForce RTX 4090, 67 %, 30 %, 19206 MiB, 49140 MiB, 298.55 W, 64
2026/08/14 03:23:57.401, NVIDIA GeForce RTX 4090, 29 %, 10 %, 19206 MiB, 49140 MiB, 275.83 W, 60
2026/08/14 03:23:58.401, NVIDIA GeForce RTX 4090, 31 %, 11 %, 19206 MiB, 49140 MiB, 270.03 W, 59
2026/08/14 03:23:59.401, NVIDIA GeForce RTX 4090, 38 %, 15 %, 19206 MiB, 49140 MiB, 291.06 W, 61
2026/08/14 03:24:00.401, NVIDIA GeForce RTX 4090, 54 %, 29 %, 19206 MiB, 49140 MiB, 283.47 W, 64
2026/08/14 03:24:01.402, NVIDIA GeForce RTX 4090, 69 %, 42 %, 19206 MiB, 49140 MiB, 283.64 W, 65
2026/08/14 03:24:02.402, NVIDIA GeForce RTX 4090, 53 %, 30 %, 19206 MiB, 49140 MiB, 301.08 W, 67
2026/08/14 03:24:03.402, NVIDIA GeForce RTX 4090, 29 %, 10 %, 19206 MiB, 49140 MiB, 282.20 W, 59
2026/08/14 03:24:04.402, NVIDIA GeForce RTX 4090, 36 %, 13 %, 19206 MiB, 49140 MiB, 269.39 W, 60
2026/08/14 03:24:05.402, NVIDIA GeForce RTX 4090, 43 %, 16 %, 19206 MiB, 49140 MiB, 278.42 W, 60
2026/08/14 03:24:06.403, NVIDIA GeForce RTX 4090, 70 %, 41 %, 19206 MiB, 49140 MiB, 301.40 W, 65
2026/08/14 03:24:07.403, NVIDIA GeForce RTX 4090, 0 %, 0 %, 19206 MiB, 49140 MiB, 309.55 W, 55
2026/08/14 03:24:08.403, NVIDIA GeForce RTX 4090, 0 %, 0 %, 19206 MiB, 49140 MiB, 105.77 W, 53
2026/08/14 03:24:09.403, NVIDIA GeForce RTX 4090, 0 %, 0 %, 19206 MiB, 49140 MiB, 101.20 W, 52
2026/08/14 03:24:10.404, NVIDIA GeForce RTX 4090, 70 %, 42 %, 19206 MiB, 49140 MiB, 124.35 W, 60
2026/08/14 03:24:11.404, NVIDIA GeForce RTX 4090, 51 %, 20 %, 19206 MiB, 49140 MiB, 279.70 W, 65
2026/08/14 03:24:12.404, NVIDIA GeForce RTX 4090, 31 %, 11 %, 19206 MiB, 49140 MiB, 266.80 W, 60
2026/08/14 03:24:13.405, NVIDIA GeForce RTX 4090, 38 %, 13 %, 19206 MiB, 49140 MiB, 275.14 W, 59
2026/08/14 03:24:14.405, NVIDIA GeForce RTX 4090, 35 %, 14 %, 19206 MiB, 49140 MiB, 282.66 W, 61
2026/08/14 03:24:15.405, NVIDIA GeForce RTX 4090, 69 %, 40 %, 19206 MiB, 49140 MiB, 287.49 W, 64
2026/08/14 03:24:16.405, NVIDIA GeForce RTX 4090, 92 %, 50 %, 19206 MiB, 49140 MiB, 302.05 W, 65
2026/08/14 03:24:17.406, NVIDIA GeForce RTX 4090, 53 %, 25 %, 19206 MiB, 49140 MiB, 275.54 W, 65
2026/08/14 03:24:18.406, NVIDIA GeForce RTX 4090, 34 %, 12 %, 19206 MiB, 49140 MiB, 278.64 W, 60
2026/08/14 03:24:19.406, NVIDIA GeForce RTX 4090, 34 %, 11 %, 19206 MiB, 49140 MiB, 265.83 W, 59
2026/08/14 03:24:20.407, NVIDIA GeForce RTX 4090, 38 %, 14 %, 19206 MiB, 49140 MiB, 281.09 W, 61
2026/08/14 03:24:21.407, NVIDIA GeForce RTX 4090, 47 %, 26 %, 19206 MiB, 49140 MiB, 284.11 W, 65
2026/08/14 03:24:22.407, NVIDIA GeForce RTX 4090, 96 %, 54 %, 19206 MiB, 49140 MiB, 300.38 W, 64
2026/08/14 03:24:23.408, NVIDIA GeForce RTX 4090, 51 %, 19 %, 19206 MiB, 49140 MiB, 297.06 W, 60
2026/08/14 03:24:24.408, NVIDIA GeForce RTX 4090, 28 %, 10 %, 19206 MiB, 49140 MiB, 270.66 W, 59
2026/08/14 03:24:25.408, NVIDIA GeForce RTX 4090, 36 %, 12 %, 19206 MiB, 49140 MiB, 274.53 W, 60
2026/08/14 03:24:26.408, NVIDIA GeForce RTX 4090, 37 %, 14 %, 19206 MiB, 49140 MiB, 282.61 W, 65
2026/08/14 03:24:27.409, NVIDIA GeForce RTX 4090, 70 %, 38 %, 19206 MiB, 49140 MiB, 288.83 W, 64
2026/08/14 03:24:28.409, NVIDIA GeForce RTX 4090, 93 %, 51 %, 19206 MiB, 49140 MiB, 291.63 W, 65
2026/08/14 03:24:29.409, NVIDIA GeForce RTX 4090, 39 %, 15 %, 19206 MiB, 49140 MiB, 299.14 W, 60
2026/08/14 03:24:30.409, NVIDIA GeForce RTX 4090, 31 %, 11 %, 19206 MiB, 49140 MiB, 268.89 W, 60
2026/08/14 03:24:31.409, NVIDIA GeForce RTX 4090, 40 %, 14 %, 19206 MiB, 49140 MiB, 288.27 W, 61
2026/08/14 03:24:32.410, NVIDIA GeForce RTX 4090, 70 %, 40 %, 19206 MiB, 49140 MiB, 294.64 W, 65
2026/08/14 03:24:33.410, NVIDIA GeForce RTX 4090, 93 %, 52 %, 19206 MiB, 49140 MiB, 303.41 W, 65
2026/08/14 03:24:34.410, NVIDIA GeForce RTX 4090, 32 %, 12 %, 19206 MiB, 49140 MiB, 288.36 W, 62
2026/08/14 03:24:35.410, NVIDIA GeForce RTX 4090, 27 %, 10 %, 19206 MiB, 49140 MiB, 281.98 W, 62
2026/08/14 03:24:36.410, NVIDIA GeForce RTX 4090, 39 %, 15 %, 19206 MiB, 49140 MiB, 278.80 W, 64
2026/08/14 03:24:37.411, NVIDIA GeForce RTX 4090, 69 %, 39 %, 19206 MiB, 49140 MiB, 288.39 W, 66
2026/08/14 03:24:38.411, NVIDIA GeForce RTX 4090, 92 %, 52 %, 19206 MiB, 49140 MiB, 300.68 W, 65
2026/08/14 03:24:39.411, NVIDIA GeForce RTX 4090, 38 %, 14 %, 19206 MiB, 49140 MiB, 300.36 W, 61
2026/08/14 03:24:40.411, NVIDIA GeForce RTX 4090, 35 %, 12 %, 19206 MiB, 49140 MiB, 276.17 W, 61
2026/08/14 03:24:41.411, NVIDIA GeForce RTX 4090, 43 %, 15 %, 19206 MiB, 49140 MiB, 276.41 W, 63
2026/08/14 03:24:42.411, NVIDIA GeForce RTX 4090, 66 %, 40 %, 19206 MiB, 49140 MiB, 294.99 W, 66
2026/08/14 03:24:43.412, NVIDIA GeForce RTX 4090, 92 %, 52 %, 19206 MiB, 49140 MiB, 304.58 W, 67
2026/08/14 03:24:44.412, NVIDIA GeForce RTX 4090, 53 %, 22 %, 19206 MiB, 49140 MiB, 295.06 W, 62
2026/08/14 03:24:45.412, NVIDIA GeForce RTX 4090, 20 %, 8 %, 19206 MiB, 49140 MiB, 278.17 W, 61
2026/08/14 03:24:46.412, NVIDIA GeForce RTX 4090, 22 %, 7 %, 19206 MiB, 49140 MiB, 273.31 W, 64
2026/08/14 03:24:47.412, NVIDIA GeForce RTX 4090, 44 %, 17 %, 19206 MiB, 49140 MiB, 268.66 W, 65
2026/08/14 03:24:48.412, NVIDIA GeForce RTX 4090, 70 %, 39 %, 19206 MiB, 49140 MiB, 288.54 W, 65
2026/08/14 03:24:49.413, NVIDIA GeForce RTX 4090, 92 %, 52 %, 19206 MiB, 49140 MiB, 302.93 W, 66
2026/08/14 03:24:50.413, NVIDIA GeForce RTX 4090, 38 %, 14 %, 19206 MiB, 49140 MiB, 299.29 W, 62
2026/08/14 03:24:51.413, NVIDIA GeForce RTX 4090, 37 %, 13 %, 19206 MiB, 49140 MiB, 276.34 W, 62
2026/08/14 03:24:52.413, NVIDIA GeForce RTX 4090, 18 %, 5 %, 19206 MiB, 49140 MiB, 272.03 W, 65
2026/08/14 03:24:53.483, NVIDIA GeForce RTX 4090, 96 %, 52 %, 19206 MiB, 49140 MiB, 365.89 W, 65
2026/08/14 03:24:54.483, NVIDIA GeForce RTX 4090, 48 %, 25 %, 19206 MiB, 49140 MiB, 288.17 W, 66
2026/08/14 03:24:55.484, NVIDIA GeForce RTX 4090, 27 %, 11 %, 19206 MiB, 49140 MiB, 285.51 W, 60
2026/08/14 03:24:56.484, NVIDIA GeForce RTX 4090, 15 %, 5 %, 19206 MiB, 49140 MiB, 267.20 W, 61
2026/08/14 03:24:57.484, NVIDIA GeForce RTX 4090, 33 %, 12 %, 19206 MiB, 49140 MiB, 271.36 W, 65
2026/08/14 03:24:58.484, NVIDIA GeForce RTX 4090, 36 %, 15 %, 19206 MiB, 49140 MiB, 283.15 W, 65
2026/08/14 03:24:59.485, NVIDIA GeForce RTX 4090, 63 %, 37 %, 19206 MiB, 49140 MiB, 294.98 W, 64
2026/08/14 03:25:00.485, NVIDIA GeForce RTX 4090, 93 %, 53 %, 19206 MiB, 49140 MiB, 293.63 W, 65
2026/08/14 03:25:01.485, NVIDIA GeForce RTX 4090, 30 %, 11 %, 19206 MiB, 49140 MiB, 298.24 W, 66
2026/08/14 03:25:02.485, NVIDIA GeForce RTX 4090, 38 %, 13 %, 19206 MiB, 49140 MiB, 289.73 W, 65
2026/08/14 03:25:03.486, NVIDIA GeForce RTX 4090, 35 %, 14 %, 19206 MiB, 49140 MiB, 280.08 W, 65
2026/08/14 03:25:04.486, NVIDIA GeForce RTX 4090, 70 %, 37 %, 19206 MiB, 49140 MiB, 289.57 W, 66
2026/08/14 03:25:05.486, NVIDIA GeForce RTX 4090, 48 %, 23 %, 19206 MiB, 49140 MiB, 311.86 W, 65
2026/08/14 03:25:06.486, NVIDIA GeForce RTX 4090, 13 %, 4 %, 19206 MiB, 49140 MiB, 280.18 W, 65
2026/08/14 03:25:07.487, NVIDIA GeForce RTX 4090, 36 %, 12 %, 19206 MiB, 49140 MiB, 280.58 W, 62
2026/08/14 03:25:08.487, NVIDIA GeForce RTX 4090, 36 %, 15 %, 19206 MiB, 49140 MiB, 284.92 W, 65
2026/08/14 03:25:09.487, NVIDIA GeForce RTX 4090, 99 %, 58 %, 19206 MiB, 49140 MiB, 311.02 W, 67
2026/08/14 03:25:10.487, NVIDIA GeForce RTX 4090, 68 %, 30 %, 19206 MiB, 49140 MiB, 305.28 W, 62
2026/08/14 03:25:11.488, NVIDIA GeForce RTX 4090, 34 %, 12 %, 19206 MiB, 49140 MiB, 279.39 W, 64
2026/08/14 03:25:12.488, NVIDIA GeForce RTX 4090, 37 %, 13 %, 19206 MiB, 49140 MiB, 291.82 W, 65
2026/08/14 03:25:13.488, NVIDIA GeForce RTX 4090, 43 %, 20 %, 19206 MiB, 49140 MiB, 282.17 W, 65
2026/08/14 03:25:14.488, NVIDIA GeForce RTX 4090, 70 %, 38 %, 19206 MiB, 49140 MiB, 285.96 W, 64
2026/08/14 03:25:15.489, NVIDIA GeForce RTX 4090, 92 %, 53 %, 19206 MiB, 49140 MiB, 292.32 W, 64
2026/08/14 03:25:16.489, NVIDIA GeForce RTX 4090, 36 %, 14 %, 19206 MiB, 49140 MiB, 294.82 W, 64
2026/08/14 03:25:17.489, NVIDIA GeForce RTX 4090, 27 %, 9 %, 19206 MiB, 49140 MiB, 283.21 W, 65
2026/08/14 03:25:18.490, NVIDIA GeForce RTX 4090, 38 %, 15 %, 19206 MiB, 49140 MiB, 287.18 W, 64
2026/08/14 03:25:19.490, NVIDIA GeForce RTX 4090, 99 %, 58 %, 19206 MiB, 49140 MiB, 310.35 W, 66
2026/08/14 03:25:20.490, NVIDIA GeForce RTX 4090, 48 %, 23 %, 19206 MiB, 49140 MiB, 289.37 W, 64
2026/08/14 03:25:21.490, NVIDIA GeForce RTX 4090, 31 %, 12 %, 19206 MiB, 49140 MiB, 283.78 W, 60
2026/08/14 03:25:22.490, NVIDIA GeForce RTX 4090, 20 %, 7 %, 19206 MiB, 49140 MiB, 265.84 W, 65
2026/08/14 03:25:23.490, NVIDIA GeForce RTX 4090, 34 %, 11 %, 19206 MiB, 49140 MiB, 272.04 W, 64
2026/08/14 03:25:24.491, NVIDIA GeForce RTX 4090, 35 %, 14 %, 19206 MiB, 49140 MiB, 278.92 W, 65
2026/08/14 03:25:25.491, NVIDIA GeForce RTX 4090, 52 %, 22 %, 19206 MiB, 49140 MiB, 278.62 W, 65
2026/08/14 03:25:26.491, NVIDIA GeForce RTX 4090, 99 %, 58 %, 19206 MiB, 49140 MiB, 297.91 W, 65
2026/08/14 03:25:27.491, NVIDIA GeForce RTX 4090, 38 %, 14 %, 19206 MiB, 49140 MiB, 300.60 W, 66
2026/08/14 03:25:28.491, NVIDIA GeForce RTX 4090, 17 %, 5 %, 19206 MiB, 49140 MiB, 274.89 W, 65
2026/08/14 03:25:29.492, NVIDIA GeForce RTX 4090, 38 %, 13 %, 19206 MiB, 49140 MiB, 269.67 W, 65
2026/08/14 03:25:30.492, NVIDIA GeForce RTX 4090, 54 %, 22 %, 19206 MiB, 49140 MiB, 286.11 W, 65
2026/08/14 03:25:31.492, NVIDIA GeForce RTX 4090, 99 %, 59 %, 19206 MiB, 49140 MiB, 303.94 W, 65
2026/08/14 03:25:32.492, NVIDIA GeForce RTX 4090, 69 %, 30 %, 19206 MiB, 49140 MiB, 304.92 W, 67
2026/08/14 03:25:33.493, NVIDIA GeForce RTX 4090, 31 %, 10 %, 19206 MiB, 49140 MiB, 282.45 W, 65
2026/08/14 03:25:34.493, NVIDIA GeForce RTX 4090, 15 %, 5 %, 19206 MiB, 49140 MiB, 274.79 W, 66
2026/08/14 03:25:35.493, NVIDIA GeForce RTX 4090, 38 %, 14 %, 19206 MiB, 49140 MiB, 278.41 W, 64
2026/08/14 03:25:36.493, NVIDIA GeForce RTX 4090, 0 %, 0 %, 19206 MiB, 49140 MiB, 327.40 W, 55
2026/08/14 03:25:37.494, NVIDIA GeForce RTX 4090, 0 %, 0 %, 19206 MiB, 49140 MiB, 106.22 W, 53
2026/08/14 03:25:38.494, NVIDIA GeForce RTX 4090, 0 %, 0 %, 19206 MiB, 49140 MiB, 98.62 W, 52
2026/08/14 03:25:39.494, NVIDIA GeForce RTX 4090, 37 %, 13 %, 19206 MiB, 49140 MiB, 165.91 W, 63
2026/08/14 03:25:40.495, NVIDIA GeForce RTX 4090, 30 %, 10 %, 19206 MiB, 49140 MiB, 265.13 W, 62
2026/08/14 03:25:41.495, NVIDIA GeForce RTX 4090, 0 %, 0 %, 19206 MiB, 49140 MiB, 259.36 W, 63
2026/08/14 03:25:42.495, NVIDIA GeForce RTX 4090, 23 %, 8 %, 19206 MiB, 49140 MiB, 259.92 W, 63
2026/08/14 03:25:43.496, NVIDIA GeForce RTX 4090, 15 %, 5 %, 19206 MiB, 49140 MiB, 257.66 W, 62
2026/08/14 03:25:44.496, NVIDIA GeForce RTX 4090, 38 %, 14 %, 19206 MiB, 49140 MiB, 265.97 W, 62
2026/08/14 03:25:45.496, NVIDIA GeForce RTX 4090, 54 %, 21 %, 19206 MiB, 49140 MiB, 267.27 W, 63
2026/08/14 03:25:46.496, NVIDIA GeForce RTX 4090, 72 %, 40 %, 19206 MiB, 49140 MiB, 282.87 W, 60
2026/08/14 03:25:47.497, NVIDIA GeForce RTX 4090, 78 %, 45 %, 19206 MiB, 49140 MiB, 290.48 W, 64
2026/08/14 03:25:48.497, NVIDIA GeForce RTX 4090, 54 %, 28 %, 19206 MiB, 49140 MiB, 286.54 W, 65
2026/08/14 03:25:49.497, NVIDIA GeForce RTX 4090, 18 %, 7 %, 19206 MiB, 49140 MiB, 274.72 W, 63
2026/08/14 03:25:50.497, NVIDIA GeForce RTX 4090, 38 %, 14 %, 19206 MiB, 49140 MiB, 268.99 W, 65
2026/08/14 03:25:51.498, NVIDIA GeForce RTX 4090, 42 %, 14 %, 19206 MiB, 49140 MiB, 278.72 W, 64
2026/08/14 03:25:52.498, NVIDIA GeForce RTX 4090, 56 %, 22 %, 19206 MiB, 49140 MiB, 283.75 W, 63
2026/08/14 03:25:53.498, NVIDIA GeForce RTX 4090, 99 %, 59 %, 19206 MiB, 49140 MiB, 300.09 W, 64
2026/08/14 03:25:54.499, NVIDIA GeForce RTX 4090, 52 %, 26 %, 19206 MiB, 49140 MiB, 306.86 W, 66
2026/08/14 03:25:55.499, NVIDIA GeForce RTX 4090, 0 %, 0 %, 19206 MiB, 49140 MiB, 272.82 W, 62
2026/08/14 03:25:56.499, NVIDIA GeForce RTX 4090, 40 %, 14 %, 19206 MiB, 49140 MiB, 269.21 W, 65
2026/08/14 03:25:57.500, NVIDIA GeForce RTX 4090, 48 %, 17 %, 19206 MiB, 49140 MiB, 279.01 W, 64
2026/08/14 03:25:58.500, NVIDIA GeForce RTX 4090, 60 %, 23 %, 19206 MiB, 49140 MiB, 273.05 W, 62
2026/08/14 03:25:59.500, NVIDIA GeForce RTX 4090, 98 %, 59 %, 19206 MiB, 49140 MiB, 298.68 W, 63
2026/08/14 03:26:00.500, NVIDIA GeForce RTX 4090, 57 %, 30 %, 19206 MiB, 49140 MiB, 298.76 W, 65
2026/08/14 03:26:01.500, NVIDIA GeForce RTX 4090, 38 %, 14 %, 19206 MiB, 49140 MiB, 282.64 W, 62
2026/08/14 03:26:02.501, NVIDIA GeForce RTX 4090, 25 %, 9 %, 19206 MiB, 49140 MiB, 269.08 W, 65
2026/08/14 03:26:03.501, NVIDIA GeForce RTX 4090, 54 %, 19 %, 19206 MiB, 49140 MiB, 271.47 W, 64
2026/08/14 03:26:04.501, NVIDIA GeForce RTX 4090, 58 %, 23 %, 19206 MiB, 49140 MiB, 293.40 W, 63
2026/08/14 03:26:05.501, NVIDIA GeForce RTX 4090, 75 %, 42 %, 19206 MiB, 49140 MiB, 283.27 W, 63
2026/08/14 03:26:06.502, NVIDIA GeForce RTX 4090, 88 %, 45 %, 19206 MiB, 49140 MiB, 308.51 W, 65
2026/08/14 03:26:07.502, NVIDIA GeForce RTX 4090, 38 %, 14 %, 19206 MiB, 49140 MiB, 292.42 W, 63
2026/08/14 03:26:08.502, NVIDIA GeForce RTX 4090, 43 %, 15 %, 19206 MiB, 49140 MiB, 275.86 W, 65
2026/08/14 03:26:09.502, NVIDIA GeForce RTX 4090, 45 %, 16 %, 19206 MiB, 49140 MiB, 278.98 W, 64
2026/08/14 03:26:10.502, NVIDIA GeForce RTX 4090, 77 %, 37 %, 19206 MiB, 49140 MiB, 289.96 W, 64
2026/08/14 03:26:11.503, NVIDIA GeForce RTX 4090, 92 %, 53 %, 19206 MiB, 49140 MiB, 304.55 W, 66
2026/08/14 03:26:12.503, NVIDIA GeForce RTX 4090, 61 %, 33 %, 19206 MiB, 49140 MiB, 289.21 W, 64
2026/08/14 03:26:13.503, NVIDIA GeForce RTX 4090, 40 %, 15 %, 19206 MiB, 49140 MiB, 281.48 W, 63
2026/08/14 03:26:14.503, NVIDIA GeForce RTX 4090, 42 %, 15 %, 19206 MiB, 49140 MiB, 274.43 W, 65
2026/08/14 03:26:15.503, NVIDIA GeForce RTX 4090, 49 %, 17 %, 19206 MiB, 49140 MiB, 278.54 W, 64
2026/08/14 03:26:16.503, NVIDIA GeForce RTX 4090, 73 %, 36 %, 19206 MiB, 49140 MiB, 291.42 W, 64
2026/08/14 03:26:17.504, NVIDIA GeForce RTX 4090, 89 %, 51 %, 19206 MiB, 49140 MiB, 302.06 W, 66
2026/08/14 03:26:18.504, NVIDIA GeForce RTX 4090, 62 %, 33 %, 19206 MiB, 49140 MiB, 289.88 W, 65
2026/08/14 03:26:19.504, NVIDIA GeForce RTX 4090, 44 %, 17 %, 19206 MiB, 49140 MiB, 277.51 W, 65
2026/08/14 03:26:20.504, NVIDIA GeForce RTX 4090, 42 %, 15 %, 19206 MiB, 49140 MiB, 276.17 W, 65
2026/08/14 03:26:21.504, NVIDIA GeForce RTX 4090, 48 %, 16 %, 19206 MiB, 49140 MiB, 278.21 W, 64
2026/08/14 03:26:22.505, NVIDIA GeForce RTX 4090, 80 %, 39 %, 19206 MiB, 49140 MiB, 293.21 W, 64
2026/08/14 03:26:23.505, NVIDIA GeForce RTX 4090, 34 %, 13 %, 19206 MiB, 49140 MiB, 373.43 W, 62
2026/08/14 03:26:24.505, NVIDIA GeForce RTX 4090, 42 %, 15 %, 19206 MiB, 49140 MiB, 276.94 W, 65
2026/08/14 03:26:25.505, NVIDIA GeForce RTX 4090, 50 %, 17 %, 19206 MiB, 49140 MiB, 277.92 W, 64
2026/08/14 03:26:26.506, NVIDIA GeForce RTX 4090, 78 %, 38 %, 19206 MiB, 49140 MiB, 295.84 W, 64
2026/08/14 03:26:27.506, NVIDIA GeForce RTX 4090, 92 %, 52 %, 19206 MiB, 49140 MiB, 306.73 W, 65
2026/08/14 03:26:28.506, NVIDIA GeForce RTX 4090, 26 %, 10 %, 19206 MiB, 49140 MiB, 291.99 W, 63
2026/08/14 03:26:29.506, NVIDIA GeForce RTX 4090, 35 %, 12 %, 19206 MiB, 49140 MiB, 274.66 W, 63
2026/08/14 03:26:30.506, NVIDIA GeForce RTX 4090, 31 %, 11 %, 19206 MiB, 49140 MiB, 274.03 W, 63
2026/08/14 03:26:31.507, NVIDIA GeForce RTX 4090, 47 %, 18 %, 19206 MiB, 49140 MiB, 279.96 W, 63
2026/08/14 03:26:32.507, NVIDIA GeForce RTX 4090, 93 %, 56 %, 19206 MiB, 49140 MiB, 305.78 W, 67
2026/08/14 03:26:33.507, NVIDIA GeForce RTX 4090, 67 %, 37 %, 19206 MiB, 49140 MiB, 299.68 W, 64
2026/08/14 03:26:34.507, NVIDIA GeForce RTX 4090, 35 %, 14 %, 19206 MiB, 49140 MiB, 273.78 W, 64
2026/08/14 03:26:35.508, NVIDIA GeForce RTX 4090, 35 %, 12 %, 19206 MiB, 49140 MiB, 270.27 W, 62
2026/08/14 03:26:36.508, NVIDIA GeForce RTX 4090, 38 %, 13 %, 19206 MiB, 49140 MiB, 276.99 W, 63
2026/08/14 03:26:37.508, NVIDIA GeForce RTX 4090, 42 %, 15 %, 19206 MiB, 49140 MiB, 277.85 W, 62
2026/08/14 03:26:38.508, NVIDIA GeForce RTX 4090, 76 %, 43 %, 19206 MiB, 49140 MiB, 291.39 W, 64
2026/08/14 03:26:39.508, NVIDIA GeForce RTX 4090, 68 %, 34 %, 19206 MiB, 49140 MiB, 304.00 W, 63
2026/08/14 03:26:40.509, NVIDIA GeForce RTX 4090, 37 %, 14 %, 19206 MiB, 49140 MiB, 294.13 W, 63
2026/08/14 03:26:41.509, NVIDIA GeForce RTX 4090, 42 %, 15 %, 19206 MiB, 49140 MiB, 275.91 W, 64
2026/08/14 03:26:42.509, NVIDIA GeForce RTX 4090, 49 %, 17 %, 19206 MiB, 49140 MiB, 278.24 W, 63
2026/08/14 03:26:43.509, NVIDIA GeForce RTX 4090, 78 %, 38 %, 19206 MiB, 49140 MiB, 288.25 W, 64
2026/08/14 03:26:44.509, NVIDIA GeForce RTX 4090, 89 %, 52 %, 19206 MiB, 49140 MiB, 302.55 W, 65
2026/08/14 03:26:45.509, NVIDIA GeForce RTX 4090, 43 %, 17 %, 19206 MiB, 49140 MiB, 297.78 W, 65
2026/08/14 03:26:46.510, NVIDIA GeForce RTX 4090, 44 %, 15 %, 19206 MiB, 49140 MiB, 285.44 W, 63
2026/08/14 03:26:47.510, NVIDIA GeForce RTX 4090, 52 %, 18 %, 19206 MiB, 49140 MiB, 276.46 W, 62
2026/08/14 03:26:48.510, NVIDIA GeForce RTX 4090, 78 %, 38 %, 19206 MiB, 49140 MiB, 284.67 W, 65
2026/08/14 03:26:49.510, NVIDIA GeForce RTX 4090, 89 %, 47 %, 19206 MiB, 49140 MiB, 315.69 W, 67
2026/08/14 03:26:50.510, NVIDIA GeForce RTX 4090, 36 %, 12 %, 19206 MiB, 49140 MiB, 297.64 W, 63
2026/08/14 03:26:51.511, NVIDIA GeForce RTX 4090, 38 %, 13 %, 19206 MiB, 49140 MiB, 275.89 W, 63
2026/08/14 03:26:52.511, NVIDIA GeForce RTX 4090, 45 %, 17 %, 19206 MiB, 49140 MiB, 277.30 W, 64
2026/08/14 03:26:53.511, NVIDIA GeForce RTX 4090, 78 %, 44 %, 19206 MiB, 49140 MiB, 292.48 W, 65
2026/08/14 03:26:54.511, NVIDIA GeForce RTX 4090, 87 %, 52 %, 19206 MiB, 49140 MiB, 282.38 W, 66
2026/08/14 03:26:55.511, NVIDIA GeForce RTX 4090, 48 %, 20 %, 19206 MiB, 49140 MiB, 296.34 W, 64
2026/08/14 03:26:56.512, NVIDIA GeForce RTX 4090, 44 %, 16 %, 19206 MiB, 49140 MiB, 282.76 W, 63
2026/08/14 03:26:57.512, NVIDIA GeForce RTX 4090, 46 %, 15 %, 19206 MiB, 49140 MiB, 276.90 W, 63
2026/08/14 03:26:58.512, NVIDIA GeForce RTX 4090, 78 %, 38 %, 19206 MiB, 49140 MiB, 293.77 W, 64
2026/08/14 03:26:59.512, NVIDIA GeForce RTX 4090, 83 %, 49 %, 19206 MiB, 49140 MiB, 299.29 W, 66
2026/08/14 03:27:00.512, NVIDIA GeForce RTX 4090, 52 %, 25 %, 19206 MiB, 49140 MiB, 295.73 W, 65
2026/08/14 03:27:01.513, NVIDIA GeForce RTX 4090, 35 %, 12 %, 19206 MiB, 49140 MiB, 277.82 W, 61
2026/08/14 03:27:02.513, NVIDIA GeForce RTX 4090, 39 %, 13 %, 19206 MiB, 49140 MiB, 275.34 W, 63
2026/08/14 03:27:03.513, NVIDIA GeForce RTX 4090, 49 %, 17 %, 19206 MiB, 49140 MiB, 273.02 W, 63
2026/08/14 03:27:04.513, NVIDIA GeForce RTX 4090, 77 %, 38 %, 19206 MiB, 49140 MiB, 289.93 W, 64
2026/08/14 03:27:05.514, NVIDIA GeForce RTX 4090, 99 %, 58 %, 19206 MiB, 49140 MiB, 300.95 W, 66
2026/08/14 03:27:06.514, NVIDIA GeForce RTX 4090, 0 %, 0 %, 19206 MiB, 49140 MiB, 283.01 W, 55
2026/08/14 03:27:07.514, NVIDIA GeForce RTX 4090, 0 %, 0 %, 19206 MiB, 49140 MiB, 105.43 W, 54
2026/08/14 03:27:08.514, NVIDIA GeForce RTX 4090, 3 %, 0 %, 19206 MiB, 49140 MiB, 95.04 W, 52
2026/08/14 03:27:09.515, NVIDIA GeForce RTX 4090, 63 %, 25 %, 19206 MiB, 49140 MiB, 218.87 W, 61
2026/08/14 03:27:10.515, NVIDIA GeForce RTX 4090, 83 %, 47 %, 19206 MiB, 49140 MiB, 284.89 W, 62
2026/08/14 03:27:11.515, NVIDIA GeForce RTX 4090, 88 %, 47 %, 19206 MiB, 49140 MiB, 305.23 W, 66
2026/08/14 03:27:12.516, NVIDIA GeForce RTX 4090, 48 %, 18 %, 19206 MiB, 49140 MiB, 288.32 W, 62
2026/08/14 03:27:13.516, NVIDIA GeForce RTX 4090, 42 %, 15 %, 19206 MiB, 49140 MiB, 274.24 W, 64
2026/08/14 03:27:14.516, NVIDIA GeForce RTX 4090, 49 %, 17 %, 19206 MiB, 49140 MiB, 278.73 W, 62
2026/08/14 03:27:15.516, NVIDIA GeForce RTX 4090, 78 %, 38 %, 19206 MiB, 49140 MiB, 292.42 W, 63
2026/08/14 03:27:16.517, NVIDIA GeForce RTX 4090, 79 %, 41 %, 19206 MiB, 49140 MiB, 312.13 W, 59
2026/08/14 03:27:17.517, NVIDIA GeForce RTX 4090, 35 %, 14 %, 19206 MiB, 49140 MiB, 288.46 W, 61
2026/08/14 03:27:18.517, NVIDIA GeForce RTX 4090, 42 %, 15 %, 19206 MiB, 49140 MiB, 275.06 W, 63
2026/08/14 03:27:19.518, NVIDIA GeForce RTX 4090, 46 %, 15 %, 19206 MiB, 49140 MiB, 279.23 W, 62
2026/08/14 03:27:20.518, NVIDIA GeForce RTX 4090, 61 %, 24 %, 19206 MiB, 49140 MiB, 291.89 W, 61
2026/08/14 03:27:21.518, NVIDIA GeForce RTX 4090, 80 %, 49 %, 19206 MiB, 49140 MiB, 301.78 W, 67
2026/08/14 03:27:22.519, NVIDIA GeForce RTX 4090, 73 %, 39 %, 19206 MiB, 49140 MiB, 290.40 W, 62
2026/08/14 03:27:23.519, NVIDIA GeForce RTX 4090, 26 %, 9 %, 19206 MiB, 49140 MiB, 274.85 W, 61
2026/08/14 03:27:24.519, NVIDIA GeForce RTX 4090, 43 %, 15 %, 19206 MiB, 49140 MiB, 272.43 W, 61
2026/08/14 03:27:25.519, NVIDIA GeForce RTX 4090, 49 %, 17 %, 19206 MiB, 49140 MiB, 276.82 W, 61
2026/08/14 03:27:26.520, NVIDIA GeForce RTX 4090, 78 %, 38 %, 19206 MiB, 49140 MiB, 293.84 W, 62
2026/08/14 03:27:27.520, NVIDIA GeForce RTX 4090, 76 %, 48 %, 19206 MiB, 49140 MiB, 300.86 W, 66
2026/08/14 03:27:28.520, NVIDIA GeForce RTX 4090, 75 %, 40 %, 19206 MiB, 49140 MiB, 282.48 W, 62
2026/08/14 03:27:29.584, NVIDIA GeForce RTX 4090, 38 %, 14 %, 19206 MiB, 49140 MiB, 276.14 W, 62
2026/08/14 03:27:30.584, NVIDIA GeForce RTX 4090, 42 %, 15 %, 19206 MiB, 49140 MiB, 280.33 W, 64
2026/08/14 03:27:31.584, NVIDIA GeForce RTX 4090, 53 %, 19 %, 19206 MiB, 49140 MiB, 278.49 W, 61
2026/08/14 03:27:32.584, NVIDIA GeForce RTX 4090, 44 %, 18 %, 19206 MiB, 49140 MiB, 284.33 W, 60
2026/08/14 03:27:33.585, NVIDIA GeForce RTX 4090, 95 %, 57 %, 19206 MiB, 49140 MiB, 302.50 W, 68
2026/08/14 03:27:34.585, NVIDIA GeForce RTX 4090, 78 %, 39 %, 19206 MiB, 49140 MiB, 291.06 W, 60
2026/08/14 03:27:35.585, NVIDIA GeForce RTX 4090, 38 %, 14 %, 19206 MiB, 49140 MiB, 280.58 W, 58
2026/08/14 03:27:36.585, NVIDIA GeForce RTX 4090, 35 %, 13 %, 19206 MiB, 49140 MiB, 266.99 W, 57
2026/08/14 03:27:37.585, NVIDIA GeForce RTX 4090, 46 %, 15 %, 19206 MiB, 49140 MiB, 272.12 W, 58
2026/08/14 03:27:38.586, NVIDIA GeForce RTX 4090, 65 %, 26 %, 19206 MiB, 49140 MiB, 284.24 W, 59
2026/08/14 03:27:39.586, NVIDIA GeForce RTX 4090, 82 %, 44 %, 19206 MiB, 49140 MiB, 302.72 W, 68
2026/08/14 03:27:40.586, NVIDIA GeForce RTX 4090, 33 %, 13 %, 19206 MiB, 49140 MiB, 289.58 W, 59
2026/08/14 03:27:41.586, NVIDIA GeForce RTX 4090, 23 %, 9 %, 19206 MiB, 49140 MiB, 264.36 W, 57
2026/08/14 03:27:42.586, NVIDIA GeForce RTX 4090, 35 %, 12 %, 19206 MiB, 49140 MiB, 277.18 W, 57
2026/08/14 03:27:43.587, NVIDIA GeForce RTX 4090, 42 %, 15 %, 19206 MiB, 49140 MiB, 270.21 W, 59
2026/08/14 03:27:44.587, NVIDIA GeForce RTX 4090, 49 %, 17 %, 19206 MiB, 49140 MiB, 285.32 W, 59
2026/08/14 03:27:45.587, NVIDIA GeForce RTX 4090, 78 %, 38 %, 19206 MiB, 49140 MiB, 293.77 W, 60
2026/08/14 03:27:46.587, NVIDIA GeForce RTX 4090, 78 %, 40 %, 19206 MiB, 49140 MiB, 302.70 W, 66
2026/08/14 03:27:47.588, NVIDIA GeForce RTX 4090, 38 %, 15 %, 19206 MiB, 49140 MiB, 283.10 W, 64
2026/08/14 03:27:48.588, NVIDIA GeForce RTX 4090, 36 %, 13 %, 19206 MiB, 49140 MiB, 274.01 W, 58
2026/08/14 03:27:49.588, NVIDIA GeForce RTX 4090, 38 %, 13 %, 19206 MiB, 49140 MiB, 281.91 W, 57
2026/08/14 03:27:50.588, NVIDIA GeForce RTX 4090, 67 %, 32 %, 19206 MiB, 49140 MiB, 294.02 W, 58
2026/08/14 03:27:51.588, NVIDIA GeForce RTX 4090, 81 %, 48 %, 19206 MiB, 49140 MiB, 294.95 W, 60
2026/08/14 03:27:52.589, NVIDIA GeForce RTX 4090, 26 %, 9 %, 19206 MiB, 49140 MiB, 351.71 W, 58
2026/08/14 03:27:53.589, NVIDIA GeForce RTX 4090, 37 %, 13 %, 19206 MiB, 49140 MiB, 274.25 W, 58
2026/08/14 03:27:54.589, NVIDIA GeForce RTX 4090, 44 %, 15 %, 19206 MiB, 49140 MiB, 279.69 W, 58
2026/08/14 03:27:55.589, NVIDIA GeForce RTX 4090, 49 %, 17 %, 19206 MiB, 49140 MiB, 277.25 W, 58
2026/08/14 03:27:56.589, NVIDIA GeForce RTX 4090, 67 %, 38 %, 19206 MiB, 49140 MiB, 281.59 W, 59
2026/08/14 03:27:57.590, NVIDIA GeForce RTX 4090, 73 %, 43 %, 19206 MiB, 49140 MiB, 287.17 W, 60
2026/08/14 03:27:58.590, NVIDIA GeForce RTX 4090, 65 %, 30 %, 19206 MiB, 49140 MiB, 302.85 W, 67
2026/08/14 03:27:59.590, NVIDIA GeForce RTX 4090, 37 %, 13 %, 19206 MiB, 49140 MiB, 275.73 W, 58
2026/08/14 03:28:00.590, NVIDIA GeForce RTX 4090, 42 %, 14 %, 19206 MiB, 49140 MiB, 273.93 W, 58
2026/08/14 03:28:01.590, NVIDIA GeForce RTX 4090, 66 %, 32 %, 19206 MiB, 49140 MiB, 293.38 W, 58
2026/08/14 03:28:02.590, NVIDIA GeForce RTX 4090, 72 %, 43 %, 19206 MiB, 49140 MiB, 296.65 W, 61
2026/08/14 03:28:03.591, NVIDIA GeForce RTX 4090, 83 %, 42 %, 19206 MiB, 49140 MiB, 289.18 W, 63
2026/08/14 03:28:04.591, NVIDIA GeForce RTX 4090, 28 %, 11 %, 19206 MiB, 49140 MiB, 280.11 W, 60
2026/08/14 03:28:05.591, NVIDIA GeForce RTX 4090, 26 %, 9 %, 19206 MiB, 49140 MiB, 262.97 W, 58
2026/08/14 03:28:06.591, NVIDIA GeForce RTX 4090, 37 %, 13 %, 19206 MiB, 49140 MiB, 269.72 W, 58
2026/08/14 03:28:07.591, NVIDIA GeForce RTX 4090, 41 %, 13 %, 19206 MiB, 49140 MiB, 271.96 W, 58
2026/08/14 03:28:08.592, NVIDIA GeForce RTX 4090, 65 %, 32 %, 19206 MiB, 49140 MiB, 290.75 W, 58
2026/08/14 03:28:09.592, NVIDIA GeForce RTX 4090, 91 %, 48 %, 19206 MiB, 49140 MiB, 310.18 W, 68
2026/08/14 03:28:10.592, NVIDIA GeForce RTX 4090, 38 %, 13 %, 19206 MiB, 49140 MiB, 304.67 W, 59
2026/08/14 03:28:11.592, NVIDIA GeForce RTX 4090, 40 %, 13 %, 19206 MiB, 49140 MiB, 283.34 W, 59
2026/08/14 03:28:12.592, NVIDIA GeForce RTX 4090, 49 %, 17 %, 19206 MiB, 49140 MiB, 283.33 W, 59
2026/08/14 03:28:13.593, NVIDIA GeForce RTX 4090, 74 %, 42 %, 19206 MiB, 49140 MiB, 291.92 W, 61
2026/08/14 03:28:14.593, NVIDIA GeForce RTX 4090, 88 %, 45 %, 19206 MiB, 49140 MiB, 302.04 W, 64
2026/08/14 03:28:15.593, NVIDIA GeForce RTX 4090, 40 %, 15 %, 19206 MiB, 49140 MiB, 283.67 W, 61
2026/08/14 03:28:16.593, NVIDIA GeForce RTX 4090, 39 %, 14 %, 19206 MiB, 49140 MiB, 276.35 W, 59
2026/08/14 03:28:17.593, NVIDIA GeForce RTX 4090, 39 %, 13 %, 19206 MiB, 49140 MiB, 276.66 W, 58
2026/08/14 03:28:18.594, NVIDIA GeForce RTX 4090, 53 %, 21 %, 19206 MiB, 49140 MiB, 285.52 W, 59
2026/08/14 03:28:19.594, NVIDIA GeForce RTX 4090, 81 %, 44 %, 19206 MiB, 49140 MiB, 280.22 W, 62
2026/08/14 03:28:20.594, NVIDIA GeForce RTX 4090, 72 %, 43 %, 19206 MiB, 49140 MiB, 287.61 W, 62
2026/08/14 03:28:21.594, NVIDIA GeForce RTX 4090, 50 %, 23 %, 19206 MiB, 49140 MiB, 300.64 W, 61
2026/08/14 03:28:22.594, NVIDIA GeForce RTX 4090, 38 %, 13 %, 19206 MiB, 49140 MiB, 281.63 W, 59
2026/08/14 03:28:23.595, NVIDIA GeForce RTX 4090, 31 %, 10 %, 19206 MiB, 49140 MiB, 279.61 W, 58
2026/08/14 03:28:24.595, NVIDIA GeForce RTX 4090, 42 %, 15 %, 19206 MiB, 49140 MiB, 277.93 W, 58
2026/08/14 03:28:25.595, NVIDIA GeForce RTX 4090, 61 %, 31 %, 19206 MiB, 49140 MiB, 283.09 W, 59
2026/08/14 03:28:26.595, NVIDIA GeForce RTX 4090, 93 %, 51 %, 19206 MiB, 49140 MiB, 311.97 W, 68
2026/08/14 03:28:27.596, NVIDIA GeForce RTX 4090, 36 %, 14 %, 19206 MiB, 49140 MiB, 301.46 W, 61
2026/08/14 03:28:28.596, NVIDIA GeForce RTX 4090, 36 %, 12 %, 19206 MiB, 49140 MiB, 278.34 W, 59
2026/08/14 03:28:29.596, NVIDIA GeForce RTX 4090, 40 %, 15 %, 19206 MiB, 49140 MiB, 288.12 W, 60
2026/08/14 03:28:30.596, NVIDIA GeForce RTX 4090, 74 %, 42 %, 19206 MiB, 49140 MiB, 294.39 W, 62
2026/08/14 03:28:31.597, NVIDIA GeForce RTX 4090, 54 %, 24 %, 19206 MiB, 49140 MiB, 309.98 W, 62
2026/08/14 03:28:32.597, NVIDIA GeForce RTX 4090, 31 %, 11 %, 19206 MiB, 49140 MiB, 279.27 W, 60
2026/08/14 03:28:33.597, NVIDIA GeForce RTX 4090, 43 %, 15 %, 19206 MiB, 49140 MiB, 279.03 W, 59
2026/08/14 03:28:34.597, NVIDIA GeForce RTX 4090, 54 %, 22 %, 19206 MiB, 49140 MiB, 288.55 W, 59
2026/08/14 03:28:35.597, NVIDIA GeForce RTX 4090, 0 %, 0 %, 19206 MiB, 49140 MiB, 324.10 W, 58
2026/08/14 03:28:36.598, NVIDIA GeForce RTX 4090, 0 %, 0 %, 19206 MiB, 49140 MiB, 106.07 W, 55
2026/08/14 03:28:37.598, NVIDIA GeForce RTX 4090, 2 %, 0 %, 19206 MiB, 49140 MiB, 99.45 W, 53
2026/08/14 03:28:38.598, NVIDIA GeForce RTX 4090, 16 %, 5 %, 19206 MiB, 49140 MiB, 153.13 W, 57
2026/08/14 03:28:39.598, NVIDIA GeForce RTX 4090, 30 %, 11 %, 19206 MiB, 49140 MiB, 260.93 W, 58
2026/08/14 03:28:40.599, NVIDIA GeForce RTX 4090, 35 %, 12 %, 19206 MiB, 49140 MiB, 266.57 W, 58
2026/08/14 03:28:41.599, NVIDIA GeForce RTX 4090, 41 %, 13 %, 19206 MiB, 49140 MiB, 267.90 W, 57
2026/08/14 03:28:42.599, NVIDIA GeForce RTX 4090, 40 %, 15 %, 19206 MiB, 49140 MiB, 271.48 W, 58
2026/08/14 03:28:43.600, NVIDIA GeForce RTX 4090, 33 %, 14 %, 19206 MiB, 49140 MiB, 270.71 W, 58
2026/08/14 03:28:44.600, NVIDIA GeForce RTX 4090, 64 %, 34 %, 19206 MiB, 49140 MiB, 272.67 W, 59
2026/08/14 03:28:45.600, NVIDIA GeForce RTX 4090, 68 %, 40 %, 19206 MiB, 49140 MiB, 281.72 W, 62
2026/08/14 03:28:46.600, NVIDIA GeForce RTX 4090, 57 %, 26 %, 19206 MiB, 49140 MiB, 298.93 W, 61
2026/08/14 03:28:47.601, NVIDIA GeForce RTX 4090, 32 %, 11 %, 19206 MiB, 49140 MiB, 279.18 W, 60
2026/08/14 03:28:48.601, NVIDIA GeForce RTX 4090, 34 %, 12 %, 19206 MiB, 49140 MiB, 270.69 W, 59
2026/08/14 03:28:49.601, NVIDIA GeForce RTX 4090, 53 %, 20 %, 19206 MiB, 49140 MiB, 277.35 W, 58
2026/08/14 03:28:50.602, NVIDIA GeForce RTX 4090, 55 %, 28 %, 19206 MiB, 49140 MiB, 276.69 W, 58
2026/08/14 03:28:51.602, NVIDIA GeForce RTX 4090, 72 %, 43 %, 19206 MiB, 49140 MiB, 291.37 W, 62
2026/08/14 03:28:52.602, NVIDIA GeForce RTX 4090, 75 %, 40 %, 19206 MiB, 49140 MiB, 284.92 W, 67
2026/08/14 03:28:53.602, NVIDIA GeForce RTX 4090, 24 %, 9 %, 19206 MiB, 49140 MiB, 285.70 W, 60
2026/08/14 03:28:54.602, NVIDIA GeForce RTX 4090, 31 %, 10 %, 19206 MiB, 49140 MiB, 263.19 W, 58
2026/08/14 03:28:55.602, NVIDIA GeForce RTX 4090, 42 %, 14 %, 19206 MiB, 49140 MiB, 287.16 W, 59
2026/08/14 03:28:56.603, NVIDIA GeForce RTX 4090, 51 %, 21 %, 19206 MiB, 49140 MiB, 280.87 W, 59
2026/08/14 03:28:57.603, NVIDIA GeForce RTX 4090, 74 %, 41 %, 19206 MiB, 49140 MiB, 289.03 W, 62
2026/08/14 03:28:58.603, NVIDIA GeForce RTX 4090, 90 %, 49 %, 19206 MiB, 49140 MiB, 301.33 W, 68
2026/08/14 03:28:59.603, NVIDIA GeForce RTX 4090, 37 %, 15 %, 19206 MiB, 49140 MiB, 287.17 W, 61
2026/08/14 03:29:00.604, NVIDIA GeForce RTX 4090, 38 %, 13 %, 19206 MiB, 49140 MiB, 271.08 W, 59
2026/08/14 03:29:01.604, NVIDIA GeForce RTX 4090, 35 %, 11 %, 19206 MiB, 49140 MiB, 285.89 W, 59
2026/08/14 03:29:02.604, NVIDIA GeForce RTX 4090, 50 %, 21 %, 19206 MiB, 49140 MiB, 279.31 W, 60
2026/08/14 03:29:03.604, NVIDIA GeForce RTX 4090, 61 %, 34 %, 19206 MiB, 49140 MiB, 278.36 W, 63
2026/08/14 03:29:04.604, NVIDIA GeForce RTX 4090, 93 %, 54 %, 19206 MiB, 49140 MiB, 296.62 W, 62
2026/08/14 03:29:05.605, NVIDIA GeForce RTX 4090, 46 %, 20 %, 19206 MiB, 49140 MiB, 297.51 W, 59
2026/08/14 03:29:06.605, NVIDIA GeForce RTX 4090, 19 %, 7 %, 19206 MiB, 49140 MiB, 274.44 W, 58
2026/08/14 03:29:07.605, NVIDIA GeForce RTX 4090, 35 %, 12 %, 19206 MiB, 49140 MiB, 270.20 W, 59
2026/08/14 03:29:08.605, NVIDIA GeForce RTX 4090, 34 %, 13 %, 19206 MiB, 49140 MiB, 280.44 W, 59
2026/08/14 03:29:09.606, NVIDIA GeForce RTX 4090, 61 %, 35 %, 19206 MiB, 49140 MiB, 280.41 W, 64
2026/08/14 03:29:10.606, NVIDIA GeForce RTX 4090, 93 %, 55 %, 19206 MiB, 49140 MiB, 300.34 W, 66
2026/08/14 03:29:11.606, NVIDIA GeForce RTX 4090, 45 %, 16 %, 19206 MiB, 49140 MiB, 306.16 W, 59
2026/08/14 03:29:12.606, NVIDIA GeForce RTX 4090, 33 %, 12 %, 19206 MiB, 49140 MiB, 274.29 W, 59
2026/08/14 03:29:13.607, NVIDIA GeForce RTX 4090, 34 %, 11 %, 19206 MiB, 49140 MiB, 269.33 W, 59
2026/08/14 03:29:14.607, NVIDIA GeForce RTX 4090, 40 %, 16 %, 19206 MiB, 49140 MiB, 276.56 W, 59
2026/08/14 03:29:15.607, NVIDIA GeForce RTX 4090, 66 %, 35 %, 19206 MiB, 49140 MiB, 283.53 W, 64
2026/08/14 03:29:16.607, NVIDIA GeForce RTX 4090, 94 %, 54 %, 19206 MiB, 49140 MiB, 299.07 W, 65
2026/08/14 03:29:17.607, NVIDIA GeForce RTX 4090, 32 %, 11 %, 19206 MiB, 49140 MiB, 308.08 W, 60
2026/08/14 03:29:18.608, NVIDIA GeForce RTX 4090, 34 %, 11 %, 19206 MiB, 49140 MiB, 276.79 W, 59
2026/08/14 03:29:19.608, NVIDIA GeForce RTX 4090, 40 %, 14 %, 19206 MiB, 49140 MiB, 268.08 W, 60
2026/08/14 03:29:20.608, NVIDIA GeForce RTX 4090, 53 %, 21 %, 19206 MiB, 49140 MiB, 271.07 W, 62
2026/08/14 03:29:21.608, NVIDIA GeForce RTX 4090, 60 %, 33 %, 19206 MiB, 49140 MiB, 276.39 W, 66
2026/08/14 03:29:22.609, NVIDIA GeForce RTX 4090, 33 %, 13 %, 19206 MiB, 49140 MiB, 368.46 W, 60
2026/08/14 03:29:23.609, NVIDIA GeForce RTX 4090, 37 %, 13 %, 19206 MiB, 49140 MiB, 279.47 W, 60
2026/08/14 03:29:24.609, NVIDIA GeForce RTX 4090, 59 %, 20 %, 19206 MiB, 49140 MiB, 277.14 W, 61
2026/08/14 03:29:25.683, NVIDIA GeForce RTX 4090, 41 %, 14 %, 19206 MiB, 49140 MiB, 279.65 W, 59
2026/08/14 03:29:26.683, NVIDIA GeForce RTX 4090, 44 %, 14 %, 19206 MiB, 49140 MiB, 273.65 W, 60
2026/08/14 03:29:27.684, NVIDIA GeForce RTX 4090, 50 %, 20 %, 19206 MiB, 49140 MiB, 277.52 W, 61
2026/08/14 03:29:28.684, NVIDIA GeForce RTX 4090, 69 %, 36 %, 19206 MiB, 49140 MiB, 280.27 W, 65
2026/08/14 03:29:29.684, NVIDIA GeForce RTX 4090, 52 %, 25 %, 19206 MiB, 49140 MiB, 306.55 W, 62
2026/08/14 03:29:30.684, NVIDIA GeForce RTX 4090, 53 %, 19 %, 19206 MiB, 49140 MiB, 296.33 W, 60
2026/08/14 03:29:31.685, NVIDIA GeForce RTX 4090, 43 %, 17 %, 19206 MiB, 49140 MiB, 281.97 W, 60
2026/08/14 03:29:32.685, NVIDIA GeForce RTX 4090, 69 %, 37 %, 19206 MiB, 49140 MiB, 292.46 W, 66
2026/08/14 03:29:33.685, NVIDIA GeForce RTX 4090, 88 %, 45 %, 19206 MiB, 49140 MiB, 302.79 W, 64
2026/08/14 03:29:34.685, NVIDIA GeForce RTX 4090, 41 %, 15 %, 19206 MiB, 49140 MiB, 305.17 W, 61
2026/08/14 03:29:35.685, NVIDIA GeForce RTX 4090, 44 %, 15 %, 19206 MiB, 49140 MiB, 276.38 W, 61
2026/08/14 03:29:36.686, NVIDIA GeForce RTX 4090, 42 %, 18 %, 19206 MiB, 49140 MiB, 285.98 W, 68
2026/08/14 03:29:37.686, NVIDIA GeForce RTX 4090, 93 %, 54 %, 19206 MiB, 49140 MiB, 313.56 W, 65
2026/08/14 03:29:38.686, NVIDIA GeForce RTX 4090, 52 %, 22 %, 19206 MiB, 49140 MiB, 299.74 W, 60
2026/08/14 03:29:39.686, NVIDIA GeForce RTX 4090, 40 %, 14 %, 19206 MiB, 49140 MiB, 282.56 W, 60
2026/08/14 03:29:40.686, NVIDIA GeForce RTX 4090, 40 %, 13 %, 19206 MiB, 49140 MiB, 277.10 W, 60
2026/08/14 03:29:41.686, NVIDIA GeForce RTX 4090, 45 %, 18 %, 19206 MiB, 49140 MiB, 280.93 W, 62
2026/08/14 03:29:42.687, NVIDIA GeForce RTX 4090, 68 %, 40 %, 19206 MiB, 49140 MiB, 299.32 W, 67
2026/08/14 03:29:43.687, NVIDIA GeForce RTX 4090, 52 %, 25 %, 19206 MiB, 49140 MiB, 299.44 W, 63
2026/08/14 03:29:44.687, NVIDIA GeForce RTX 4090, 47 %, 18 %, 19206 MiB, 49140 MiB, 281.27 W, 60
2026/08/14 03:29:45.688, NVIDIA GeForce RTX 4090, 27 %, 10 %, 19206 MiB, 49140 MiB, 271.83 W, 59
2026/08/14 03:29:46.688, NVIDIA GeForce RTX 4090, 39 %, 13 %, 19206 MiB, 49140 MiB, 265.55 W, 60
2026/08/14 03:29:47.688, NVIDIA GeForce RTX 4090, 40 %, 16 %, 19206 MiB, 49140 MiB, 285.22 W, 61
2026/08/14 03:29:48.689, NVIDIA GeForce RTX 4090, 52 %, 27 %, 19206 MiB, 49140 MiB, 282.91 W, 67
2026/08/14 03:29:49.689, NVIDIA GeForce RTX 4090, 92 %, 53 %, 19206 MiB, 49140 MiB, 298.54 W, 65
2026/08/14 03:29:50.689, NVIDIA GeForce RTX 4090, 40 %, 14 %, 19206 MiB, 49140 MiB, 310.30 W, 61
2026/08/14 03:29:51.689, NVIDIA GeForce RTX 4090, 46 %, 15 %, 19206 MiB, 49140 MiB, 280.73 W, 60
2026/08/14 03:29:52.690, NVIDIA GeForce RTX 4090, 43 %, 17 %, 19206 MiB, 49140 MiB, 280.05 W, 60
2026/08/14 03:29:53.690, NVIDIA GeForce RTX 4090, 70 %, 38 %, 19206 MiB, 49140 MiB, 292.72 W, 66
2026/08/14 03:29:54.690, NVIDIA GeForce RTX 4090, 88 %, 44 %, 19206 MiB, 49140 MiB, 305.24 W, 65
2026/08/14 03:29:55.690, NVIDIA GeForce RTX 4090, 40 %, 14 %, 19206 MiB, 49140 MiB, 302.99 W, 61
2026/08/14 03:29:56.691, NVIDIA GeForce RTX 4090, 37 %, 12 %, 19206 MiB, 49140 MiB, 278.12 W, 61
2026/08/14 03:29:57.691, NVIDIA GeForce RTX 4090, 43 %, 17 %, 19206 MiB, 49140 MiB, 280.00 W, 61
2026/08/14 03:29:58.691, NVIDIA GeForce RTX 4090, 56 %, 29 %, 19206 MiB, 49140 MiB, 284.51 W, 66
2026/08/14 03:29:59.691, NVIDIA GeForce RTX 4090, 92 %, 53 %, 19206 MiB, 49140 MiB, 302.89 W, 68
2026/08/14 03:30:00.691, NVIDIA GeForce RTX 4090, 53 %, 19 %, 19206 MiB, 49140 MiB, 306.73 W, 61
2026/08/14 03:30:01.692, NVIDIA GeForce RTX 4090, 36 %, 12 %, 19206 MiB, 49140 MiB, 283.94 W, 60
2026/08/14 03:30:02.692, NVIDIA GeForce RTX 4090, 38 %, 15 %, 19206 MiB, 49140 MiB, 283.78 W, 61
2026/08/14 03:30:03.692, NVIDIA GeForce RTX 4090, 93 %, 50 %, 19206 MiB, 49140 MiB, 293.13 W, 67
2026/08/14 03:30:04.692, NVIDIA GeForce RTX 4090, 0 %, 0 %, 19206 MiB, 49140 MiB, 313.10 W, 56
2026/08/14 03:30:05.692, NVIDIA GeForce RTX 4090, 0 %, 0 %, 19206 MiB, 49140 MiB, 106.52 W, 55
2026/08/14 03:30:06.693, NVIDIA GeForce RTX 4090, 5 %, 0 %, 19206 MiB, 49140 MiB, 97.97 W, 53
2026/08/14 03:30:07.693, NVIDIA GeForce RTX 4090, 53 %, 28 %, 19206 MiB, 49140 MiB, 222.91 W, 65
2026/08/14 03:30:08.693, NVIDIA GeForce RTX 4090, 71 %, 42 %, 19206 MiB, 49140 MiB, 275.26 W, 65
2026/08/14 03:30:09.693, NVIDIA GeForce RTX 4090, 90 %, 51 %, 19206 MiB, 49140 MiB, 296.98 W, 67
2026/08/14 03:30:10.693, NVIDIA GeForce RTX 4090, 87 %, 41 %, 19206 MiB, 49140 MiB, 299.27 W, 63
2026/08/14 03:30:11.694, NVIDIA GeForce RTX 4090, 38 %, 13 %, 19206 MiB, 49140 MiB, 285.33 W, 60
2026/08/14 03:30:12.694, NVIDIA GeForce RTX 4090, 36 %, 12 %, 19206 MiB, 49140 MiB, 283.71 W, 61
2026/08/14 03:30:13.694, NVIDIA GeForce RTX 4090, 29 %, 9 %, 19206 MiB, 49140 MiB, 264.65 W, 59
2026/08/14 03:30:14.694, NVIDIA GeForce RTX 4090, 37 %, 14 %, 19206 MiB, 49140 MiB, 264.32 W, 67
2026/08/14 03:30:15.695, NVIDIA GeForce RTX 4090, 71 %, 42 %, 19206 MiB, 49140 MiB, 296.30 W, 65
2026/08/14 03:30:16.695, NVIDIA GeForce RTX 4090, 74 %, 41 %, 19206 MiB, 49140 MiB, 301.33 W, 65
2026/08/14 03:30:17.695, NVIDIA GeForce RTX 4090, 32 %, 11 %, 19206 MiB, 49140 MiB, 301.24 W, 62
2026/08/14 03:30:18.695, NVIDIA GeForce RTX 4090, 34 %, 12 %, 19206 MiB, 49140 MiB, 277.75 W, 60
2026/08/14 03:30:19.696, NVIDIA GeForce RTX 4090, 37 %, 15 %, 19206 MiB, 49140 MiB, 281.17 W, 61
2026/08/14 03:30:20.696, NVIDIA GeForce RTX 4090, 54 %, 29 %, 19206 MiB, 49140 MiB, 282.20 W, 66
2026/08/14 03:30:21.696, NVIDIA GeForce RTX 4090, 70 %, 43 %, 19206 MiB, 49140 MiB, 283.56 W, 68
2026/08/14 03:30:22.696, NVIDIA GeForce RTX 4090, 88 %, 43 %, 19206 MiB, 49140 MiB, 306.50 W, 62
2026/08/14 03:30:23.696, NVIDIA GeForce RTX 4090, 32 %, 11 %, 19206 MiB, 49140 MiB, 286.74 W, 61
2026/08/14 03:30:24.697, NVIDIA GeForce RTX 4090, 30 %, 11 %, 19206 MiB, 49140 MiB, 278.67 W, 61
2026/08/14 03:30:25.697, NVIDIA GeForce RTX 4090, 41 %, 16 %, 19206 MiB, 49140 MiB, 279.63 W, 61
2026/08/14 03:30:26.697, NVIDIA GeForce RTX 4090, 53 %, 28 %, 19206 MiB, 49140 MiB, 287.29 W, 60
2026/08/14 03:30:27.697, NVIDIA GeForce RTX 4090, 70 %, 41 %, 19206 MiB, 49140 MiB, 287.38 W, 67
2026/08/14 03:30:28.697, NVIDIA GeForce RTX 4090, 74 %, 42 %, 19206 MiB, 49140 MiB, 287.91 W, 66
2026/08/14 03:30:29.697, NVIDIA GeForce RTX 4090, 54 %, 27 %, 19206 MiB, 49140 MiB, 285.20 W, 62
2026/08/14 03:30:30.699, NVIDIA GeForce RTX 4090, 27 %, 9 %, 19206 MiB, 49140 MiB, 277.45 W, 58
2026/08/14 03:30:31.700, NVIDIA GeForce RTX 4090, 31 %, 11 %, 19206 MiB, 49140 MiB, 276.61 W, 62
2026/08/14 03:30:32.701, NVIDIA GeForce RTX 4090, 45 %, 17 %, 19206 MiB, 49140 MiB, 280.69 W, 66
2026/08/14 03:30:33.703, NVIDIA GeForce RTX 4090, 70 %, 40 %, 19206 MiB, 49140 MiB, 288.63 W, 66
2026/08/14 03:30:34.704, NVIDIA GeForce RTX 4090, 89 %, 44 %, 19206 MiB, 49140 MiB, 318.40 W, 63
2026/08/14 03:30:35.705, NVIDIA GeForce RTX 4090, 40 %, 15 %, 19206 MiB, 49140 MiB, 284.60 W, 61
2026/08/14 03:30:36.707, NVIDIA GeForce RTX 4090, 37 %, 12 %, 19206 MiB, 49140 MiB, 281.51 W, 61
2026/08/14 03:30:37.708, NVIDIA GeForce RTX 4090, 33 %, 13 %, 19206 MiB, 49140 MiB, 278.21 W, 62
2026/08/14 03:30:38.709, NVIDIA GeForce RTX 4090, 52 %, 27 %, 19206 MiB, 49140 MiB, 284.00 W, 67
2026/08/14 03:30:39.710, NVIDIA GeForce RTX 4090, 95 %, 54 %, 19206 MiB, 49140 MiB, 303.73 W, 68
2026/08/14 03:30:40.712, NVIDIA GeForce RTX 4090, 52 %, 25 %, 19206 MiB, 49140 MiB, 285.35 W, 63
2026/08/14 03:30:41.713, NVIDIA GeForce RTX 4090, 31 %, 11 %, 19206 MiB, 49140 MiB, 284.81 W, 62
2026/08/14 03:30:42.714, NVIDIA GeForce RTX 4090, 34 %, 11 %, 19206 MiB, 49140 MiB, 273.42 W, 63
2026/08/14 03:30:43.715, NVIDIA GeForce RTX 4090, 37 %, 14 %, 19206 MiB, 49140 MiB, 283.77 W, 66
2026/08/14 03:30:44.717, NVIDIA GeForce RTX 4090, 96 %, 53 %, 19206 MiB, 49140 MiB, 309.11 W, 68
2026/08/14 03:30:45.783, NVIDIA GeForce RTX 4090, 53 %, 25 %, 19206 MiB, 49140 MiB, 297.86 W, 62
2026/08/14 03:30:46.785, NVIDIA GeForce RTX 4090, 32 %, 12 %, 19206 MiB, 49140 MiB, 271.98 W, 62
2026/08/14 03:30:47.786, NVIDIA GeForce RTX 4090, 34 %, 11 %, 19206 MiB, 49140 MiB, 280.51 W, 62
2026/08/14 03:30:48.787, NVIDIA GeForce RTX 4090, 39 %, 14 %, 19206 MiB, 49140 MiB, 277.55 W, 63
2026/08/14 03:30:49.789, NVIDIA GeForce RTX 4090, 53 %, 27 %, 19206 MiB, 49140 MiB, 280.33 W, 67
2026/08/14 03:30:50.790, NVIDIA GeForce RTX 4090, 29 %, 10 %, 19206 MiB, 49140 MiB, 377.14 W, 63
2026/08/14 03:30:51.791, NVIDIA GeForce RTX 4090, 25 %, 9 %, 19206 MiB, 49140 MiB, 273.57 W, 62
2026/08/14 03:30:52.792, NVIDIA GeForce RTX 4090, 28 %, 9 %, 19206 MiB, 49140 MiB, 269.00 W, 64
2026/08/14 03:30:53.794, NVIDIA GeForce RTX 4090, 43 %, 16 %, 19206 MiB, 49140 MiB, 281.23 W, 68
2026/08/14 03:30:54.795, NVIDIA GeForce RTX 4090, 53 %, 27 %, 19206 MiB, 49140 MiB, 277.96 W, 67
2026/08/14 03:30:55.796, NVIDIA GeForce RTX 4090, 70 %, 39 %, 19206 MiB, 49140 MiB, 285.97 W, 67
2026/08/14 03:30:56.798, NVIDIA GeForce RTX 4090, 91 %, 47 %, 19206 MiB, 49140 MiB, 308.61 W, 63
2026/08/14 03:30:57.799, NVIDIA GeForce RTX 4090, 29 %, 10 %, 19206 MiB, 49140 MiB, 286.24 W, 62
2026/08/14 03:30:58.800, NVIDIA GeForce RTX 4090, 31 %, 11 %, 19206 MiB, 49140 MiB, 284.07 W, 63
2026/08/14 03:30:59.801, NVIDIA GeForce RTX 4090, 53 %, 27 %, 19206 MiB, 49140 MiB, 283.09 W, 67
2026/08/14 03:31:00.803, NVIDIA GeForce RTX 4090, 71 %, 39 %, 19206 MiB, 49140 MiB, 285.91 W, 66
2026/08/14 03:31:01.804, NVIDIA GeForce RTX 4090, 93 %, 51 %, 19206 MiB, 49140 MiB, 293.49 W, 68
2026/08/14 03:31:02.805, NVIDIA GeForce RTX 4090, 33 %, 12 %, 19206 MiB, 49140 MiB, 299.48 W, 63
2026/08/14 03:31:03.806, NVIDIA GeForce RTX 4090, 36 %, 13 %, 19206 MiB, 49140 MiB, 269.46 W, 63
2026/08/14 03:31:04.808, NVIDIA GeForce RTX 4090, 32 %, 10 %, 19206 MiB, 49140 MiB, 283.48 W, 64
2026/08/14 03:31:05.809, NVIDIA GeForce RTX 4090, 30 %, 12 %, 19206 MiB, 49140 MiB, 279.15 W, 68
2026/08/14 03:31:06.810, NVIDIA GeForce RTX 4090, 69 %, 39 %, 19206 MiB, 49140 MiB, 292.46 W, 67
2026/08/14 03:31:07.812, NVIDIA GeForce RTX 4090, 90 %, 46 %, 19206 MiB, 49140 MiB, 310.29 W, 64
2026/08/14 03:31:08.813, NVIDIA GeForce RTX 4090, 19 %, 8 %, 19206 MiB, 49140 MiB, 267.72 W, 62
2026/08/14 03:31:09.814, NVIDIA GeForce RTX 4090, 30 %, 10 %, 19206 MiB, 49140 MiB, 269.38 W, 62
2026/08/14 03:31:10.815, NVIDIA GeForce RTX 4090, 32 %, 10 %, 19206 MiB, 49140 MiB, 275.38 W, 64
2026/08/14 03:31:11.817, NVIDIA GeForce RTX 4090, 53 %, 28 %, 19206 MiB, 49140 MiB, 295.10 W, 67
2026/08/14 03:31:12.818, NVIDIA GeForce RTX 4090, 66 %, 40 %, 19206 MiB, 49140 MiB, 285.64 W, 67
2026/08/14 03:31:13.819, NVIDIA GeForce RTX 4090, 89 %, 46 %, 19206 MiB, 49140 MiB, 311.14 W, 64
2026/08/14 03:31:14.820, NVIDIA GeForce RTX 4090, 34 %, 12 %, 19206 MiB, 49140 MiB, 288.46 W, 63
2026/08/14 03:31:15.822, NVIDIA GeForce RTX 4090, 34 %, 12 %, 19206 MiB, 49140 MiB, 271.81 W, 62
2026/08/14 03:31:16.823, NVIDIA GeForce RTX 4090, 33 %, 10 %, 19206 MiB, 49140 MiB, 271.07 W, 65
2026/08/14 03:31:17.824, NVIDIA GeForce RTX 4090, 36 %, 15 %, 19206 MiB, 49140 MiB, 280.28 W, 67
2026/08/14 03:31:18.825, NVIDIA GeForce RTX 4090, 71 %, 40 %, 19206 MiB, 49140 MiB, 293.00 W, 66
2026/08/14 03:31:19.827, NVIDIA GeForce RTX 4090, 89 %, 46 %, 19206 MiB, 49140 MiB, 311.14 W, 64
2026/08/14 03:31:20.828, NVIDIA GeForce RTX 4090, 30 %, 10 %, 19206 MiB, 49140 MiB, 290.10 W, 63
2026/08/14 03:31:21.829, NVIDIA GeForce RTX 4090, 34 %, 11 %, 19206 MiB, 49140 MiB, 277.80 W, 64
2026/08/14 03:31:22.830, NVIDIA GeForce RTX 4090, 45 %, 17 %, 19206 MiB, 49140 MiB, 286.00 W, 67
2026/08/14 03:31:23.832, NVIDIA GeForce RTX 4090, 70 %, 40 %, 19206 MiB, 49140 MiB, 290.72 W, 68
2026/08/14 03:31:24.883, NVIDIA GeForce RTX 4090, 93 %, 53 %, 19206 MiB, 49140 MiB, 306.80 W, 68
2026/08/14 03:31:25.885, NVIDIA GeForce RTX 4090, 39 %, 14 %, 19206 MiB, 49140 MiB, 294.05 W, 63
2026/08/14 03:31:26.886, NVIDIA GeForce RTX 4090, 28 %, 9 %, 19206 MiB, 49140 MiB, 285.03 W, 65
2026/08/14 03:31:27.887, NVIDIA GeForce RTX 4090, 41 %, 15 %, 19206 MiB, 49140 MiB, 282.43 W, 66
2026/08/14 03:31:28.888, NVIDIA GeForce RTX 4090, 70 %, 39 %, 19206 MiB, 49140 MiB, 291.09 W, 68
2026/08/14 03:31:29.890, NVIDIA GeForce RTX 4090, 92 %, 53 %, 19206 MiB, 49140 MiB, 307.85 W, 68
2026/08/14 03:31:30.891, NVIDIA GeForce RTX 4090, 27 %, 11 %, 19206 MiB, 49140 MiB, 290.54 W, 68
2026/08/14 03:31:31.892, NVIDIA GeForce RTX 4090, 33 %, 12 %, 19206 MiB, 49140 MiB, 276.09 W, 63
2026/08/14 03:31:32.893, NVIDIA GeForce RTX 4090, 38 %, 13 %, 19206 MiB, 49140 MiB, 281.21 W, 64
2026/08/14 03:31:33.895, NVIDIA GeForce RTX 4090, 53 %, 30 %, 19206 MiB, 49140 MiB, 352.80 W, 60
2026/08/14 03:31:34.896, NVIDIA GeForce RTX 4090, 3 %, 0 %, 19206 MiB, 49140 MiB, 122.96 W, 55
2026/08/14 03:31:35.897, NVIDIA GeForce RTX 4090, 3 %, 0 %, 19206 MiB, 49140 MiB, 101.06 W, 54
2026/08/14 03:31:36.899, NVIDIA GeForce RTX 4090, 51 %, 26 %, 19206 MiB, 49140 MiB, 135.53 W, 65
2026/08/14 03:31:37.900, NVIDIA GeForce RTX 4090, 73 %, 37 %, 19206 MiB, 49140 MiB, 262.48 W, 65
2026/08/14 03:31:38.901, NVIDIA GeForce RTX 4090, 21 %, 9 %, 19206 MiB, 49140 MiB, 274.68 W, 61
2026/08/14 03:31:39.903, NVIDIA GeForce RTX 4090, 35 %, 13 %, 19206 MiB, 49140 MiB, 267.36 W, 60
2026/08/14 03:31:40.904, NVIDIA GeForce RTX 4090, 17 %, 6 %, 19206 MiB, 49140 MiB, 271.06 W, 60
2026/08/14 03:31:41.905, NVIDIA GeForce RTX 4090, 16 %, 6 %, 19206 MiB, 49140 MiB, 258.72 W, 63
2026/08/14 03:31:42.907, NVIDIA GeForce RTX 4090, 33 %, 11 %, 19206 MiB, 49140 MiB, 263.23 W, 66
2026/08/14 03:31:43.908, NVIDIA GeForce RTX 4090, 29 %, 10 %, 19206 MiB, 49140 MiB, 254.48 W, 65
2026/08/14 03:31:44.909, NVIDIA GeForce RTX 4090, 39 %, 14 %, 19206 MiB, 49140 MiB, 268.81 W, 65
2026/08/14 03:31:45.983, NVIDIA GeForce RTX 4090, 70 %, 39 %, 19206 MiB, 49140 MiB, 294.24 W, 67
2026/08/14 03:31:46.985, NVIDIA GeForce RTX 4090, 97 %, 56 %, 19206 MiB, 49140 MiB, 297.60 W, 67
2026/08/14 03:31:47.986, NVIDIA GeForce RTX 4090, 86 %, 45 %, 19206 MiB, 49140 MiB, 300.04 W, 63
2026/08/14 03:31:48.987, NVIDIA GeForce RTX 4090, 36 %, 14 %, 19206 MiB, 49140 MiB, 284.96 W, 61
2026/08/14 03:31:49.988, NVIDIA GeForce RTX 4090, 28 %, 10 %, 19206 MiB, 49140 MiB, 269.37 W, 59
2026/08/14 03:31:50.990, NVIDIA GeForce RTX 4090, 18 %, 6 %, 19206 MiB, 49140 MiB, 257.61 W, 61
2026/08/14 03:31:51.991, NVIDIA GeForce RTX 4090, 32 %, 11 %, 19206 MiB, 49140 MiB, 264.97 W, 65
2026/08/14 03:31:52.992, NVIDIA GeForce RTX 4090, 31 %, 12 %, 19206 MiB, 49140 MiB, 272.92 W, 65
2026/08/14 03:31:53.994, NVIDIA GeForce RTX 4090, 40 %, 16 %, 19206 MiB, 49140 MiB, 277.55 W, 66
2026/08/14 03:31:54.995, NVIDIA GeForce RTX 4090, 66 %, 38 %, 19206 MiB, 49140 MiB, 282.19 W, 67
2026/08/14 03:31:55.996, NVIDIA GeForce RTX 4090, 90 %, 52 %, 19206 MiB, 49140 MiB, 303.91 W, 66
2026/08/14 03:31:56.997, NVIDIA GeForce RTX 4090, 38 %, 14 %, 19206 MiB, 49140 MiB, 288.32 W, 63
2026/08/14 03:31:57.999, NVIDIA GeForce RTX 4090, 19 %, 7 %, 19206 MiB, 49140 MiB, 276.81 W, 63
2026/08/14 03:31:59.000, NVIDIA GeForce RTX 4090, 33 %, 11 %, 19206 MiB, 49140 MiB, 274.20 W, 66
2026/08/14 03:32:00.001, NVIDIA GeForce RTX 4090, 44 %, 17 %, 19206 MiB, 49140 MiB, 280.08 W, 66
2026/08/14 03:32:01.003, NVIDIA GeForce RTX 4090, 70 %, 38 %, 19206 MiB, 49140 MiB, 304.38 W, 67
2026/08/14 03:32:02.004, NVIDIA GeForce RTX 4090, 92 %, 52 %, 19206 MiB, 49140 MiB, 299.67 W, 67
2026/08/14 03:32:03.005, NVIDIA GeForce RTX 4090, 53 %, 24 %, 19206 MiB, 49140 MiB, 296.64 W, 64
2026/08/14 03:32:04.006, NVIDIA GeForce RTX 4090, 38 %, 14 %, 19206 MiB, 49140 MiB, 276.89 W, 64
2026/08/14 03:32:05.008, NVIDIA GeForce RTX 4090, 15 %, 5 %, 19206 MiB, 49140 MiB, 281.18 W, 65
2026/08/14 03:32:06.083, NVIDIA GeForce RTX 4090, 39 %, 16 %, 19206 MiB, 49140 MiB, 286.02 W, 66
2026/08/14 03:32:07.085, NVIDIA GeForce RTX 4090, 69 %, 38 %, 19206 MiB, 49140 MiB, 296.31 W, 65
2026/08/14 03:32:08.086, NVIDIA GeForce RTX 4090, 84 %, 43 %, 19206 MiB, 49140 MiB, 301.93 W, 69
2026/08/14 03:32:09.087, NVIDIA GeForce RTX 4090, 23 %, 8 %, 19206 MiB, 49140 MiB, 278.90 W, 65
2026/08/14 03:32:10.089, NVIDIA GeForce RTX 4090, 33 %, 12 %, 19206 MiB, 49140 MiB, 271.38 W, 66
2026/08/14 03:32:11.092, NVIDIA GeForce RTX 4090, 67 %, 25 %, 19206 MiB, 49140 MiB, 290.16 W, 67
2026/08/14 03:32:12.093, NVIDIA GeForce RTX 4090, 63 %, 37 %, 19206 MiB, 49140 MiB, 305.08 W, 65
2026/08/14 03:32:13.095, NVIDIA GeForce RTX 4090, 73 %, 39 %, 19206 MiB, 49140 MiB, 289.15 W, 67
2026/08/14 03:32:14.096, NVIDIA GeForce RTX 4090, 51 %, 24 %, 19206 MiB, 49140 MiB, 278.59 W, 64
2026/08/14 03:32:15.097, NVIDIA GeForce RTX 4090, 34 %, 12 %, 19206 MiB, 49140 MiB, 273.17 W, 64
2026/08/14 03:32:16.099, NVIDIA GeForce RTX 4090, 34 %, 12 %, 19206 MiB, 49140 MiB, 277.90 W, 67
2026/08/14 03:32:17.100, NVIDIA GeForce RTX 4090, 38 %, 15 %, 19206 MiB, 49140 MiB, 297.88 W, 66
2026/08/14 03:32:18.102, NVIDIA GeForce RTX 4090, 52 %, 25 %, 19206 MiB, 49140 MiB, 312.98 W, 68
2026/08/14 03:32:19.103, NVIDIA GeForce RTX 4090, 23 %, 9 %, 19206 MiB, 49140 MiB, 277.28 W, 62
2026/08/14 03:32:20.104, NVIDIA GeForce RTX 4090, 38 %, 14 %, 19206 MiB, 49140 MiB, 271.66 W, 65
2026/08/14 03:32:21.105, NVIDIA GeForce RTX 4090, 100 %, 53 %, 19206 MiB, 49140 MiB, 349.13 W, 69
2026/08/14 03:32:22.107, NVIDIA GeForce RTX 4090, 71 %, 37 %, 19206 MiB, 49140 MiB, 315.28 W, 67
2026/08/14 03:32:23.108, NVIDIA GeForce RTX 4090, 84 %, 44 %, 19206 MiB, 49140 MiB, 309.01 W, 66
2026/08/14 03:32:24.109, NVIDIA GeForce RTX 4090, 44 %, 15 %, 19206 MiB, 49140 MiB, 292.05 W, 68
2026/08/14 03:32:25.110, NVIDIA GeForce RTX 4090, 31 %, 11 %, 19206 MiB, 49140 MiB, 281.22 W, 67
2026/08/14 03:32:26.112, NVIDIA GeForce RTX 4090, 45 %, 16 %, 19206 MiB, 49140 MiB, 280.68 W, 67
2026/08/14 03:32:27.113, NVIDIA GeForce RTX 4090, 55 %, 24 %, 19206 MiB, 49140 MiB, 281.58 W, 66
2026/08/14 03:32:28.114, NVIDIA GeForce RTX 4090, 53 %, 25 %, 19206 MiB, 49140 MiB, 301.35 W, 68
2026/08/14 03:32:29.115, NVIDIA GeForce RTX 4090, 36 %, 14 %, 19206 MiB, 49140 MiB, 283.22 W, 65
2026/08/14 03:32:30.117, NVIDIA GeForce RTX 4090, 20 %, 7 %, 19206 MiB, 49140 MiB, 281.80 W, 68
2026/08/14 03:32:31.183, NVIDIA GeForce RTX 4090, 50 %, 18 %, 19206 MiB, 49140 MiB, 283.59 W, 67
2026/08/14 03:32:32.185, NVIDIA GeForce RTX 4090, 59 %, 26 %, 19206 MiB, 49140 MiB, 278.50 W, 68
2026/08/14 03:32:33.186, NVIDIA GeForce RTX 4090, 99 %, 57 %, 19206 MiB, 49140 MiB, 305.94 W, 67
2026/08/14 03:32:34.187, NVIDIA GeForce RTX 4090, 84 %, 43 %, 19206 MiB, 49140 MiB, 314.42 W, 69
2026/08/14 03:32:35.188, NVIDIA GeForce RTX 4090, 43 %, 15 %, 19206 MiB, 49140 MiB, 278.23 W, 67
2026/08/14 03:32:36.190, NVIDIA GeForce RTX 4090, 39 %, 13 %, 19206 MiB, 49140 MiB, 271.12 W, 66
2026/08/14 03:32:37.191, NVIDIA GeForce RTX 4090, 41 %, 14 %, 19206 MiB, 49140 MiB, 281.55 W, 67
2026/08/14 03:32:38.192, NVIDIA GeForce RTX 4090, 74 %, 42 %, 19206 MiB, 49140 MiB, 298.76 W, 67
2026/08/14 03:32:39.194, NVIDIA GeForce RTX 4090, 79 %, 45 %, 19206 MiB, 49140 MiB, 291.83 W, 65
2026/08/14 03:32:40.195, NVIDIA GeForce RTX 4090, 55 %, 27 %, 19206 MiB, 49140 MiB, 295.82 W, 65
2026/08/14 03:32:41.196, NVIDIA GeForce RTX 4090, 39 %, 15 %, 19206 MiB, 49140 MiB, 280.89 W, 65
2026/08/14 03:32:42.197, NVIDIA GeForce RTX 4090, 39 %, 13 %, 19206 MiB, 49140 MiB, 276.26 W, 66
2026/08/14 03:32:43.199, NVIDIA GeForce RTX 4090, 47 %, 18 %, 19206 MiB, 49140 MiB, 280.38 W, 66
2026/08/14 03:32:44.200, NVIDIA GeForce RTX 4090, 70 %, 35 %, 19206 MiB, 49140 MiB, 308.40 W, 67
2026/08/14 03:32:45.201, NVIDIA GeForce RTX 4090, 57 %, 28 %, 19206 MiB, 49140 MiB, 289.44 W, 65
2026/08/14 03:32:46.202, NVIDIA GeForce RTX 4090, 41 %, 15 %, 19206 MiB, 49140 MiB, 281.66 W, 68
2026/08/14 03:32:47.204, NVIDIA GeForce RTX 4090, 43 %, 15 %, 19206 MiB, 49140 MiB, 272.36 W, 66
2026/08/14 03:32:48.205, NVIDIA GeForce RTX 4090, 50 %, 24 %, 19206 MiB, 49140 MiB, 279.23 W, 65
2026/08/14 03:32:49.206, NVIDIA GeForce RTX 4090, 23 %, 8 %, 19206 MiB, 49140 MiB, 282.19 W, 68
2026/08/14 03:32:50.208, NVIDIA GeForce RTX 4090, 35 %, 12 %, 19206 MiB, 49140 MiB, 270.32 W, 66
2026/08/14 03:32:51.209, NVIDIA GeForce RTX 4090, 34 %, 11 %, 19206 MiB, 49140 MiB, 268.62 W, 67
2026/08/14 03:32:52.210, NVIDIA GeForce RTX 4090, 29 %, 11 %, 19206 MiB, 49140 MiB, 272.04 W, 67
2026/08/14 03:32:53.211, NVIDIA GeForce RTX 4090, 54 %, 23 %, 19206 MiB, 49140 MiB, 278.07 W, 67
2026/08/14 03:32:54.213, NVIDIA GeForce RTX 4090, 98 %, 58 %, 19206 MiB, 49140 MiB, 301.19 W, 67
2026/08/14 03:32:55.214, NVIDIA GeForce RTX 4090, 52 %, 25 %, 19206 MiB, 49140 MiB, 305.49 W, 66
2026/08/14 03:32:56.215, NVIDIA GeForce RTX 4090, 12 %, 4 %, 19206 MiB, 49140 MiB, 271.84 W, 63
2026/08/14 03:32:57.217, NVIDIA GeForce RTX 4090, 33 %, 11 %, 19206 MiB, 49140 MiB, 273.42 W, 68
2026/08/14 03:32:58.218, NVIDIA GeForce RTX 4090, 36 %, 13 %, 19206 MiB, 49140 MiB, 282.48 W, 67
2026/08/14 03:32:59.219, NVIDIA GeForce RTX 4090, 62 %, 32 %, 19206 MiB, 49140 MiB, 298.09 W, 68
2026/08/14 03:33:00.221, NVIDIA GeForce RTX 4090, 92 %, 53 %, 19206 MiB, 49140 MiB, 294.76 W, 65
2026/08/14 03:33:01.283, NVIDIA GeForce RTX 4090, 52 %, 26 %, 19206 MiB, 49140 MiB, 292.34 W, 67
2026/08/14 03:33:02.285, NVIDIA GeForce RTX 4090, 31 %, 10 %, 19206 MiB, 49140 MiB, 279.28 W, 67
2026/08/14 03:33:03.286, NVIDIA GeForce RTX 4090, 22 %, 7 %, 19206 MiB, 49140 MiB, 276.62 W, 67
2026/08/14 03:33:04.287, NVIDIA GeForce RTX 4090, 29 %, 18 %, 19206 MiB, 49140 MiB, 350.48 W, 68
2026/08/14 03:33:05.289, NVIDIA GeForce RTX 4090, 3 %, 0 %, 19206 MiB, 49140 MiB, 117.55 W, 56
2026/08/14 03:33:06.290, NVIDIA GeForce RTX 4090, 1 %, 0 %, 19206 MiB, 49140 MiB, 101.04 W, 54
2026/08/14 03:33:07.291, NVIDIA GeForce RTX 4090, 35 %, 13 %, 19206 MiB, 49140 MiB, 144.83 W, 64
2026/08/14 03:33:08.292, NVIDIA GeForce RTX 4090, 29 %, 10 %, 19206 MiB, 49140 MiB, 267.71 W, 65
2026/08/14 03:33:09.294, NVIDIA GeForce RTX 4090, 37 %, 14 %, 19206 MiB, 49140 MiB, 263.35 W, 64
2026/08/14 03:33:10.295, NVIDIA GeForce RTX 4090, 34 %, 12 %, 19206 MiB, 49140 MiB, 270.67 W, 66
2026/08/14 03:33:11.296, NVIDIA GeForce RTX 4090, 45 %, 16 %, 19206 MiB, 49140 MiB, 272.51 W, 66
2026/08/14 03:33:12.297, NVIDIA GeForce RTX 4090, 52 %, 20 %, 19206 MiB, 49140 MiB, 278.87 W, 66
2026/08/14 03:33:13.299, NVIDIA GeForce RTX 4090, 62 %, 32 %, 19206 MiB, 49140 MiB, 285.85 W, 66
2026/08/14 03:33:14.300, NVIDIA GeForce RTX 4090, 85 %, 48 %, 19206 MiB, 49140 MiB, 293.45 W, 64
2026/08/14 03:33:15.302, NVIDIA GeForce RTX 4090, 60 %, 31 %, 19206 MiB, 49140 MiB, 290.90 W, 68
2026/08/14 03:33:16.303, NVIDIA GeForce RTX 4090, 20 %, 7 %, 19206 MiB, 49140 MiB, 272.48 W, 63
2026/08/14 03:33:17.304, NVIDIA GeForce RTX 4090, 12 %, 5 %, 19206 MiB, 49140 MiB, 254.48 W, 64
2026/08/14 03:33:18.305, NVIDIA GeForce RTX 4090, 22 %, 9 %, 19206 MiB, 49140 MiB, 254.30 W, 63
2026/08/14 03:33:19.307, NVIDIA GeForce RTX 4090, 27 %, 10 %, 19206 MiB, 49140 MiB, 254.70 W, 67
2026/08/14 03:33:20.308, NVIDIA GeForce RTX 4090, 12 %, 4 %, 19206 MiB, 49140 MiB, 269.62 W, 66
2026/08/14 03:33:21.309, NVIDIA GeForce RTX 4090, 39 %, 13 %, 19206 MiB, 49140 MiB, 284.53 W, 66
2026/08/14 03:33:22.311, NVIDIA GeForce RTX 4090, 54 %, 21 %, 19206 MiB, 49140 MiB, 283.79 W, 66
2026/08/14 03:33:23.312, NVIDIA GeForce RTX 4090, 99 %, 59 %, 19206 MiB, 49140 MiB, 302.09 W, 67
2026/08/14 03:33:24.313, NVIDIA GeForce RTX 4090, 52 %, 26 %, 19206 MiB, 49140 MiB, 301.01 W, 66
2026/08/14 03:33:25.315, NVIDIA GeForce RTX 4090, 30 %, 10 %, 19206 MiB, 49140 MiB, 283.99 W, 68
2026/08/14 03:33:26.316, NVIDIA GeForce RTX 4090, 38 %, 13 %, 19206 MiB, 49140 MiB, 277.20 W, 67
2026/08/14 03:33:27.317, NVIDIA GeForce RTX 4090, 30 %, 12 %, 19206 MiB, 49140 MiB, 279.98 W, 66
2026/08/14 03:33:28.318, NVIDIA GeForce RTX 4090, 72 %, 35 %, 19206 MiB, 49140 MiB, 290.23 W, 65
2026/08/14 03:33:29.320, NVIDIA GeForce RTX 4090, 93 %, 53 %, 19206 MiB, 49140 MiB, 304.93 W, 66
2026/08/14 03:33:30.383, NVIDIA GeForce RTX 4090, 41 %, 16 %, 19206 MiB, 49140 MiB, 303.22 W, 69
2026/08/14 03:33:31.385, NVIDIA GeForce RTX 4090, 29 %, 10 %, 19206 MiB, 49140 MiB, 275.91 W, 65
2026/08/14 03:33:32.386, NVIDIA GeForce RTX 4090, 34 %, 12 %, 19206 MiB, 49140 MiB, 269.74 W, 67
2026/08/14 03:33:33.387, NVIDIA GeForce RTX 4090, 41 %, 15 %, 19206 MiB, 49140 MiB, 281.24 W, 67
2026/08/14 03:33:34.388, NVIDIA GeForce RTX 4090, 66 %, 34 %, 19206 MiB, 49140 MiB, 297.46 W, 66
2026/08/14 03:33:35.390, NVIDIA GeForce RTX 4090, 56 %, 27 %, 19206 MiB, 49140 MiB, 305.06 W, 65
2026/08/14 03:33:36.391, NVIDIA GeForce RTX 4090, 21 %, 8 %, 19206 MiB, 49140 MiB, 275.35 W, 64
2026/08/14 03:33:37.393, NVIDIA GeForce RTX 4090, 36 %, 13 %, 19206 MiB, 49140 MiB, 266.76 W, 65
2026/08/14 03:33:38.394, NVIDIA GeForce RTX 4090, 29 %, 10 %, 19206 MiB, 49140 MiB, 269.23 W, 67
2026/08/14 03:33:39.395, NVIDIA GeForce RTX 4090, 35 %, 12 %, 19206 MiB, 49140 MiB, 271.14 W, 65
2026/08/14 03:33:40.397, NVIDIA GeForce RTX 4090, 49 %, 17 %, 19206 MiB, 49140 MiB, 274.20 W, 66
2026/08/14 03:33:41.398, NVIDIA GeForce RTX 4090, 68 %, 35 %, 19206 MiB, 49140 MiB, 293.75 W, 66
2026/08/14 03:33:42.399, NVIDIA GeForce RTX 4090, 92 %, 54 %, 19206 MiB, 49140 MiB, 303.59 W, 67
2026/08/14 03:33:43.401, NVIDIA GeForce RTX 4090, 56 %, 29 %, 19206 MiB, 49140 MiB, 290.09 W, 67
2026/08/14 03:33:44.402, NVIDIA GeForce RTX 4090, 38 %, 14 %, 19206 MiB, 49140 MiB, 286.74 W, 65
2026/08/14 03:33:45.403, NVIDIA GeForce RTX 4090, 34 %, 11 %, 19206 MiB, 49140 MiB, 276.71 W, 67
2026/08/14 03:33:46.404, NVIDIA GeForce RTX 4090, 49 %, 17 %, 19206 MiB, 49140 MiB, 279.55 W, 67
2026/08/14 03:33:47.406, NVIDIA GeForce RTX 4090, 75 %, 36 %, 19206 MiB, 49140 MiB, 291.66 W, 66
2026/08/14 03:33:48.407, NVIDIA GeForce RTX 4090, 92 %, 53 %, 19206 MiB, 49140 MiB, 300.47 W, 68
2026/08/14 03:33:49.408, NVIDIA GeForce RTX 4090, 34 %, 14 %, 19206 MiB, 49140 MiB, 300.70 W, 68
2026/08/14 03:33:50.409, NVIDIA GeForce RTX 4090, 40 %, 14 %, 19206 MiB, 49140 MiB, 279.38 W, 67
2026/08/14 03:33:51.411, NVIDIA GeForce RTX 4090, 100 %, 56 %, 19206 MiB, 49140 MiB, 351.75 W, 69
2026/08/14 03:33:52.412, NVIDIA GeForce RTX 4090, 98 %, 60 %, 19206 MiB, 49140 MiB, 307.32 W, 66
2026/08/14 03:33:53.413, NVIDIA GeForce RTX 4090, 35 %, 14 %, 19206 MiB, 49140 MiB, 311.40 W, 68
2026/08/14 03:33:54.414, NVIDIA GeForce RTX 4090, 40 %, 14 %, 19206 MiB, 49140 MiB, 279.23 W, 67
2026/08/14 03:33:55.416, NVIDIA GeForce RTX 4090, 45 %, 15 %, 19206 MiB, 49140 MiB, 279.81 W, 67
2026/08/14 03:33:56.417, NVIDIA GeForce RTX 4090, 60 %, 23 %, 19206 MiB, 49140 MiB, 286.47 W, 66
2026/08/14 03:33:57.418, NVIDIA GeForce RTX 4090, 75 %, 42 %, 19206 MiB, 49140 MiB, 287.44 W, 66
2026/08/14 03:33:58.420, NVIDIA GeForce RTX 4090, 60 %, 30 %, 19206 MiB, 49140 MiB, 305.46 W, 66
2026/08/14 03:33:59.421, NVIDIA GeForce RTX 4090, 35 %, 14 %, 19206 MiB, 49140 MiB, 287.27 W, 67
2026/08/14 03:34:00.422, NVIDIA GeForce RTX 4090, 40 %, 14 %, 19206 MiB, 49140 MiB, 282.10 W, 68
2026/08/14 03:34:01.423, NVIDIA GeForce RTX 4090, 49 %, 17 %, 19206 MiB, 49140 MiB, 280.79 W, 66
2026/08/14 03:34:02.425, NVIDIA GeForce RTX 4090, 72 %, 36 %, 19206 MiB, 49140 MiB, 294.24 W, 66
2026/08/14 03:34:03.426, NVIDIA GeForce RTX 4090, 90 %, 52 %, 19206 MiB, 49140 MiB, 304.84 W, 69
2026/08/14 03:34:04.427, NVIDIA GeForce RTX 4090, 36 %, 15 %, 19206 MiB, 49140 MiB, 303.86 W, 67
2026/08/14 03:34:05.428, NVIDIA GeForce RTX 4090, 44 %, 15 %, 19206 MiB, 49140 MiB, 285.15 W, 66
2026/08/14 03:34:06.430, NVIDIA GeForce RTX 4090, 46 %, 16 %, 19206 MiB, 49140 MiB, 276.46 W, 65
2026/08/14 03:34:07.431, NVIDIA GeForce RTX 4090, 78 %, 37 %, 19206 MiB, 49140 MiB, 290.95 W, 66
2026/08/14 03:34:08.432, NVIDIA GeForce RTX 4090, 88 %, 52 %, 19206 MiB, 49140 MiB, 302.60 W, 67
2026/08/14 03:34:09.433, NVIDIA GeForce RTX 4090, 52 %, 25 %, 19206 MiB, 49140 MiB, 296.83 W, 67
2026/08/14 03:34:10.434, NVIDIA GeForce RTX 4090, 26 %, 9 %, 19206 MiB, 49140 MiB, 274.76 W, 65
2026/08/14 03:34:11.436, NVIDIA GeForce RTX 4090, 40 %, 14 %, 19206 MiB, 49140 MiB, 272.91 W, 67
2026/08/14 03:34:12.437, NVIDIA GeForce RTX 4090, 49 %, 17 %, 19206 MiB, 49140 MiB, 280.14 W, 66
2026/08/14 03:34:13.438, NVIDIA GeForce RTX 4090, 78 %, 37 %, 19206 MiB, 49140 MiB, 292.60 W, 66
2026/08/14 03:34:14.439, NVIDIA GeForce RTX 4090, 88 %, 46 %, 19206 MiB, 49140 MiB, 321.61 W, 68
2026/08/14 03:34:15.440, NVIDIA GeForce RTX 4090, 43 %, 17 %, 19206 MiB, 49140 MiB, 289.77 W, 66
2026/08/14 03:34:16.442, NVIDIA GeForce RTX 4090, 32 %, 11 %, 19206 MiB, 49140 MiB, 276.20 W, 65
2026/08/14 03:34:17.443, NVIDIA GeForce RTX 4090, 28 %, 9 %, 19206 MiB, 49140 MiB, 272.55 W, 64
2026/08/14 03:34:18.444, NVIDIA GeForce RTX 4090, 48 %, 18 %, 19206 MiB, 49140 MiB, 276.64 W, 65
2026/08/14 03:34:19.445, NVIDIA GeForce RTX 4090, 78 %, 44 %, 19206 MiB, 49140 MiB, 297.24 W, 65
2026/08/14 03:34:20.446, NVIDIA GeForce RTX 4090, 94 %, 52 %, 19206 MiB, 49140 MiB, 294.46 W, 69
2026/08/14 03:34:21.448, NVIDIA GeForce RTX 4090, 53 %, 25 %, 19206 MiB, 49140 MiB, 296.63 W, 66
2026/08/14 03:34:22.449, NVIDIA GeForce RTX 4090, 35 %, 12 %, 19206 MiB, 49140 MiB, 280.09 W, 65
2026/08/14 03:34:23.450, NVIDIA GeForce RTX 4090, 35 %, 12 %, 19206 MiB, 49140 MiB, 271.83 W, 67
2026/08/14 03:34:24.451, NVIDIA GeForce RTX 4090, 64 %, 23 %, 19206 MiB, 49140 MiB, 285.88 W, 67
2026/08/14 03:34:25.453, NVIDIA GeForce RTX 4090, 75 %, 42 %, 19206 MiB, 49140 MiB, 302.83 W, 65
2026/08/14 03:34:26.454, NVIDIA GeForce RTX 4090, 87 %, 47 %, 19206 MiB, 49140 MiB, 310.08 W, 69
2026/08/14 03:34:27.455, NVIDIA GeForce RTX 4090, 43 %, 17 %, 19206 MiB, 49140 MiB, 290.17 W, 67
2026/08/14 03:34:28.456, NVIDIA GeForce RTX 4090, 42 %, 15 %, 19206 MiB, 49140 MiB, 278.82 W, 66
2026/08/14 03:34:29.457, NVIDIA GeForce RTX 4090, 46 %, 15 %, 19206 MiB, 49140 MiB, 281.34 W, 65
2026/08/14 03:34:30.459, NVIDIA GeForce RTX 4090, 79 %, 39 %, 19206 MiB, 49140 MiB, 298.09 W, 66
2026/08/14 03:34:31.460, NVIDIA GeForce RTX 4090, 87 %, 50 %, 19206 MiB, 49140 MiB, 301.24 W, 68
2026/08/14 03:34:32.461, NVIDIA GeForce RTX 4090, 49 %, 19 %, 19206 MiB, 49140 MiB, 306.55 W, 67
2026/08/14 03:34:33.462, NVIDIA GeForce RTX 4090, 44 %, 15 %, 19206 MiB, 49140 MiB, 289.13 W, 66
2026/08/14 03:34:34.464, NVIDIA GeForce RTX 4090, 84 %, 44 %, 19206 MiB, 49140 MiB, 358.31 W, 62
2026/08/14 03:34:35.465, NVIDIA GeForce RTX 4090, 3 %, 0 %, 19206 MiB, 49140 MiB, 131.48 W, 56
2026/08/14 03:34:36.466, NVIDIA GeForce RTX 4090, 3 %, 0 %, 19206 MiB, 49140 MiB, 101.68 W, 54
2026/08/14 03:34:37.467, NVIDIA GeForce RTX 4090, 0 %, 0 %, 19206 MiB, 49140 MiB, 89.74 W, 54
2026/08/14 03:34:38.469, NVIDIA GeForce RTX 4090, 0 %, 0 %, 19206 MiB, 49140 MiB, 89.19 W, 53
2026/08/14 03:34:39.470, NVIDIA GeForce RTX 4090, 0 %, 0 %, 19206 MiB, 49140 MiB, 88.15 W, 53
2026/08/14 03:34:40.471, NVIDIA GeForce RTX 4090, 0 %, 0 %, 19206 MiB, 49140 MiB, 87.98 W, 53
2026/08/14 03:34:41.472, NVIDIA GeForce RTX 4090, 0 %, 0 %, 19206 MiB, 49140 MiB, 87.57 W, 52
2026/08/14 03:34:42.474, NVIDIA GeForce RTX 4090, 0 %, 0 %, 19206 MiB, 49140 MiB, 87.10 W, 52
2026/08/14 03:34:43.475, NVIDIA GeForce RTX 4090, 0 %, 0 %, 19206 MiB, 49140 MiB, 86.98 W, 51
2026/08/14 03:34:44.476, NVIDIA GeForce RTX 4090, 0 %, 0 %, 19206 MiB, 49140 MiB, 86.96 W, 51
2026/08/14 03:34:45.477, NVIDIA GeForce RTX 4090, 0 %, 0 %, 19206 MiB, 49140 MiB, 86.62 W, 51
2026/08/14 03:34:46.479, NVIDIA GeForce RTX 4090, 0 %, 0 %, 19206 MiB, 49140 MiB, 86.43 W, 51
2026/08/14 03:34:47.480, NVIDIA GeForce RTX 4090, 0 %, 0 %, 19206 MiB, 49140 MiB, 86.06 W, 50
2026/08/14 03:34:48.481, NVIDIA GeForce RTX 4090, 0 %, 0 %, 19206 MiB, 49140 MiB, 85.99 W, 50
2026/08/14 03:34:49.483, NVIDIA GeForce RTX 4090, 0 %, 0 %, 19206 MiB, 49140 MiB, 85.82 W, 50
2026/08/14 03:34:50.485, NVIDIA GeForce RTX 4090, 0 %, 0 %, 19206 MiB, 49140 MiB, 84.86 W, 49
2026/08/14 03:34:51.486, NVIDIA GeForce RTX 4090, 0 %, 0 %, 19206 MiB, 49140 MiB, 84.28 W, 49
2026/08/14 03:34:52.487, NVIDIA GeForce RTX 4090, 0 %, 0 %, 19206 MiB, 49140 MiB, 84.17 W, 49
2026/08/14 03:34:53.489, NVIDIA GeForce RTX 4090, 0 %, 0 %, 19206 MiB, 49140 MiB, 83.90 W, 49
2026/08/14 03:34:54.490, NVIDIA GeForce RTX 4090, 0 %, 0 %, 19206 MiB, 49140 MiB, 78.15 W, 48
2026/08/14 03:34:55.491, NVIDIA GeForce RTX 4090, 0 %, 0 %, 19206 MiB, 49140 MiB, 45.44 W, 47
