timestamp, name, utilization.gpu [%], utilization.memory [%], memory.used [MiB], memory.total [MiB], power.draw [W], temperature.gpu
2026/08/14 02:59:28.292, NVIDIA GeForce RTX 4090, 0 %, 0 %, 1 MiB, 49140 MiB, 75.01 W, 46
2026/08/14 02:59:29.299, NVIDIA GeForce RTX 4090, 0 %, 0 %, 1 MiB, 49140 MiB, 75.01 W, 46
2026/08/14 02:59:30.300, NVIDIA GeForce RTX 4090, 0 %, 0 %, 1 MiB, 49140 MiB, 71.98 W, 45
2026/08/14 02:59:31.300, NVIDIA GeForce RTX 4090, 0 %, 0 %, 1 MiB, 49140 MiB, 60.39 W, 45
2026/08/14 02:59:32.300, NVIDIA GeForce RTX 4090, 0 %, 0 %, 1 MiB, 49140 MiB, 49.26 W, 44
2026/08/14 02:59:33.300, NVIDIA GeForce RTX 4090, 0 %, 0 %, 4 MiB, 49140 MiB, 46.82 W, 44
2026/08/14 02:59:34.301, NVIDIA GeForce RTX 4090, 0 %, 0 %, 4 MiB, 49140 MiB, 36.67 W, 44
2026/08/14 02:59:35.301, NVIDIA GeForce RTX 4090, 0 %, 0 %, 4 MiB, 49140 MiB, 33.59 W, 43
2026/08/14 02:59:36.301, NVIDIA GeForce RTX 4090, 0 %, 0 %, 4 MiB, 49140 MiB, 33.12 W, 43
2026/08/14 02:59:37.302, NVIDIA GeForce RTX 4090, 0 %, 0 %, 4 MiB, 49140 MiB, 32.86 W, 43
2026/08/14 02:59:38.302, NVIDIA GeForce RTX 4090, 0 %, 0 %, 4 MiB, 49140 MiB, 33.27 W, 43
2026/08/14 02:59:39.302, NVIDIA GeForce RTX 4090, 0 %, 0 %, 4 MiB, 49140 MiB, 32.85 W, 43
2026/08/14 02:59:40.303, NVIDIA GeForce RTX 4090, 0 %, 0 %, 4 MiB, 49140 MiB, 31.76 W, 43
2026/08/14 02:59:41.303, NVIDIA GeForce RTX 4090, 0 %, 0 %, 4 MiB, 49140 MiB, 31.38 W, 42
2026/08/14 02:59:42.303, NVIDIA GeForce RTX 4090, 0 %, 0 %, 4 MiB, 49140 MiB, 31.52 W, 42
2026/08/14 02:59:43.303, NVIDIA GeForce RTX 4090, 0 %, 0 %, 4 MiB, 49140 MiB, 31.27 W, 42
2026/08/14 02:59:44.304, NVIDIA GeForce RTX 4090, 0 %, 0 %, 4 MiB, 49140 MiB, 30.87 W, 42
2026/08/14 02:59:45.304, NVIDIA GeForce RTX 4090, 0 %, 0 %, 4 MiB, 49140 MiB, 30.91 W, 42
2026/08/14 02:59:46.304, NVIDIA GeForce RTX 4090, 0 %, 0 %, 4 MiB, 49140 MiB, 30.82 W, 42
2026/08/14 02:59:47.304, NVIDIA GeForce RTX 4090, 0 %, 0 %, 4 MiB, 49140 MiB, 31.01 W, 42
2026/08/14 02:59:48.305, NVIDIA GeForce RTX 4090, 0 %, 0 %, 4 MiB, 49140 MiB, 31.24 W, 42
2026/08/14 02:59:49.305, NVIDIA GeForce RTX 4090, 0 %, 0 %, 4 MiB, 49140 MiB, 30.87 W, 42
2026/08/14 02:59:50.305, NVIDIA GeForce RTX 4090, 0 %, 0 %, 4 MiB, 49140 MiB, 30.46 W, 41
2026/08/14 02:59:51.305, NVIDIA GeForce RTX 4090, 0 %, 0 %, 4 MiB, 49140 MiB, 30.22 W, 41
2026/08/14 02:59:52.306, NVIDIA GeForce RTX 4090, 0 %, 0 %, 4 MiB, 49140 MiB, 30.09 W, 41
2026/08/14 02:59:53.306, NVIDIA GeForce RTX 4090, 0 %, 0 %, 4 MiB, 49140 MiB, 29.89 W, 41
2026/08/14 02:59:54.306, NVIDIA GeForce RTX 4090, 0 %, 0 %, 4 MiB, 49140 MiB, 29.56 W, 41
2026/08/14 02:59:55.306, NVIDIA GeForce RTX 4090, 0 %, 0 %, 4 MiB, 49140 MiB, 29.48 W, 41
2026/08/14 02:59:56.306, NVIDIA GeForce RTX 4090, 0 %, 0 %, 4 MiB, 49140 MiB, 29.47 W, 41
2026/08/14 02:59:57.307, NVIDIA GeForce RTX 4090, 0 %, 0 %, 4 MiB, 49140 MiB, 29.33 W, 41
2026/08/14 02:59:58.307, NVIDIA GeForce RTX 4090, 0 %, 0 %, 4 MiB, 49140 MiB, 29.56 W, 41
2026/08/14 02:59:59.307, NVIDIA GeForce RTX 4090, 0 %, 0 %, 4 MiB, 49140 MiB, 29.93 W, 41
2026/08/14 03:00:00.307, NVIDIA GeForce RTX 4090, 0 %, 0 %, 4 MiB, 49140 MiB, 29.78 W, 41
2026/08/14 03:00:01.307, NVIDIA GeForce RTX 4090, 0 %, 0 %, 4 MiB, 49140 MiB, 29.52 W, 41
2026/08/14 03:00:02.308, NVIDIA GeForce RTX 4090, 0 %, 0 %, 4 MiB, 49140 MiB, 29.40 W, 41
2026/08/14 03:00:03.308, NVIDIA GeForce RTX 4090, 0 %, 0 %, 4 MiB, 49140 MiB, 29.41 W, 41
2026/08/14 03:00:04.308, NVIDIA GeForce RTX 4090, 0 %, 0 %, 4 MiB, 49140 MiB, 29.41 W, 41
2026/08/14 03:00:05.308, NVIDIA GeForce RTX 4090, 0 %, 0 %, 4 MiB, 49140 MiB, 29.20 W, 40
2026/08/14 03:00:06.309, NVIDIA GeForce RTX 4090, 0 %, 0 %, 4 MiB, 49140 MiB, 29.10 W, 40
2026/08/14 03:00:07.309, NVIDIA GeForce RTX 4090, 0 %, 0 %, 4 MiB, 49140 MiB, 28.98 W, 40
2026/08/14 03:00:08.309, NVIDIA GeForce RTX 4090, 0 %, 0 %, 4 MiB, 49140 MiB, 29.02 W, 40
2026/08/14 03:00:09.383, NVIDIA GeForce RTX 4090, 0 %, 0 %, 4 MiB, 49140 MiB, 29.14 W, 40
2026/08/14 03:00:10.383, NVIDIA GeForce RTX 4090, 0 %, 0 %, 4 MiB, 49140 MiB, 28.97 W, 40
2026/08/14 03:00:11.384, NVIDIA GeForce RTX 4090, 0 %, 0 %, 4 MiB, 49140 MiB, 28.93 W, 40
2026/08/14 03:00:12.384, NVIDIA GeForce RTX 4090, 0 %, 0 %, 4 MiB, 49140 MiB, 28.91 W, 40
2026/08/14 03:00:13.384, NVIDIA GeForce RTX 4090, 0 %, 0 %, 4 MiB, 49140 MiB, 28.72 W, 40
2026/08/14 03:00:14.387, NVIDIA GeForce RTX 4090, 55 %, 1 %, 6478 MiB, 49140 MiB, 39.07 W, 41
2026/08/14 03:00:15.387, NVIDIA GeForce RTX 4090, 66 %, 1 %, 12648 MiB, 49140 MiB, 89.18 W, 42
2026/08/14 03:00:16.387, NVIDIA GeForce RTX 4090, 44 %, 1 %, 18998 MiB, 49140 MiB, 90.91 W, 42
2026/08/14 03:00:17.388, NVIDIA GeForce RTX 4090, 45 %, 27 %, 19200 MiB, 49140 MiB, 238.33 W, 48
2026/08/14 03:00:18.388, NVIDIA GeForce RTX 4090, 71 %, 43 %, 19202 MiB, 49140 MiB, 254.94 W, 53
2026/08/14 03:00:19.388, NVIDIA GeForce RTX 4090, 49 %, 23 %, 19204 MiB, 49140 MiB, 282.04 W, 49
2026/08/14 03:00:20.388, NVIDIA GeForce RTX 4090, 33 %, 11 %, 19204 MiB, 49140 MiB, 262.58 W, 49
2026/08/14 03:00:21.388, NVIDIA GeForce RTX 4090, 34 %, 12 %, 19204 MiB, 49140 MiB, 254.76 W, 49
2026/08/14 03:00:22.389, NVIDIA GeForce RTX 4090, 41 %, 14 %, 19204 MiB, 49140 MiB, 265.19 W, 50
2026/08/14 03:00:23.389, NVIDIA GeForce RTX 4090, 53 %, 21 %, 19204 MiB, 49140 MiB, 259.25 W, 51
2026/08/14 03:00:24.389, NVIDIA GeForce RTX 4090, 76 %, 44 %, 19204 MiB, 49140 MiB, 278.10 W, 58
2026/08/14 03:00:25.389, NVIDIA GeForce RTX 4090, 93 %, 51 %, 19204 MiB, 49140 MiB, 279.92 W, 59
2026/08/14 03:00:26.389, NVIDIA GeForce RTX 4090, 44 %, 17 %, 19204 MiB, 49140 MiB, 283.88 W, 52
2026/08/14 03:00:27.389, NVIDIA GeForce RTX 4090, 31 %, 11 %, 19204 MiB, 49140 MiB, 262.04 W, 51
2026/08/14 03:00:28.390, NVIDIA GeForce RTX 4090, 32 %, 12 %, 19204 MiB, 49140 MiB, 247.87 W, 51
2026/08/14 03:00:29.390, NVIDIA GeForce RTX 4090, 23 %, 8 %, 19204 MiB, 49140 MiB, 259.79 W, 51
2026/08/14 03:00:30.390, NVIDIA GeForce RTX 4090, 39 %, 15 %, 19204 MiB, 49140 MiB, 263.44 W, 52
2026/08/14 03:00:31.390, NVIDIA GeForce RTX 4090, 64 %, 33 %, 19204 MiB, 49140 MiB, 268.15 W, 56
2026/08/14 03:00:32.390, NVIDIA GeForce RTX 4090, 73 %, 41 %, 19204 MiB, 49140 MiB, 259.98 W, 60
2026/08/14 03:00:33.390, NVIDIA GeForce RTX 4090, 58 %, 26 %, 19204 MiB, 49140 MiB, 299.40 W, 55
2026/08/14 03:00:34.391, NVIDIA GeForce RTX 4090, 26 %, 9 %, 19204 MiB, 49140 MiB, 268.33 W, 53
2026/08/14 03:00:35.391, NVIDIA GeForce RTX 4090, 33 %, 11 %, 19204 MiB, 49140 MiB, 264.34 W, 53
2026/08/14 03:00:36.391, NVIDIA GeForce RTX 4090, 42 %, 15 %, 19204 MiB, 49140 MiB, 267.83 W, 54
2026/08/14 03:00:37.391, NVIDIA GeForce RTX 4090, 49 %, 25 %, 19204 MiB, 49140 MiB, 267.40 W, 58
2026/08/14 03:00:38.392, NVIDIA GeForce RTX 4090, 72 %, 43 %, 19204 MiB, 49140 MiB, 282.70 W, 62
2026/08/14 03:00:39.392, NVIDIA GeForce RTX 4090, 57 %, 27 %, 19204 MiB, 49140 MiB, 289.92 W, 57
2026/08/14 03:00:40.392, NVIDIA GeForce RTX 4090, 32 %, 11 %, 19204 MiB, 49140 MiB, 276.89 W, 55
2026/08/14 03:00:41.392, NVIDIA GeForce RTX 4090, 34 %, 11 %, 19204 MiB, 49140 MiB, 268.46 W, 55
2026/08/14 03:00:42.392, NVIDIA GeForce RTX 4090, 39 %, 15 %, 19204 MiB, 49140 MiB, 266.32 W, 55
2026/08/14 03:00:43.393, NVIDIA GeForce RTX 4090, 75 %, 44 %, 19204 MiB, 49140 MiB, 290.10 W, 61
2026/08/14 03:00:44.393, NVIDIA GeForce RTX 4090, 95 %, 55 %, 19204 MiB, 49140 MiB, 287.61 W, 60
2026/08/14 03:00:45.393, NVIDIA GeForce RTX 4090, 43 %, 16 %, 19204 MiB, 49140 MiB, 299.01 W, 56
2026/08/14 03:00:46.393, NVIDIA GeForce RTX 4090, 37 %, 13 %, 19204 MiB, 49140 MiB, 266.61 W, 55
2026/08/14 03:00:47.394, NVIDIA GeForce RTX 4090, 37 %, 13 %, 19204 MiB, 49140 MiB, 261.30 W, 55
2026/08/14 03:00:48.394, NVIDIA GeForce RTX 4090, 41 %, 14 %, 19204 MiB, 49140 MiB, 262.12 W, 57
2026/08/14 03:00:49.394, NVIDIA GeForce RTX 4090, 49 %, 19 %, 19204 MiB, 49140 MiB, 266.04 W, 58
2026/08/14 03:00:50.394, NVIDIA GeForce RTX 4090, 61 %, 33 %, 19204 MiB, 49140 MiB, 272.89 W, 63
2026/08/14 03:00:51.394, NVIDIA GeForce RTX 4090, 74 %, 45 %, 19204 MiB, 49140 MiB, 278.61 W, 64
2026/08/14 03:00:52.394, NVIDIA GeForce RTX 4090, 87 %, 46 %, 19204 MiB, 49140 MiB, 285.61 W, 63
2026/08/14 03:00:53.395, NVIDIA GeForce RTX 4090, 72 %, 32 %, 19204 MiB, 49140 MiB, 274.66 W, 59
2026/08/14 03:00:54.395, NVIDIA GeForce RTX 4090, 70 %, 41 %, 19204 MiB, 49140 MiB, 274.99 W, 55
2026/08/14 03:00:55.395, NVIDIA GeForce RTX 4090, 89 %, 45 %, 19204 MiB, 49140 MiB, 298.43 W, 65
2026/08/14 03:00:56.395, NVIDIA GeForce RTX 4090, 56 %, 27 %, 19204 MiB, 49140 MiB, 272.29 W, 57
2026/08/14 03:00:57.395, NVIDIA GeForce RTX 4090, 30 %, 10 %, 19204 MiB, 49140 MiB, 269.43 W, 58
2026/08/14 03:00:58.395, NVIDIA GeForce RTX 4090, 31 %, 12 %, 19204 MiB, 49140 MiB, 262.07 W, 58
2026/08/14 03:00:59.396, NVIDIA GeForce RTX 4090, 35 %, 12 %, 19204 MiB, 49140 MiB, 270.34 W, 58
2026/08/14 03:01:00.396, NVIDIA GeForce RTX 4090, 99 %, 52 %, 19204 MiB, 49140 MiB, 356.60 W, 67
2026/08/14 03:01:01.396, NVIDIA GeForce RTX 4090, 93 %, 50 %, 19204 MiB, 49140 MiB, 296.42 W, 65
2026/08/14 03:01:02.396, NVIDIA GeForce RTX 4090, 54 %, 27 %, 19204 MiB, 49140 MiB, 284.12 W, 60
2026/08/14 03:01:03.397, NVIDIA GeForce RTX 4090, 40 %, 14 %, 19204 MiB, 49140 MiB, 273.58 W, 59
2026/08/14 03:01:04.397, NVIDIA GeForce RTX 4090, 28 %, 9 %, 19204 MiB, 49140 MiB, 279.32 W, 59
2026/08/14 03:01:05.397, NVIDIA GeForce RTX 4090, 40 %, 15 %, 19204 MiB, 49140 MiB, 267.99 W, 64
2026/08/14 03:01:06.397, NVIDIA GeForce RTX 4090, 70 %, 39 %, 19204 MiB, 49140 MiB, 285.12 W, 66
2026/08/14 03:01:07.398, NVIDIA GeForce RTX 4090, 97 %, 55 %, 19204 MiB, 49140 MiB, 291.30 W, 65
2026/08/14 03:01:08.398, NVIDIA GeForce RTX 4090, 52 %, 25 %, 19204 MiB, 49140 MiB, 296.00 W, 62
2026/08/14 03:01:09.398, NVIDIA GeForce RTX 4090, 31 %, 10 %, 19204 MiB, 49140 MiB, 279.00 W, 60
2026/08/14 03:01:10.398, NVIDIA GeForce RTX 4090, 19 %, 6 %, 19204 MiB, 49140 MiB, 272.97 W, 59
2026/08/14 03:01:11.399, NVIDIA GeForce RTX 4090, 33 %, 12 %, 19204 MiB, 49140 MiB, 273.71 W, 61
2026/08/14 03:01:12.399, NVIDIA GeForce RTX 4090, 35 %, 14 %, 19204 MiB, 49140 MiB, 272.43 W, 64
2026/08/14 03:01:13.399, NVIDIA GeForce RTX 4090, 70 %, 39 %, 19206 MiB, 49140 MiB, 290.85 W, 65
2026/08/14 03:01:14.400, NVIDIA GeForce RTX 4090, 86 %, 45 %, 19206 MiB, 49140 MiB, 309.81 W, 64
2026/08/14 03:01:15.400, NVIDIA GeForce RTX 4090, 33 %, 12 %, 19206 MiB, 49140 MiB, 287.32 W, 61
2026/08/14 03:01:16.400, NVIDIA GeForce RTX 4090, 31 %, 10 %, 19206 MiB, 49140 MiB, 280.47 W, 65
2026/08/14 03:01:17.401, NVIDIA GeForce RTX 4090, 44 %, 17 %, 19206 MiB, 49140 MiB, 275.75 W, 65
2026/08/14 03:01:18.401, NVIDIA GeForce RTX 4090, 66 %, 36 %, 19206 MiB, 49140 MiB, 286.43 W, 66
2026/08/14 03:01:19.401, NVIDIA GeForce RTX 4090, 92 %, 53 %, 19206 MiB, 49140 MiB, 304.03 W, 65
2026/08/14 03:01:20.401, NVIDIA GeForce RTX 4090, 36 %, 14 %, 19206 MiB, 49140 MiB, 301.53 W, 63
2026/08/14 03:01:21.402, NVIDIA GeForce RTX 4090, 18 %, 7 %, 19206 MiB, 49140 MiB, 276.21 W, 63
2026/08/14 03:01:22.402, NVIDIA GeForce RTX 4090, 41 %, 14 %, 19206 MiB, 49140 MiB, 275.99 W, 64
2026/08/14 03:01:23.402, NVIDIA GeForce RTX 4090, 52 %, 23 %, 19206 MiB, 49140 MiB, 283.17 W, 64
2026/08/14 03:01:24.402, NVIDIA GeForce RTX 4090, 98 %, 58 %, 19206 MiB, 49140 MiB, 306.01 W, 65
2026/08/14 03:01:25.403, NVIDIA GeForce RTX 4090, 53 %, 26 %, 19206 MiB, 49140 MiB, 299.75 W, 66
2026/08/14 03:01:26.403, NVIDIA GeForce RTX 4090, 32 %, 11 %, 19206 MiB, 49140 MiB, 279.55 W, 59
2026/08/14 03:01:27.403, NVIDIA GeForce RTX 4090, 37 %, 13 %, 19206 MiB, 49140 MiB, 269.61 W, 63
2026/08/14 03:01:28.403, NVIDIA GeForce RTX 4090, 14 %, 5 %, 19206 MiB, 49140 MiB, 270.03 W, 65
2026/08/14 03:01:29.404, NVIDIA GeForce RTX 4090, 39 %, 15 %, 19206 MiB, 49140 MiB, 278.12 W, 64
2026/08/14 03:01:30.404, NVIDIA GeForce RTX 4090, 69 %, 37 %, 19206 MiB, 49140 MiB, 286.65 W, 63
2026/08/14 03:01:31.404, NVIDIA GeForce RTX 4090, 92 %, 53 %, 19206 MiB, 49140 MiB, 289.66 W, 62
2026/08/14 03:01:32.404, NVIDIA GeForce RTX 4090, 52 %, 26 %, 19206 MiB, 49140 MiB, 285.55 W, 66
2026/08/14 03:01:33.405, NVIDIA GeForce RTX 4090, 26 %, 9 %, 19206 MiB, 49140 MiB, 280.11 W, 64
2026/08/14 03:01:34.405, NVIDIA GeForce RTX 4090, 16 %, 5 %, 19206 MiB, 49140 MiB, 267.55 W, 64
2026/08/14 03:01:35.405, NVIDIA GeForce RTX 4090, 24 %, 8 %, 19206 MiB, 49140 MiB, 269.08 W, 65
2026/08/14 03:01:36.405, NVIDIA GeForce RTX 4090, 70 %, 35 %, 19206 MiB, 49140 MiB, 292.73 W, 65
2026/08/14 03:01:37.405, NVIDIA GeForce RTX 4090, 92 %, 52 %, 19206 MiB, 49140 MiB, 302.15 W, 63
2026/08/14 03:01:38.406, NVIDIA GeForce RTX 4090, 51 %, 25 %, 19206 MiB, 49140 MiB, 286.94 W, 66
2026/08/14 03:01:39.406, NVIDIA GeForce RTX 4090, 34 %, 12 %, 19206 MiB, 49140 MiB, 278.61 W, 64
2026/08/14 03:01:40.406, NVIDIA GeForce RTX 4090, 38 %, 13 %, 19206 MiB, 49140 MiB, 277.09 W, 65
2026/08/14 03:01:41.407, NVIDIA GeForce RTX 4090, 44 %, 16 %, 19206 MiB, 49140 MiB, 281.90 W, 65
2026/08/14 03:01:42.407, NVIDIA GeForce RTX 4090, 42 %, 17 %, 19206 MiB, 49140 MiB, 280.08 W, 64
2026/08/14 03:01:43.407, NVIDIA GeForce RTX 4090, 71 %, 39 %, 19206 MiB, 49140 MiB, 293.40 W, 64
2026/08/14 03:01:44.407, NVIDIA GeForce RTX 4090, 0 %, 0 %, 19206 MiB, 49140 MiB, 282.13 W, 55
2026/08/14 03:01:45.407, NVIDIA GeForce RTX 4090, 0 %, 0 %, 19206 MiB, 49140 MiB, 105.27 W, 53
2026/08/14 03:01:46.408, NVIDIA GeForce RTX 4090, 5 %, 0 %, 19206 MiB, 49140 MiB, 95.68 W, 52
2026/08/14 03:01:47.408, NVIDIA GeForce RTX 4090, 14 %, 5 %, 19206 MiB, 49140 MiB, 196.29 W, 60
2026/08/14 03:01:48.408, NVIDIA GeForce RTX 4090, 48 %, 17 %, 19206 MiB, 49140 MiB, 277.68 W, 64
2026/08/14 03:01:49.408, NVIDIA GeForce RTX 4090, 55 %, 21 %, 19206 MiB, 49140 MiB, 273.30 W, 64
2026/08/14 03:01:50.409, NVIDIA GeForce RTX 4090, 72 %, 40 %, 19206 MiB, 49140 MiB, 291.02 W, 63
2026/08/14 03:01:51.409, NVIDIA GeForce RTX 4090, 85 %, 47 %, 19206 MiB, 49140 MiB, 287.20 W, 66
2026/08/14 03:01:52.409, NVIDIA GeForce RTX 4090, 63 %, 34 %, 19206 MiB, 49140 MiB, 276.24 W, 65
2026/08/14 03:01:53.409, NVIDIA GeForce RTX 4090, 30 %, 11 %, 19206 MiB, 49140 MiB, 263.68 W, 60
2026/08/14 03:01:54.410, NVIDIA GeForce RTX 4090, 21 %, 7 %, 19206 MiB, 49140 MiB, 265.12 W, 63
2026/08/14 03:01:55.410, NVIDIA GeForce RTX 4090, 37 %, 13 %, 19206 MiB, 49140 MiB, 270.03 W, 65
2026/08/14 03:01:56.410, NVIDIA GeForce RTX 4090, 44 %, 14 %, 19206 MiB, 49140 MiB, 278.61 W, 64
2026/08/14 03:01:57.410, NVIDIA GeForce RTX 4090, 56 %, 22 %, 19206 MiB, 49140 MiB, 290.33 W, 63
2026/08/14 03:01:58.410, NVIDIA GeForce RTX 4090, 74 %, 41 %, 19206 MiB, 49140 MiB, 292.36 W, 64
2026/08/14 03:01:59.410, NVIDIA GeForce RTX 4090, 92 %, 53 %, 19206 MiB, 49140 MiB, 289.49 W, 66
2026/08/14 03:02:00.411, NVIDIA GeForce RTX 4090, 53 %, 26 %, 19206 MiB, 49140 MiB, 278.77 W, 66
2026/08/14 03:02:01.411, NVIDIA GeForce RTX 4090, 30 %, 11 %, 19206 MiB, 49140 MiB, 271.19 W, 63
2026/08/14 03:02:02.411, NVIDIA GeForce RTX 4090, 42 %, 15 %, 19206 MiB, 49140 MiB, 278.20 W, 66
2026/08/14 03:02:03.411, NVIDIA GeForce RTX 4090, 30 %, 10 %, 19206 MiB, 49140 MiB, 272.67 W, 65
2026/08/14 03:02:04.411, NVIDIA GeForce RTX 4090, 59 %, 23 %, 19206 MiB, 49140 MiB, 291.21 W, 64
2026/08/14 03:02:05.412, NVIDIA GeForce RTX 4090, 79 %, 46 %, 19206 MiB, 49140 MiB, 291.41 W, 64
2026/08/14 03:02:06.412, NVIDIA GeForce RTX 4090, 92 %, 54 %, 19206 MiB, 49140 MiB, 287.82 W, 66
2026/08/14 03:02:07.412, NVIDIA GeForce RTX 4090, 53 %, 26 %, 19206 MiB, 49140 MiB, 272.17 W, 63
2026/08/14 03:02:08.412, NVIDIA GeForce RTX 4090, 30 %, 12 %, 19206 MiB, 49140 MiB, 263.07 W, 65
2026/08/14 03:02:09.413, NVIDIA GeForce RTX 4090, 30 %, 11 %, 19206 MiB, 49140 MiB, 267.23 W, 64
2026/08/14 03:02:10.413, NVIDIA GeForce RTX 4090, 29 %, 10 %, 19206 MiB, 49140 MiB, 269.83 W, 65
2026/08/14 03:02:11.413, NVIDIA GeForce RTX 4090, 38 %, 13 %, 19206 MiB, 49140 MiB, 273.20 W, 64
2026/08/14 03:02:12.413, NVIDIA GeForce RTX 4090, 49 %, 17 %, 19206 MiB, 49140 MiB, 279.51 W, 64
2026/08/14 03:02:13.413, NVIDIA GeForce RTX 4090, 67 %, 38 %, 19206 MiB, 49140 MiB, 285.56 W, 64
2026/08/14 03:02:14.414, NVIDIA GeForce RTX 4090, 90 %, 55 %, 19206 MiB, 49140 MiB, 284.82 W, 65
2026/08/14 03:02:15.414, NVIDIA GeForce RTX 4090, 62 %, 34 %, 19206 MiB, 49140 MiB, 299.65 W, 67
2026/08/14 03:02:16.414, NVIDIA GeForce RTX 4090, 34 %, 13 %, 19206 MiB, 49140 MiB, 283.64 W, 68
2026/08/14 03:02:17.414, NVIDIA GeForce RTX 4090, 37 %, 13 %, 19206 MiB, 49140 MiB, 269.84 W, 64
2026/08/14 03:02:18.415, NVIDIA GeForce RTX 4090, 37 %, 13 %, 19206 MiB, 49140 MiB, 263.52 W, 64
2026/08/14 03:02:19.415, NVIDIA GeForce RTX 4090, 57 %, 20 %, 19206 MiB, 49140 MiB, 281.50 W, 65
2026/08/14 03:02:20.415, NVIDIA GeForce RTX 4090, 53 %, 21 %, 19206 MiB, 49140 MiB, 279.43 W, 64
2026/08/14 03:02:21.415, NVIDIA GeForce RTX 4090, 88 %, 53 %, 19206 MiB, 49140 MiB, 299.55 W, 65
2026/08/14 03:02:22.415, NVIDIA GeForce RTX 4090, 62 %, 34 %, 19206 MiB, 49140 MiB, 298.75 W, 67
2026/08/14 03:02:23.416, NVIDIA GeForce RTX 4090, 38 %, 13 %, 19206 MiB, 49140 MiB, 283.87 W, 66
2026/08/14 03:02:24.416, NVIDIA GeForce RTX 4090, 35 %, 12 %, 19206 MiB, 49140 MiB, 273.24 W, 64
2026/08/14 03:02:25.416, NVIDIA GeForce RTX 4090, 43 %, 15 %, 19206 MiB, 49140 MiB, 274.50 W, 64
2026/08/14 03:02:26.416, NVIDIA GeForce RTX 4090, 51 %, 20 %, 19206 MiB, 49140 MiB, 277.71 W, 64
2026/08/14 03:02:27.417, NVIDIA GeForce RTX 4090, 87 %, 53 %, 19206 MiB, 49140 MiB, 296.91 W, 65
2026/08/14 03:02:28.417, NVIDIA GeForce RTX 4090, 94 %, 54 %, 19206 MiB, 49140 MiB, 299.54 W, 64
2026/08/14 03:02:29.417, NVIDIA GeForce RTX 4090, 31 %, 11 %, 19206 MiB, 49140 MiB, 286.71 W, 65
2026/08/14 03:02:30.417, NVIDIA GeForce RTX 4090, 35 %, 12 %, 19206 MiB, 49140 MiB, 274.77 W, 65
2026/08/14 03:02:31.418, NVIDIA GeForce RTX 4090, 91 %, 49 %, 19206 MiB, 49140 MiB, 376.45 W, 67
2026/08/14 03:02:32.418, NVIDIA GeForce RTX 4090, 71 %, 38 %, 19206 MiB, 49140 MiB, 300.38 W, 66
2026/08/14 03:02:33.483, NVIDIA GeForce RTX 4090, 37 %, 13 %, 19206 MiB, 49140 MiB, 275.66 W, 65
2026/08/14 03:02:34.483, NVIDIA GeForce RTX 4090, 42 %, 14 %, 19206 MiB, 49140 MiB, 274.55 W, 64
2026/08/14 03:02:35.484, NVIDIA GeForce RTX 4090, 67 %, 32 %, 19206 MiB, 49140 MiB, 293.32 W, 64
2026/08/14 03:02:36.484, NVIDIA GeForce RTX 4090, 68 %, 38 %, 19206 MiB, 49140 MiB, 269.19 W, 63
2026/08/14 03:02:37.484, NVIDIA GeForce RTX 4090, 64 %, 34 %, 19206 MiB, 49140 MiB, 309.19 W, 67
2026/08/14 03:02:38.485, NVIDIA GeForce RTX 4090, 41 %, 15 %, 19206 MiB, 49140 MiB, 287.75 W, 65
2026/08/14 03:02:39.485, NVIDIA GeForce RTX 4090, 35 %, 12 %, 19206 MiB, 49140 MiB, 279.31 W, 64
2026/08/14 03:02:40.485, NVIDIA GeForce RTX 4090, 60 %, 22 %, 19206 MiB, 49140 MiB, 281.53 W, 63
2026/08/14 03:02:41.485, NVIDIA GeForce RTX 4090, 83 %, 50 %, 19206 MiB, 49140 MiB, 308.21 W, 66
2026/08/14 03:02:42.486, NVIDIA GeForce RTX 4090, 88 %, 45 %, 19206 MiB, 49140 MiB, 312.33 W, 68
2026/08/14 03:02:43.486, NVIDIA GeForce RTX 4090, 39 %, 14 %, 19206 MiB, 49140 MiB, 283.39 W, 64
2026/08/14 03:02:44.486, NVIDIA GeForce RTX 4090, 42 %, 15 %, 19206 MiB, 49140 MiB, 278.43 W, 64
2026/08/14 03:02:45.487, NVIDIA GeForce RTX 4090, 55 %, 22 %, 19206 MiB, 49140 MiB, 276.58 W, 64
2026/08/14 03:02:46.487, NVIDIA GeForce RTX 4090, 81 %, 49 %, 19206 MiB, 49140 MiB, 295.23 W, 65
2026/08/14 03:02:47.487, NVIDIA GeForce RTX 4090, 66 %, 35 %, 19206 MiB, 49140 MiB, 296.26 W, 67
2026/08/14 03:02:48.488, NVIDIA GeForce RTX 4090, 34 %, 13 %, 19206 MiB, 49140 MiB, 282.92 W, 64
2026/08/14 03:02:49.488, NVIDIA GeForce RTX 4090, 35 %, 12 %, 19206 MiB, 49140 MiB, 281.89 W, 64
2026/08/14 03:02:50.488, NVIDIA GeForce RTX 4090, 40 %, 15 %, 19206 MiB, 49140 MiB, 279.12 W, 64
2026/08/14 03:02:51.489, NVIDIA GeForce RTX 4090, 77 %, 45 %, 19206 MiB, 49140 MiB, 313.74 W, 65
2026/08/14 03:02:52.489, NVIDIA GeForce RTX 4090, 49 %, 23 %, 19206 MiB, 49140 MiB, 295.27 W, 62
2026/08/14 03:02:53.489, NVIDIA GeForce RTX 4090, 33 %, 11 %, 19206 MiB, 49140 MiB, 279.77 W, 65
2026/08/14 03:02:54.490, NVIDIA GeForce RTX 4090, 32 %, 11 %, 19206 MiB, 49140 MiB, 281.35 W, 64
2026/08/14 03:02:55.490, NVIDIA GeForce RTX 4090, 40 %, 15 %, 19206 MiB, 49140 MiB, 278.88 W, 64
2026/08/14 03:02:56.490, NVIDIA GeForce RTX 4090, 77 %, 37 %, 19206 MiB, 49140 MiB, 304.19 W, 65
2026/08/14 03:02:57.490, NVIDIA GeForce RTX 4090, 48 %, 23 %, 19206 MiB, 49140 MiB, 299.80 W, 62
2026/08/14 03:02:58.491, NVIDIA GeForce RTX 4090, 41 %, 14 %, 19206 MiB, 49140 MiB, 279.45 W, 64
2026/08/14 03:02:59.491, NVIDIA GeForce RTX 4090, 39 %, 13 %, 19206 MiB, 49140 MiB, 288.34 W, 64
2026/08/14 03:03:00.491, NVIDIA GeForce RTX 4090, 61 %, 29 %, 19206 MiB, 49140 MiB, 296.27 W, 64
2026/08/14 03:03:01.491, NVIDIA GeForce RTX 4090, 77 %, 40 %, 19206 MiB, 49140 MiB, 314.46 W, 69
2026/08/14 03:03:02.492, NVIDIA GeForce RTX 4090, 33 %, 11 %, 19206 MiB, 49140 MiB, 303.26 W, 65
2026/08/14 03:03:03.493, NVIDIA GeForce RTX 4090, 35 %, 12 %, 19206 MiB, 49140 MiB, 277.52 W, 64
2026/08/14 03:03:04.493, NVIDIA GeForce RTX 4090, 40 %, 15 %, 19206 MiB, 49140 MiB, 281.80 W, 63
2026/08/14 03:03:05.493, NVIDIA GeForce RTX 4090, 76 %, 46 %, 19206 MiB, 49140 MiB, 304.54 W, 64
2026/08/14 03:03:06.493, NVIDIA GeForce RTX 4090, 52 %, 24 %, 19206 MiB, 49140 MiB, 308.62 W, 68
2026/08/14 03:03:07.494, NVIDIA GeForce RTX 4090, 36 %, 13 %, 19206 MiB, 49140 MiB, 277.71 W, 63
2026/08/14 03:03:08.494, NVIDIA GeForce RTX 4090, 38 %, 15 %, 19206 MiB, 49140 MiB, 297.40 W, 64
2026/08/14 03:03:09.494, NVIDIA GeForce RTX 4090, 67 %, 37 %, 19206 MiB, 49140 MiB, 293.41 W, 63
2026/08/14 03:03:10.495, NVIDIA GeForce RTX 4090, 88 %, 47 %, 19206 MiB, 49140 MiB, 304.51 W, 68
2026/08/14 03:03:11.495, NVIDIA GeForce RTX 4090, 32 %, 13 %, 19206 MiB, 49140 MiB, 284.51 W, 64
2026/08/14 03:03:12.495, NVIDIA GeForce RTX 4090, 37 %, 13 %, 19206 MiB, 49140 MiB, 277.25 W, 63
2026/08/14 03:03:13.495, NVIDIA GeForce RTX 4090, 100 %, 53 %, 19206 MiB, 49140 MiB, 344.83 W, 70
2026/08/14 03:03:14.495, NVIDIA GeForce RTX 4090, 0 %, 0 %, 19206 MiB, 49140 MiB, 152.48 W, 56
2026/08/14 03:03:15.496, NVIDIA GeForce RTX 4090, 0 %, 0 %, 19206 MiB, 49140 MiB, 102.93 W, 54
2026/08/14 03:03:16.496, NVIDIA GeForce RTX 4090, 9 %, 1 %, 19206 MiB, 49140 MiB, 88.69 W, 54
2026/08/14 03:03:17.496, NVIDIA GeForce RTX 4090, 69 %, 42 %, 19206 MiB, 49140 MiB, 248.58 W, 61
2026/08/14 03:03:18.496, NVIDIA GeForce RTX 4090, 65 %, 40 %, 19206 MiB, 49140 MiB, 260.45 W, 59
2026/08/14 03:03:19.496, NVIDIA GeForce RTX 4090, 68 %, 41 %, 19206 MiB, 49140 MiB, 265.55 W, 61
2026/08/14 03:03:20.497, NVIDIA GeForce RTX 4090, 66 %, 39 %, 19206 MiB, 49140 MiB, 266.59 W, 59
2026/08/14 03:03:21.497, NVIDIA GeForce RTX 4090, 68 %, 42 %, 19206 MiB, 49140 MiB, 275.45 W, 61
2026/08/14 03:03:22.497, NVIDIA GeForce RTX 4090, 89 %, 49 %, 19206 MiB, 49140 MiB, 277.62 W, 68
2026/08/14 03:03:23.497, NVIDIA GeForce RTX 4090, 39 %, 15 %, 19206 MiB, 49140 MiB, 292.65 W, 61
2026/08/14 03:03:24.498, NVIDIA GeForce RTX 4090, 27 %, 9 %, 19206 MiB, 49140 MiB, 268.99 W, 60
2026/08/14 03:03:25.498, NVIDIA GeForce RTX 4090, 24 %, 9 %, 19206 MiB, 49140 MiB, 263.89 W, 59
2026/08/14 03:03:26.498, NVIDIA GeForce RTX 4090, 36 %, 13 %, 19206 MiB, 49140 MiB, 256.24 W, 58
2026/08/14 03:03:27.498, NVIDIA GeForce RTX 4090, 47 %, 16 %, 19206 MiB, 49140 MiB, 269.00 W, 59
2026/08/14 03:03:28.498, NVIDIA GeForce RTX 4090, 41 %, 14 %, 19206 MiB, 49140 MiB, 272.98 W, 58
2026/08/14 03:03:29.498, NVIDIA GeForce RTX 4090, 47 %, 19 %, 19206 MiB, 49140 MiB, 267.53 W, 59
2026/08/14 03:03:30.499, NVIDIA GeForce RTX 4090, 66 %, 32 %, 19206 MiB, 49140 MiB, 275.60 W, 61
2026/08/14 03:03:31.499, NVIDIA GeForce RTX 4090, 45 %, 18 %, 19206 MiB, 49140 MiB, 258.25 W, 59
2026/08/14 03:03:32.499, NVIDIA GeForce RTX 4090, 54 %, 21 %, 19206 MiB, 49140 MiB, 260.36 W, 59
2026/08/14 03:03:33.499, NVIDIA GeForce RTX 4090, 74 %, 44 %, 19206 MiB, 49140 MiB, 292.85 W, 68
2026/08/14 03:03:34.499, NVIDIA GeForce RTX 4090, 80 %, 40 %, 19206 MiB, 49140 MiB, 298.76 W, 61
2026/08/14 03:03:35.500, NVIDIA GeForce RTX 4090, 49 %, 19 %, 19206 MiB, 49140 MiB, 290.87 W, 61
2026/08/14 03:03:36.500, NVIDIA GeForce RTX 4090, 34 %, 12 %, 19206 MiB, 49140 MiB, 275.42 W, 59
2026/08/14 03:03:37.500, NVIDIA GeForce RTX 4090, 49 %, 17 %, 19206 MiB, 49140 MiB, 270.75 W, 59
2026/08/14 03:03:38.500, NVIDIA GeForce RTX 4090, 44 %, 15 %, 19206 MiB, 49140 MiB, 276.73 W, 59
2026/08/14 03:03:39.500, NVIDIA GeForce RTX 4090, 54 %, 22 %, 19206 MiB, 49140 MiB, 279.97 W, 60
2026/08/14 03:03:40.500, NVIDIA GeForce RTX 4090, 67 %, 37 %, 19206 MiB, 49140 MiB, 281.16 W, 62
2026/08/14 03:03:41.501, NVIDIA GeForce RTX 4090, 73 %, 43 %, 19206 MiB, 49140 MiB, 284.85 W, 65
2026/08/14 03:03:42.501, NVIDIA GeForce RTX 4090, 83 %, 42 %, 19206 MiB, 49140 MiB, 290.85 W, 61
2026/08/14 03:03:43.501, NVIDIA GeForce RTX 4090, 28 %, 11 %, 19206 MiB, 49140 MiB, 278.49 W, 59
2026/08/14 03:03:44.501, NVIDIA GeForce RTX 4090, 29 %, 10 %, 19206 MiB, 49140 MiB, 262.08 W, 59
2026/08/14 03:03:45.501, NVIDIA GeForce RTX 4090, 37 %, 13 %, 19206 MiB, 49140 MiB, 267.67 W, 59
2026/08/14 03:03:46.501, NVIDIA GeForce RTX 4090, 41 %, 13 %, 19206 MiB, 49140 MiB, 280.45 W, 59
2026/08/14 03:03:47.502, NVIDIA GeForce RTX 4090, 53 %, 21 %, 19206 MiB, 49140 MiB, 282.71 W, 60
2026/08/14 03:03:48.502, NVIDIA GeForce RTX 4090, 64 %, 38 %, 19206 MiB, 49140 MiB, 281.10 W, 62
2026/08/14 03:03:49.502, NVIDIA GeForce RTX 4090, 73 %, 43 %, 19206 MiB, 49140 MiB, 284.74 W, 65
2026/08/14 03:03:50.502, NVIDIA GeForce RTX 4090, 71 %, 38 %, 19206 MiB, 49140 MiB, 284.55 W, 63
2026/08/14 03:03:51.503, NVIDIA GeForce RTX 4090, 28 %, 11 %, 19206 MiB, 49140 MiB, 280.38 W, 61
2026/08/14 03:03:52.503, NVIDIA GeForce RTX 4090, 34 %, 13 %, 19206 MiB, 49140 MiB, 264.85 W, 59
2026/08/14 03:03:53.503, NVIDIA GeForce RTX 4090, 37 %, 13 %, 19206 MiB, 49140 MiB, 270.56 W, 59
2026/08/14 03:03:54.503, NVIDIA GeForce RTX 4090, 40 %, 13 %, 19206 MiB, 49140 MiB, 273.94 W, 59
2026/08/14 03:03:55.503, NVIDIA GeForce RTX 4090, 53 %, 21 %, 19206 MiB, 49140 MiB, 284.11 W, 60
2026/08/14 03:03:56.503, NVIDIA GeForce RTX 4090, 61 %, 34 %, 19206 MiB, 49140 MiB, 280.65 W, 62
2026/08/14 03:03:57.503, NVIDIA GeForce RTX 4090, 72 %, 43 %, 19206 MiB, 49140 MiB, 283.40 W, 64
2026/08/14 03:03:58.504, NVIDIA GeForce RTX 4090, 71 %, 32 %, 19206 MiB, 49140 MiB, 304.84 W, 61
2026/08/14 03:03:59.504, NVIDIA GeForce RTX 4090, 36 %, 13 %, 19206 MiB, 49140 MiB, 288.73 W, 59
2026/08/14 03:04:00.504, NVIDIA GeForce RTX 4090, 34 %, 12 %, 19206 MiB, 49140 MiB, 273.21 W, 59
2026/08/14 03:04:01.504, NVIDIA GeForce RTX 4090, 44 %, 15 %, 19206 MiB, 49140 MiB, 275.64 W, 59
2026/08/14 03:04:02.504, NVIDIA GeForce RTX 4090, 91 %, 48 %, 19206 MiB, 49140 MiB, 368.55 W, 65
2026/08/14 03:04:03.504, NVIDIA GeForce RTX 4090, 40 %, 20 %, 19206 MiB, 49140 MiB, 289.49 W, 60
2026/08/14 03:04:04.505, NVIDIA GeForce RTX 4090, 38 %, 15 %, 19206 MiB, 49140 MiB, 269.60 W, 60
2026/08/14 03:04:05.505, NVIDIA GeForce RTX 4090, 36 %, 13 %, 19206 MiB, 49140 MiB, 278.01 W, 60
2026/08/14 03:04:06.505, NVIDIA GeForce RTX 4090, 40 %, 13 %, 19206 MiB, 49140 MiB, 281.02 W, 60
2026/08/14 03:04:07.505, NVIDIA GeForce RTX 4090, 54 %, 22 %, 19206 MiB, 49140 MiB, 288.23 W, 61
2026/08/14 03:04:08.506, NVIDIA GeForce RTX 4090, 74 %, 42 %, 19206 MiB, 49140 MiB, 290.01 W, 68
2026/08/14 03:04:09.506, NVIDIA GeForce RTX 4090, 52 %, 23 %, 19206 MiB, 49140 MiB, 311.18 W, 61
2026/08/14 03:04:10.506, NVIDIA GeForce RTX 4090, 27 %, 9 %, 19206 MiB, 49140 MiB, 279.96 W, 59
2026/08/14 03:04:11.506, NVIDIA GeForce RTX 4090, 35 %, 12 %, 19206 MiB, 49140 MiB, 280.91 W, 60
2026/08/14 03:04:12.507, NVIDIA GeForce RTX 4090, 58 %, 21 %, 19206 MiB, 49140 MiB, 277.03 W, 62
2026/08/14 03:04:13.507, NVIDIA GeForce RTX 4090, 77 %, 44 %, 19206 MiB, 49140 MiB, 307.07 W, 69
2026/08/14 03:04:14.507, NVIDIA GeForce RTX 4090, 53 %, 23 %, 19206 MiB, 49140 MiB, 313.26 W, 62
2026/08/14 03:04:15.507, NVIDIA GeForce RTX 4090, 22 %, 8 %, 19206 MiB, 49140 MiB, 275.17 W, 59
2026/08/14 03:04:16.508, NVIDIA GeForce RTX 4090, 35 %, 12 %, 19206 MiB, 49140 MiB, 269.91 W, 60
2026/08/14 03:04:17.508, NVIDIA GeForce RTX 4090, 40 %, 14 %, 19206 MiB, 49140 MiB, 278.42 W, 61
2026/08/14 03:04:18.508, NVIDIA GeForce RTX 4090, 56 %, 29 %, 19206 MiB, 49140 MiB, 281.86 W, 64
2026/08/14 03:04:19.508, NVIDIA GeForce RTX 4090, 72 %, 43 %, 19206 MiB, 49140 MiB, 292.35 W, 68
2026/08/14 03:04:20.509, NVIDIA GeForce RTX 4090, 58 %, 26 %, 19206 MiB, 49140 MiB, 301.28 W, 62
2026/08/14 03:04:21.509, NVIDIA GeForce RTX 4090, 27 %, 9 %, 19206 MiB, 49140 MiB, 275.02 W, 60
2026/08/14 03:04:22.509, NVIDIA GeForce RTX 4090, 39 %, 14 %, 19206 MiB, 49140 MiB, 276.06 W, 60
2026/08/14 03:04:23.509, NVIDIA GeForce RTX 4090, 45 %, 16 %, 19206 MiB, 49140 MiB, 280.96 W, 60
2026/08/14 03:04:24.510, NVIDIA GeForce RTX 4090, 48 %, 19 %, 19206 MiB, 49140 MiB, 272.80 W, 61
2026/08/14 03:04:25.510, NVIDIA GeForce RTX 4090, 74 %, 41 %, 19206 MiB, 49140 MiB, 290.73 W, 68
2026/08/14 03:04:26.510, NVIDIA GeForce RTX 4090, 89 %, 48 %, 19206 MiB, 49140 MiB, 300.26 W, 63
2026/08/14 03:04:27.510, NVIDIA GeForce RTX 4090, 57 %, 28 %, 19206 MiB, 49140 MiB, 288.59 W, 61
2026/08/14 03:04:28.511, NVIDIA GeForce RTX 4090, 39 %, 14 %, 19206 MiB, 49140 MiB, 292.45 W, 60
2026/08/14 03:04:29.511, NVIDIA GeForce RTX 4090, 43 %, 15 %, 19206 MiB, 49140 MiB, 279.51 W, 61
2026/08/14 03:04:30.511, NVIDIA GeForce RTX 4090, 52 %, 21 %, 19206 MiB, 49140 MiB, 277.17 W, 62
2026/08/14 03:04:31.511, NVIDIA GeForce RTX 4090, 60 %, 33 %, 19206 MiB, 49140 MiB, 278.67 W, 65
2026/08/14 03:04:32.583, NVIDIA GeForce RTX 4090, 93 %, 53 %, 19206 MiB, 49140 MiB, 302.56 W, 64
2026/08/14 03:04:33.584, NVIDIA GeForce RTX 4090, 41 %, 17 %, 19206 MiB, 49140 MiB, 296.59 W, 61
2026/08/14 03:04:34.584, NVIDIA GeForce RTX 4090, 33 %, 12 %, 19206 MiB, 49140 MiB, 270.67 W, 60
2026/08/14 03:04:35.584, NVIDIA GeForce RTX 4090, 37 %, 13 %, 19206 MiB, 49140 MiB, 273.39 W, 60
2026/08/14 03:04:36.584, NVIDIA GeForce RTX 4090, 44 %, 15 %, 19206 MiB, 49140 MiB, 286.82 W, 61
2026/08/14 03:04:37.584, NVIDIA GeForce RTX 4090, 51 %, 20 %, 19206 MiB, 49140 MiB, 275.91 W, 62
2026/08/14 03:04:38.585, NVIDIA GeForce RTX 4090, 74 %, 42 %, 19206 MiB, 49140 MiB, 288.94 W, 67
2026/08/14 03:04:39.585, NVIDIA GeForce RTX 4090, 89 %, 48 %, 19206 MiB, 49140 MiB, 305.20 W, 64
2026/08/14 03:04:40.585, NVIDIA GeForce RTX 4090, 53 %, 22 %, 19206 MiB, 49140 MiB, 291.78 W, 62
2026/08/14 03:04:41.585, NVIDIA GeForce RTX 4090, 27 %, 10 %, 19206 MiB, 49140 MiB, 276.61 W, 60
2026/08/14 03:04:42.586, NVIDIA GeForce RTX 4090, 34 %, 12 %, 19206 MiB, 49140 MiB, 278.45 W, 61
2026/08/14 03:04:43.586, NVIDIA GeForce RTX 4090, 43 %, 15 %, 19206 MiB, 49140 MiB, 274.60 W, 61
2026/08/14 03:04:44.586, NVIDIA GeForce RTX 4090, 50 %, 26 %, 19206 MiB, 49140 MiB, 277.52 W, 66
2026/08/14 03:04:45.586, NVIDIA GeForce RTX 4090, 73 %, 41 %, 19206 MiB, 49140 MiB, 290.41 W, 67
2026/08/14 03:04:46.586, NVIDIA GeForce RTX 4090, 0 %, 0 %, 19206 MiB, 49140 MiB, 294.37 W, 57
2026/08/14 03:04:47.586, NVIDIA GeForce RTX 4090, 0 %, 0 %, 19206 MiB, 49140 MiB, 106.62 W, 56
2026/08/14 03:04:48.587, NVIDIA GeForce RTX 4090, 0 %, 0 %, 19206 MiB, 49140 MiB, 97.22 W, 54
2026/08/14 03:04:49.587, NVIDIA GeForce RTX 4090, 21 %, 8 %, 19206 MiB, 49140 MiB, 163.04 W, 58
2026/08/14 03:04:50.587, NVIDIA GeForce RTX 4090, 38 %, 13 %, 19206 MiB, 49140 MiB, 253.31 W, 59
2026/08/14 03:04:51.587, NVIDIA GeForce RTX 4090, 37 %, 13 %, 19206 MiB, 49140 MiB, 263.05 W, 59
2026/08/14 03:04:52.587, NVIDIA GeForce RTX 4090, 40 %, 14 %, 19206 MiB, 49140 MiB, 272.92 W, 60
2026/08/14 03:04:53.588, NVIDIA GeForce RTX 4090, 42 %, 15 %, 19206 MiB, 49140 MiB, 260.39 W, 60
2026/08/14 03:04:54.588, NVIDIA GeForce RTX 4090, 35 %, 11 %, 19206 MiB, 49140 MiB, 253.44 W, 59
2026/08/14 03:04:55.588, NVIDIA GeForce RTX 4090, 37 %, 13 %, 19206 MiB, 49140 MiB, 263.77 W, 60
2026/08/14 03:04:56.588, NVIDIA GeForce RTX 4090, 43 %, 16 %, 19206 MiB, 49140 MiB, 261.67 W, 60
2026/08/14 03:04:57.589, NVIDIA GeForce RTX 4090, 49 %, 21 %, 19206 MiB, 49140 MiB, 268.61 W, 61
2026/08/14 03:04:58.589, NVIDIA GeForce RTX 4090, 45 %, 17 %, 19206 MiB, 49140 MiB, 260.63 W, 60
2026/08/14 03:04:59.589, NVIDIA GeForce RTX 4090, 52 %, 26 %, 19206 MiB, 49140 MiB, 261.53 W, 68
2026/08/14 03:05:00.589, NVIDIA GeForce RTX 4090, 75 %, 44 %, 19206 MiB, 49140 MiB, 285.21 W, 65
2026/08/14 03:05:01.590, NVIDIA GeForce RTX 4090, 93 %, 54 %, 19206 MiB, 49140 MiB, 293.90 W, 64
2026/08/14 03:05:02.590, NVIDIA GeForce RTX 4090, 71 %, 34 %, 19206 MiB, 49140 MiB, 292.27 W, 60
2026/08/14 03:05:03.590, NVIDIA GeForce RTX 4090, 52 %, 24 %, 19206 MiB, 49140 MiB, 259.24 W, 59
2026/08/14 03:05:04.590, NVIDIA GeForce RTX 4090, 63 %, 30 %, 19206 MiB, 49140 MiB, 268.57 W, 61
2026/08/14 03:05:05.591, NVIDIA GeForce RTX 4090, 21 %, 7 %, 19206 MiB, 49140 MiB, 273.70 W, 58
2026/08/14 03:05:06.591, NVIDIA GeForce RTX 4090, 33 %, 12 %, 19206 MiB, 49140 MiB, 266.24 W, 60
2026/08/14 03:05:07.591, NVIDIA GeForce RTX 4090, 32 %, 11 %, 19206 MiB, 49140 MiB, 273.00 W, 59
2026/08/14 03:05:08.592, NVIDIA GeForce RTX 4090, 42 %, 15 %, 19206 MiB, 49140 MiB, 274.16 W, 59
2026/08/14 03:05:09.592, NVIDIA GeForce RTX 4090, 28 %, 11 %, 19206 MiB, 49140 MiB, 265.14 W, 59
2026/08/14 03:05:10.592, NVIDIA GeForce RTX 4090, 47 %, 21 %, 19206 MiB, 49140 MiB, 275.40 W, 67
2026/08/14 03:05:11.592, NVIDIA GeForce RTX 4090, 74 %, 43 %, 19206 MiB, 49140 MiB, 281.22 W, 66
2026/08/14 03:05:12.593, NVIDIA GeForce RTX 4090, 86 %, 46 %, 19206 MiB, 49140 MiB, 305.78 W, 67
2026/08/14 03:05:13.593, NVIDIA GeForce RTX 4090, 62 %, 29 %, 19206 MiB, 49140 MiB, 292.61 W, 62
2026/08/14 03:05:14.593, NVIDIA GeForce RTX 4090, 22 %, 7 %, 19206 MiB, 49140 MiB, 270.45 W, 59
2026/08/14 03:05:15.593, NVIDIA GeForce RTX 4090, 24 %, 9 %, 19206 MiB, 49140 MiB, 268.94 W, 59
2026/08/14 03:05:16.593, NVIDIA GeForce RTX 4090, 30 %, 10 %, 19206 MiB, 49140 MiB, 267.16 W, 60
2026/08/14 03:05:17.594, NVIDIA GeForce RTX 4090, 40 %, 14 %, 19206 MiB, 49140 MiB, 278.07 W, 61
2026/08/14 03:05:18.594, NVIDIA GeForce RTX 4090, 51 %, 20 %, 19206 MiB, 49140 MiB, 275.09 W, 63
2026/08/14 03:05:19.594, NVIDIA GeForce RTX 4090, 62 %, 32 %, 19206 MiB, 49140 MiB, 277.57 W, 67
2026/08/14 03:05:20.594, NVIDIA GeForce RTX 4090, 74 %, 45 %, 19206 MiB, 49140 MiB, 285.76 W, 68
2026/08/14 03:05:21.594, NVIDIA GeForce RTX 4090, 89 %, 48 %, 19206 MiB, 49140 MiB, 294.78 W, 65
2026/08/14 03:05:22.594, NVIDIA GeForce RTX 4090, 41 %, 14 %, 19206 MiB, 49140 MiB, 302.50 W, 61
2026/08/14 03:05:23.595, NVIDIA GeForce RTX 4090, 34 %, 11 %, 19206 MiB, 49140 MiB, 278.52 W, 61
2026/08/14 03:05:24.595, NVIDIA GeForce RTX 4090, 55 %, 20 %, 19206 MiB, 49140 MiB, 283.09 W, 62
2026/08/14 03:05:25.595, NVIDIA GeForce RTX 4090, 60 %, 30 %, 19206 MiB, 49140 MiB, 289.10 W, 67
2026/08/14 03:05:26.595, NVIDIA GeForce RTX 4090, 94 %, 55 %, 19206 MiB, 49140 MiB, 301.44 W, 67
2026/08/14 03:05:27.595, NVIDIA GeForce RTX 4090, 54 %, 20 %, 19206 MiB, 49140 MiB, 307.36 W, 61
2026/08/14 03:05:28.596, NVIDIA GeForce RTX 4090, 46 %, 15 %, 19206 MiB, 49140 MiB, 295.87 W, 62
2026/08/14 03:05:29.596, NVIDIA GeForce RTX 4090, 51 %, 20 %, 19206 MiB, 49140 MiB, 280.30 W, 64
2026/08/14 03:05:30.596, NVIDIA GeForce RTX 4090, 74 %, 42 %, 19206 MiB, 49140 MiB, 288.30 W, 67
2026/08/14 03:05:31.596, NVIDIA GeForce RTX 4090, 60 %, 32 %, 19206 MiB, 49140 MiB, 308.01 W, 64
2026/08/14 03:05:32.596, NVIDIA GeForce RTX 4090, 41 %, 15 %, 19206 MiB, 49140 MiB, 291.66 W, 61
2026/08/14 03:05:33.597, NVIDIA GeForce RTX 4090, 43 %, 14 %, 19206 MiB, 49140 MiB, 272.52 W, 67
2026/08/14 03:05:34.597, NVIDIA GeForce RTX 4090, 95 %, 47 %, 19206 MiB, 49140 MiB, 370.02 W, 69
2026/08/14 03:05:35.597, NVIDIA GeForce RTX 4090, 72 %, 33 %, 19206 MiB, 49140 MiB, 312.07 W, 62
2026/08/14 03:05:36.597, NVIDIA GeForce RTX 4090, 35 %, 12 %, 19206 MiB, 49140 MiB, 286.58 W, 62
2026/08/14 03:05:37.597, NVIDIA GeForce RTX 4090, 26 %, 9 %, 19206 MiB, 49140 MiB, 268.39 W, 60
2026/08/14 03:05:38.598, NVIDIA GeForce RTX 4090, 46 %, 17 %, 19206 MiB, 49140 MiB, 287.30 W, 62
2026/08/14 03:05:39.598, NVIDIA GeForce RTX 4090, 49 %, 25 %, 19206 MiB, 49140 MiB, 286.91 W, 67
2026/08/14 03:05:40.598, NVIDIA GeForce RTX 4090, 74 %, 43 %, 19206 MiB, 49140 MiB, 282.15 W, 70
2026/08/14 03:05:41.599, NVIDIA GeForce RTX 4090, 60 %, 33 %, 19206 MiB, 49140 MiB, 303.85 W, 61
2026/08/14 03:05:42.599, NVIDIA GeForce RTX 4090, 57 %, 21 %, 19206 MiB, 49140 MiB, 280.37 W, 62
2026/08/14 03:05:43.599, NVIDIA GeForce RTX 4090, 39 %, 14 %, 19206 MiB, 49140 MiB, 282.37 W, 62
2026/08/14 03:05:44.600, NVIDIA GeForce RTX 4090, 45 %, 15 %, 19206 MiB, 49140 MiB, 273.69 W, 63
2026/08/14 03:05:45.600, NVIDIA GeForce RTX 4090, 50 %, 19 %, 19206 MiB, 49140 MiB, 280.80 W, 66
2026/08/14 03:05:46.600, NVIDIA GeForce RTX 4090, 74 %, 39 %, 19206 MiB, 49140 MiB, 291.90 W, 67
2026/08/14 03:05:47.600, NVIDIA GeForce RTX 4090, 59 %, 33 %, 19206 MiB, 49140 MiB, 311.19 W, 67
2026/08/14 03:05:48.600, NVIDIA GeForce RTX 4090, 28 %, 10 %, 19206 MiB, 49140 MiB, 282.23 W, 61
2026/08/14 03:05:49.601, NVIDIA GeForce RTX 4090, 35 %, 12 %, 19206 MiB, 49140 MiB, 272.17 W, 62
2026/08/14 03:05:50.601, NVIDIA GeForce RTX 4090, 43 %, 14 %, 19206 MiB, 49140 MiB, 276.47 W, 63
2026/08/14 03:05:51.601, NVIDIA GeForce RTX 4090, 51 %, 20 %, 19206 MiB, 49140 MiB, 278.54 W, 68
2026/08/14 03:05:52.602, NVIDIA GeForce RTX 4090, 74 %, 40 %, 19206 MiB, 49140 MiB, 290.90 W, 67
2026/08/14 03:05:53.602, NVIDIA GeForce RTX 4090, 90 %, 47 %, 19206 MiB, 49140 MiB, 307.85 W, 68
2026/08/14 03:05:54.602, NVIDIA GeForce RTX 4090, 39 %, 14 %, 19206 MiB, 49140 MiB, 298.43 W, 63
2026/08/14 03:05:55.602, NVIDIA GeForce RTX 4090, 43 %, 15 %, 19206 MiB, 49140 MiB, 279.40 W, 62
2026/08/14 03:05:56.602, NVIDIA GeForce RTX 4090, 50 %, 18 %, 19206 MiB, 49140 MiB, 279.76 W, 63
2026/08/14 03:05:57.603, NVIDIA GeForce RTX 4090, 47 %, 19 %, 19206 MiB, 49140 MiB, 273.82 W, 68
2026/08/14 03:05:58.603, NVIDIA GeForce RTX 4090, 73 %, 42 %, 19206 MiB, 49140 MiB, 290.65 W, 68
2026/08/14 03:05:59.603, NVIDIA GeForce RTX 4090, 88 %, 44 %, 19206 MiB, 49140 MiB, 311.14 W, 64
2026/08/14 03:06:00.604, NVIDIA GeForce RTX 4090, 56 %, 22 %, 19206 MiB, 49140 MiB, 278.64 W, 63
2026/08/14 03:06:01.604, NVIDIA GeForce RTX 4090, 31 %, 11 %, 19206 MiB, 49140 MiB, 274.93 W, 62
2026/08/14 03:06:02.604, NVIDIA GeForce RTX 4090, 47 %, 15 %, 19206 MiB, 49140 MiB, 271.42 W, 64
2026/08/14 03:06:03.604, NVIDIA GeForce RTX 4090, 50 %, 20 %, 19206 MiB, 49140 MiB, 288.38 W, 68
2026/08/14 03:06:04.604, NVIDIA GeForce RTX 4090, 94 %, 52 %, 19206 MiB, 49140 MiB, 309.86 W, 68
2026/08/14 03:06:05.604, NVIDIA GeForce RTX 4090, 57 %, 23 %, 19206 MiB, 49140 MiB, 304.31 W, 63
2026/08/14 03:06:06.605, NVIDIA GeForce RTX 4090, 61 %, 23 %, 19206 MiB, 49140 MiB, 275.85 W, 63
2026/08/14 03:06:07.605, NVIDIA GeForce RTX 4090, 61 %, 21 %, 19206 MiB, 49140 MiB, 288.23 W, 65
2026/08/14 03:06:08.605, NVIDIA GeForce RTX 4090, 47 %, 20 %, 19206 MiB, 49140 MiB, 286.58 W, 68
2026/08/14 03:06:09.605, NVIDIA GeForce RTX 4090, 98 %, 56 %, 19206 MiB, 49140 MiB, 297.94 W, 70
2026/08/14 03:06:10.605, NVIDIA GeForce RTX 4090, 58 %, 26 %, 19206 MiB, 49140 MiB, 300.80 W, 63
2026/08/14 03:06:11.605, NVIDIA GeForce RTX 4090, 33 %, 12 %, 19206 MiB, 49140 MiB, 282.33 W, 63
2026/08/14 03:06:12.606, NVIDIA GeForce RTX 4090, 43 %, 15 %, 19206 MiB, 49140 MiB, 273.93 W, 64
2026/08/14 03:06:13.606, NVIDIA GeForce RTX 4090, 70 %, 28 %, 19206 MiB, 49140 MiB, 288.94 W, 69
2026/08/14 03:06:14.606, NVIDIA GeForce RTX 4090, 94 %, 50 %, 19206 MiB, 49140 MiB, 318.96 W, 69
2026/08/14 03:06:15.607, NVIDIA GeForce RTX 4090, 55 %, 24 %, 19206 MiB, 49140 MiB, 302.25 W, 66
2026/08/14 03:06:16.607, NVIDIA GeForce RTX 4090, 44 %, 15 %, 19206 MiB, 49140 MiB, 283.88 W, 65
2026/08/14 03:06:17.607, NVIDIA GeForce RTX 4090, 100 %, 52 %, 19206 MiB, 49140 MiB, 354.02 W, 70
2026/08/14 03:06:18.607, NVIDIA GeForce RTX 4090, 0 %, 0 %, 19206 MiB, 49140 MiB, 122.55 W, 56
2026/08/14 03:06:19.607, NVIDIA GeForce RTX 4090, 1 %, 0 %, 19206 MiB, 49140 MiB, 101.35 W, 55
2026/08/14 03:06:20.608, NVIDIA GeForce RTX 4090, 39 %, 14 %, 19206 MiB, 49140 MiB, 168.75 W, 62
2026/08/14 03:06:21.608, NVIDIA GeForce RTX 4090, 62 %, 24 %, 19206 MiB, 49140 MiB, 313.93 W, 68
2026/08/14 03:06:22.683, NVIDIA GeForce RTX 4090, 74 %, 41 %, 19206 MiB, 49140 MiB, 301.24 W, 67
2026/08/14 03:06:23.683, NVIDIA GeForce RTX 4090, 94 %, 51 %, 19206 MiB, 49140 MiB, 290.27 W, 69
2026/08/14 03:06:24.684, NVIDIA GeForce RTX 4090, 58 %, 25 %, 19206 MiB, 49140 MiB, 281.08 W, 64
2026/08/14 03:06:25.684, NVIDIA GeForce RTX 4090, 22 %, 8 %, 19206 MiB, 49140 MiB, 273.38 W, 61
2026/08/14 03:06:26.684, NVIDIA GeForce RTX 4090, 21 %, 7 %, 19206 MiB, 49140 MiB, 274.86 W, 63
2026/08/14 03:06:27.684, NVIDIA GeForce RTX 4090, 44 %, 17 %, 19206 MiB, 49140 MiB, 273.99 W, 67
2026/08/14 03:06:28.685, NVIDIA GeForce RTX 4090, 70 %, 39 %, 19206 MiB, 49140 MiB, 288.60 W, 67
2026/08/14 03:06:29.685, NVIDIA GeForce RTX 4090, 93 %, 54 %, 19206 MiB, 49140 MiB, 307.45 W, 67
2026/08/14 03:06:30.685, NVIDIA GeForce RTX 4090, 30 %, 10 %, 19206 MiB, 49140 MiB, 302.23 W, 67
2026/08/14 03:06:31.685, NVIDIA GeForce RTX 4090, 32 %, 11 %, 19206 MiB, 49140 MiB, 278.62 W, 64
2026/08/14 03:06:32.685, NVIDIA GeForce RTX 4090, 34 %, 11 %, 19206 MiB, 49140 MiB, 271.38 W, 64
2026/08/14 03:06:33.685, NVIDIA GeForce RTX 4090, 23 %, 10 %, 19206 MiB, 49140 MiB, 283.02 W, 66
2026/08/14 03:06:34.686, NVIDIA GeForce RTX 4090, 70 %, 39 %, 19206 MiB, 49140 MiB, 294.33 W, 67
2026/08/14 03:06:35.686, NVIDIA GeForce RTX 4090, 93 %, 53 %, 19206 MiB, 49140 MiB, 295.92 W, 67
2026/08/14 03:06:36.686, NVIDIA GeForce RTX 4090, 53 %, 24 %, 19206 MiB, 49140 MiB, 301.59 W, 68
2026/08/14 03:06:37.686, NVIDIA GeForce RTX 4090, 28 %, 11 %, 19206 MiB, 49140 MiB, 283.25 W, 66
2026/08/14 03:06:38.686, NVIDIA GeForce RTX 4090, 31 %, 10 %, 19206 MiB, 49140 MiB, 279.79 W, 64
2026/08/14 03:06:39.687, NVIDIA GeForce RTX 4090, 36 %, 15 %, 19206 MiB, 49140 MiB, 277.59 W, 66
2026/08/14 03:06:40.687, NVIDIA GeForce RTX 4090, 63 %, 37 %, 19206 MiB, 49140 MiB, 296.53 W, 68
2026/08/14 03:06:41.687, NVIDIA GeForce RTX 4090, 84 %, 44 %, 19206 MiB, 49140 MiB, 307.42 W, 69
2026/08/14 03:06:42.687, NVIDIA GeForce RTX 4090, 23 %, 8 %, 19206 MiB, 49140 MiB, 289.96 W, 63
2026/08/14 03:06:43.688, NVIDIA GeForce RTX 4090, 38 %, 13 %, 19206 MiB, 49140 MiB, 273.84 W, 68
2026/08/14 03:06:44.688, NVIDIA GeForce RTX 4090, 35 %, 14 %, 19206 MiB, 49140 MiB, 281.75 W, 68
2026/08/14 03:06:45.688, NVIDIA GeForce RTX 4090, 69 %, 36 %, 19206 MiB, 49140 MiB, 292.78 W, 68
2026/08/14 03:06:46.688, NVIDIA GeForce RTX 4090, 49 %, 23 %, 19206 MiB, 49140 MiB, 314.69 W, 69
2026/08/14 03:06:47.688, NVIDIA GeForce RTX 4090, 13 %, 5 %, 19206 MiB, 49140 MiB, 280.84 W, 65
2026/08/14 03:06:48.689, NVIDIA GeForce RTX 4090, 23 %, 8 %, 19206 MiB, 49140 MiB, 268.21 W, 63
2026/08/14 03:06:49.689, NVIDIA GeForce RTX 4090, 36 %, 12 %, 19206 MiB, 49140 MiB, 274.95 W, 68
2026/08/14 03:06:50.689, NVIDIA GeForce RTX 4090, 42 %, 16 %, 19206 MiB, 49140 MiB, 286.19 W, 68
2026/08/14 03:06:51.689, NVIDIA GeForce RTX 4090, 66 %, 35 %, 19206 MiB, 49140 MiB, 288.16 W, 68
2026/08/14 03:06:52.690, NVIDIA GeForce RTX 4090, 80 %, 45 %, 19206 MiB, 49140 MiB, 303.78 W, 67
2026/08/14 03:06:53.690, NVIDIA GeForce RTX 4090, 52 %, 25 %, 19206 MiB, 49140 MiB, 288.44 W, 68
2026/08/14 03:06:54.690, NVIDIA GeForce RTX 4090, 24 %, 9 %, 19206 MiB, 49140 MiB, 275.62 W, 69
2026/08/14 03:06:55.690, NVIDIA GeForce RTX 4090, 26 %, 9 %, 19206 MiB, 49140 MiB, 274.08 W, 65
2026/08/14 03:06:56.691, NVIDIA GeForce RTX 4090, 31 %, 11 %, 19206 MiB, 49140 MiB, 276.05 W, 68
2026/08/14 03:06:57.691, NVIDIA GeForce RTX 4090, 42 %, 16 %, 19206 MiB, 49140 MiB, 279.52 W, 69
2026/08/14 03:06:58.691, NVIDIA GeForce RTX 4090, 70 %, 36 %, 19206 MiB, 49140 MiB, 289.96 W, 67
2026/08/14 03:06:59.691, NVIDIA GeForce RTX 4090, 98 %, 57 %, 19206 MiB, 49140 MiB, 299.70 W, 68
2026/08/14 03:07:00.692, NVIDIA GeForce RTX 4090, 53 %, 26 %, 19206 MiB, 49140 MiB, 299.54 W, 66
2026/08/14 03:07:01.692, NVIDIA GeForce RTX 4090, 12 %, 4 %, 19206 MiB, 49140 MiB, 290.02 W, 67
2026/08/14 03:07:02.692, NVIDIA GeForce RTX 4090, 33 %, 11 %, 19206 MiB, 49140 MiB, 276.63 W, 67
2026/08/14 03:07:03.692, NVIDIA GeForce RTX 4090, 95 %, 50 %, 19206 MiB, 49140 MiB, 368.40 W, 70
2026/08/14 03:07:04.693, NVIDIA GeForce RTX 4090, 99 %, 58 %, 19206 MiB, 49140 MiB, 282.52 W, 68
2026/08/14 03:07:05.693, NVIDIA GeForce RTX 4090, 71 %, 39 %, 19206 MiB, 49140 MiB, 301.20 W, 68
2026/08/14 03:07:06.693, NVIDIA GeForce RTX 4090, 31 %, 12 %, 19206 MiB, 49140 MiB, 275.59 W, 69
2026/08/14 03:07:07.693, NVIDIA GeForce RTX 4090, 36 %, 13 %, 19206 MiB, 49140 MiB, 277.03 W, 67
2026/08/14 03:07:08.694, NVIDIA GeForce RTX 4090, 24 %, 8 %, 19206 MiB, 49140 MiB, 278.36 W, 68
2026/08/14 03:07:09.694, NVIDIA GeForce RTX 4090, 39 %, 16 %, 19206 MiB, 49140 MiB, 285.10 W, 67
2026/08/14 03:07:10.694, NVIDIA GeForce RTX 4090, 98 %, 57 %, 19206 MiB, 49140 MiB, 298.61 W, 69
2026/08/14 03:07:11.695, NVIDIA GeForce RTX 4090, 52 %, 26 %, 19206 MiB, 49140 MiB, 305.97 W, 68
2026/08/14 03:07:12.695, NVIDIA GeForce RTX 4090, 19 %, 7 %, 19206 MiB, 49140 MiB, 276.54 W, 69
2026/08/14 03:07:13.695, NVIDIA GeForce RTX 4090, 32 %, 11 %, 19206 MiB, 49140 MiB, 277.54 W, 68
2026/08/14 03:07:14.695, NVIDIA GeForce RTX 4090, 36 %, 13 %, 19206 MiB, 49140 MiB, 277.28 W, 68
2026/08/14 03:07:15.696, NVIDIA GeForce RTX 4090, 62 %, 31 %, 19206 MiB, 49140 MiB, 299.39 W, 69
2026/08/14 03:07:16.696, NVIDIA GeForce RTX 4090, 93 %, 53 %, 19206 MiB, 49140 MiB, 294.83 W, 67
2026/08/14 03:07:17.696, NVIDIA GeForce RTX 4090, 28 %, 17 %, 19206 MiB, 49140 MiB, 286.40 W, 67
2026/08/14 03:07:18.697, NVIDIA GeForce RTX 4090, 34 %, 12 %, 19206 MiB, 49140 MiB, 280.43 W, 69
2026/08/14 03:07:19.697, NVIDIA GeForce RTX 4090, 26 %, 9 %, 19206 MiB, 49140 MiB, 269.72 W, 67
2026/08/14 03:07:20.697, NVIDIA GeForce RTX 4090, 34 %, 11 %, 19206 MiB, 49140 MiB, 270.84 W, 68
2026/08/14 03:07:21.698, NVIDIA GeForce RTX 4090, 36 %, 13 %, 19206 MiB, 49140 MiB, 278.59 W, 68
2026/08/14 03:07:22.698, NVIDIA GeForce RTX 4090, 63 %, 32 %, 19206 MiB, 49140 MiB, 294.14 W, 68
2026/08/14 03:07:23.698, NVIDIA GeForce RTX 4090, 92 %, 53 %, 19206 MiB, 49140 MiB, 295.58 W, 67
2026/08/14 03:07:24.698, NVIDIA GeForce RTX 4090, 51 %, 25 %, 19206 MiB, 49140 MiB, 291.52 W, 67
2026/08/14 03:07:25.699, NVIDIA GeForce RTX 4090, 34 %, 12 %, 19206 MiB, 49140 MiB, 275.34 W, 70
2026/08/14 03:07:26.699, NVIDIA GeForce RTX 4090, 38 %, 14 %, 19206 MiB, 49140 MiB, 271.63 W, 67
2026/08/14 03:07:27.699, NVIDIA GeForce RTX 4090, 43 %, 14 %, 19206 MiB, 49140 MiB, 278.76 W, 69
2026/08/14 03:07:28.700, NVIDIA GeForce RTX 4090, 55 %, 21 %, 19206 MiB, 49140 MiB, 287.34 W, 69
2026/08/14 03:07:29.700, NVIDIA GeForce RTX 4090, 98 %, 59 %, 19206 MiB, 49140 MiB, 303.58 W, 68
2026/08/14 03:07:30.700, NVIDIA GeForce RTX 4090, 52 %, 25 %, 19206 MiB, 49140 MiB, 306.27 W, 67
2026/08/14 03:07:31.701, NVIDIA GeForce RTX 4090, 26 %, 9 %, 19206 MiB, 49140 MiB, 275.12 W, 67
2026/08/14 03:07:32.701, NVIDIA GeForce RTX 4090, 42 %, 15 %, 19206 MiB, 49140 MiB, 277.82 W, 67
2026/08/14 03:07:33.701, NVIDIA GeForce RTX 4090, 39 %, 14 %, 19206 MiB, 49140 MiB, 282.60 W, 67
2026/08/14 03:07:34.701, NVIDIA GeForce RTX 4090, 57 %, 22 %, 19206 MiB, 49140 MiB, 280.71 W, 68
2026/08/14 03:07:35.702, NVIDIA GeForce RTX 4090, 75 %, 42 %, 19206 MiB, 49140 MiB, 287.98 W, 66
2026/08/14 03:07:36.702, NVIDIA GeForce RTX 4090, 92 %, 53 %, 19206 MiB, 49140 MiB, 296.17 W, 67
2026/08/14 03:07:37.702, NVIDIA GeForce RTX 4090, 58 %, 30 %, 19206 MiB, 49140 MiB, 290.95 W, 69
2026/08/14 03:07:38.702, NVIDIA GeForce RTX 4090, 42 %, 16 %, 19206 MiB, 49140 MiB, 278.98 W, 69
2026/08/14 03:07:39.703, NVIDIA GeForce RTX 4090, 40 %, 14 %, 19206 MiB, 49140 MiB, 279.42 W, 67
2026/08/14 03:07:40.703, NVIDIA GeForce RTX 4090, 38 %, 13 %, 19206 MiB, 49140 MiB, 271.80 W, 69
2026/08/14 03:07:41.703, NVIDIA GeForce RTX 4090, 71 %, 25 %, 19206 MiB, 49140 MiB, 281.01 W, 67
2026/08/14 03:07:42.703, NVIDIA GeForce RTX 4090, 98 %, 60 %, 19206 MiB, 49140 MiB, 311.99 W, 67
2026/08/14 03:07:43.704, NVIDIA GeForce RTX 4090, 60 %, 30 %, 19206 MiB, 49140 MiB, 293.86 W, 67
2026/08/14 03:07:44.704, NVIDIA GeForce RTX 4090, 31 %, 17 %, 19206 MiB, 49140 MiB, 276.20 W, 68
2026/08/14 03:07:45.704, NVIDIA GeForce RTX 4090, 38 %, 14 %, 19206 MiB, 49140 MiB, 274.83 W, 68
2026/08/14 03:07:46.704, NVIDIA GeForce RTX 4090, 40 %, 15 %, 19206 MiB, 49140 MiB, 272.89 W, 66
2026/08/14 03:07:47.705, NVIDIA GeForce RTX 4090, 100 %, 55 %, 19206 MiB, 49140 MiB, 351.41 W, 69
2026/08/14 03:07:48.705, NVIDIA GeForce RTX 4090, 0 %, 0 %, 19206 MiB, 49140 MiB, 149.48 W, 57
2026/08/14 03:07:49.705, NVIDIA GeForce RTX 4090, 0 %, 0 %, 19206 MiB, 49140 MiB, 105.84 W, 56
2026/08/14 03:07:50.705, NVIDIA GeForce RTX 4090, 29 %, 10 %, 19206 MiB, 49140 MiB, 178.93 W, 62
2026/08/14 03:07:51.705, NVIDIA GeForce RTX 4090, 37 %, 13 %, 19206 MiB, 49140 MiB, 253.90 W, 62
2026/08/14 03:07:52.705, NVIDIA GeForce RTX 4090, 48 %, 16 %, 19206 MiB, 49140 MiB, 270.90 W, 66
2026/08/14 03:07:53.706, NVIDIA GeForce RTX 4090, 33 %, 11 %, 19206 MiB, 49140 MiB, 259.86 W, 65
2026/08/14 03:07:54.706, NVIDIA GeForce RTX 4090, 39 %, 13 %, 19206 MiB, 49140 MiB, 265.46 W, 64
2026/08/14 03:07:55.706, NVIDIA GeForce RTX 4090, 35 %, 11 %, 19206 MiB, 49140 MiB, 266.54 W, 66
2026/08/14 03:07:56.706, NVIDIA GeForce RTX 4090, 65 %, 22 %, 19206 MiB, 49140 MiB, 265.09 W, 65
2026/08/14 03:07:57.706, NVIDIA GeForce RTX 4090, 28 %, 11 %, 19206 MiB, 49140 MiB, 263.31 W, 65
2026/08/14 03:07:58.707, NVIDIA GeForce RTX 4090, 26 %, 8 %, 19206 MiB, 49140 MiB, 249.12 W, 63
2026/08/14 03:07:59.707, NVIDIA GeForce RTX 4090, 25 %, 9 %, 19206 MiB, 49140 MiB, 262.00 W, 63
2026/08/14 03:08:00.707, NVIDIA GeForce RTX 4090, 47 %, 18 %, 19206 MiB, 49140 MiB, 258.28 W, 63
2026/08/14 03:08:01.707, NVIDIA GeForce RTX 4090, 59 %, 24 %, 19206 MiB, 49140 MiB, 270.14 W, 65
2026/08/14 03:08:02.708, NVIDIA GeForce RTX 4090, 64 %, 25 %, 19206 MiB, 49140 MiB, 262.86 W, 65
2026/08/14 03:08:03.708, NVIDIA GeForce RTX 4090, 23 %, 9 %, 19206 MiB, 49140 MiB, 256.06 W, 64
2026/08/14 03:08:04.708, NVIDIA GeForce RTX 4090, 44 %, 17 %, 19206 MiB, 49140 MiB, 260.52 W, 64
2026/08/14 03:08:05.708, NVIDIA GeForce RTX 4090, 24 %, 10 %, 19206 MiB, 49140 MiB, 260.29 W, 64
2026/08/14 03:08:06.709, NVIDIA GeForce RTX 4090, 78 %, 38 %, 19206 MiB, 49140 MiB, 274.88 W, 65
2026/08/14 03:08:07.709, NVIDIA GeForce RTX 4090, 86 %, 50 %, 19206 MiB, 49140 MiB, 295.81 W, 68
2026/08/14 03:08:08.709, NVIDIA GeForce RTX 4090, 62 %, 31 %, 19206 MiB, 49140 MiB, 289.39 W, 66
2026/08/14 03:08:09.709, NVIDIA GeForce RTX 4090, 30 %, 12 %, 19206 MiB, 49140 MiB, 273.36 W, 66
2026/08/14 03:08:10.709, NVIDIA GeForce RTX 4090, 44 %, 15 %, 19206 MiB, 49140 MiB, 271.16 W, 64
2026/08/14 03:08:11.710, NVIDIA GeForce RTX 4090, 34 %, 11 %, 19206 MiB, 49140 MiB, 278.22 W, 64
2026/08/14 03:08:12.710, NVIDIA GeForce RTX 4090, 47 %, 18 %, 19206 MiB, 49140 MiB, 278.78 W, 65
2026/08/14 03:08:13.710, NVIDIA GeForce RTX 4090, 75 %, 42 %, 19206 MiB, 49140 MiB, 293.45 W, 67
2026/08/14 03:08:14.710, NVIDIA GeForce RTX 4090, 87 %, 45 %, 19206 MiB, 49140 MiB, 302.67 W, 69
2026/08/14 03:08:15.711, NVIDIA GeForce RTX 4090, 40 %, 15 %, 19206 MiB, 49140 MiB, 295.50 W, 65
2026/08/14 03:08:16.711, NVIDIA GeForce RTX 4090, 25 %, 9 %, 19206 MiB, 49140 MiB, 265.02 W, 64
2026/08/14 03:08:17.711, NVIDIA GeForce RTX 4090, 39 %, 13 %, 19206 MiB, 49140 MiB, 267.50 W, 64
2026/08/14 03:08:18.711, NVIDIA GeForce RTX 4090, 46 %, 17 %, 19206 MiB, 49140 MiB, 278.91 W, 65
2026/08/14 03:08:19.711, NVIDIA GeForce RTX 4090, 78 %, 44 %, 19206 MiB, 49140 MiB, 289.34 W, 66
2026/08/14 03:08:20.712, NVIDIA GeForce RTX 4090, 71 %, 36 %, 19206 MiB, 49140 MiB, 302.82 W, 64
2026/08/14 03:08:21.712, NVIDIA GeForce RTX 4090, 53 %, 25 %, 19206 MiB, 49140 MiB, 275.16 W, 66
2026/08/14 03:08:22.712, NVIDIA GeForce RTX 4090, 37 %, 13 %, 19206 MiB, 49140 MiB, 277.12 W, 64
2026/08/14 03:08:23.712, NVIDIA GeForce RTX 4090, 37 %, 13 %, 19206 MiB, 49140 MiB, 268.42 W, 65
2026/08/14 03:08:24.712, NVIDIA GeForce RTX 4090, 48 %, 18 %, 19206 MiB, 49140 MiB, 283.18 W, 65
2026/08/14 03:08:25.712, NVIDIA GeForce RTX 4090, 78 %, 38 %, 19206 MiB, 49140 MiB, 282.04 W, 65
2026/08/14 03:08:26.713, NVIDIA GeForce RTX 4090, 73 %, 37 %, 19206 MiB, 49140 MiB, 311.49 W, 62
2026/08/14 03:08:27.713, NVIDIA GeForce RTX 4090, 43 %, 17 %, 19206 MiB, 49140 MiB, 290.55 W, 66
2026/08/14 03:08:28.713, NVIDIA GeForce RTX 4090, 40 %, 14 %, 19206 MiB, 49140 MiB, 276.45 W, 65
2026/08/14 03:08:29.713, NVIDIA GeForce RTX 4090, 38 %, 13 %, 19206 MiB, 49140 MiB, 270.49 W, 65
2026/08/14 03:08:30.713, NVIDIA GeForce RTX 4090, 49 %, 17 %, 19206 MiB, 49140 MiB, 273.86 W, 65
2026/08/14 03:08:31.714, NVIDIA GeForce RTX 4090, 62 %, 25 %, 19206 MiB, 49140 MiB, 279.25 W, 65
2026/08/14 03:08:32.714, NVIDIA GeForce RTX 4090, 99 %, 60 %, 19206 MiB, 49140 MiB, 296.82 W, 69
2026/08/14 03:08:33.714, NVIDIA GeForce RTX 4090, 70 %, 38 %, 19206 MiB, 49140 MiB, 301.80 W, 67
2026/08/14 03:08:34.714, NVIDIA GeForce RTX 4090, 38 %, 14 %, 19206 MiB, 49140 MiB, 286.29 W, 65
2026/08/14 03:08:35.715, NVIDIA GeForce RTX 4090, 100 %, 54 %, 19206 MiB, 49140 MiB, 329.79 W, 70
2026/08/14 03:08:36.715, NVIDIA GeForce RTX 4090, 79 %, 38 %, 19206 MiB, 49140 MiB, 313.43 W, 66
2026/08/14 03:08:37.715, NVIDIA GeForce RTX 4090, 88 %, 54 %, 19206 MiB, 49140 MiB, 292.46 W, 68
2026/08/14 03:08:38.715, NVIDIA GeForce RTX 4090, 53 %, 25 %, 19206 MiB, 49140 MiB, 307.68 W, 65
2026/08/14 03:08:39.715, NVIDIA GeForce RTX 4090, 30 %, 11 %, 19206 MiB, 49140 MiB, 276.07 W, 65
2026/08/14 03:08:40.716, NVIDIA GeForce RTX 4090, 40 %, 14 %, 19206 MiB, 49140 MiB, 271.34 W, 65
2026/08/14 03:08:41.716, NVIDIA GeForce RTX 4090, 49 %, 17 %, 19206 MiB, 49140 MiB, 281.59 W, 64
2026/08/14 03:08:42.717, NVIDIA GeForce RTX 4090, 63 %, 25 %, 19206 MiB, 49140 MiB, 281.59 W, 64
2026/08/14 03:08:43.717, NVIDIA GeForce RTX 4090, 88 %, 49 %, 19206 MiB, 49140 MiB, 287.77 W, 65
2026/08/14 03:08:44.717, NVIDIA GeForce RTX 4090, 79 %, 41 %, 19206 MiB, 49140 MiB, 298.92 W, 63
2026/08/14 03:08:45.717, NVIDIA GeForce RTX 4090, 31 %, 12 %, 19206 MiB, 49140 MiB, 291.26 W, 64
2026/08/14 03:08:46.718, NVIDIA GeForce RTX 4090, 44 %, 15 %, 19206 MiB, 49140 MiB, 272.34 W, 63
2026/08/14 03:08:47.718, NVIDIA GeForce RTX 4090, 38 %, 13 %, 19206 MiB, 49140 MiB, 278.11 W, 65
2026/08/14 03:08:48.718, NVIDIA GeForce RTX 4090, 47 %, 18 %, 19206 MiB, 49140 MiB, 282.11 W, 64
2026/08/14 03:08:49.719, NVIDIA GeForce RTX 4090, 78 %, 44 %, 19206 MiB, 49140 MiB, 297.87 W, 65
2026/08/14 03:08:50.783, NVIDIA GeForce RTX 4090, 81 %, 39 %, 19206 MiB, 49140 MiB, 305.81 W, 69
2026/08/14 03:08:51.784, NVIDIA GeForce RTX 4090, 47 %, 18 %, 19206 MiB, 49140 MiB, 293.55 W, 64
2026/08/14 03:08:52.784, NVIDIA GeForce RTX 4090, 42 %, 15 %, 19206 MiB, 49140 MiB, 276.26 W, 64
2026/08/14 03:08:53.784, NVIDIA GeForce RTX 4090, 38 %, 13 %, 19206 MiB, 49140 MiB, 274.87 W, 63
2026/08/14 03:08:54.785, NVIDIA GeForce RTX 4090, 45 %, 17 %, 19206 MiB, 49140 MiB, 281.60 W, 63
2026/08/14 03:08:55.785, NVIDIA GeForce RTX 4090, 80 %, 49 %, 19206 MiB, 49140 MiB, 303.61 W, 69
2026/08/14 03:08:56.785, NVIDIA GeForce RTX 4090, 75 %, 38 %, 19206 MiB, 49140 MiB, 296.81 W, 65
2026/08/14 03:08:57.785, NVIDIA GeForce RTX 4090, 38 %, 14 %, 19206 MiB, 49140 MiB, 288.87 W, 63
2026/08/14 03:08:58.786, NVIDIA GeForce RTX 4090, 44 %, 15 %, 19206 MiB, 49140 MiB, 279.15 W, 63
2026/08/14 03:08:59.786, NVIDIA GeForce RTX 4090, 49 %, 17 %, 19206 MiB, 49140 MiB, 280.14 W, 63
2026/08/14 03:09:00.786, NVIDIA GeForce RTX 4090, 77 %, 38 %, 19206 MiB, 49140 MiB, 292.84 W, 64
2026/08/14 03:09:01.787, NVIDIA GeForce RTX 4090, 74 %, 46 %, 19206 MiB, 49140 MiB, 301.77 W, 67
2026/08/14 03:09:02.787, NVIDIA GeForce RTX 4090, 44 %, 21 %, 19206 MiB, 49140 MiB, 299.20 W, 61
2026/08/14 03:09:03.787, NVIDIA GeForce RTX 4090, 35 %, 12 %, 19206 MiB, 49140 MiB, 279.38 W, 60
2026/08/14 03:09:04.787, NVIDIA GeForce RTX 4090, 50 %, 16 %, 19206 MiB, 49140 MiB, 285.81 W, 60
2026/08/14 03:09:05.788, NVIDIA GeForce RTX 4090, 49 %, 19 %, 19206 MiB, 49140 MiB, 274.77 W, 60
2026/08/14 03:09:06.788, NVIDIA GeForce RTX 4090, 75 %, 45 %, 19206 MiB, 49140 MiB, 303.65 W, 70
2026/08/14 03:09:07.788, NVIDIA GeForce RTX 4090, 81 %, 43 %, 19206 MiB, 49140 MiB, 298.58 W, 67
2026/08/14 03:09:08.788, NVIDIA GeForce RTX 4090, 35 %, 12 %, 19206 MiB, 49140 MiB, 295.68 W, 60
2026/08/14 03:09:09.788, NVIDIA GeForce RTX 4090, 38 %, 13 %, 19206 MiB, 49140 MiB, 279.40 W, 60
2026/08/14 03:09:10.789, NVIDIA GeForce RTX 4090, 49 %, 17 %, 19206 MiB, 49140 MiB, 276.72 W, 61
2026/08/14 03:09:11.789, NVIDIA GeForce RTX 4090, 74 %, 36 %, 19206 MiB, 49140 MiB, 287.15 W, 63
2026/08/14 03:09:12.789, NVIDIA GeForce RTX 4090, 86 %, 45 %, 19206 MiB, 49140 MiB, 316.20 W, 62
2026/08/14 03:09:13.789, NVIDIA GeForce RTX 4090, 32 %, 13 %, 19206 MiB, 49140 MiB, 293.66 W, 61
2026/08/14 03:09:14.790, NVIDIA GeForce RTX 4090, 38 %, 13 %, 19206 MiB, 49140 MiB, 266.81 W, 59
2026/08/14 03:09:15.790, NVIDIA GeForce RTX 4090, 42 %, 15 %, 19206 MiB, 49140 MiB, 268.65 W, 59
2026/08/14 03:09:16.790, NVIDIA GeForce RTX 4090, 47 %, 15 %, 19206 MiB, 49140 MiB, 280.55 W, 60
2026/08/14 03:09:17.790, NVIDIA GeForce RTX 4090, 72 %, 36 %, 19206 MiB, 49140 MiB, 299.82 W, 62
2026/08/14 03:09:18.791, NVIDIA GeForce RTX 4090, 81 %, 50 %, 19206 MiB, 49140 MiB, 288.71 W, 68
2026/08/14 03:09:19.791, NVIDIA GeForce RTX 4090, 0 %, 0 %, 19206 MiB, 49140 MiB, 298.98 W, 57
2026/08/14 03:09:20.791, NVIDIA GeForce RTX 4090, 0 %, 0 %, 19206 MiB, 49140 MiB, 106.49 W, 55
2026/08/14 03:09:21.791, NVIDIA GeForce RTX 4090, 5 %, 0 %, 19206 MiB, 49140 MiB, 99.11 W, 54
2026/08/14 03:09:22.791, NVIDIA GeForce RTX 4090, 69 %, 42 %, 19206 MiB, 49140 MiB, 247.30 W, 68
2026/08/14 03:09:23.792, NVIDIA GeForce RTX 4090, 92 %, 49 %, 19206 MiB, 49140 MiB, 292.71 W, 61
2026/08/14 03:09:24.792, NVIDIA GeForce RTX 4090, 53 %, 26 %, 19206 MiB, 49140 MiB, 289.56 W, 59
2026/08/14 03:09:25.792, NVIDIA GeForce RTX 4090, 43 %, 17 %, 19206 MiB, 49140 MiB, 268.46 W, 59
2026/08/14 03:09:26.792, NVIDIA GeForce RTX 4090, 40 %, 14 %, 19206 MiB, 49140 MiB, 278.47 W, 59
2026/08/14 03:09:27.792, NVIDIA GeForce RTX 4090, 45 %, 15 %, 19206 MiB, 49140 MiB, 278.06 W, 58
2026/08/14 03:09:28.793, NVIDIA GeForce RTX 4090, 62 %, 24 %, 19206 MiB, 49140 MiB, 282.60 W, 60
2026/08/14 03:09:29.793, NVIDIA GeForce RTX 4090, 66 %, 40 %, 19206 MiB, 49140 MiB, 280.65 W, 62
2026/08/14 03:09:30.793, NVIDIA GeForce RTX 4090, 69 %, 44 %, 19206 MiB, 49140 MiB, 286.83 W, 64
2026/08/14 03:09:31.793, NVIDIA GeForce RTX 4090, 52 %, 25 %, 19206 MiB, 49140 MiB, 294.81 W, 61
2026/08/14 03:09:32.793, NVIDIA GeForce RTX 4090, 43 %, 15 %, 19206 MiB, 49140 MiB, 280.32 W, 62
2026/08/14 03:09:33.794, NVIDIA GeForce RTX 4090, 57 %, 20 %, 19206 MiB, 49140 MiB, 277.64 W, 60
2026/08/14 03:09:34.794, NVIDIA GeForce RTX 4090, 46 %, 18 %, 19206 MiB, 49140 MiB, 284.36 W, 59
2026/08/14 03:09:35.794, NVIDIA GeForce RTX 4090, 82 %, 49 %, 19206 MiB, 49140 MiB, 287.10 W, 62
2026/08/14 03:09:36.794, NVIDIA GeForce RTX 4090, 70 %, 41 %, 19206 MiB, 49140 MiB, 284.89 W, 64
2026/08/14 03:09:37.794, NVIDIA GeForce RTX 4090, 88 %, 45 %, 19206 MiB, 49140 MiB, 288.75 W, 61
2026/08/14 03:09:38.795, NVIDIA GeForce RTX 4090, 43 %, 17 %, 19206 MiB, 49140 MiB, 281.99 W, 60
2026/08/14 03:09:39.795, NVIDIA GeForce RTX 4090, 47 %, 17 %, 19206 MiB, 49140 MiB, 278.44 W, 59
2026/08/14 03:09:40.795, NVIDIA GeForce RTX 4090, 41 %, 14 %, 19206 MiB, 49140 MiB, 270.65 W, 59
2026/08/14 03:09:41.795, NVIDIA GeForce RTX 4090, 46 %, 18 %, 19206 MiB, 49140 MiB, 280.38 W, 59
2026/08/14 03:09:42.795, NVIDIA GeForce RTX 4090, 79 %, 48 %, 19206 MiB, 49140 MiB, 287.22 W, 62
2026/08/14 03:09:43.795, NVIDIA GeForce RTX 4090, 68 %, 42 %, 19206 MiB, 49140 MiB, 286.57 W, 65
2026/08/14 03:09:44.796, NVIDIA GeForce RTX 4090, 88 %, 44 %, 19206 MiB, 49140 MiB, 293.59 W, 62
2026/08/14 03:09:45.796, NVIDIA GeForce RTX 4090, 37 %, 13 %, 19206 MiB, 49140 MiB, 288.73 W, 60
2026/08/14 03:09:46.796, NVIDIA GeForce RTX 4090, 44 %, 15 %, 19206 MiB, 49140 MiB, 277.24 W, 59
2026/08/14 03:09:47.797, NVIDIA GeForce RTX 4090, 49 %, 19 %, 19206 MiB, 49140 MiB, 277.09 W, 59
2026/08/14 03:09:48.797, NVIDIA GeForce RTX 4090, 70 %, 39 %, 19206 MiB, 49140 MiB, 298.97 W, 68
2026/08/14 03:09:49.797, NVIDIA GeForce RTX 4090, 88 %, 46 %, 19206 MiB, 49140 MiB, 300.88 W, 62
2026/08/14 03:09:50.797, NVIDIA GeForce RTX 4090, 53 %, 25 %, 19206 MiB, 49140 MiB, 283.24 W, 61
2026/08/14 03:09:51.797, NVIDIA GeForce RTX 4090, 18 %, 6 %, 19206 MiB, 49140 MiB, 277.42 W, 58
2026/08/14 03:09:52.798, NVIDIA GeForce RTX 4090, 42 %, 15 %, 19206 MiB, 49140 MiB, 272.82 W, 59
2026/08/14 03:09:53.798, NVIDIA GeForce RTX 4090, 45 %, 15 %, 19206 MiB, 49140 MiB, 272.38 W, 59
2026/08/14 03:09:54.798, NVIDIA GeForce RTX 4090, 46 %, 18 %, 19206 MiB, 49140 MiB, 276.47 W, 59
2026/08/14 03:09:55.798, NVIDIA GeForce RTX 4090, 69 %, 39 %, 19206 MiB, 49140 MiB, 297.98 W, 67
2026/08/14 03:09:56.798, NVIDIA GeForce RTX 4090, 85 %, 46 %, 19206 MiB, 49140 MiB, 304.27 W, 62
2026/08/14 03:09:57.799, NVIDIA GeForce RTX 4090, 37 %, 13 %, 19206 MiB, 49140 MiB, 301.56 W, 60
2026/08/14 03:09:58.799, NVIDIA GeForce RTX 4090, 38 %, 13 %, 19206 MiB, 49140 MiB, 279.55 W, 60
2026/08/14 03:09:59.799, NVIDIA GeForce RTX 4090, 46 %, 18 %, 19206 MiB, 49140 MiB, 281.51 W, 60
2026/08/14 03:10:00.800, NVIDIA GeForce RTX 4090, 66 %, 41 %, 19206 MiB, 49140 MiB, 286.23 W, 63
2026/08/14 03:10:01.800, NVIDIA GeForce RTX 4090, 93 %, 52 %, 19206 MiB, 49140 MiB, 304.29 W, 69
2026/08/14 03:10:02.800, NVIDIA GeForce RTX 4090, 31 %, 11 %, 19206 MiB, 49140 MiB, 303.65 W, 60
2026/08/14 03:10:03.800, NVIDIA GeForce RTX 4090, 44 %, 15 %, 19206 MiB, 49140 MiB, 276.16 W, 60
2026/08/14 03:10:04.801, NVIDIA GeForce RTX 4090, 49 %, 17 %, 19206 MiB, 49140 MiB, 278.43 W, 60
2026/08/14 03:10:05.801, NVIDIA GeForce RTX 4090, 91 %, 47 %, 19206 MiB, 49140 MiB, 369.33 W, 66
2026/08/14 03:10:06.801, NVIDIA GeForce RTX 4090, 88 %, 47 %, 19206 MiB, 49140 MiB, 286.39 W, 63
2026/08/14 03:10:07.802, NVIDIA GeForce RTX 4090, 39 %, 14 %, 19206 MiB, 49140 MiB, 296.07 W, 61
2026/08/14 03:10:08.802, NVIDIA GeForce RTX 4090, 42 %, 15 %, 19206 MiB, 49140 MiB, 277.94 W, 60
2026/08/14 03:10:09.802, NVIDIA GeForce RTX 4090, 47 %, 18 %, 19206 MiB, 49140 MiB, 287.56 W, 60
2026/08/14 03:10:10.802, NVIDIA GeForce RTX 4090, 69 %, 42 %, 19206 MiB, 49140 MiB, 286.09 W, 64
2026/08/14 03:10:11.802, NVIDIA GeForce RTX 4090, 93 %, 53 %, 19206 MiB, 49140 MiB, 302.63 W, 68
2026/08/14 03:10:12.803, NVIDIA GeForce RTX 4090, 40 %, 15 %, 19206 MiB, 49140 MiB, 304.14 W, 60
2026/08/14 03:10:13.803, NVIDIA GeForce RTX 4090, 24 %, 9 %, 19206 MiB, 49140 MiB, 270.20 W, 59
2026/08/14 03:10:14.803, NVIDIA GeForce RTX 4090, 52 %, 17 %, 19206 MiB, 49140 MiB, 272.46 W, 60
2026/08/14 03:10:15.883, NVIDIA GeForce RTX 4090, 54 %, 27 %, 19206 MiB, 49140 MiB, 286.07 W, 64
2026/08/14 03:10:16.884, NVIDIA GeForce RTX 4090, 70 %, 40 %, 19206 MiB, 49140 MiB, 294.76 W, 68
2026/08/14 03:10:17.884, NVIDIA GeForce RTX 4090, 67 %, 31 %, 19206 MiB, 49140 MiB, 310.44 W, 61
2026/08/14 03:10:18.884, NVIDIA GeForce RTX 4090, 42 %, 15 %, 19206 MiB, 49140 MiB, 290.05 W, 60
2026/08/14 03:10:19.885, NVIDIA GeForce RTX 4090, 47 %, 18 %, 19206 MiB, 49140 MiB, 284.02 W, 60
2026/08/14 03:10:20.885, NVIDIA GeForce RTX 4090, 70 %, 39 %, 19206 MiB, 49140 MiB, 296.14 W, 67
2026/08/14 03:10:21.885, NVIDIA GeForce RTX 4090, 52 %, 25 %, 19206 MiB, 49140 MiB, 308.07 W, 62
2026/08/14 03:10:22.885, NVIDIA GeForce RTX 4090, 33 %, 12 %, 19206 MiB, 49140 MiB, 285.99 W, 60
2026/08/14 03:10:23.886, NVIDIA GeForce RTX 4090, 49 %, 16 %, 19206 MiB, 49140 MiB, 283.17 W, 61
2026/08/14 03:10:24.886, NVIDIA GeForce RTX 4090, 64 %, 31 %, 19206 MiB, 49140 MiB, 287.10 W, 65
2026/08/14 03:10:25.886, NVIDIA GeForce RTX 4090, 93 %, 53 %, 19206 MiB, 49140 MiB, 309.30 W, 67
2026/08/14 03:10:26.887, NVIDIA GeForce RTX 4090, 44 %, 16 %, 19206 MiB, 49140 MiB, 305.44 W, 61
2026/08/14 03:10:27.887, NVIDIA GeForce RTX 4090, 40 %, 13 %, 19206 MiB, 49140 MiB, 284.87 W, 60
2026/08/14 03:10:28.887, NVIDIA GeForce RTX 4090, 56 %, 20 %, 19206 MiB, 49140 MiB, 275.52 W, 61
2026/08/14 03:10:29.888, NVIDIA GeForce RTX 4090, 50 %, 24 %, 19206 MiB, 49140 MiB, 280.83 W, 65
2026/08/14 03:10:30.888, NVIDIA GeForce RTX 4090, 69 %, 40 %, 19206 MiB, 49140 MiB, 291.20 W, 68
2026/08/14 03:10:31.888, NVIDIA GeForce RTX 4090, 67 %, 32 %, 19206 MiB, 49140 MiB, 293.03 W, 67
2026/08/14 03:10:32.889, NVIDIA GeForce RTX 4090, 46 %, 17 %, 19206 MiB, 49140 MiB, 298.83 W, 61
2026/08/14 03:10:33.889, NVIDIA GeForce RTX 4090, 40 %, 14 %, 19206 MiB, 49140 MiB, 281.01 W, 61
2026/08/14 03:10:34.889, NVIDIA GeForce RTX 4090, 46 %, 18 %, 19206 MiB, 49140 MiB, 285.93 W, 61
2026/08/14 03:10:35.890, NVIDIA GeForce RTX 4090, 68 %, 37 %, 19206 MiB, 49140 MiB, 297.72 W, 66
2026/08/14 03:10:36.890, NVIDIA GeForce RTX 4090, 88 %, 46 %, 19206 MiB, 49140 MiB, 302.09 W, 64
2026/08/14 03:10:37.890, NVIDIA GeForce RTX 4090, 36 %, 12 %, 19206 MiB, 49140 MiB, 301.36 W, 61
2026/08/14 03:10:38.890, NVIDIA GeForce RTX 4090, 49 %, 17 %, 19206 MiB, 49140 MiB, 276.91 W, 60
2026/08/14 03:10:39.891, NVIDIA GeForce RTX 4090, 46 %, 16 %, 19206 MiB, 49140 MiB, 270.52 W, 62
2026/08/14 03:10:40.891, NVIDIA GeForce RTX 4090, 55 %, 29 %, 19206 MiB, 49140 MiB, 292.73 W, 66
2026/08/14 03:10:41.891, NVIDIA GeForce RTX 4090, 93 %, 53 %, 19206 MiB, 49140 MiB, 298.08 W, 67
2026/08/14 03:10:42.892, NVIDIA GeForce RTX 4090, 58 %, 24 %, 19206 MiB, 49140 MiB, 299.66 W, 61
2026/08/14 03:10:43.892, NVIDIA GeForce RTX 4090, 44 %, 16 %, 19206 MiB, 49140 MiB, 282.42 W, 61
2026/08/14 03:10:44.892, NVIDIA GeForce RTX 4090, 39 %, 13 %, 19206 MiB, 49140 MiB, 271.22 W, 60
2026/08/14 03:10:45.892, NVIDIA GeForce RTX 4090, 56 %, 20 %, 19206 MiB, 49140 MiB, 272.77 W, 61
2026/08/14 03:10:46.893, NVIDIA GeForce RTX 4090, 45 %, 20 %, 19206 MiB, 49140 MiB, 276.26 W, 67
2026/08/14 03:10:47.893, NVIDIA GeForce RTX 4090, 71 %, 42 %, 19206 MiB, 49140 MiB, 290.71 W, 67
2026/08/14 03:10:48.893, NVIDIA GeForce RTX 4090, 0 %, 0 %, 19206 MiB, 49140 MiB, 295.13 W, 57
2026/08/14 03:10:49.893, NVIDIA GeForce RTX 4090, 0 %, 0 %, 19206 MiB, 49140 MiB, 106.03 W, 55
2026/08/14 03:10:50.894, NVIDIA GeForce RTX 4090, 0 %, 0 %, 19206 MiB, 49140 MiB, 97.42 W, 54
2026/08/14 03:10:51.894, NVIDIA GeForce RTX 4090, 41 %, 18 %, 19206 MiB, 49140 MiB, 239.93 W, 66
2026/08/14 03:10:52.894, NVIDIA GeForce RTX 4090, 91 %, 52 %, 19206 MiB, 49140 MiB, 307.12 W, 64
2026/08/14 03:10:53.895, NVIDIA GeForce RTX 4090, 49 %, 22 %, 19206 MiB, 49140 MiB, 280.88 W, 60
2026/08/14 03:10:54.895, NVIDIA GeForce RTX 4090, 31 %, 11 %, 19206 MiB, 49140 MiB, 273.35 W, 59
2026/08/14 03:10:55.895, NVIDIA GeForce RTX 4090, 42 %, 15 %, 19206 MiB, 49140 MiB, 269.60 W, 59
2026/08/14 03:10:56.895, NVIDIA GeForce RTX 4090, 44 %, 15 %, 19206 MiB, 49140 MiB, 270.57 W, 60
2026/08/14 03:10:57.896, NVIDIA GeForce RTX 4090, 44 %, 16 %, 19206 MiB, 49140 MiB, 270.21 W, 60
2026/08/14 03:10:58.896, NVIDIA GeForce RTX 4090, 41 %, 18 %, 19206 MiB, 49140 MiB, 288.61 W, 67
2026/08/14 03:10:59.896, NVIDIA GeForce RTX 4090, 92 %, 52 %, 19206 MiB, 49140 MiB, 312.00 W, 65
2026/08/14 03:11:00.897, NVIDIA GeForce RTX 4090, 62 %, 29 %, 19206 MiB, 49140 MiB, 283.50 W, 61
2026/08/14 03:11:01.897, NVIDIA GeForce RTX 4090, 39 %, 14 %, 19206 MiB, 49140 MiB, 275.25 W, 61
2026/08/14 03:11:02.897, NVIDIA GeForce RTX 4090, 38 %, 14 %, 19206 MiB, 49140 MiB, 267.40 W, 60
2026/08/14 03:11:03.897, NVIDIA GeForce RTX 4090, 44 %, 15 %, 19206 MiB, 49140 MiB, 271.47 W, 60
2026/08/14 03:11:04.898, NVIDIA GeForce RTX 4090, 42 %, 15 %, 19206 MiB, 49140 MiB, 272.80 W, 61
2026/08/14 03:11:05.898, NVIDIA GeForce RTX 4090, 45 %, 17 %, 19206 MiB, 49140 MiB, 280.20 W, 63
2026/08/14 03:11:06.898, NVIDIA GeForce RTX 4090, 48 %, 27 %, 19206 MiB, 49140 MiB, 285.84 W, 68
2026/08/14 03:11:07.898, NVIDIA GeForce RTX 4090, 70 %, 42 %, 19206 MiB, 49140 MiB, 294.96 W, 68
2026/08/14 03:11:08.899, NVIDIA GeForce RTX 4090, 74 %, 41 %, 19206 MiB, 49140 MiB, 277.81 W, 67
2026/08/14 03:11:09.899, NVIDIA GeForce RTX 4090, 53 %, 27 %, 19206 MiB, 49140 MiB, 273.38 W, 63
2026/08/14 03:11:10.899, NVIDIA GeForce RTX 4090, 30 %, 11 %, 19206 MiB, 49140 MiB, 276.45 W, 60
2026/08/14 03:11:11.899, NVIDIA GeForce RTX 4090, 39 %, 14 %, 19206 MiB, 49140 MiB, 270.21 W, 60
2026/08/14 03:11:12.899, NVIDIA GeForce RTX 4090, 39 %, 14 %, 19206 MiB, 49140 MiB, 270.10 W, 60
2026/08/14 03:11:13.900, NVIDIA GeForce RTX 4090, 49 %, 19 %, 19206 MiB, 49140 MiB, 275.53 W, 61
2026/08/14 03:11:14.900, NVIDIA GeForce RTX 4090, 59 %, 29 %, 19206 MiB, 49140 MiB, 279.63 W, 63
2026/08/14 03:11:15.900, NVIDIA GeForce RTX 4090, 53 %, 27 %, 19206 MiB, 49140 MiB, 285.40 W, 67
2026/08/14 03:11:16.900, NVIDIA GeForce RTX 4090, 89 %, 48 %, 19206 MiB, 49140 MiB, 293.44 W, 68
2026/08/14 03:11:17.901, NVIDIA GeForce RTX 4090, 32 %, 17 %, 19206 MiB, 49140 MiB, 297.46 W, 63
2026/08/14 03:11:18.901, NVIDIA GeForce RTX 4090, 34 %, 12 %, 19206 MiB, 49140 MiB, 275.07 W, 59
2026/08/14 03:11:19.901, NVIDIA GeForce RTX 4090, 41 %, 14 %, 19206 MiB, 49140 MiB, 269.26 W, 60
2026/08/14 03:11:20.901, NVIDIA GeForce RTX 4090, 37 %, 13 %, 19206 MiB, 49140 MiB, 273.84 W, 59
2026/08/14 03:11:21.902, NVIDIA GeForce RTX 4090, 42 %, 16 %, 19206 MiB, 49140 MiB, 276.42 W, 60
2026/08/14 03:11:22.902, NVIDIA GeForce RTX 4090, 95 %, 55 %, 19206 MiB, 49140 MiB, 305.15 W, 67
2026/08/14 03:11:23.902, NVIDIA GeForce RTX 4090, 57 %, 21 %, 19206 MiB, 49140 MiB, 306.19 W, 64
2026/08/14 03:11:24.903, NVIDIA GeForce RTX 4090, 30 %, 11 %, 19206 MiB, 49140 MiB, 276.08 W, 60
2026/08/14 03:11:25.903, NVIDIA GeForce RTX 4090, 42 %, 14 %, 19206 MiB, 49140 MiB, 278.10 W, 60
2026/08/14 03:11:26.903, NVIDIA GeForce RTX 4090, 39 %, 14 %, 19206 MiB, 49140 MiB, 271.67 W, 60
2026/08/14 03:11:27.904, NVIDIA GeForce RTX 4090, 45 %, 17 %, 19206 MiB, 49140 MiB, 277.43 W, 61
2026/08/14 03:11:28.904, NVIDIA GeForce RTX 4090, 74 %, 44 %, 19206 MiB, 49140 MiB, 288.18 W, 66
2026/08/14 03:11:29.904, NVIDIA GeForce RTX 4090, 90 %, 45 %, 19206 MiB, 49140 MiB, 310.87 W, 68
2026/08/14 03:11:30.904, NVIDIA GeForce RTX 4090, 41 %, 14 %, 19206 MiB, 49140 MiB, 291.23 W, 61
2026/08/14 03:11:31.905, NVIDIA GeForce RTX 4090, 31 %, 12 %, 19206 MiB, 49140 MiB, 269.95 W, 60
2026/08/14 03:11:32.905, NVIDIA GeForce RTX 4090, 40 %, 14 %, 19206 MiB, 49140 MiB, 276.58 W, 60
2026/08/14 03:11:33.905, NVIDIA GeForce RTX 4090, 59 %, 29 %, 19206 MiB, 49140 MiB, 290.22 W, 64
2026/08/14 03:11:34.905, NVIDIA GeForce RTX 4090, 74 %, 42 %, 19206 MiB, 49140 MiB, 283.25 W, 66
2026/08/14 03:11:35.906, NVIDIA GeForce RTX 4090, 30 %, 11 %, 19206 MiB, 49140 MiB, 363.41 W, 60
2026/08/14 03:11:36.906, NVIDIA GeForce RTX 4090, 41 %, 14 %, 19206 MiB, 49140 MiB, 276.98 W, 61
2026/08/14 03:11:37.906, NVIDIA GeForce RTX 4090, 43 %, 14 %, 19206 MiB, 49140 MiB, 270.81 W, 61
2026/08/14 03:11:38.906, NVIDIA GeForce RTX 4090, 51 %, 19 %, 19206 MiB, 49140 MiB, 278.74 W, 62
2026/08/14 03:11:39.906, NVIDIA GeForce RTX 4090, 59 %, 29 %, 19206 MiB, 49140 MiB, 281.59 W, 67
2026/08/14 03:11:40.907, NVIDIA GeForce RTX 4090, 74 %, 39 %, 19206 MiB, 49140 MiB, 275.30 W, 67
2026/08/14 03:11:41.907, NVIDIA GeForce RTX 4090, 88 %, 46 %, 19206 MiB, 49140 MiB, 303.64 W, 67
2026/08/14 03:11:42.907, NVIDIA GeForce RTX 4090, 56 %, 26 %, 19206 MiB, 49140 MiB, 291.49 W, 68
2026/08/14 03:11:43.907, NVIDIA GeForce RTX 4090, 30 %, 11 %, 19206 MiB, 49140 MiB, 272.18 W, 61
2026/08/14 03:11:44.908, NVIDIA GeForce RTX 4090, 33 %, 12 %, 19206 MiB, 49140 MiB, 266.15 W, 60
2026/08/14 03:11:45.908, NVIDIA GeForce RTX 4090, 28 %, 10 %, 19206 MiB, 49140 MiB, 268.10 W, 60
2026/08/14 03:11:46.908, NVIDIA GeForce RTX 4090, 69 %, 28 %, 19206 MiB, 49140 MiB, 295.96 W, 68
2026/08/14 03:11:47.909, NVIDIA GeForce RTX 4090, 93 %, 52 %, 19206 MiB, 49140 MiB, 319.49 W, 66
2026/08/14 03:11:48.909, NVIDIA GeForce RTX 4090, 54 %, 26 %, 19206 MiB, 49140 MiB, 300.28 W, 68
2026/08/14 03:11:49.909, NVIDIA GeForce RTX 4090, 45 %, 17 %, 19206 MiB, 49140 MiB, 274.74 W, 63
2026/08/14 03:11:50.909, NVIDIA GeForce RTX 4090, 42 %, 14 %, 19206 MiB, 49140 MiB, 273.37 W, 61
2026/08/14 03:11:51.910, NVIDIA GeForce RTX 4090, 44 %, 15 %, 19206 MiB, 49140 MiB, 270.86 W, 62
2026/08/14 03:11:52.910, NVIDIA GeForce RTX 4090, 52 %, 21 %, 19206 MiB, 49140 MiB, 277.71 W, 63
2026/08/14 03:11:53.983, NVIDIA GeForce RTX 4090, 34 %, 12 %, 19206 MiB, 49140 MiB, 280.33 W, 61
2026/08/14 03:11:54.984, NVIDIA GeForce RTX 4090, 44 %, 17 %, 19206 MiB, 49140 MiB, 284.91 W, 63
2026/08/14 03:11:55.984, NVIDIA GeForce RTX 4090, 77 %, 42 %, 19206 MiB, 49140 MiB, 286.49 W, 66
2026/08/14 03:11:56.984, NVIDIA GeForce RTX 4090, 92 %, 50 %, 19206 MiB, 49140 MiB, 304.00 W, 67
2026/08/14 03:11:57.984, NVIDIA GeForce RTX 4090, 47 %, 18 %, 19206 MiB, 49140 MiB, 294.63 W, 67
2026/08/14 03:11:58.985, NVIDIA GeForce RTX 4090, 26 %, 9 %, 19206 MiB, 49140 MiB, 276.75 W, 61
2026/08/14 03:11:59.985, NVIDIA GeForce RTX 4090, 32 %, 10 %, 19206 MiB, 49140 MiB, 271.69 W, 60
2026/08/14 03:12:00.985, NVIDIA GeForce RTX 4090, 37 %, 14 %, 19206 MiB, 49140 MiB, 279.70 W, 61
2026/08/14 03:12:01.985, NVIDIA GeForce RTX 4090, 70 %, 39 %, 19206 MiB, 49140 MiB, 288.89 W, 67
2026/08/14 03:12:02.986, NVIDIA GeForce RTX 4090, 89 %, 45 %, 19206 MiB, 49140 MiB, 309.39 W, 67
2026/08/14 03:12:03.986, NVIDIA GeForce RTX 4090, 32 %, 11 %, 19206 MiB, 49140 MiB, 279.95 W, 62
2026/08/14 03:12:04.986, NVIDIA GeForce RTX 4090, 26 %, 9 %, 19206 MiB, 49140 MiB, 275.43 W, 62
2026/08/14 03:12:05.987, NVIDIA GeForce RTX 4090, 36 %, 13 %, 19206 MiB, 49140 MiB, 271.86 W, 63
2026/08/14 03:12:06.987, NVIDIA GeForce RTX 4090, 36 %, 14 %, 19206 MiB, 49140 MiB, 273.38 W, 63
2026/08/14 03:12:07.987, NVIDIA GeForce RTX 4090, 70 %, 39 %, 19206 MiB, 49140 MiB, 292.14 W, 67
2026/08/14 03:12:08.988, NVIDIA GeForce RTX 4090, 52 %, 30 %, 19206 MiB, 49140 MiB, 299.33 W, 67
2026/08/14 03:12:09.988, NVIDIA GeForce RTX 4090, 28 %, 11 %, 19206 MiB, 49140 MiB, 278.61 W, 61
2026/08/14 03:12:10.988, NVIDIA GeForce RTX 4090, 32 %, 11 %, 19206 MiB, 49140 MiB, 278.12 W, 62
2026/08/14 03:12:11.988, NVIDIA GeForce RTX 4090, 60 %, 21 %, 19206 MiB, 49140 MiB, 283.11 W, 67
2026/08/14 03:12:12.989, NVIDIA GeForce RTX 4090, 93 %, 49 %, 19206 MiB, 49140 MiB, 299.52 W, 66
2026/08/14 03:12:13.989, NVIDIA GeForce RTX 4090, 99 %, 55 %, 19206 MiB, 49140 MiB, 304.22 W, 68
2026/08/14 03:12:14.989, NVIDIA GeForce RTX 4090, 51 %, 25 %, 19206 MiB, 49140 MiB, 287.64 W, 67
2026/08/14 03:12:15.989, NVIDIA GeForce RTX 4090, 27 %, 11 %, 19206 MiB, 49140 MiB, 273.56 W, 62
2026/08/14 03:12:16.990, NVIDIA GeForce RTX 4090, 34 %, 12 %, 19206 MiB, 49140 MiB, 274.70 W, 61
2026/08/14 03:12:17.990, NVIDIA GeForce RTX 4090, 43 %, 17 %, 19206 MiB, 49140 MiB, 290.55 W, 67
2026/08/14 03:12:18.990, NVIDIA GeForce RTX 4090, 0 %, 0 %, 19206 MiB, 49140 MiB, 333.38 W, 58
2026/08/14 03:12:19.991, NVIDIA GeForce RTX 4090, 0 %, 0 %, 19206 MiB, 49140 MiB, 106.65 W, 55
2026/08/14 03:12:20.991, NVIDIA GeForce RTX 4090, 0 %, 0 %, 19206 MiB, 49140 MiB, 98.62 W, 54
2026/08/14 03:12:21.991, NVIDIA GeForce RTX 4090, 33 %, 11 %, 19206 MiB, 49140 MiB, 185.18 W, 61
2026/08/14 03:12:22.991, NVIDIA GeForce RTX 4090, 44 %, 17 %, 19206 MiB, 49140 MiB, 273.75 W, 65
2026/08/14 03:12:23.992, NVIDIA GeForce RTX 4090, 44 %, 17 %, 19206 MiB, 49140 MiB, 268.82 W, 65
2026/08/14 03:12:24.992, NVIDIA GeForce RTX 4090, 23 %, 9 %, 19206 MiB, 49140 MiB, 246.07 W, 59
2026/08/14 03:12:25.992, NVIDIA GeForce RTX 4090, 38 %, 15 %, 19206 MiB, 49140 MiB, 261.95 W, 64
2026/08/14 03:12:26.992, NVIDIA GeForce RTX 4090, 53 %, 26 %, 19206 MiB, 49140 MiB, 278.48 W, 64
2026/08/14 03:12:27.993, NVIDIA GeForce RTX 4090, 70 %, 39 %, 19206 MiB, 49140 MiB, 284.80 W, 65
2026/08/14 03:12:28.993, NVIDIA GeForce RTX 4090, 92 %, 53 %, 19206 MiB, 49140 MiB, 291.50 W, 65
2026/08/14 03:12:29.993, NVIDIA GeForce RTX 4090, 53 %, 25 %, 19206 MiB, 49140 MiB, 291.34 W, 65
2026/08/14 03:12:30.993, NVIDIA GeForce RTX 4090, 27 %, 11 %, 19206 MiB, 49140 MiB, 271.71 W, 62
2026/08/14 03:12:31.994, NVIDIA GeForce RTX 4090, 24 %, 8 %, 19206 MiB, 49140 MiB, 273.14 W, 63
2026/08/14 03:12:32.994, NVIDIA GeForce RTX 4090, 25 %, 8 %, 19206 MiB, 49140 MiB, 268.24 W, 62
2026/08/14 03:12:33.994, NVIDIA GeForce RTX 4090, 29 %, 9 %, 19206 MiB, 49140 MiB, 270.28 W, 65
2026/08/14 03:12:34.994, NVIDIA GeForce RTX 4090, 45 %, 17 %, 19206 MiB, 49140 MiB, 271.39 W, 65
2026/08/14 03:12:35.995, NVIDIA GeForce RTX 4090, 42 %, 22 %, 19206 MiB, 49140 MiB, 280.05 W, 66
2026/08/14 03:12:36.995, NVIDIA GeForce RTX 4090, 70 %, 39 %, 19206 MiB, 49140 MiB, 287.27 W, 64
2026/08/14 03:12:37.995, NVIDIA GeForce RTX 4090, 91 %, 53 %, 19206 MiB, 49140 MiB, 293.50 W, 66
2026/08/14 03:12:38.995, NVIDIA GeForce RTX 4090, 52 %, 24 %, 19206 MiB, 49140 MiB, 280.25 W, 67
2026/08/14 03:12:39.995, NVIDIA GeForce RTX 4090, 24 %, 8 %, 19206 MiB, 49140 MiB, 281.77 W, 64
2026/08/14 03:12:40.996, NVIDIA GeForce RTX 4090, 34 %, 12 %, 19206 MiB, 49140 MiB, 265.76 W, 63
2026/08/14 03:12:41.996, NVIDIA GeForce RTX 4090, 40 %, 14 %, 19206 MiB, 49140 MiB, 278.48 W, 65
2026/08/14 03:12:42.996, NVIDIA GeForce RTX 4090, 23 %, 9 %, 19206 MiB, 49140 MiB, 273.45 W, 64
2026/08/14 03:12:43.996, NVIDIA GeForce RTX 4090, 70 %, 39 %, 19206 MiB, 49140 MiB, 292.79 W, 65
2026/08/14 03:12:44.996, NVIDIA GeForce RTX 4090, 92 %, 53 %, 19206 MiB, 49140 MiB, 293.19 W, 64
2026/08/14 03:12:45.997, NVIDIA GeForce RTX 4090, 51 %, 24 %, 19206 MiB, 49140 MiB, 280.73 W, 61
2026/08/14 03:12:46.997, NVIDIA GeForce RTX 4090, 16 %, 6 %, 19206 MiB, 49140 MiB, 272.56 W, 62
2026/08/14 03:12:47.997, NVIDIA GeForce RTX 4090, 22 %, 7 %, 19206 MiB, 49140 MiB, 264.33 W, 65
2026/08/14 03:12:48.997, NVIDIA GeForce RTX 4090, 31 %, 11 %, 19206 MiB, 49140 MiB, 279.95 W, 66
2026/08/14 03:12:49.997, NVIDIA GeForce RTX 4090, 29 %, 11 %, 19206 MiB, 49140 MiB, 275.23 W, 65
2026/08/14 03:12:50.998, NVIDIA GeForce RTX 4090, 54 %, 23 %, 19206 MiB, 49140 MiB, 275.91 W, 64
2026/08/14 03:12:51.998, NVIDIA GeForce RTX 4090, 70 %, 38 %, 19206 MiB, 49140 MiB, 283.15 W, 65
2026/08/14 03:12:52.998, NVIDIA GeForce RTX 4090, 91 %, 52 %, 19206 MiB, 49140 MiB, 295.37 W, 64
2026/08/14 03:12:53.998, NVIDIA GeForce RTX 4090, 52 %, 26 %, 19206 MiB, 49140 MiB, 288.34 W, 62
2026/08/14 03:12:54.998, NVIDIA GeForce RTX 4090, 26 %, 10 %, 19206 MiB, 49140 MiB, 269.79 W, 62
2026/08/14 03:12:55.998, NVIDIA GeForce RTX 4090, 23 %, 8 %, 19206 MiB, 49140 MiB, 266.16 W, 65
2026/08/14 03:12:56.999, NVIDIA GeForce RTX 4090, 15 %, 5 %, 19206 MiB, 49140 MiB, 279.87 W, 66
2026/08/14 03:12:57.999, NVIDIA GeForce RTX 4090, 43 %, 16 %, 19206 MiB, 49140 MiB, 267.99 W, 66
2026/08/14 03:12:58.999, NVIDIA GeForce RTX 4090, 52 %, 22 %, 19206 MiB, 49140 MiB, 275.67 W, 66
2026/08/14 03:12:59.999, NVIDIA GeForce RTX 4090, 71 %, 39 %, 19206 MiB, 49140 MiB, 286.53 W, 64
2026/08/14 03:13:00.999, NVIDIA GeForce RTX 4090, 92 %, 53 %, 19206 MiB, 49140 MiB, 293.91 W, 64
2026/08/14 03:13:02.000, NVIDIA GeForce RTX 4090, 48 %, 23 %, 19206 MiB, 49140 MiB, 289.13 W, 63
2026/08/14 03:13:03.000, NVIDIA GeForce RTX 4090, 27 %, 11 %, 19206 MiB, 49140 MiB, 271.29 W, 62
2026/08/14 03:13:04.000, NVIDIA GeForce RTX 4090, 5 %, 2 %, 19206 MiB, 49140 MiB, 264.81 W, 64
2026/08/14 03:13:05.000, NVIDIA GeForce RTX 4090, 34 %, 12 %, 19206 MiB, 49140 MiB, 266.40 W, 65
2026/08/14 03:13:06.000, NVIDIA GeForce RTX 4090, 34 %, 11 %, 19206 MiB, 49140 MiB, 268.38 W, 66
2026/08/14 03:13:07.083, NVIDIA GeForce RTX 4090, 95 %, 50 %, 19206 MiB, 49140 MiB, 367.40 W, 68
2026/08/14 03:13:08.084, NVIDIA GeForce RTX 4090, 84 %, 42 %, 19206 MiB, 49140 MiB, 302.33 W, 68
2026/08/14 03:13:09.084, NVIDIA GeForce RTX 4090, 32 %, 11 %, 19206 MiB, 49140 MiB, 287.85 W, 65
2026/08/14 03:13:10.084, NVIDIA GeForce RTX 4090, 34 %, 12 %, 19206 MiB, 49140 MiB, 269.45 W, 65
2026/08/14 03:13:11.085, NVIDIA GeForce RTX 4090, 25 %, 9 %, 19206 MiB, 49140 MiB, 274.54 W, 66
2026/08/14 03:13:12.085, NVIDIA GeForce RTX 4090, 70 %, 34 %, 19206 MiB, 49140 MiB, 294.36 W, 66
2026/08/14 03:13:13.085, NVIDIA GeForce RTX 4090, 92 %, 51 %, 19206 MiB, 49140 MiB, 303.17 W, 64
2026/08/14 03:13:14.086, NVIDIA GeForce RTX 4090, 68 %, 37 %, 19206 MiB, 49140 MiB, 278.07 W, 65
2026/08/14 03:13:15.086, NVIDIA GeForce RTX 4090, 43 %, 17 %, 19206 MiB, 49140 MiB, 270.62 W, 66
2026/08/14 03:13:16.087, NVIDIA GeForce RTX 4090, 32 %, 11 %, 19206 MiB, 49140 MiB, 281.89 W, 65
2026/08/14 03:13:17.088, NVIDIA GeForce RTX 4090, 40 %, 13 %, 19206 MiB, 49140 MiB, 275.94 W, 66
2026/08/14 03:13:18.088, NVIDIA GeForce RTX 4090, 62 %, 32 %, 19206 MiB, 49140 MiB, 300.96 W, 67
2026/08/14 03:13:19.088, NVIDIA GeForce RTX 4090, 94 %, 55 %, 19206 MiB, 49140 MiB, 304.30 W, 64
2026/08/14 03:13:20.088, NVIDIA GeForce RTX 4090, 54 %, 28 %, 19206 MiB, 49140 MiB, 287.78 W, 67
2026/08/14 03:13:21.090, NVIDIA GeForce RTX 4090, 38 %, 14 %, 19206 MiB, 49140 MiB, 276.46 W, 66
2026/08/14 03:13:22.090, NVIDIA GeForce RTX 4090, 27 %, 10 %, 19206 MiB, 49140 MiB, 275.40 W, 67
2026/08/14 03:13:23.090, NVIDIA GeForce RTX 4090, 40 %, 13 %, 19206 MiB, 49140 MiB, 277.11 W, 66
2026/08/14 03:13:24.090, NVIDIA GeForce RTX 4090, 54 %, 21 %, 19206 MiB, 49140 MiB, 285.00 W, 65
2026/08/14 03:13:25.091, NVIDIA GeForce RTX 4090, 65 %, 33 %, 19206 MiB, 49140 MiB, 285.14 W, 65
2026/08/14 03:13:26.091, NVIDIA GeForce RTX 4090, 56 %, 27 %, 19206 MiB, 49140 MiB, 303.83 W, 65
2026/08/14 03:13:27.091, NVIDIA GeForce RTX 4090, 30 %, 12 %, 19206 MiB, 49140 MiB, 275.90 W, 65
2026/08/14 03:13:28.091, NVIDIA GeForce RTX 4090, 34 %, 12 %, 19206 MiB, 49140 MiB, 272.20 W, 66
2026/08/14 03:13:29.092, NVIDIA GeForce RTX 4090, 29 %, 10 %, 19206 MiB, 49140 MiB, 276.77 W, 66
2026/08/14 03:13:30.092, NVIDIA GeForce RTX 4090, 56 %, 22 %, 19206 MiB, 49140 MiB, 290.26 W, 65
2026/08/14 03:13:31.092, NVIDIA GeForce RTX 4090, 74 %, 40 %, 19206 MiB, 49140 MiB, 287.23 W, 65
2026/08/14 03:13:32.092, NVIDIA GeForce RTX 4090, 92 %, 53 %, 19206 MiB, 49140 MiB, 294.80 W, 66
2026/08/14 03:13:33.093, NVIDIA GeForce RTX 4090, 53 %, 25 %, 19206 MiB, 49140 MiB, 295.67 W, 68
2026/08/14 03:13:34.093, NVIDIA GeForce RTX 4090, 29 %, 10 %, 19206 MiB, 49140 MiB, 273.58 W, 64
2026/08/14 03:13:35.093, NVIDIA GeForce RTX 4090, 42 %, 15 %, 19206 MiB, 49140 MiB, 274.15 W, 66
2026/08/14 03:13:36.093, NVIDIA GeForce RTX 4090, 36 %, 13 %, 19206 MiB, 49140 MiB, 286.29 W, 64
2026/08/14 03:13:37.094, NVIDIA GeForce RTX 4090, 74 %, 40 %, 19206 MiB, 49140 MiB, 292.53 W, 65
2026/08/14 03:13:38.094, NVIDIA GeForce RTX 4090, 92 %, 54 %, 19206 MiB, 49140 MiB, 294.00 W, 68
2026/08/14 03:13:39.094, NVIDIA GeForce RTX 4090, 48 %, 23 %, 19206 MiB, 49140 MiB, 291.49 W, 65
2026/08/14 03:13:40.095, NVIDIA GeForce RTX 4090, 43 %, 17 %, 19206 MiB, 49140 MiB, 276.15 W, 67
2026/08/14 03:13:41.096, NVIDIA GeForce RTX 4090, 41 %, 15 %, 19206 MiB, 49140 MiB, 276.44 W, 66
2026/08/14 03:13:42.096, NVIDIA GeForce RTX 4090, 39 %, 13 %, 19206 MiB, 49140 MiB, 272.77 W, 65
2026/08/14 03:13:43.096, NVIDIA GeForce RTX 4090, 49 %, 17 %, 19206 MiB, 49140 MiB, 275.59 W, 66
2026/08/14 03:13:44.097, NVIDIA GeForce RTX 4090, 60 %, 24 %, 19206 MiB, 49140 MiB, 278.97 W, 64
2026/08/14 03:13:45.097, NVIDIA GeForce RTX 4090, 75 %, 42 %, 19206 MiB, 49140 MiB, 286.07 W, 64
2026/08/14 03:13:46.098, NVIDIA GeForce RTX 4090, 91 %, 52 %, 19206 MiB, 49140 MiB, 292.07 W, 68
2026/08/14 03:13:47.098, NVIDIA GeForce RTX 4090, 62 %, 33 %, 19206 MiB, 49140 MiB, 289.51 W, 66
2026/08/14 03:13:48.098, NVIDIA GeForce RTX 4090, 43 %, 17 %, 19206 MiB, 49140 MiB, 279.36 W, 66
2026/08/14 03:13:49.099, NVIDIA GeForce RTX 4090, 40 %, 15 %, 19206 MiB, 49140 MiB, 276.87 W, 66
2026/08/14 03:13:50.099, NVIDIA GeForce RTX 4090, 38 %, 13 %, 19206 MiB, 49140 MiB, 271.57 W, 64
2026/08/14 03:13:51.099, NVIDIA GeForce RTX 4090, 43 %, 22 %, 19206 MiB, 49140 MiB, 349.32 W, 59
2026/08/14 03:13:52.099, NVIDIA GeForce RTX 4090, 3 %, 0 %, 19206 MiB, 49140 MiB, 119.42 W, 55
2026/08/14 03:13:53.100, NVIDIA GeForce RTX 4090, 0 %, 0 %, 19206 MiB, 49140 MiB, 101.65 W, 53
2026/08/14 03:13:54.100, NVIDIA GeForce RTX 4090, 24 %, 9 %, 19206 MiB, 49140 MiB, 138.31 W, 64
2026/08/14 03:13:55.100, NVIDIA GeForce RTX 4090, 32 %, 11 %, 19206 MiB, 49140 MiB, 269.29 W, 61
2026/08/14 03:13:56.100, NVIDIA GeForce RTX 4090, 27 %, 10 %, 19206 MiB, 49140 MiB, 264.44 W, 64
2026/08/14 03:13:57.101, NVIDIA GeForce RTX 4090, 50 %, 17 %, 19206 MiB, 49140 MiB, 273.31 W, 64
2026/08/14 03:13:58.101, NVIDIA GeForce RTX 4090, 64 %, 25 %, 19206 MiB, 49140 MiB, 283.63 W, 64
2026/08/14 03:13:59.101, NVIDIA GeForce RTX 4090, 75 %, 42 %, 19206 MiB, 49140 MiB, 285.54 W, 64
2026/08/14 03:14:00.101, NVIDIA GeForce RTX 4090, 90 %, 52 %, 19206 MiB, 49140 MiB, 292.09 W, 67
2026/08/14 03:14:01.102, NVIDIA GeForce RTX 4090, 66 %, 37 %, 19206 MiB, 49140 MiB, 288.82 W, 65
2026/08/14 03:14:02.102, NVIDIA GeForce RTX 4090, 31 %, 12 %, 19206 MiB, 49140 MiB, 280.88 W, 65
2026/08/14 03:14:03.102, NVIDIA GeForce RTX 4090, 42 %, 15 %, 19206 MiB, 49140 MiB, 274.16 W, 64
2026/08/14 03:14:04.102, NVIDIA GeForce RTX 4090, 46 %, 18 %, 19206 MiB, 49140 MiB, 291.51 W, 63
2026/08/14 03:14:05.103, NVIDIA GeForce RTX 4090, 83 %, 46 %, 19206 MiB, 49140 MiB, 289.95 W, 65
2026/08/14 03:14:06.105, NVIDIA GeForce RTX 4090, 90 %, 52 %, 19206 MiB, 49140 MiB, 293.33 W, 68
2026/08/14 03:14:07.105, NVIDIA GeForce RTX 4090, 88 %, 47 %, 19206 MiB, 49140 MiB, 285.75 W, 67
2026/08/14 03:14:08.105, NVIDIA GeForce RTX 4090, 39 %, 15 %, 19206 MiB, 49140 MiB, 293.91 W, 64
2026/08/14 03:14:09.105, NVIDIA GeForce RTX 4090, 43 %, 15 %, 19206 MiB, 49140 MiB, 275.37 W, 64
2026/08/14 03:14:10.106, NVIDIA GeForce RTX 4090, 52 %, 18 %, 19206 MiB, 49140 MiB, 275.01 W, 63
2026/08/14 03:14:11.106, NVIDIA GeForce RTX 4090, 78 %, 38 %, 19206 MiB, 49140 MiB, 286.71 W, 65
2026/08/14 03:14:12.106, NVIDIA GeForce RTX 4090, 95 %, 57 %, 19206 MiB, 49140 MiB, 291.40 W, 68
2026/08/14 03:14:13.106, NVIDIA GeForce RTX 4090, 75 %, 41 %, 19206 MiB, 49140 MiB, 300.93 W, 66
2026/08/14 03:14:14.106, NVIDIA GeForce RTX 4090, 63 %, 24 %, 19206 MiB, 49140 MiB, 278.24 W, 64
2026/08/14 03:14:15.107, NVIDIA GeForce RTX 4090, 42 %, 15 %, 19206 MiB, 49140 MiB, 281.05 W, 64
2026/08/14 03:14:16.107, NVIDIA GeForce RTX 4090, 48 %, 18 %, 19206 MiB, 49140 MiB, 283.31 W, 64
2026/08/14 03:14:17.107, NVIDIA GeForce RTX 4090, 77 %, 43 %, 19206 MiB, 49140 MiB, 293.42 W, 66
2026/08/14 03:14:18.107, NVIDIA GeForce RTX 4090, 22 %, 9 %, 19206 MiB, 49140 MiB, 291.65 W, 62
2026/08/14 03:14:19.108, NVIDIA GeForce RTX 4090, 52 %, 25 %, 19206 MiB, 49140 MiB, 279.05 W, 65
2026/08/14 03:14:20.108, NVIDIA GeForce RTX 4090, 40 %, 15 %, 19206 MiB, 49140 MiB, 269.87 W, 64
2026/08/14 03:14:21.108, NVIDIA GeForce RTX 4090, 38 %, 13 %, 19206 MiB, 49140 MiB, 280.66 W, 64
2026/08/14 03:14:22.108, NVIDIA GeForce RTX 4090, 49 %, 17 %, 19206 MiB, 49140 MiB, 276.29 W, 64
2026/08/14 03:14:23.108, NVIDIA GeForce RTX 4090, 63 %, 25 %, 19206 MiB, 49140 MiB, 276.58 W, 65
2026/08/14 03:14:24.108, NVIDIA GeForce RTX 4090, 87 %, 53 %, 19206 MiB, 49140 MiB, 295.20 W, 68
2026/08/14 03:14:25.109, NVIDIA GeForce RTX 4090, 68 %, 36 %, 19206 MiB, 49140 MiB, 296.93 W, 65
2026/08/14 03:14:26.109, NVIDIA GeForce RTX 4090, 43 %, 17 %, 19206 MiB, 49140 MiB, 275.06 W, 65
2026/08/14 03:14:27.109, NVIDIA GeForce RTX 4090, 18 %, 6 %, 19206 MiB, 49140 MiB, 263.89 W, 63
2026/08/14 03:14:28.109, NVIDIA GeForce RTX 4090, 49 %, 18 %, 19206 MiB, 49140 MiB, 272.72 W, 63
2026/08/14 03:14:29.109, NVIDIA GeForce RTX 4090, 46 %, 15 %, 19206 MiB, 49140 MiB, 276.76 W, 64
2026/08/14 03:14:30.109, NVIDIA GeForce RTX 4090, 78 %, 38 %, 19206 MiB, 49140 MiB, 297.42 W, 64
2026/08/14 03:14:31.110, NVIDIA GeForce RTX 4090, 85 %, 51 %, 19206 MiB, 49140 MiB, 295.34 W, 67
2026/08/14 03:14:32.110, NVIDIA GeForce RTX 4090, 70 %, 37 %, 19206 MiB, 49140 MiB, 288.53 W, 66
2026/08/14 03:14:33.110, NVIDIA GeForce RTX 4090, 36 %, 15 %, 19206 MiB, 49140 MiB, 276.53 W, 64
2026/08/14 03:14:34.110, NVIDIA GeForce RTX 4090, 43 %, 15 %, 19206 MiB, 49140 MiB, 272.33 W, 62
2026/08/14 03:14:35.110, NVIDIA GeForce RTX 4090, 38 %, 13 %, 19206 MiB, 49140 MiB, 279.46 W, 64
2026/08/14 03:14:36.111, NVIDIA GeForce RTX 4090, 45 %, 17 %, 19206 MiB, 49140 MiB, 282.32 W, 64
2026/08/14 03:14:37.111, NVIDIA GeForce RTX 4090, 78 %, 44 %, 19206 MiB, 49140 MiB, 294.12 W, 64
2026/08/14 03:14:38.111, NVIDIA GeForce RTX 4090, 42 %, 17 %, 19206 MiB, 49140 MiB, 364.39 W, 64
2026/08/14 03:14:39.111, NVIDIA GeForce RTX 4090, 44 %, 15 %, 19206 MiB, 49140 MiB, 283.36 W, 64
2026/08/14 03:14:40.111, NVIDIA GeForce RTX 4090, 53 %, 18 %, 19206 MiB, 49140 MiB, 280.40 W, 63
2026/08/14 03:14:41.111, NVIDIA GeForce RTX 4090, 77 %, 38 %, 19206 MiB, 49140 MiB, 289.56 W, 64
2026/08/14 03:14:42.112, NVIDIA GeForce RTX 4090, 72 %, 35 %, 19206 MiB, 49140 MiB, 314.92 W, 60
2026/08/14 03:14:43.112, NVIDIA GeForce RTX 4090, 39 %, 15 %, 19206 MiB, 49140 MiB, 296.34 W, 64
2026/08/14 03:14:44.112, NVIDIA GeForce RTX 4090, 42 %, 15 %, 19206 MiB, 49140 MiB, 272.27 W, 64
2026/08/14 03:14:45.112, NVIDIA GeForce RTX 4090, 38 %, 13 %, 19206 MiB, 49140 MiB, 271.48 W, 64
2026/08/14 03:14:46.112, NVIDIA GeForce RTX 4090, 47 %, 18 %, 19206 MiB, 49140 MiB, 279.80 W, 63
2026/08/14 03:14:47.183, NVIDIA GeForce RTX 4090, 92 %, 53 %, 19206 MiB, 49140 MiB, 300.52 W, 67
2026/08/14 03:14:48.184, NVIDIA GeForce RTX 4090, 73 %, 38 %, 19206 MiB, 49140 MiB, 307.40 W, 64
2026/08/14 03:14:49.184, NVIDIA GeForce RTX 4090, 45 %, 15 %, 19206 MiB, 49140 MiB, 287.47 W, 62
2026/08/14 03:14:50.184, NVIDIA GeForce RTX 4090, 38 %, 14 %, 19206 MiB, 49140 MiB, 268.41 W, 63
2026/08/14 03:14:51.184, NVIDIA GeForce RTX 4090, 49 %, 17 %, 19206 MiB, 49140 MiB, 277.97 W, 63
2026/08/14 03:14:52.185, NVIDIA GeForce RTX 4090, 64 %, 25 %, 19206 MiB, 49140 MiB, 278.57 W, 62
2026/08/14 03:14:53.185, NVIDIA GeForce RTX 4090, 88 %, 49 %, 19206 MiB, 49140 MiB, 284.85 W, 63
2026/08/14 03:14:54.185, NVIDIA GeForce RTX 4090, 81 %, 42 %, 19206 MiB, 49140 MiB, 301.67 W, 60
2026/08/14 03:14:55.186, NVIDIA GeForce RTX 4090, 53 %, 25 %, 19206 MiB, 49140 MiB, 287.42 W, 62
2026/08/14 03:14:56.186, NVIDIA GeForce RTX 4090, 30 %, 10 %, 19206 MiB, 49140 MiB, 273.14 W, 62
2026/08/14 03:14:57.186, NVIDIA GeForce RTX 4090, 33 %, 12 %, 19206 MiB, 49140 MiB, 270.37 W, 61
2026/08/14 03:14:58.186, NVIDIA GeForce RTX 4090, 46 %, 15 %, 19206 MiB, 49140 MiB, 275.79 W, 62
2026/08/14 03:14:59.186, NVIDIA GeForce RTX 4090, 63 %, 25 %, 19206 MiB, 49140 MiB, 284.69 W, 62
2026/08/14 03:15:00.187, NVIDIA GeForce RTX 4090, 87 %, 49 %, 19206 MiB, 49140 MiB, 283.71 W, 64
2026/08/14 03:15:01.187, NVIDIA GeForce RTX 4090, 89 %, 46 %, 19206 MiB, 49140 MiB, 302.65 W, 67
2026/08/14 03:15:02.187, NVIDIA GeForce RTX 4090, 42 %, 17 %, 19206 MiB, 49140 MiB, 293.25 W, 63
2026/08/14 03:15:03.188, NVIDIA GeForce RTX 4090, 42 %, 15 %, 19206 MiB, 49140 MiB, 280.39 W, 61
2026/08/14 03:15:04.188, NVIDIA GeForce RTX 4090, 46 %, 15 %, 19206 MiB, 49140 MiB, 277.12 W, 60
2026/08/14 03:15:05.188, NVIDIA GeForce RTX 4090, 64 %, 25 %, 19206 MiB, 49140 MiB, 285.68 W, 60
2026/08/14 03:15:06.188, NVIDIA GeForce RTX 4090, 73 %, 41 %, 19206 MiB, 49140 MiB, 285.93 W, 61
2026/08/14 03:15:07.189, NVIDIA GeForce RTX 4090, 85 %, 51 %, 19206 MiB, 49140 MiB, 277.15 W, 69
2026/08/14 03:15:08.189, NVIDIA GeForce RTX 4090, 79 %, 39 %, 19206 MiB, 49140 MiB, 302.05 W, 61
2026/08/14 03:15:09.189, NVIDIA GeForce RTX 4090, 38 %, 14 %, 19206 MiB, 49140 MiB, 289.66 W, 59
2026/08/14 03:15:10.189, NVIDIA GeForce RTX 4090, 23 %, 8 %, 19206 MiB, 49140 MiB, 270.80 W, 58
2026/08/14 03:15:11.190, NVIDIA GeForce RTX 4090, 49 %, 17 %, 19206 MiB, 49140 MiB, 280.35 W, 59
2026/08/14 03:15:12.190, NVIDIA GeForce RTX 4090, 74 %, 36 %, 19206 MiB, 49140 MiB, 288.52 W, 61
2026/08/14 03:15:13.190, NVIDIA GeForce RTX 4090, 80 %, 42 %, 19206 MiB, 49140 MiB, 316.05 W, 62
2026/08/14 03:15:14.191, NVIDIA GeForce RTX 4090, 45 %, 17 %, 19206 MiB, 49140 MiB, 292.41 W, 59
2026/08/14 03:15:15.191, NVIDIA GeForce RTX 4090, 44 %, 16 %, 19206 MiB, 49140 MiB, 272.84 W, 59
2026/08/14 03:15:16.191, NVIDIA GeForce RTX 4090, 39 %, 13 %, 19206 MiB, 49140 MiB, 270.47 W, 59
2026/08/14 03:15:17.191, NVIDIA GeForce RTX 4090, 49 %, 17 %, 19206 MiB, 49140 MiB, 278.23 W, 59
2026/08/14 03:15:18.191, NVIDIA GeForce RTX 4090, 70 %, 35 %, 19206 MiB, 49140 MiB, 289.52 W, 61
2026/08/14 03:15:19.191, NVIDIA GeForce RTX 4090, 87 %, 45 %, 19206 MiB, 49140 MiB, 315.52 W, 61
2026/08/14 03:15:20.192, NVIDIA GeForce RTX 4090, 52 %, 25 %, 19206 MiB, 49140 MiB, 288.20 W, 60
2026/08/14 03:15:21.192, NVIDIA GeForce RTX 4090, 100 %, 53 %, 19206 MiB, 49140 MiB, 314.91 W, 69
2026/08/14 03:15:22.192, NVIDIA GeForce RTX 4090, 0 %, 0 %, 19206 MiB, 49140 MiB, 211.90 W, 55
2026/08/14 03:15:23.192, NVIDIA GeForce RTX 4090, 0 %, 0 %, 19206 MiB, 49140 MiB, 106.68 W, 54
2026/08/14 03:15:24.192, NVIDIA GeForce RTX 4090, 7 %, 0 %, 19206 MiB, 49140 MiB, 92.96 W, 57
2026/08/14 03:15:25.193, NVIDIA GeForce RTX 4090, 57 %, 37 %, 19206 MiB, 49140 MiB, 257.55 W, 64
2026/08/14 03:15:26.193, NVIDIA GeForce RTX 4090, 86 %, 46 %, 19206 MiB, 49140 MiB, 286.39 W, 62
2026/08/14 03:15:27.193, NVIDIA GeForce RTX 4090, 55 %, 22 %, 19206 MiB, 49140 MiB, 265.81 W, 59
2026/08/14 03:15:28.193, NVIDIA GeForce RTX 4090, 21 %, 9 %, 19206 MiB, 49140 MiB, 257.74 W, 57
2026/08/14 03:15:29.193, NVIDIA GeForce RTX 4090, 29 %, 10 %, 19206 MiB, 49140 MiB, 261.89 W, 58
2026/08/14 03:15:30.193, NVIDIA GeForce RTX 4090, 42 %, 15 %, 19206 MiB, 49140 MiB, 260.87 W, 58
2026/08/14 03:15:31.195, NVIDIA GeForce RTX 4090, 36 %, 13 %, 19206 MiB, 49140 MiB, 259.53 W, 57
2026/08/14 03:15:32.195, NVIDIA GeForce RTX 4090, 27 %, 10 %, 19206 MiB, 49140 MiB, 252.25 W, 57
2026/08/14 03:15:33.196, NVIDIA GeForce RTX 4090, 47 %, 15 %, 19206 MiB, 49140 MiB, 276.91 W, 58
2026/08/14 03:15:34.196, NVIDIA GeForce RTX 4090, 68 %, 35 %, 19206 MiB, 49140 MiB, 298.39 W, 61
2026/08/14 03:15:35.196, NVIDIA GeForce RTX 4090, 75 %, 46 %, 19206 MiB, 49140 MiB, 290.84 W, 67
2026/08/14 03:15:36.196, NVIDIA GeForce RTX 4090, 86 %, 44 %, 19206 MiB, 49140 MiB, 292.89 W, 60
2026/08/14 03:15:37.197, NVIDIA GeForce RTX 4090, 43 %, 17 %, 19206 MiB, 49140 MiB, 270.30 W, 59
2026/08/14 03:15:38.197, NVIDIA GeForce RTX 4090, 35 %, 12 %, 19206 MiB, 49140 MiB, 264.56 W, 58
2026/08/14 03:15:39.197, NVIDIA GeForce RTX 4090, 41 %, 15 %, 19206 MiB, 49140 MiB, 262.12 W, 58
2026/08/14 03:15:40.197, NVIDIA GeForce RTX 4090, 45 %, 15 %, 19206 MiB, 49140 MiB, 278.35 W, 58
2026/08/14 03:15:41.197, NVIDIA GeForce RTX 4090, 62 %, 24 %, 19206 MiB, 49140 MiB, 287.26 W, 59
2026/08/14 03:15:42.198, NVIDIA GeForce RTX 4090, 65 %, 39 %, 19206 MiB, 49140 MiB, 298.41 W, 66
2026/08/14 03:15:43.198, NVIDIA GeForce RTX 4090, 54 %, 26 %, 19206 MiB, 49140 MiB, 299.61 W, 60
2026/08/14 03:15:44.198, NVIDIA GeForce RTX 4090, 43 %, 15 %, 19206 MiB, 49140 MiB, 271.57 W, 59
2026/08/14 03:15:45.198, NVIDIA GeForce RTX 4090, 41 %, 14 %, 19206 MiB, 49140 MiB, 270.56 W, 58
2026/08/14 03:15:46.198, NVIDIA GeForce RTX 4090, 45 %, 15 %, 19206 MiB, 49140 MiB, 273.89 W, 59
2026/08/14 03:15:47.199, NVIDIA GeForce RTX 4090, 62 %, 25 %, 19206 MiB, 49140 MiB, 285.45 W, 59
2026/08/14 03:15:48.199, NVIDIA GeForce RTX 4090, 72 %, 43 %, 19206 MiB, 49140 MiB, 285.77 W, 61
2026/08/14 03:15:49.199, NVIDIA GeForce RTX 4090, 93 %, 50 %, 19206 MiB, 49140 MiB, 292.94 W, 61
2026/08/14 03:15:50.200, NVIDIA GeForce RTX 4090, 38 %, 14 %, 19206 MiB, 49140 MiB, 298.56 W, 59
2026/08/14 03:15:51.200, NVIDIA GeForce RTX 4090, 36 %, 12 %, 19206 MiB, 49140 MiB, 280.52 W, 58
2026/08/14 03:15:52.200, NVIDIA GeForce RTX 4090, 59 %, 30 %, 19206 MiB, 49140 MiB, 288.64 W, 58
2026/08/14 03:15:53.200, NVIDIA GeForce RTX 4090, 60 %, 37 %, 19206 MiB, 49140 MiB, 297.84 W, 61
2026/08/14 03:15:54.201, NVIDIA GeForce RTX 4090, 88 %, 45 %, 19206 MiB, 49140 MiB, 292.63 W, 64
2026/08/14 03:15:55.201, NVIDIA GeForce RTX 4090, 49 %, 23 %, 19206 MiB, 49140 MiB, 284.53 W, 63
2026/08/14 03:15:56.201, NVIDIA GeForce RTX 4090, 27 %, 9 %, 19206 MiB, 49140 MiB, 271.17 W, 59
2026/08/14 03:15:57.201, NVIDIA GeForce RTX 4090, 37 %, 13 %, 19206 MiB, 49140 MiB, 273.15 W, 58
2026/08/14 03:15:58.201, NVIDIA GeForce RTX 4090, 41 %, 14 %, 19206 MiB, 49140 MiB, 275.10 W, 58
2026/08/14 03:15:59.201, NVIDIA GeForce RTX 4090, 55 %, 22 %, 19206 MiB, 49140 MiB, 284.40 W, 59
2026/08/14 03:16:00.201, NVIDIA GeForce RTX 4090, 74 %, 42 %, 19206 MiB, 49140 MiB, 290.87 W, 60
2026/08/14 03:16:01.202, NVIDIA GeForce RTX 4090, 88 %, 46 %, 19206 MiB, 49140 MiB, 299.43 W, 65
2026/08/14 03:16:02.202, NVIDIA GeForce RTX 4090, 34 %, 13 %, 19206 MiB, 49140 MiB, 274.70 W, 61
2026/08/14 03:16:03.202, NVIDIA GeForce RTX 4090, 36 %, 15 %, 19206 MiB, 49140 MiB, 274.34 W, 59
2026/08/14 03:16:04.202, NVIDIA GeForce RTX 4090, 35 %, 12 %, 19206 MiB, 49140 MiB, 279.18 W, 59
2026/08/14 03:16:05.202, NVIDIA GeForce RTX 4090, 41 %, 14 %, 19206 MiB, 49140 MiB, 267.66 W, 58
2026/08/14 03:16:06.203, NVIDIA GeForce RTX 4090, 55 %, 22 %, 19206 MiB, 49140 MiB, 282.09 W, 59
2026/08/14 03:16:07.203, NVIDIA GeForce RTX 4090, 74 %, 42 %, 19206 MiB, 49140 MiB, 291.35 W, 62
2026/08/14 03:16:08.203, NVIDIA GeForce RTX 4090, 100 %, 52 %, 19206 MiB, 49140 MiB, 323.05 W, 66
2026/08/14 03:16:09.203, NVIDIA GeForce RTX 4090, 42 %, 14 %, 19206 MiB, 49140 MiB, 349.54 W, 59
2026/08/14 03:16:10.203, NVIDIA GeForce RTX 4090, 57 %, 20 %, 19206 MiB, 49140 MiB, 284.04 W, 60
2026/08/14 03:16:11.203, NVIDIA GeForce RTX 4090, 61 %, 35 %, 19206 MiB, 49140 MiB, 278.84 W, 60
2026/08/14 03:16:12.204, NVIDIA GeForce RTX 4090, 73 %, 42 %, 19206 MiB, 49140 MiB, 285.77 W, 63
2026/08/14 03:16:13.204, NVIDIA GeForce RTX 4090, 88 %, 47 %, 19206 MiB, 49140 MiB, 290.27 W, 67
2026/08/14 03:16:14.204, NVIDIA GeForce RTX 4090, 45 %, 23 %, 19206 MiB, 49140 MiB, 281.62 W, 64
2026/08/14 03:16:15.204, NVIDIA GeForce RTX 4090, 28 %, 10 %, 19206 MiB, 49140 MiB, 274.54 W, 59
2026/08/14 03:16:16.204, NVIDIA GeForce RTX 4090, 36 %, 13 %, 19206 MiB, 49140 MiB, 268.45 W, 58
2026/08/14 03:16:17.204, NVIDIA GeForce RTX 4090, 40 %, 14 %, 19206 MiB, 49140 MiB, 270.96 W, 59
2026/08/14 03:16:18.205, NVIDIA GeForce RTX 4090, 41 %, 16 %, 19206 MiB, 49140 MiB, 280.83 W, 59
2026/08/14 03:16:19.205, NVIDIA GeForce RTX 4090, 61 %, 34 %, 19206 MiB, 49140 MiB, 283.66 W, 60
2026/08/14 03:16:20.206, NVIDIA GeForce RTX 4090, 72 %, 43 %, 19206 MiB, 49140 MiB, 284.27 W, 63
2026/08/14 03:16:21.206, NVIDIA GeForce RTX 4090, 57 %, 26 %, 19206 MiB, 49140 MiB, 299.99 W, 62
2026/08/14 03:16:22.206, NVIDIA GeForce RTX 4090, 35 %, 13 %, 19206 MiB, 49140 MiB, 288.00 W, 60
2026/08/14 03:16:23.206, NVIDIA GeForce RTX 4090, 34 %, 11 %, 19206 MiB, 49140 MiB, 268.63 W, 59
2026/08/14 03:16:24.207, NVIDIA GeForce RTX 4090, 52 %, 17 %, 19206 MiB, 49140 MiB, 282.24 W, 60
2026/08/14 03:16:25.207, NVIDIA GeForce RTX 4090, 61 %, 34 %, 19206 MiB, 49140 MiB, 281.47 W, 60
2026/08/14 03:16:26.207, NVIDIA GeForce RTX 4090, 72 %, 43 %, 19206 MiB, 49140 MiB, 284.21 W, 64
2026/08/14 03:16:27.207, NVIDIA GeForce RTX 4090, 73 %, 37 %, 19206 MiB, 49140 MiB, 285.44 W, 68
2026/08/14 03:16:28.208, NVIDIA GeForce RTX 4090, 66 %, 26 %, 19206 MiB, 49140 MiB, 295.59 W, 69
2026/08/14 03:16:29.208, NVIDIA GeForce RTX 4090, 34 %, 12 %, 19206 MiB, 49140 MiB, 277.15 W, 59
2026/08/14 03:16:30.208, NVIDIA GeForce RTX 4090, 43 %, 15 %, 19206 MiB, 49140 MiB, 275.68 W, 59
2026/08/14 03:16:31.208, NVIDIA GeForce RTX 4090, 52 %, 20 %, 19206 MiB, 49140 MiB, 277.79 W, 59
2026/08/14 03:16:32.208, NVIDIA GeForce RTX 4090, 71 %, 42 %, 19206 MiB, 49140 MiB, 288.37 W, 64
2026/08/14 03:16:33.209, NVIDIA GeForce RTX 4090, 58 %, 27 %, 19206 MiB, 49140 MiB, 299.26 W, 63
2026/08/14 03:16:34.209, NVIDIA GeForce RTX 4090, 26 %, 9 %, 19206 MiB, 49140 MiB, 278.50 W, 60
2026/08/14 03:16:35.209, NVIDIA GeForce RTX 4090, 33 %, 12 %, 19206 MiB, 49140 MiB, 268.55 W, 59
2026/08/14 03:16:36.209, NVIDIA GeForce RTX 4090, 38 %, 13 %, 19206 MiB, 49140 MiB, 283.81 W, 60
2026/08/14 03:16:37.210, NVIDIA GeForce RTX 4090, 52 %, 21 %, 19206 MiB, 49140 MiB, 277.51 W, 60
2026/08/14 03:16:38.210, NVIDIA GeForce RTX 4090, 55 %, 22 %, 19206 MiB, 49140 MiB, 275.65 W, 61
2026/08/14 03:16:39.283, NVIDIA GeForce RTX 4090, 72 %, 42 %, 19206 MiB, 49140 MiB, 281.74 W, 65
2026/08/14 03:16:40.284, NVIDIA GeForce RTX 4090, 90 %, 49 %, 19206 MiB, 49140 MiB, 291.16 W, 67
2026/08/14 03:16:41.284, NVIDIA GeForce RTX 4090, 44 %, 16 %, 19206 MiB, 49140 MiB, 295.64 W, 62
2026/08/14 03:16:42.284, NVIDIA GeForce RTX 4090, 33 %, 12 %, 19206 MiB, 49140 MiB, 274.80 W, 59
2026/08/14 03:16:43.284, NVIDIA GeForce RTX 4090, 35 %, 12 %, 19206 MiB, 49140 MiB, 270.70 W, 59
2026/08/14 03:16:44.284, NVIDIA GeForce RTX 4090, 43 %, 15 %, 19206 MiB, 49140 MiB, 270.08 W, 59
2026/08/14 03:16:45.285, NVIDIA GeForce RTX 4090, 52 %, 20 %, 19206 MiB, 49140 MiB, 278.05 W, 59
2026/08/14 03:16:46.285, NVIDIA GeForce RTX 4090, 72 %, 43 %, 19206 MiB, 49140 MiB, 291.20 W, 65
2026/08/14 03:16:47.285, NVIDIA GeForce RTX 4090, 88 %, 47 %, 19206 MiB, 49140 MiB, 290.55 W, 66
2026/08/14 03:16:48.286, NVIDIA GeForce RTX 4090, 57 %, 25 %, 19206 MiB, 49140 MiB, 286.91 W, 63
2026/08/14 03:16:49.286, NVIDIA GeForce RTX 4090, 33 %, 12 %, 19206 MiB, 49140 MiB, 284.79 W, 60
2026/08/14 03:16:50.286, NVIDIA GeForce RTX 4090, 34 %, 11 %, 19206 MiB, 49140 MiB, 266.04 W, 59
2026/08/14 03:16:51.286, NVIDIA GeForce RTX 4090, 42 %, 16 %, 19206 MiB, 49140 MiB, 277.24 W, 60
2026/08/14 03:16:52.286, NVIDIA GeForce RTX 4090, 54 %, 27 %, 19206 MiB, 49140 MiB, 273.77 W, 59
2026/08/14 03:16:53.287, NVIDIA GeForce RTX 4090, 0 %, 0 %, 19206 MiB, 49140 MiB, 317.71 W, 57
2026/08/14 03:16:54.287, NVIDIA GeForce RTX 4090, 0 %, 0 %, 19206 MiB, 49140 MiB, 106.56 W, 54
2026/08/14 03:16:55.287, NVIDIA GeForce RTX 4090, 0 %, 0 %, 19206 MiB, 49140 MiB, 100.28 W, 53
2026/08/14 03:16:56.287, NVIDIA GeForce RTX 4090, 0 %, 0 %, 19206 MiB, 49140 MiB, 89.14 W, 52
2026/08/14 03:16:57.287, NVIDIA GeForce RTX 4090, 0 %, 0 %, 19206 MiB, 49140 MiB, 88.81 W, 52
2026/08/14 03:16:58.288, NVIDIA GeForce RTX 4090, 0 %, 0 %, 19206 MiB, 49140 MiB, 87.94 W, 52
2026/08/14 03:16:59.288, NVIDIA GeForce RTX 4090, 0 %, 0 %, 19206 MiB, 49140 MiB, 87.89 W, 51
2026/08/14 03:17:00.288, NVIDIA GeForce RTX 4090, 0 %, 0 %, 19206 MiB, 49140 MiB, 87.71 W, 51
2026/08/14 03:17:01.288, NVIDIA GeForce RTX 4090, 0 %, 0 %, 19206 MiB, 49140 MiB, 87.36 W, 50
2026/08/14 03:17:02.288, NVIDIA GeForce RTX 4090, 0 %, 0 %, 19206 MiB, 49140 MiB, 87.22 W, 50
2026/08/14 03:17:03.289, NVIDIA GeForce RTX 4090, 0 %, 0 %, 19206 MiB, 49140 MiB, 87.07 W, 50
2026/08/14 03:17:04.289, NVIDIA GeForce RTX 4090, 0 %, 0 %, 19206 MiB, 49140 MiB, 86.25 W, 49
2026/08/14 03:17:05.289, NVIDIA GeForce RTX 4090, 0 %, 0 %, 19206 MiB, 49140 MiB, 85.61 W, 49
2026/08/14 03:17:06.289, NVIDIA GeForce RTX 4090, 0 %, 0 %, 19206 MiB, 49140 MiB, 85.36 W, 49
2026/08/14 03:17:07.289, NVIDIA GeForce RTX 4090, 0 %, 0 %, 19206 MiB, 49140 MiB, 84.42 W, 49
2026/08/14 03:17:08.290, NVIDIA GeForce RTX 4090, 0 %, 0 %, 19206 MiB, 49140 MiB, 83.26 W, 48
2026/08/14 03:17:09.290, NVIDIA GeForce RTX 4090, 0 %, 0 %, 19206 MiB, 49140 MiB, 82.33 W, 48
2026/08/14 03:17:10.290, NVIDIA GeForce RTX 4090, 0 %, 0 %, 19206 MiB, 49140 MiB, 81.66 W, 48
2026/08/14 03:17:11.290, NVIDIA GeForce RTX 4090, 0 %, 0 %, 19206 MiB, 49140 MiB, 81.37 W, 48
2026/08/14 03:17:12.290, NVIDIA GeForce RTX 4090, 0 %, 0 %, 19206 MiB, 49140 MiB, 80.95 W, 47
2026/08/14 03:17:13.291, NVIDIA GeForce RTX 4090, 0 %, 0 %, 19206 MiB, 49140 MiB, 79.00 W, 47
