timestamp, name, utilization.gpu [%], utilization.memory [%], memory.used [MiB], memory.total [MiB], power.draw [W], temperature.gpu
2026/08/14 02:41:46.693, NVIDIA GeForce RTX 4090, 0 %, 0 %, 1 MiB, 49140 MiB, 98.24 W, 48
2026/08/14 02:41:47.702, NVIDIA GeForce RTX 4090, 0 %, 0 %, 1 MiB, 49140 MiB, 98.73 W, 48
2026/08/14 02:41:48.702, NVIDIA GeForce RTX 4090, 0 %, 0 %, 1 MiB, 49140 MiB, 91.79 W, 47
2026/08/14 02:41:49.702, NVIDIA GeForce RTX 4090, 0 %, 0 %, 1 MiB, 49140 MiB, 68.71 W, 46
2026/08/14 02:41:50.703, NVIDIA GeForce RTX 4090, 0 %, 0 %, 1 MiB, 49140 MiB, 43.54 W, 46
2026/08/14 02:41:51.703, NVIDIA GeForce RTX 4090, 0 %, 0 %, 4 MiB, 49140 MiB, 37.52 W, 45
2026/08/14 02:41:52.703, NVIDIA GeForce RTX 4090, 0 %, 0 %, 4 MiB, 49140 MiB, 36.65 W, 45
2026/08/14 02:41:53.703, NVIDIA GeForce RTX 4090, 0 %, 0 %, 4 MiB, 49140 MiB, 35.44 W, 45
2026/08/14 02:41:54.703, NVIDIA GeForce RTX 4090, 0 %, 0 %, 4 MiB, 49140 MiB, 35.09 W, 45
2026/08/14 02:41:55.704, NVIDIA GeForce RTX 4090, 0 %, 0 %, 4 MiB, 49140 MiB, 34.60 W, 44
2026/08/14 02:41:56.704, NVIDIA GeForce RTX 4090, 0 %, 0 %, 4 MiB, 49140 MiB, 34.42 W, 44
2026/08/14 02:41:57.704, NVIDIA GeForce RTX 4090, 0 %, 0 %, 4 MiB, 49140 MiB, 34.18 W, 44
2026/08/14 02:41:58.704, NVIDIA GeForce RTX 4090, 0 %, 0 %, 4 MiB, 49140 MiB, 33.44 W, 44
2026/08/14 02:41:59.704, NVIDIA GeForce RTX 4090, 0 %, 0 %, 4 MiB, 49140 MiB, 32.92 W, 44
2026/08/14 02:42:00.705, NVIDIA GeForce RTX 4090, 0 %, 0 %, 4 MiB, 49140 MiB, 32.60 W, 44
2026/08/14 02:42:01.705, NVIDIA GeForce RTX 4090, 0 %, 0 %, 4 MiB, 49140 MiB, 32.07 W, 43
2026/08/14 02:42:02.705, NVIDIA GeForce RTX 4090, 0 %, 0 %, 4 MiB, 49140 MiB, 31.59 W, 43
2026/08/14 02:42:03.705, NVIDIA GeForce RTX 4090, 0 %, 0 %, 4 MiB, 49140 MiB, 31.31 W, 43
2026/08/14 02:42:04.706, NVIDIA GeForce RTX 4090, 0 %, 0 %, 4 MiB, 49140 MiB, 31.29 W, 43
2026/08/14 02:42:05.706, NVIDIA GeForce RTX 4090, 0 %, 0 %, 4 MiB, 49140 MiB, 31.53 W, 43
2026/08/14 02:42:06.706, NVIDIA GeForce RTX 4090, 0 %, 0 %, 4 MiB, 49140 MiB, 31.59 W, 43
2026/08/14 02:42:07.706, NVIDIA GeForce RTX 4090, 0 %, 0 %, 4 MiB, 49140 MiB, 31.47 W, 43
2026/08/14 02:42:08.706, NVIDIA GeForce RTX 4090, 0 %, 0 %, 4 MiB, 49140 MiB, 31.11 W, 43
2026/08/14 02:42:09.707, NVIDIA GeForce RTX 4090, 0 %, 0 %, 4 MiB, 49140 MiB, 30.85 W, 43
2026/08/14 02:42:10.707, NVIDIA GeForce RTX 4090, 0 %, 0 %, 4 MiB, 49140 MiB, 30.71 W, 42
2026/08/14 02:42:11.783, NVIDIA GeForce RTX 4090, 0 %, 0 %, 4 MiB, 49140 MiB, 30.40 W, 42
2026/08/14 02:42:12.784, NVIDIA GeForce RTX 4090, 0 %, 0 %, 4 MiB, 49140 MiB, 30.38 W, 42
2026/08/14 02:42:13.784, NVIDIA GeForce RTX 4090, 0 %, 0 %, 4 MiB, 49140 MiB, 30.65 W, 42
2026/08/14 02:42:14.784, NVIDIA GeForce RTX 4090, 0 %, 0 %, 4 MiB, 49140 MiB, 30.73 W, 42
2026/08/14 02:42:15.784, NVIDIA GeForce RTX 4090, 0 %, 0 %, 4 MiB, 49140 MiB, 30.50 W, 42
2026/08/14 02:42:16.784, NVIDIA GeForce RTX 4090, 0 %, 0 %, 4 MiB, 49140 MiB, 30.21 W, 42
2026/08/14 02:42:17.784, NVIDIA GeForce RTX 4090, 0 %, 0 %, 4 MiB, 49140 MiB, 29.99 W, 42
2026/08/14 02:42:18.785, NVIDIA GeForce RTX 4090, 0 %, 0 %, 4 MiB, 49140 MiB, 29.98 W, 42
2026/08/14 02:42:19.785, NVIDIA GeForce RTX 4090, 0 %, 0 %, 4 MiB, 49140 MiB, 30.19 W, 42
2026/08/14 02:42:20.785, NVIDIA GeForce RTX 4090, 0 %, 0 %, 4 MiB, 49140 MiB, 30.50 W, 42
2026/08/14 02:42:21.785, NVIDIA GeForce RTX 4090, 0 %, 0 %, 4 MiB, 49140 MiB, 30.25 W, 41
2026/08/14 02:42:22.786, NVIDIA GeForce RTX 4090, 0 %, 0 %, 4 MiB, 49140 MiB, 29.79 W, 41
2026/08/14 02:42:23.786, NVIDIA GeForce RTX 4090, 0 %, 0 %, 4 MiB, 49140 MiB, 29.87 W, 41
2026/08/14 02:42:24.786, NVIDIA GeForce RTX 4090, 0 %, 0 %, 4 MiB, 49140 MiB, 30.00 W, 41
2026/08/14 02:42:25.786, NVIDIA GeForce RTX 4090, 0 %, 0 %, 4 MiB, 49140 MiB, 30.07 W, 41
2026/08/14 02:42:26.786, NVIDIA GeForce RTX 4090, 0 %, 0 %, 4 MiB, 49140 MiB, 29.98 W, 41
2026/08/14 02:42:27.786, NVIDIA GeForce RTX 4090, 0 %, 0 %, 4 MiB, 49140 MiB, 29.55 W, 41
2026/08/14 02:42:28.787, NVIDIA GeForce RTX 4090, 0 %, 0 %, 4 MiB, 49140 MiB, 29.31 W, 41
2026/08/14 02:42:29.787, NVIDIA GeForce RTX 4090, 0 %, 0 %, 4 MiB, 49140 MiB, 29.32 W, 41
2026/08/14 02:42:30.787, NVIDIA GeForce RTX 4090, 0 %, 0 %, 4 MiB, 49140 MiB, 29.54 W, 41
2026/08/14 02:42:31.788, NVIDIA GeForce RTX 4090, 0 %, 0 %, 1690 MiB, 49140 MiB, 29.77 W, 41
2026/08/14 02:42:32.789, NVIDIA GeForce RTX 4090, 51 %, 1 %, 6690 MiB, 49140 MiB, 62.14 W, 42
2026/08/14 02:42:33.789, NVIDIA GeForce RTX 4090, 68 %, 1 %, 13830 MiB, 49140 MiB, 90.24 W, 43
2026/08/14 02:42:34.789, NVIDIA GeForce RTX 4090, 17 %, 5 %, 18998 MiB, 49140 MiB, 97.32 W, 45
2026/08/14 02:42:35.789, NVIDIA GeForce RTX 4090, 39 %, 24 %, 19200 MiB, 49140 MiB, 247.38 W, 52
2026/08/14 02:42:36.790, NVIDIA GeForce RTX 4090, 52 %, 25 %, 19202 MiB, 49140 MiB, 267.97 W, 52
2026/08/14 02:42:37.790, NVIDIA GeForce RTX 4090, 49 %, 18 %, 19204 MiB, 49140 MiB, 262.79 W, 50
2026/08/14 02:42:38.790, NVIDIA GeForce RTX 4090, 38 %, 13 %, 19204 MiB, 49140 MiB, 252.01 W, 50
2026/08/14 02:42:39.791, NVIDIA GeForce RTX 4090, 39 %, 13 %, 19204 MiB, 49140 MiB, 259.42 W, 50
2026/08/14 02:42:40.791, NVIDIA GeForce RTX 4090, 54 %, 21 %, 19204 MiB, 49140 MiB, 262.82 W, 51
2026/08/14 02:42:41.791, NVIDIA GeForce RTX 4090, 53 %, 28 %, 19204 MiB, 49140 MiB, 268.45 W, 58
2026/08/14 02:42:42.792, NVIDIA GeForce RTX 4090, 92 %, 53 %, 19204 MiB, 49140 MiB, 285.70 W, 57
2026/08/14 02:42:43.792, NVIDIA GeForce RTX 4090, 54 %, 22 %, 19204 MiB, 49140 MiB, 285.58 W, 53
2026/08/14 02:42:44.792, NVIDIA GeForce RTX 4090, 41 %, 15 %, 19204 MiB, 49140 MiB, 269.58 W, 53
2026/08/14 02:42:45.792, NVIDIA GeForce RTX 4090, 45 %, 16 %, 19204 MiB, 49140 MiB, 272.04 W, 54
2026/08/14 02:42:46.793, NVIDIA GeForce RTX 4090, 66 %, 27 %, 19204 MiB, 49140 MiB, 266.88 W, 61
2026/08/14 02:42:47.793, NVIDIA GeForce RTX 4090, 94 %, 55 %, 19204 MiB, 49140 MiB, 305.17 W, 58
2026/08/14 02:42:48.793, NVIDIA GeForce RTX 4090, 51 %, 18 %, 19204 MiB, 49140 MiB, 296.73 W, 54
2026/08/14 02:42:49.794, NVIDIA GeForce RTX 4090, 41 %, 14 %, 19204 MiB, 49140 MiB, 270.16 W, 54
2026/08/14 02:42:50.794, NVIDIA GeForce RTX 4090, 42 %, 15 %, 19204 MiB, 49140 MiB, 272.79 W, 54
2026/08/14 02:42:51.794, NVIDIA GeForce RTX 4090, 42 %, 18 %, 19204 MiB, 49140 MiB, 265.32 W, 61
2026/08/14 02:42:52.795, NVIDIA GeForce RTX 4090, 67 %, 35 %, 19204 MiB, 49140 MiB, 271.52 W, 60
2026/08/14 02:42:53.795, NVIDIA GeForce RTX 4090, 88 %, 45 %, 19204 MiB, 49140 MiB, 295.90 W, 58
2026/08/14 02:42:54.795, NVIDIA GeForce RTX 4090, 53 %, 20 %, 19204 MiB, 49140 MiB, 281.30 W, 55
2026/08/14 02:42:55.796, NVIDIA GeForce RTX 4090, 23 %, 8 %, 19204 MiB, 49140 MiB, 268.60 W, 53
2026/08/14 02:42:56.796, NVIDIA GeForce RTX 4090, 38 %, 13 %, 19204 MiB, 49140 MiB, 263.07 W, 56
2026/08/14 02:42:57.796, NVIDIA GeForce RTX 4090, 44 %, 17 %, 19204 MiB, 49140 MiB, 277.58 W, 58
2026/08/14 02:42:58.796, NVIDIA GeForce RTX 4090, 69 %, 38 %, 19204 MiB, 49140 MiB, 282.27 W, 61
2026/08/14 02:42:59.797, NVIDIA GeForce RTX 4090, 87 %, 45 %, 19204 MiB, 49140 MiB, 296.11 W, 60
2026/08/14 02:43:00.797, NVIDIA GeForce RTX 4090, 54 %, 24 %, 19204 MiB, 49140 MiB, 283.01 W, 57
2026/08/14 02:43:01.797, NVIDIA GeForce RTX 4090, 36 %, 13 %, 19204 MiB, 49140 MiB, 274.95 W, 56
2026/08/14 02:43:02.798, NVIDIA GeForce RTX 4090, 37 %, 12 %, 19204 MiB, 49140 MiB, 264.32 W, 56
2026/08/14 02:43:03.798, NVIDIA GeForce RTX 4090, 44 %, 17 %, 19204 MiB, 49140 MiB, 281.02 W, 59
2026/08/14 02:43:04.798, NVIDIA GeForce RTX 4090, 52 %, 27 %, 19204 MiB, 49140 MiB, 276.00 W, 63
2026/08/14 02:43:05.798, NVIDIA GeForce RTX 4090, 70 %, 41 %, 19204 MiB, 49140 MiB, 280.21 W, 64
2026/08/14 02:43:06.798, NVIDIA GeForce RTX 4090, 52 %, 26 %, 19204 MiB, 49140 MiB, 295.76 W, 59
2026/08/14 02:43:07.798, NVIDIA GeForce RTX 4090, 40 %, 14 %, 19204 MiB, 49140 MiB, 281.79 W, 56
2026/08/14 02:43:08.799, NVIDIA GeForce RTX 4090, 45 %, 16 %, 19204 MiB, 49140 MiB, 266.62 W, 57
2026/08/14 02:43:09.799, NVIDIA GeForce RTX 4090, 35 %, 13 %, 19204 MiB, 49140 MiB, 270.50 W, 57
2026/08/14 02:43:10.799, NVIDIA GeForce RTX 4090, 44 %, 17 %, 19204 MiB, 49140 MiB, 265.61 W, 60
2026/08/14 02:43:11.799, NVIDIA GeForce RTX 4090, 53 %, 27 %, 19204 MiB, 49140 MiB, 277.73 W, 63
2026/08/14 02:43:12.800, NVIDIA GeForce RTX 4090, 92 %, 52 %, 19204 MiB, 49140 MiB, 296.11 W, 64
2026/08/14 02:43:13.800, NVIDIA GeForce RTX 4090, 51 %, 19 %, 19204 MiB, 49140 MiB, 300.25 W, 58
2026/08/14 02:43:14.800, NVIDIA GeForce RTX 4090, 35 %, 13 %, 19204 MiB, 49140 MiB, 271.32 W, 57
2026/08/14 02:43:15.801, NVIDIA GeForce RTX 4090, 43 %, 14 %, 19204 MiB, 49140 MiB, 266.64 W, 57
2026/08/14 02:43:16.801, NVIDIA GeForce RTX 4090, 34 %, 12 %, 19204 MiB, 49140 MiB, 268.92 W, 58
2026/08/14 02:43:17.801, NVIDIA GeForce RTX 4090, 44 %, 17 %, 19204 MiB, 49140 MiB, 267.81 W, 61
2026/08/14 02:43:18.801, NVIDIA GeForce RTX 4090, 67 %, 37 %, 19204 MiB, 49140 MiB, 380.68 W, 59
2026/08/14 02:43:19.802, NVIDIA GeForce RTX 4090, 55 %, 26 %, 19204 MiB, 49140 MiB, 273.81 W, 59
2026/08/14 02:43:20.802, NVIDIA GeForce RTX 4090, 35 %, 12 %, 19204 MiB, 49140 MiB, 285.21 W, 59
2026/08/14 02:43:21.802, NVIDIA GeForce RTX 4090, 33 %, 12 %, 19204 MiB, 49140 MiB, 273.12 W, 59
2026/08/14 02:43:22.802, NVIDIA GeForce RTX 4090, 42 %, 18 %, 19206 MiB, 49140 MiB, 282.25 W, 64
2026/08/14 02:43:23.803, NVIDIA GeForce RTX 4090, 70 %, 41 %, 19206 MiB, 49140 MiB, 279.06 W, 64
2026/08/14 02:43:24.803, NVIDIA GeForce RTX 4090, 88 %, 42 %, 19206 MiB, 49140 MiB, 318.13 W, 61
2026/08/14 02:43:25.803, NVIDIA GeForce RTX 4090, 38 %, 13 %, 19206 MiB, 49140 MiB, 276.79 W, 58
2026/08/14 02:43:26.803, NVIDIA GeForce RTX 4090, 31 %, 11 %, 19206 MiB, 49140 MiB, 259.90 W, 58
2026/08/14 02:43:27.803, NVIDIA GeForce RTX 4090, 36 %, 12 %, 19206 MiB, 49140 MiB, 266.89 W, 58
2026/08/14 02:43:28.803, NVIDIA GeForce RTX 4090, 41 %, 15 %, 19206 MiB, 49140 MiB, 278.23 W, 59
2026/08/14 02:43:29.804, NVIDIA GeForce RTX 4090, 39 %, 18 %, 19206 MiB, 49140 MiB, 280.09 W, 64
2026/08/14 02:43:30.804, NVIDIA GeForce RTX 4090, 70 %, 43 %, 19206 MiB, 49140 MiB, 305.98 W, 67
2026/08/14 02:43:31.804, NVIDIA GeForce RTX 4090, 90 %, 48 %, 19206 MiB, 49140 MiB, 278.24 W, 66
2026/08/14 02:43:32.804, NVIDIA GeForce RTX 4090, 45 %, 18 %, 19206 MiB, 49140 MiB, 274.57 W, 57
2026/08/14 02:43:33.804, NVIDIA GeForce RTX 4090, 33 %, 12 %, 19206 MiB, 49140 MiB, 279.76 W, 59
2026/08/14 02:43:34.805, NVIDIA GeForce RTX 4090, 32 %, 11 %, 19206 MiB, 49140 MiB, 277.02 W, 60
2026/08/14 02:43:35.805, NVIDIA GeForce RTX 4090, 45 %, 17 %, 19206 MiB, 49140 MiB, 278.91 W, 63
2026/08/14 02:43:36.805, NVIDIA GeForce RTX 4090, 70 %, 42 %, 19206 MiB, 49140 MiB, 300.35 W, 64
2026/08/14 02:43:37.805, NVIDIA GeForce RTX 4090, 91 %, 49 %, 19206 MiB, 49140 MiB, 297.88 W, 65
2026/08/14 02:43:38.805, NVIDIA GeForce RTX 4090, 56 %, 28 %, 19206 MiB, 49140 MiB, 270.68 W, 59
2026/08/14 02:43:39.806, NVIDIA GeForce RTX 4090, 29 %, 10 %, 19206 MiB, 49140 MiB, 265.26 W, 58
2026/08/14 02:43:40.806, NVIDIA GeForce RTX 4090, 28 %, 10 %, 19206 MiB, 49140 MiB, 265.78 W, 59
2026/08/14 02:43:41.806, NVIDIA GeForce RTX 4090, 30 %, 10 %, 19206 MiB, 49140 MiB, 266.98 W, 65
2026/08/14 02:43:42.806, NVIDIA GeForce RTX 4090, 41 %, 15 %, 19206 MiB, 49140 MiB, 278.43 W, 60
2026/08/14 02:43:43.806, NVIDIA GeForce RTX 4090, 41 %, 16 %, 19206 MiB, 49140 MiB, 273.39 W, 64
2026/08/14 02:43:44.807, NVIDIA GeForce RTX 4090, 70 %, 40 %, 19206 MiB, 49140 MiB, 292.72 W, 64
2026/08/14 02:43:45.807, NVIDIA GeForce RTX 4090, 76 %, 43 %, 19206 MiB, 49140 MiB, 286.58 W, 64
2026/08/14 02:43:46.807, NVIDIA GeForce RTX 4090, 55 %, 27 %, 19206 MiB, 49140 MiB, 275.70 W, 59
2026/08/14 02:43:47.807, NVIDIA GeForce RTX 4090, 38 %, 14 %, 19206 MiB, 49140 MiB, 269.08 W, 59
2026/08/14 02:43:48.807, NVIDIA GeForce RTX 4090, 33 %, 12 %, 19206 MiB, 49140 MiB, 282.84 W, 61
2026/08/14 02:43:49.883, NVIDIA GeForce RTX 4090, 25 %, 9 %, 19206 MiB, 49140 MiB, 274.96 W, 59
2026/08/14 02:43:50.884, NVIDIA GeForce RTX 4090, 34 %, 11 %, 19206 MiB, 49140 MiB, 264.56 W, 60
2026/08/14 02:43:51.884, NVIDIA GeForce RTX 4090, 34 %, 11 %, 19206 MiB, 49140 MiB, 268.66 W, 60
2026/08/14 02:43:52.884, NVIDIA GeForce RTX 4090, 31 %, 13 %, 19206 MiB, 49140 MiB, 275.41 W, 61
2026/08/14 02:43:53.884, NVIDIA GeForce RTX 4090, 69 %, 41 %, 19206 MiB, 49140 MiB, 290.86 W, 66
2026/08/14 02:43:54.885, NVIDIA GeForce RTX 4090, 92 %, 49 %, 19206 MiB, 49140 MiB, 291.25 W, 66
2026/08/14 02:43:55.885, NVIDIA GeForce RTX 4090, 75 %, 34 %, 19206 MiB, 49140 MiB, 291.99 W, 66
2026/08/14 02:43:56.885, NVIDIA GeForce RTX 4090, 30 %, 11 %, 19206 MiB, 49140 MiB, 283.61 W, 60
2026/08/14 02:43:57.885, NVIDIA GeForce RTX 4090, 39 %, 14 %, 19206 MiB, 49140 MiB, 278.27 W, 61
2026/08/14 02:43:58.885, NVIDIA GeForce RTX 4090, 52 %, 27 %, 19206 MiB, 49140 MiB, 287.64 W, 66
2026/08/14 02:43:59.886, NVIDIA GeForce RTX 4090, 66 %, 39 %, 19206 MiB, 49140 MiB, 283.54 W, 65
2026/08/14 02:44:00.886, NVIDIA GeForce RTX 4090, 92 %, 51 %, 19206 MiB, 49140 MiB, 290.97 W, 66
2026/08/14 02:44:01.886, NVIDIA GeForce RTX 4090, 100 %, 55 %, 19206 MiB, 49140 MiB, 298.53 W, 65
2026/08/14 02:44:02.886, NVIDIA GeForce RTX 4090, 0 %, 0 %, 19206 MiB, 49140 MiB, 250.80 W, 55
2026/08/14 02:44:03.887, NVIDIA GeForce RTX 4090, 0 %, 0 %, 19206 MiB, 49140 MiB, 105.82 W, 53
2026/08/14 02:44:04.887, NVIDIA GeForce RTX 4090, 0 %, 0 %, 19206 MiB, 49140 MiB, 94.99 W, 52
2026/08/14 02:44:05.887, NVIDIA GeForce RTX 4090, 43 %, 15 %, 19206 MiB, 49140 MiB, 192.78 W, 61
2026/08/14 02:44:06.888, NVIDIA GeForce RTX 4090, 33 %, 13 %, 19206 MiB, 49140 MiB, 273.17 W, 61
2026/08/14 02:44:07.888, NVIDIA GeForce RTX 4090, 55 %, 28 %, 19206 MiB, 49140 MiB, 270.20 W, 63
2026/08/14 02:44:08.888, NVIDIA GeForce RTX 4090, 57 %, 29 %, 19206 MiB, 49140 MiB, 266.43 W, 64
2026/08/14 02:44:09.888, NVIDIA GeForce RTX 4090, 71 %, 40 %, 19206 MiB, 49140 MiB, 284.89 W, 65
2026/08/14 02:44:10.889, NVIDIA GeForce RTX 4090, 90 %, 46 %, 19206 MiB, 49140 MiB, 307.68 W, 65
2026/08/14 02:44:11.889, NVIDIA GeForce RTX 4090, 31 %, 11 %, 19206 MiB, 49140 MiB, 288.80 W, 61
2026/08/14 02:44:12.889, NVIDIA GeForce RTX 4090, 36 %, 12 %, 19206 MiB, 49140 MiB, 281.80 W, 61
2026/08/14 02:44:13.889, NVIDIA GeForce RTX 4090, 41 %, 14 %, 19206 MiB, 49140 MiB, 272.18 W, 61
2026/08/14 02:44:14.890, NVIDIA GeForce RTX 4090, 51 %, 27 %, 19206 MiB, 49140 MiB, 284.06 W, 65
2026/08/14 02:44:15.890, NVIDIA GeForce RTX 4090, 70 %, 39 %, 19206 MiB, 49140 MiB, 285.43 W, 65
2026/08/14 02:44:16.890, NVIDIA GeForce RTX 4090, 93 %, 52 %, 19206 MiB, 49140 MiB, 295.80 W, 66
2026/08/14 02:44:17.891, NVIDIA GeForce RTX 4090, 31 %, 12 %, 19206 MiB, 49140 MiB, 299.36 W, 62
2026/08/14 02:44:18.891, NVIDIA GeForce RTX 4090, 36 %, 13 %, 19206 MiB, 49140 MiB, 270.08 W, 62
2026/08/14 02:44:19.891, NVIDIA GeForce RTX 4090, 31 %, 10 %, 19206 MiB, 49140 MiB, 279.72 W, 61
2026/08/14 02:44:20.891, NVIDIA GeForce RTX 4090, 36 %, 13 %, 19206 MiB, 49140 MiB, 273.26 W, 64
2026/08/14 02:44:21.892, NVIDIA GeForce RTX 4090, 68 %, 38 %, 19206 MiB, 49140 MiB, 291.17 W, 66
2026/08/14 02:44:22.892, NVIDIA GeForce RTX 4090, 92 %, 52 %, 19206 MiB, 49140 MiB, 300.31 W, 64
2026/08/14 02:44:23.892, NVIDIA GeForce RTX 4090, 16 %, 7 %, 19206 MiB, 49140 MiB, 284.21 W, 60
2026/08/14 02:44:24.893, NVIDIA GeForce RTX 4090, 30 %, 11 %, 19206 MiB, 49140 MiB, 269.29 W, 61
2026/08/14 02:44:25.893, NVIDIA GeForce RTX 4090, 31 %, 10 %, 19206 MiB, 49140 MiB, 275.66 W, 61
2026/08/14 02:44:26.893, NVIDIA GeForce RTX 4090, 64 %, 26 %, 19206 MiB, 49140 MiB, 288.58 W, 65
2026/08/14 02:44:27.893, NVIDIA GeForce RTX 4090, 69 %, 39 %, 19206 MiB, 49140 MiB, 288.87 W, 65
2026/08/14 02:44:28.894, NVIDIA GeForce RTX 4090, 50 %, 27 %, 19206 MiB, 49140 MiB, 299.06 W, 67
2026/08/14 02:44:29.894, NVIDIA GeForce RTX 4090, 30 %, 12 %, 19206 MiB, 49140 MiB, 282.81 W, 62
2026/08/14 02:44:30.894, NVIDIA GeForce RTX 4090, 20 %, 6 %, 19206 MiB, 49140 MiB, 283.93 W, 63
2026/08/14 02:44:31.894, NVIDIA GeForce RTX 4090, 44 %, 17 %, 19206 MiB, 49140 MiB, 275.48 W, 66
2026/08/14 02:44:32.895, NVIDIA GeForce RTX 4090, 70 %, 39 %, 19206 MiB, 49140 MiB, 288.76 W, 65
2026/08/14 02:44:33.895, NVIDIA GeForce RTX 4090, 98 %, 57 %, 19206 MiB, 49140 MiB, 298.43 W, 66
2026/08/14 02:44:34.895, NVIDIA GeForce RTX 4090, 53 %, 24 %, 19206 MiB, 49140 MiB, 300.98 W, 66
2026/08/14 02:44:35.895, NVIDIA GeForce RTX 4090, 34 %, 12 %, 19206 MiB, 49140 MiB, 280.83 W, 66
2026/08/14 02:44:36.896, NVIDIA GeForce RTX 4090, 35 %, 12 %, 19206 MiB, 49140 MiB, 272.77 W, 62
2026/08/14 02:44:37.896, NVIDIA GeForce RTX 4090, 17 %, 5 %, 19206 MiB, 49140 MiB, 273.26 W, 62
2026/08/14 02:44:38.896, NVIDIA GeForce RTX 4090, 39 %, 16 %, 19206 MiB, 49140 MiB, 279.50 W, 63
2026/08/14 02:44:39.896, NVIDIA GeForce RTX 4090, 69 %, 39 %, 19206 MiB, 49140 MiB, 291.18 W, 66
2026/08/14 02:44:40.897, NVIDIA GeForce RTX 4090, 92 %, 53 %, 19206 MiB, 49140 MiB, 297.94 W, 65
2026/08/14 02:44:41.897, NVIDIA GeForce RTX 4090, 26 %, 10 %, 19206 MiB, 49140 MiB, 297.35 W, 63
2026/08/14 02:44:42.897, NVIDIA GeForce RTX 4090, 31 %, 11 %, 19206 MiB, 49140 MiB, 277.85 W, 64
2026/08/14 02:44:43.897, NVIDIA GeForce RTX 4090, 34 %, 11 %, 19206 MiB, 49140 MiB, 271.49 W, 63
2026/08/14 02:44:44.898, NVIDIA GeForce RTX 4090, 29 %, 11 %, 19206 MiB, 49140 MiB, 273.99 W, 65
2026/08/14 02:44:45.898, NVIDIA GeForce RTX 4090, 55 %, 25 %, 19206 MiB, 49140 MiB, 279.18 W, 65
2026/08/14 02:44:46.898, NVIDIA GeForce RTX 4090, 71 %, 39 %, 19206 MiB, 49140 MiB, 286.51 W, 66
2026/08/14 02:44:47.898, NVIDIA GeForce RTX 4090, 76 %, 42 %, 19206 MiB, 49140 MiB, 293.39 W, 65
2026/08/14 02:44:48.899, NVIDIA GeForce RTX 4090, 100 %, 51 %, 19206 MiB, 49140 MiB, 292.02 W, 67
2026/08/14 02:44:49.899, NVIDIA GeForce RTX 4090, 34 %, 12 %, 19206 MiB, 49140 MiB, 344.02 W, 63
2026/08/14 02:44:50.899, NVIDIA GeForce RTX 4090, 31 %, 11 %, 19206 MiB, 49140 MiB, 270.63 W, 63
2026/08/14 02:44:51.899, NVIDIA GeForce RTX 4090, 28 %, 10 %, 19206 MiB, 49140 MiB, 273.44 W, 65
2026/08/14 02:44:52.899, NVIDIA GeForce RTX 4090, 70 %, 37 %, 19206 MiB, 49140 MiB, 287.58 W, 65
2026/08/14 02:44:53.900, NVIDIA GeForce RTX 4090, 92 %, 53 %, 19206 MiB, 49140 MiB, 304.19 W, 65
2026/08/14 02:44:54.900, NVIDIA GeForce RTX 4090, 52 %, 24 %, 19206 MiB, 49140 MiB, 287.21 W, 66
2026/08/14 02:44:55.900, NVIDIA GeForce RTX 4090, 20 %, 7 %, 19206 MiB, 49140 MiB, 281.50 W, 64
2026/08/14 02:44:56.900, NVIDIA GeForce RTX 4090, 31 %, 11 %, 19206 MiB, 49140 MiB, 275.81 W, 65
2026/08/14 02:44:57.900, NVIDIA GeForce RTX 4090, 44 %, 17 %, 19206 MiB, 49140 MiB, 273.60 W, 66
2026/08/14 02:44:58.901, NVIDIA GeForce RTX 4090, 42 %, 20 %, 19206 MiB, 49140 MiB, 280.88 W, 65
2026/08/14 02:44:59.901, NVIDIA GeForce RTX 4090, 70 %, 38 %, 19206 MiB, 49140 MiB, 288.28 W, 65
2026/08/14 02:45:00.906, NVIDIA GeForce RTX 4090, 47 %, 23 %, 19206 MiB, 49140 MiB, 300.90 W, 66
2026/08/14 02:45:01.907, NVIDIA GeForce RTX 4090, 35 %, 12 %, 19206 MiB, 49140 MiB, 292.58 W, 66
2026/08/14 02:45:02.907, NVIDIA GeForce RTX 4090, 25 %, 9 %, 19206 MiB, 49140 MiB, 273.74 W, 65
2026/08/14 02:45:03.907, NVIDIA GeForce RTX 4090, 31 %, 11 %, 19206 MiB, 49140 MiB, 271.27 W, 63
2026/08/14 02:45:04.907, NVIDIA GeForce RTX 4090, 44 %, 16 %, 19206 MiB, 49140 MiB, 272.10 W, 66
2026/08/14 02:45:05.907, NVIDIA GeForce RTX 4090, 42 %, 19 %, 19206 MiB, 49140 MiB, 278.82 W, 65
2026/08/14 02:45:06.908, NVIDIA GeForce RTX 4090, 70 %, 36 %, 19206 MiB, 49140 MiB, 274.49 W, 66
2026/08/14 02:45:07.908, NVIDIA GeForce RTX 4090, 92 %, 52 %, 19206 MiB, 49140 MiB, 303.55 W, 64
2026/08/14 02:45:08.908, NVIDIA GeForce RTX 4090, 53 %, 26 %, 19206 MiB, 49140 MiB, 295.71 W, 67
2026/08/14 02:45:09.908, NVIDIA GeForce RTX 4090, 6 %, 2 %, 19206 MiB, 49140 MiB, 280.14 W, 65
2026/08/14 02:45:10.908, NVIDIA GeForce RTX 4090, 16 %, 5 %, 19206 MiB, 49140 MiB, 258.82 W, 66
2026/08/14 02:45:11.909, NVIDIA GeForce RTX 4090, 39 %, 13 %, 19206 MiB, 49140 MiB, 270.77 W, 66
2026/08/14 02:45:12.909, NVIDIA GeForce RTX 4090, 43 %, 19 %, 19206 MiB, 49140 MiB, 281.21 W, 65
2026/08/14 02:45:13.909, NVIDIA GeForce RTX 4090, 70 %, 38 %, 19206 MiB, 49140 MiB, 284.24 W, 64
2026/08/14 02:45:14.909, NVIDIA GeForce RTX 4090, 92 %, 52 %, 19206 MiB, 49140 MiB, 292.23 W, 63
2026/08/14 02:45:15.909, NVIDIA GeForce RTX 4090, 52 %, 25 %, 19206 MiB, 49140 MiB, 293.86 W, 67
2026/08/14 02:45:16.909, NVIDIA GeForce RTX 4090, 16 %, 5 %, 19206 MiB, 49140 MiB, 272.49 W, 65
2026/08/14 02:45:17.910, NVIDIA GeForce RTX 4090, 34 %, 11 %, 19206 MiB, 49140 MiB, 274.40 W, 66
2026/08/14 02:45:18.910, NVIDIA GeForce RTX 4090, 36 %, 13 %, 19206 MiB, 49140 MiB, 285.20 W, 65
2026/08/14 02:45:19.910, NVIDIA GeForce RTX 4090, 98 %, 59 %, 19206 MiB, 49140 MiB, 316.22 W, 66
2026/08/14 02:45:20.910, NVIDIA GeForce RTX 4090, 52 %, 26 %, 19206 MiB, 49140 MiB, 306.53 W, 67
2026/08/14 02:45:21.983, NVIDIA GeForce RTX 4090, 35 %, 13 %, 19206 MiB, 49140 MiB, 272.61 W, 65
2026/08/14 02:45:22.984, NVIDIA GeForce RTX 4090, 36 %, 13 %, 19206 MiB, 49140 MiB, 268.39 W, 65
2026/08/14 02:45:23.984, NVIDIA GeForce RTX 4090, 23 %, 8 %, 19206 MiB, 49140 MiB, 270.42 W, 65
2026/08/14 02:45:24.984, NVIDIA GeForce RTX 4090, 38 %, 15 %, 19206 MiB, 49140 MiB, 275.23 W, 65
2026/08/14 02:45:25.984, NVIDIA GeForce RTX 4090, 71 %, 38 %, 19206 MiB, 49140 MiB, 290.44 W, 64
2026/08/14 02:45:26.985, NVIDIA GeForce RTX 4090, 90 %, 49 %, 19206 MiB, 49140 MiB, 286.55 W, 64
2026/08/14 02:45:27.985, NVIDIA GeForce RTX 4090, 52 %, 26 %, 19206 MiB, 49140 MiB, 288.23 W, 67
2026/08/14 02:45:28.985, NVIDIA GeForce RTX 4090, 26 %, 10 %, 19206 MiB, 49140 MiB, 269.52 W, 63
2026/08/14 02:45:29.986, NVIDIA GeForce RTX 4090, 33 %, 12 %, 19206 MiB, 49140 MiB, 262.92 W, 64
2026/08/14 02:45:30.986, NVIDIA GeForce RTX 4090, 27 %, 10 %, 19206 MiB, 49140 MiB, 271.74 W, 66
2026/08/14 02:45:31.986, NVIDIA GeForce RTX 4090, 38 %, 14 %, 19206 MiB, 49140 MiB, 285.38 W, 66
2026/08/14 02:45:32.987, NVIDIA GeForce RTX 4090, 70 %, 38 %, 19206 MiB, 49140 MiB, 290.72 W, 65
2026/08/14 02:45:33.987, NVIDIA GeForce RTX 4090, 0 %, 0 %, 19206 MiB, 49140 MiB, 305.23 W, 56
2026/08/14 02:45:34.987, NVIDIA GeForce RTX 4090, 0 %, 0 %, 19206 MiB, 49140 MiB, 106.14 W, 54
2026/08/14 02:45:35.987, NVIDIA GeForce RTX 4090, 10 %, 0 %, 19206 MiB, 49140 MiB, 98.09 W, 53
2026/08/14 02:45:36.988, NVIDIA GeForce RTX 4090, 23 %, 9 %, 19206 MiB, 49140 MiB, 144.54 W, 64
2026/08/14 02:45:37.988, NVIDIA GeForce RTX 4090, 21 %, 7 %, 19206 MiB, 49140 MiB, 267.87 W, 65
2026/08/14 02:45:38.988, NVIDIA GeForce RTX 4090, 20 %, 7 %, 19206 MiB, 49140 MiB, 269.19 W, 65
2026/08/14 02:45:39.989, NVIDIA GeForce RTX 4090, 54 %, 21 %, 19206 MiB, 49140 MiB, 289.18 W, 64
2026/08/14 02:45:40.989, NVIDIA GeForce RTX 4090, 98 %, 59 %, 19206 MiB, 49140 MiB, 302.93 W, 64
2026/08/14 02:45:41.989, NVIDIA GeForce RTX 4090, 56 %, 29 %, 19206 MiB, 49140 MiB, 300.18 W, 66
2026/08/14 02:45:42.989, NVIDIA GeForce RTX 4090, 40 %, 14 %, 19206 MiB, 49140 MiB, 285.80 W, 63
2026/08/14 02:45:43.990, NVIDIA GeForce RTX 4090, 45 %, 15 %, 19206 MiB, 49140 MiB, 284.77 W, 66
2026/08/14 02:45:44.990, NVIDIA GeForce RTX 4090, 69 %, 35 %, 19206 MiB, 49140 MiB, 297.29 W, 65
2026/08/14 02:45:45.990, NVIDIA GeForce RTX 4090, 82 %, 47 %, 19206 MiB, 49140 MiB, 302.04 W, 65
2026/08/14 02:45:46.990, NVIDIA GeForce RTX 4090, 53 %, 26 %, 19206 MiB, 49140 MiB, 296.51 W, 67
2026/08/14 02:45:47.991, NVIDIA GeForce RTX 4090, 26 %, 9 %, 19206 MiB, 49140 MiB, 279.30 W, 65
2026/08/14 02:45:48.991, NVIDIA GeForce RTX 4090, 42 %, 14 %, 19206 MiB, 49140 MiB, 287.33 W, 65
2026/08/14 02:45:49.991, NVIDIA GeForce RTX 4090, 74 %, 36 %, 19206 MiB, 49140 MiB, 296.49 W, 65
2026/08/14 02:45:50.991, NVIDIA GeForce RTX 4090, 99 %, 59 %, 19206 MiB, 49140 MiB, 297.29 W, 64
2026/08/14 02:45:51.992, NVIDIA GeForce RTX 4090, 51 %, 25 %, 19206 MiB, 49140 MiB, 300.30 W, 66
2026/08/14 02:45:52.992, NVIDIA GeForce RTX 4090, 43 %, 17 %, 19206 MiB, 49140 MiB, 279.38 W, 67
2026/08/14 02:45:53.992, NVIDIA GeForce RTX 4090, 19 %, 7 %, 19206 MiB, 49140 MiB, 270.80 W, 65
2026/08/14 02:45:54.993, NVIDIA GeForce RTX 4090, 20 %, 6 %, 19206 MiB, 49140 MiB, 269.13 W, 65
2026/08/14 02:45:55.993, NVIDIA GeForce RTX 4090, 44 %, 16 %, 19206 MiB, 49140 MiB, 282.39 W, 64
2026/08/14 02:45:56.994, NVIDIA GeForce RTX 4090, 76 %, 42 %, 19206 MiB, 49140 MiB, 290.17 W, 64
2026/08/14 02:45:57.994, NVIDIA GeForce RTX 4090, 59 %, 29 %, 19206 MiB, 49140 MiB, 304.45 W, 65
2026/08/14 02:45:58.995, NVIDIA GeForce RTX 4090, 43 %, 17 %, 19206 MiB, 49140 MiB, 285.74 W, 67
2026/08/14 02:45:59.995, NVIDIA GeForce RTX 4090, 31 %, 10 %, 19206 MiB, 49140 MiB, 280.98 W, 66
2026/08/14 02:46:00.995, NVIDIA GeForce RTX 4090, 49 %, 17 %, 19206 MiB, 49140 MiB, 275.64 W, 65
2026/08/14 02:46:01.996, NVIDIA GeForce RTX 4090, 71 %, 36 %, 19206 MiB, 49140 MiB, 290.54 W, 65
2026/08/14 02:46:02.996, NVIDIA GeForce RTX 4090, 91 %, 52 %, 19206 MiB, 49140 MiB, 302.53 W, 68
2026/08/14 02:46:03.996, NVIDIA GeForce RTX 4090, 60 %, 32 %, 19206 MiB, 49140 MiB, 289.74 W, 64
2026/08/14 02:46:04.997, NVIDIA GeForce RTX 4090, 30 %, 10 %, 19206 MiB, 49140 MiB, 283.66 W, 64
2026/08/14 02:46:05.997, NVIDIA GeForce RTX 4090, 42 %, 15 %, 19206 MiB, 49140 MiB, 268.91 W, 66
2026/08/14 02:46:06.997, NVIDIA GeForce RTX 4090, 51 %, 18 %, 19206 MiB, 49140 MiB, 286.54 W, 66
2026/08/14 02:46:07.997, NVIDIA GeForce RTX 4090, 83 %, 39 %, 19206 MiB, 49140 MiB, 291.41 W, 65
2026/08/14 02:46:08.997, NVIDIA GeForce RTX 4090, 89 %, 52 %, 19206 MiB, 49140 MiB, 305.21 W, 66
2026/08/14 02:46:09.998, NVIDIA GeForce RTX 4090, 61 %, 33 %, 19206 MiB, 49140 MiB, 288.44 W, 65
2026/08/14 02:46:10.998, NVIDIA GeForce RTX 4090, 31 %, 11 %, 19206 MiB, 49140 MiB, 280.98 W, 64
2026/08/14 02:46:11.998, NVIDIA GeForce RTX 4090, 42 %, 15 %, 19206 MiB, 49140 MiB, 274.79 W, 66
2026/08/14 02:46:12.999, NVIDIA GeForce RTX 4090, 49 %, 17 %, 19206 MiB, 49140 MiB, 279.12 W, 65
2026/08/14 02:46:13.999, NVIDIA GeForce RTX 4090, 78 %, 38 %, 19206 MiB, 49140 MiB, 290.33 W, 65
2026/08/14 02:46:14.999, NVIDIA GeForce RTX 4090, 63 %, 32 %, 19206 MiB, 49140 MiB, 314.38 W, 64
2026/08/14 02:46:15.999, NVIDIA GeForce RTX 4090, 45 %, 17 %, 19206 MiB, 49140 MiB, 288.54 W, 67
2026/08/14 02:46:17.000, NVIDIA GeForce RTX 4090, 42 %, 15 %, 19206 MiB, 49140 MiB, 279.02 W, 66
2026/08/14 02:46:18.000, NVIDIA GeForce RTX 4090, 39 %, 13 %, 19206 MiB, 49140 MiB, 272.04 W, 64
2026/08/14 02:46:19.000, NVIDIA GeForce RTX 4090, 50 %, 18 %, 19206 MiB, 49140 MiB, 272.40 W, 65
2026/08/14 02:46:20.000, NVIDIA GeForce RTX 4090, 80 %, 41 %, 19206 MiB, 49140 MiB, 377.17 W, 67
2026/08/14 02:46:21.000, NVIDIA GeForce RTX 4090, 52 %, 25 %, 19206 MiB, 49140 MiB, 287.74 W, 66
2026/08/14 02:46:22.001, NVIDIA GeForce RTX 4090, 39 %, 15 %, 19206 MiB, 49140 MiB, 273.96 W, 65
2026/08/14 02:46:23.001, NVIDIA GeForce RTX 4090, 33 %, 12 %, 19206 MiB, 49140 MiB, 269.05 W, 66
2026/08/14 02:46:24.001, NVIDIA GeForce RTX 4090, 38 %, 13 %, 19206 MiB, 49140 MiB, 271.55 W, 66
2026/08/14 02:46:25.001, NVIDIA GeForce RTX 4090, 49 %, 17 %, 19206 MiB, 49140 MiB, 274.81 W, 64
2026/08/14 02:46:26.001, NVIDIA GeForce RTX 4090, 63 %, 25 %, 19206 MiB, 49140 MiB, 277.05 W, 65
2026/08/14 02:46:27.083, NVIDIA GeForce RTX 4090, 78 %, 44 %, 19206 MiB, 49140 MiB, 287.00 W, 66
2026/08/14 02:46:28.084, NVIDIA GeForce RTX 4090, 90 %, 52 %, 19206 MiB, 49140 MiB, 293.53 W, 66
2026/08/14 02:46:29.084, NVIDIA GeForce RTX 4090, 55 %, 26 %, 19206 MiB, 49140 MiB, 294.21 W, 65
2026/08/14 02:46:30.084, NVIDIA GeForce RTX 4090, 36 %, 13 %, 19206 MiB, 49140 MiB, 285.27 W, 66
2026/08/14 02:46:31.084, NVIDIA GeForce RTX 4090, 65 %, 23 %, 19206 MiB, 49140 MiB, 291.39 W, 66
2026/08/14 02:46:32.085, NVIDIA GeForce RTX 4090, 78 %, 44 %, 19206 MiB, 49140 MiB, 301.98 W, 66
2026/08/14 02:46:33.085, NVIDIA GeForce RTX 4090, 85 %, 50 %, 19206 MiB, 49140 MiB, 283.55 W, 67
2026/08/14 02:46:34.085, NVIDIA GeForce RTX 4090, 63 %, 32 %, 19206 MiB, 49140 MiB, 290.89 W, 66
2026/08/14 02:46:35.085, NVIDIA GeForce RTX 4090, 28 %, 11 %, 19206 MiB, 49140 MiB, 267.21 W, 66
2026/08/14 02:46:36.087, NVIDIA GeForce RTX 4090, 43 %, 15 %, 19206 MiB, 49140 MiB, 269.45 W, 64
2026/08/14 02:46:37.087, NVIDIA GeForce RTX 4090, 39 %, 13 %, 19206 MiB, 49140 MiB, 271.00 W, 65
2026/08/14 02:46:38.087, NVIDIA GeForce RTX 4090, 47 %, 18 %, 19206 MiB, 49140 MiB, 286.00 W, 65
2026/08/14 02:46:39.088, NVIDIA GeForce RTX 4090, 78 %, 44 %, 19206 MiB, 49140 MiB, 293.29 W, 66
2026/08/14 02:46:40.088, NVIDIA GeForce RTX 4090, 88 %, 52 %, 19206 MiB, 49140 MiB, 283.67 W, 67
2026/08/14 02:46:41.088, NVIDIA GeForce RTX 4090, 63 %, 33 %, 19206 MiB, 49140 MiB, 288.79 W, 66
2026/08/14 02:46:42.088, NVIDIA GeForce RTX 4090, 31 %, 12 %, 19206 MiB, 49140 MiB, 273.20 W, 65
2026/08/14 02:46:43.088, NVIDIA GeForce RTX 4090, 31 %, 11 %, 19206 MiB, 49140 MiB, 264.45 W, 64
2026/08/14 02:46:44.089, NVIDIA GeForce RTX 4090, 41 %, 14 %, 19206 MiB, 49140 MiB, 272.11 W, 65
2026/08/14 02:46:45.089, NVIDIA GeForce RTX 4090, 49 %, 17 %, 19206 MiB, 49140 MiB, 278.28 W, 64
2026/08/14 02:46:46.091, NVIDIA GeForce RTX 4090, 63 %, 25 %, 19206 MiB, 49140 MiB, 276.57 W, 65
2026/08/14 02:46:47.091, NVIDIA GeForce RTX 4090, 75 %, 42 %, 19206 MiB, 49140 MiB, 281.59 W, 66
2026/08/14 02:46:48.091, NVIDIA GeForce RTX 4090, 97 %, 57 %, 19206 MiB, 49140 MiB, 288.26 W, 67
2026/08/14 02:46:49.091, NVIDIA GeForce RTX 4090, 69 %, 37 %, 19206 MiB, 49140 MiB, 286.82 W, 66
2026/08/14 02:46:50.092, NVIDIA GeForce RTX 4090, 31 %, 12 %, 19206 MiB, 49140 MiB, 275.16 W, 65
2026/08/14 02:46:51.092, NVIDIA GeForce RTX 4090, 39 %, 15 %, 19206 MiB, 49140 MiB, 263.42 W, 64
2026/08/14 02:46:52.092, NVIDIA GeForce RTX 4090, 42 %, 15 %, 19206 MiB, 49140 MiB, 272.53 W, 65
2026/08/14 02:46:53.092, NVIDIA GeForce RTX 4090, 46 %, 18 %, 19206 MiB, 49140 MiB, 283.71 W, 64
2026/08/14 02:46:54.092, NVIDIA GeForce RTX 4090, 78 %, 44 %, 19206 MiB, 49140 MiB, 292.98 W, 65
2026/08/14 02:46:55.092, NVIDIA GeForce RTX 4090, 96 %, 57 %, 19206 MiB, 49140 MiB, 289.76 W, 65
2026/08/14 02:46:56.093, NVIDIA GeForce RTX 4090, 69 %, 37 %, 19206 MiB, 49140 MiB, 287.88 W, 66
2026/08/14 02:46:57.094, NVIDIA GeForce RTX 4090, 32 %, 13 %, 19206 MiB, 49140 MiB, 275.22 W, 64
2026/08/14 02:46:58.094, NVIDIA GeForce RTX 4090, 37 %, 13 %, 19206 MiB, 49140 MiB, 269.81 W, 63
2026/08/14 02:46:59.094, NVIDIA GeForce RTX 4090, 45 %, 15 %, 19206 MiB, 49140 MiB, 284.63 W, 64
2026/08/14 02:47:00.094, NVIDIA GeForce RTX 4090, 63 %, 25 %, 19206 MiB, 49140 MiB, 287.32 W, 64
2026/08/14 02:47:01.094, NVIDIA GeForce RTX 4090, 78 %, 44 %, 19206 MiB, 49140 MiB, 283.49 W, 65
2026/08/14 02:47:02.094, NVIDIA GeForce RTX 4090, 87 %, 54 %, 19206 MiB, 49140 MiB, 278.74 W, 68
2026/08/14 02:47:03.095, NVIDIA GeForce RTX 4090, 70 %, 37 %, 19206 MiB, 49140 MiB, 301.80 W, 65
2026/08/14 02:47:04.095, NVIDIA GeForce RTX 4090, 100 %, 56 %, 19206 MiB, 49140 MiB, 318.92 W, 67
2026/08/14 02:47:05.095, NVIDIA GeForce RTX 4090, 0 %, 0 %, 19206 MiB, 49140 MiB, 217.19 W, 55
2026/08/14 02:47:06.095, NVIDIA GeForce RTX 4090, 0 %, 0 %, 19206 MiB, 49140 MiB, 106.02 W, 54
2026/08/14 02:47:07.095, NVIDIA GeForce RTX 4090, 0 %, 0 %, 19206 MiB, 49140 MiB, 91.97 W, 53
2026/08/14 02:47:08.096, NVIDIA GeForce RTX 4090, 46 %, 18 %, 19206 MiB, 49140 MiB, 212.02 W, 61
2026/08/14 02:47:09.096, NVIDIA GeForce RTX 4090, 78 %, 38 %, 19206 MiB, 49140 MiB, 281.73 W, 62
2026/08/14 02:47:10.096, NVIDIA GeForce RTX 4090, 65 %, 26 %, 19206 MiB, 49140 MiB, 255.04 W, 61
2026/08/14 02:47:11.096, NVIDIA GeForce RTX 4090, 22 %, 8 %, 19206 MiB, 49140 MiB, 254.11 W, 61
2026/08/14 02:47:12.096, NVIDIA GeForce RTX 4090, 59 %, 24 %, 19206 MiB, 49140 MiB, 272.98 W, 62
2026/08/14 02:47:13.097, NVIDIA GeForce RTX 4090, 76 %, 43 %, 19206 MiB, 49140 MiB, 286.17 W, 63
2026/08/14 02:47:14.097, NVIDIA GeForce RTX 4090, 64 %, 41 %, 19206 MiB, 49140 MiB, 285.84 W, 63
2026/08/14 02:47:15.097, NVIDIA GeForce RTX 4090, 72 %, 38 %, 19206 MiB, 49140 MiB, 290.58 W, 63
2026/08/14 02:47:16.097, NVIDIA GeForce RTX 4090, 50 %, 19 %, 19206 MiB, 49140 MiB, 282.53 W, 63
2026/08/14 02:47:17.098, NVIDIA GeForce RTX 4090, 44 %, 16 %, 19206 MiB, 49140 MiB, 278.15 W, 62
2026/08/14 02:47:18.098, NVIDIA GeForce RTX 4090, 50 %, 18 %, 19206 MiB, 49140 MiB, 283.91 W, 62
2026/08/14 02:47:19.098, NVIDIA GeForce RTX 4090, 83 %, 39 %, 19206 MiB, 49140 MiB, 284.72 W, 66
2026/08/14 02:47:20.098, NVIDIA GeForce RTX 4090, 79 %, 50 %, 19206 MiB, 49140 MiB, 306.53 W, 67
2026/08/14 02:47:21.099, NVIDIA GeForce RTX 4090, 43 %, 16 %, 19206 MiB, 49140 MiB, 308.47 W, 63
2026/08/14 02:47:22.100, NVIDIA GeForce RTX 4090, 42 %, 15 %, 19206 MiB, 49140 MiB, 277.15 W, 62
2026/08/14 02:47:23.100, NVIDIA GeForce RTX 4090, 49 %, 17 %, 19206 MiB, 49140 MiB, 278.23 W, 64
2026/08/14 02:47:24.100, NVIDIA GeForce RTX 4090, 83 %, 40 %, 19206 MiB, 49140 MiB, 291.74 W, 63
2026/08/14 02:47:25.101, NVIDIA GeForce RTX 4090, 78 %, 49 %, 19206 MiB, 49140 MiB, 298.60 W, 67
2026/08/14 02:47:26.101, NVIDIA GeForce RTX 4090, 53 %, 25 %, 19206 MiB, 49140 MiB, 296.14 W, 63
2026/08/14 02:47:27.101, NVIDIA GeForce RTX 4090, 36 %, 13 %, 19206 MiB, 49140 MiB, 277.91 W, 61
2026/08/14 02:47:28.101, NVIDIA GeForce RTX 4090, 46 %, 15 %, 19206 MiB, 49140 MiB, 286.04 W, 61
2026/08/14 02:47:29.102, NVIDIA GeForce RTX 4090, 64 %, 25 %, 19206 MiB, 49140 MiB, 284.85 W, 61
2026/08/14 02:47:30.102, NVIDIA GeForce RTX 4090, 87 %, 53 %, 19206 MiB, 49140 MiB, 296.14 W, 68
2026/08/14 02:47:31.102, NVIDIA GeForce RTX 4090, 75 %, 40 %, 19206 MiB, 49140 MiB, 303.21 W, 60
2026/08/14 02:47:32.103, NVIDIA GeForce RTX 4090, 38 %, 14 %, 19206 MiB, 49140 MiB, 288.75 W, 59
2026/08/14 02:47:33.103, NVIDIA GeForce RTX 4090, 29 %, 10 %, 19206 MiB, 49140 MiB, 271.35 W, 60
2026/08/14 02:47:34.103, NVIDIA GeForce RTX 4090, 39 %, 13 %, 19206 MiB, 49140 MiB, 266.75 W, 60
2026/08/14 02:47:35.103, NVIDIA GeForce RTX 4090, 64 %, 25 %, 19206 MiB, 49140 MiB, 289.24 W, 60
2026/08/14 02:47:36.106, NVIDIA GeForce RTX 4090, 76 %, 46 %, 19206 MiB, 49140 MiB, 294.52 W, 68
2026/08/14 02:47:37.106, NVIDIA GeForce RTX 4090, 78 %, 39 %, 19206 MiB, 49140 MiB, 302.60 W, 61
2026/08/14 02:47:38.106, NVIDIA GeForce RTX 4090, 44 %, 17 %, 19206 MiB, 49140 MiB, 281.37 W, 62
2026/08/14 02:47:39.106, NVIDIA GeForce RTX 4090, 29 %, 10 %, 19206 MiB, 49140 MiB, 273.91 W, 59
2026/08/14 02:47:40.106, NVIDIA GeForce RTX 4090, 42 %, 15 %, 19206 MiB, 49140 MiB, 268.54 W, 61
2026/08/14 02:47:41.106, NVIDIA GeForce RTX 4090, 50 %, 17 %, 19206 MiB, 49140 MiB, 278.93 W, 61
2026/08/14 02:47:42.107, NVIDIA GeForce RTX 4090, 75 %, 36 %, 19206 MiB, 49140 MiB, 287.76 W, 61
2026/08/14 02:47:43.107, NVIDIA GeForce RTX 4090, 73 %, 46 %, 19206 MiB, 49140 MiB, 298.80 W, 65
2026/08/14 02:47:44.107, NVIDIA GeForce RTX 4090, 45 %, 21 %, 19206 MiB, 49140 MiB, 298.54 W, 59
2026/08/14 02:47:45.107, NVIDIA GeForce RTX 4090, 29 %, 10 %, 19206 MiB, 49140 MiB, 273.81 W, 58
2026/08/14 02:47:46.108, NVIDIA GeForce RTX 4090, 40 %, 14 %, 19206 MiB, 49140 MiB, 263.50 W, 58
2026/08/14 02:47:47.108, NVIDIA GeForce RTX 4090, 45 %, 15 %, 19206 MiB, 49140 MiB, 282.98 W, 58
2026/08/14 02:47:48.108, NVIDIA GeForce RTX 4090, 60 %, 24 %, 19206 MiB, 49140 MiB, 285.83 W, 62
2026/08/14 02:47:49.108, NVIDIA GeForce RTX 4090, 73 %, 43 %, 19206 MiB, 49140 MiB, 284.48 W, 60
2026/08/14 02:47:50.183, NVIDIA GeForce RTX 4090, 71 %, 46 %, 19206 MiB, 49140 MiB, 286.83 W, 66
2026/08/14 02:47:51.184, NVIDIA GeForce RTX 4090, 100 %, 53 %, 19206 MiB, 49140 MiB, 294.61 W, 68
2026/08/14 02:47:52.184, NVIDIA GeForce RTX 4090, 47 %, 16 %, 19206 MiB, 49140 MiB, 350.15 W, 59
2026/08/14 02:47:53.184, NVIDIA GeForce RTX 4090, 49 %, 17 %, 19206 MiB, 49140 MiB, 279.51 W, 58
2026/08/14 02:47:54.184, NVIDIA GeForce RTX 4090, 62 %, 25 %, 19206 MiB, 49140 MiB, 279.16 W, 59
2026/08/14 02:47:55.184, NVIDIA GeForce RTX 4090, 70 %, 41 %, 19206 MiB, 49140 MiB, 285.35 W, 61
2026/08/14 02:47:56.185, NVIDIA GeForce RTX 4090, 71 %, 43 %, 19206 MiB, 49140 MiB, 277.66 W, 68
2026/08/14 02:47:57.185, NVIDIA GeForce RTX 4090, 89 %, 47 %, 19206 MiB, 49140 MiB, 294.82 W, 61
2026/08/14 02:47:58.185, NVIDIA GeForce RTX 4090, 61 %, 29 %, 19206 MiB, 49140 MiB, 271.97 W, 60
2026/08/14 02:47:59.185, NVIDIA GeForce RTX 4090, 37 %, 13 %, 19206 MiB, 49140 MiB, 277.18 W, 58
2026/08/14 02:48:00.185, NVIDIA GeForce RTX 4090, 39 %, 13 %, 19206 MiB, 49140 MiB, 276.26 W, 58
2026/08/14 02:48:01.186, NVIDIA GeForce RTX 4090, 65 %, 24 %, 19206 MiB, 49140 MiB, 284.85 W, 60
2026/08/14 02:48:02.186, NVIDIA GeForce RTX 4090, 68 %, 35 %, 19206 MiB, 49140 MiB, 288.93 W, 61
2026/08/14 02:48:03.186, NVIDIA GeForce RTX 4090, 91 %, 47 %, 19206 MiB, 49140 MiB, 305.16 W, 61
2026/08/14 02:48:04.186, NVIDIA GeForce RTX 4090, 23 %, 8 %, 19206 MiB, 49140 MiB, 269.43 W, 58
2026/08/14 02:48:05.186, NVIDIA GeForce RTX 4090, 21 %, 7 %, 19206 MiB, 49140 MiB, 270.33 W, 62
2026/08/14 02:48:06.187, NVIDIA GeForce RTX 4090, 42 %, 15 %, 19206 MiB, 49140 MiB, 263.71 W, 58
2026/08/14 02:48:07.187, NVIDIA GeForce RTX 4090, 29 %, 10 %, 19206 MiB, 49140 MiB, 272.41 W, 58
2026/08/14 02:48:08.187, NVIDIA GeForce RTX 4090, 46 %, 18 %, 19206 MiB, 49140 MiB, 283.77 W, 58
2026/08/14 02:48:09.188, NVIDIA GeForce RTX 4090, 70 %, 42 %, 19206 MiB, 49140 MiB, 313.03 W, 68
2026/08/14 02:48:10.188, NVIDIA GeForce RTX 4090, 92 %, 49 %, 19206 MiB, 49140 MiB, 287.93 W, 61
2026/08/14 02:48:11.188, NVIDIA GeForce RTX 4090, 23 %, 9 %, 19206 MiB, 49140 MiB, 269.39 W, 58
2026/08/14 02:48:12.189, NVIDIA GeForce RTX 4090, 36 %, 12 %, 19206 MiB, 49140 MiB, 274.25 W, 59
2026/08/14 02:48:13.189, NVIDIA GeForce RTX 4090, 38 %, 13 %, 19206 MiB, 49140 MiB, 276.48 W, 58
2026/08/14 02:48:14.189, NVIDIA GeForce RTX 4090, 46 %, 18 %, 19206 MiB, 49140 MiB, 283.58 W, 58
2026/08/14 02:48:15.189, NVIDIA GeForce RTX 4090, 66 %, 40 %, 19206 MiB, 49140 MiB, 292.01 W, 61
2026/08/14 02:48:16.189, NVIDIA GeForce RTX 4090, 69 %, 42 %, 19206 MiB, 49140 MiB, 288.31 W, 63
2026/08/14 02:48:17.190, NVIDIA GeForce RTX 4090, 87 %, 45 %, 19206 MiB, 49140 MiB, 276.03 W, 60
2026/08/14 02:48:18.190, NVIDIA GeForce RTX 4090, 37 %, 13 %, 19206 MiB, 49140 MiB, 266.38 W, 58
2026/08/14 02:48:19.190, NVIDIA GeForce RTX 4090, 37 %, 13 %, 19206 MiB, 49140 MiB, 271.98 W, 58
2026/08/14 02:48:20.190, NVIDIA GeForce RTX 4090, 48 %, 16 %, 19206 MiB, 49140 MiB, 283.49 W, 58
2026/08/14 02:48:21.190, NVIDIA GeForce RTX 4090, 45 %, 17 %, 19206 MiB, 49140 MiB, 276.51 W, 58
2026/08/14 02:48:22.190, NVIDIA GeForce RTX 4090, 72 %, 43 %, 19206 MiB, 49140 MiB, 294.40 W, 61
2026/08/14 02:48:23.191, NVIDIA GeForce RTX 4090, 87 %, 45 %, 19206 MiB, 49140 MiB, 292.82 W, 63
2026/08/14 02:48:24.191, NVIDIA GeForce RTX 4090, 30 %, 12 %, 19206 MiB, 49140 MiB, 281.93 W, 60
2026/08/14 02:48:25.191, NVIDIA GeForce RTX 4090, 41 %, 16 %, 19206 MiB, 49140 MiB, 263.04 W, 58
2026/08/14 02:48:26.191, NVIDIA GeForce RTX 4090, 35 %, 12 %, 19206 MiB, 49140 MiB, 272.87 W, 58
2026/08/14 02:48:27.191, NVIDIA GeForce RTX 4090, 44 %, 16 %, 19206 MiB, 49140 MiB, 283.52 W, 58
2026/08/14 02:48:28.192, NVIDIA GeForce RTX 4090, 46 %, 18 %, 19206 MiB, 49140 MiB, 283.99 W, 58
2026/08/14 02:48:29.192, NVIDIA GeForce RTX 4090, 73 %, 42 %, 19206 MiB, 49140 MiB, 286.32 W, 61
2026/08/14 02:48:30.192, NVIDIA GeForce RTX 4090, 88 %, 45 %, 19206 MiB, 49140 MiB, 302.81 W, 65
2026/08/14 02:48:31.192, NVIDIA GeForce RTX 4090, 32 %, 13 %, 19206 MiB, 49140 MiB, 284.65 W, 60
2026/08/14 02:48:32.192, NVIDIA GeForce RTX 4090, 40 %, 14 %, 19206 MiB, 49140 MiB, 269.92 W, 58
2026/08/14 02:48:33.193, NVIDIA GeForce RTX 4090, 21 %, 7 %, 19206 MiB, 49140 MiB, 272.82 W, 57
2026/08/14 02:48:34.193, NVIDIA GeForce RTX 4090, 44 %, 16 %, 19206 MiB, 49140 MiB, 282.19 W, 58
2026/08/14 02:48:35.193, NVIDIA GeForce RTX 4090, 53 %, 21 %, 19206 MiB, 49140 MiB, 277.95 W, 59
2026/08/14 02:48:36.193, NVIDIA GeForce RTX 4090, 0 %, 0 %, 19206 MiB, 49140 MiB, 322.73 W, 57
2026/08/14 02:48:37.194, NVIDIA GeForce RTX 4090, 2 %, 0 %, 19206 MiB, 49140 MiB, 104.99 W, 54
2026/08/14 02:48:38.194, NVIDIA GeForce RTX 4090, 0 %, 0 %, 19206 MiB, 49140 MiB, 100.15 W, 53
2026/08/14 02:48:39.194, NVIDIA GeForce RTX 4090, 48 %, 19 %, 19206 MiB, 49140 MiB, 141.15 W, 57
2026/08/14 02:48:40.194, NVIDIA GeForce RTX 4090, 32 %, 11 %, 19206 MiB, 49140 MiB, 269.73 W, 58
2026/08/14 02:48:41.195, NVIDIA GeForce RTX 4090, 37 %, 13 %, 19206 MiB, 49140 MiB, 266.08 W, 57
2026/08/14 02:48:42.195, NVIDIA GeForce RTX 4090, 40 %, 13 %, 19206 MiB, 49140 MiB, 274.28 W, 57
2026/08/14 02:48:43.195, NVIDIA GeForce RTX 4090, 55 %, 22 %, 19206 MiB, 49140 MiB, 281.65 W, 58
2026/08/14 02:48:44.195, NVIDIA GeForce RTX 4090, 59 %, 23 %, 19206 MiB, 49140 MiB, 278.52 W, 59
2026/08/14 02:48:45.196, NVIDIA GeForce RTX 4090, 93 %, 52 %, 19206 MiB, 49140 MiB, 299.31 W, 66
2026/08/14 02:48:46.196, NVIDIA GeForce RTX 4090, 52 %, 23 %, 19206 MiB, 49140 MiB, 287.32 W, 60
2026/08/14 02:48:47.196, NVIDIA GeForce RTX 4090, 36 %, 15 %, 19206 MiB, 49140 MiB, 280.46 W, 58
2026/08/14 02:48:48.196, NVIDIA GeForce RTX 4090, 34 %, 12 %, 19206 MiB, 49140 MiB, 278.32 W, 58
2026/08/14 02:48:49.197, NVIDIA GeForce RTX 4090, 43 %, 15 %, 19206 MiB, 49140 MiB, 272.80 W, 58
2026/08/14 02:48:50.197, NVIDIA GeForce RTX 4090, 55 %, 22 %, 19206 MiB, 49140 MiB, 275.98 W, 58
2026/08/14 02:48:51.197, NVIDIA GeForce RTX 4090, 73 %, 43 %, 19206 MiB, 49140 MiB, 298.15 W, 62
2026/08/14 02:48:52.198, NVIDIA GeForce RTX 4090, 55 %, 24 %, 19206 MiB, 49140 MiB, 299.79 W, 61
2026/08/14 02:48:53.198, NVIDIA GeForce RTX 4090, 22 %, 8 %, 19206 MiB, 49140 MiB, 271.29 W, 58
2026/08/14 02:48:54.198, NVIDIA GeForce RTX 4090, 42 %, 15 %, 19206 MiB, 49140 MiB, 285.74 W, 58
2026/08/14 02:48:55.199, NVIDIA GeForce RTX 4090, 54 %, 21 %, 19206 MiB, 49140 MiB, 284.57 W, 58
2026/08/14 02:48:56.199, NVIDIA GeForce RTX 4090, 55 %, 33 %, 19206 MiB, 49140 MiB, 275.62 W, 58
2026/08/14 02:48:57.199, NVIDIA GeForce RTX 4090, 92 %, 53 %, 19206 MiB, 49140 MiB, 293.33 W, 65
2026/08/14 02:48:58.200, NVIDIA GeForce RTX 4090, 39 %, 14 %, 19206 MiB, 49140 MiB, 302.70 W, 60
2026/08/14 02:48:59.200, NVIDIA GeForce RTX 4090, 35 %, 13 %, 19206 MiB, 49140 MiB, 273.05 W, 58
2026/08/14 02:49:00.200, NVIDIA GeForce RTX 4090, 34 %, 11 %, 19206 MiB, 49140 MiB, 270.28 W, 57
2026/08/14 02:49:01.201, NVIDIA GeForce RTX 4090, 54 %, 18 %, 19206 MiB, 49140 MiB, 282.09 W, 59
2026/08/14 02:49:02.201, NVIDIA GeForce RTX 4090, 60 %, 33 %, 19206 MiB, 49140 MiB, 284.70 W, 60
2026/08/14 02:49:03.201, NVIDIA GeForce RTX 4090, 93 %, 52 %, 19206 MiB, 49140 MiB, 299.37 W, 64
2026/08/14 02:49:04.201, NVIDIA GeForce RTX 4090, 39 %, 16 %, 19206 MiB, 49140 MiB, 295.97 W, 59
2026/08/14 02:49:05.201, NVIDIA GeForce RTX 4090, 29 %, 10 %, 19206 MiB, 49140 MiB, 276.16 W, 59
2026/08/14 02:49:06.202, NVIDIA GeForce RTX 4090, 34 %, 11 %, 19206 MiB, 49140 MiB, 272.85 W, 58
2026/08/14 02:49:07.202, NVIDIA GeForce RTX 4090, 39 %, 15 %, 19206 MiB, 49140 MiB, 276.48 W, 58
2026/08/14 02:49:08.202, NVIDIA GeForce RTX 4090, 59 %, 25 %, 19206 MiB, 49140 MiB, 281.58 W, 59
2026/08/14 02:49:09.202, NVIDIA GeForce RTX 4090, 72 %, 43 %, 19206 MiB, 49140 MiB, 281.29 W, 62
2026/08/14 02:49:10.203, NVIDIA GeForce RTX 4090, 78 %, 34 %, 19206 MiB, 49140 MiB, 308.01 W, 65
2026/08/14 02:49:11.203, NVIDIA GeForce RTX 4090, 37 %, 13 %, 19206 MiB, 49140 MiB, 295.70 W, 59
2026/08/14 02:49:12.203, NVIDIA GeForce RTX 4090, 40 %, 14 %, 19206 MiB, 49140 MiB, 280.10 W, 58
2026/08/14 02:49:13.203, NVIDIA GeForce RTX 4090, 51 %, 20 %, 19206 MiB, 49140 MiB, 272.58 W, 59
2026/08/14 02:49:14.203, NVIDIA GeForce RTX 4090, 73 %, 41 %, 19206 MiB, 49140 MiB, 289.38 W, 63
2026/08/14 02:49:15.204, NVIDIA GeForce RTX 4090, 88 %, 48 %, 19206 MiB, 49140 MiB, 299.79 W, 67
2026/08/14 02:49:16.204, NVIDIA GeForce RTX 4090, 35 %, 14 %, 19206 MiB, 49140 MiB, 284.86 W, 62
2026/08/14 02:49:17.204, NVIDIA GeForce RTX 4090, 26 %, 9 %, 19206 MiB, 49140 MiB, 270.03 W, 59
2026/08/14 02:49:18.204, NVIDIA GeForce RTX 4090, 36 %, 13 %, 19206 MiB, 49140 MiB, 271.87 W, 59
2026/08/14 02:49:19.204, NVIDIA GeForce RTX 4090, 40 %, 14 %, 19206 MiB, 49140 MiB, 276.88 W, 58
2026/08/14 02:49:20.205, NVIDIA GeForce RTX 4090, 52 %, 26 %, 19206 MiB, 49140 MiB, 278.60 W, 59
2026/08/14 02:49:21.205, NVIDIA GeForce RTX 4090, 93 %, 54 %, 19206 MiB, 49140 MiB, 306.27 W, 65
2026/08/14 02:49:22.205, NVIDIA GeForce RTX 4090, 100 %, 52 %, 19206 MiB, 49140 MiB, 300.32 W, 66
2026/08/14 02:49:23.205, NVIDIA GeForce RTX 4090, 40 %, 13 %, 19206 MiB, 49140 MiB, 349.24 W, 59
2026/08/14 02:49:24.205, NVIDIA GeForce RTX 4090, 49 %, 25 %, 19206 MiB, 49140 MiB, 285.34 W, 59
2026/08/14 02:49:25.206, NVIDIA GeForce RTX 4090, 93 %, 54 %, 19206 MiB, 49140 MiB, 306.28 W, 66
2026/08/14 02:49:26.206, NVIDIA GeForce RTX 4090, 88 %, 48 %, 19206 MiB, 49140 MiB, 281.37 W, 66
2026/08/14 02:49:27.206, NVIDIA GeForce RTX 4090, 33 %, 11 %, 19206 MiB, 49140 MiB, 299.06 W, 61
2026/08/14 02:49:28.206, NVIDIA GeForce RTX 4090, 35 %, 12 %, 19206 MiB, 49140 MiB, 275.29 W, 59
2026/08/14 02:49:29.206, NVIDIA GeForce RTX 4090, 37 %, 13 %, 19206 MiB, 49140 MiB, 269.13 W, 59
2026/08/14 02:49:30.207, NVIDIA GeForce RTX 4090, 49 %, 20 %, 19206 MiB, 49140 MiB, 270.93 W, 59
2026/08/14 02:49:31.207, NVIDIA GeForce RTX 4090, 62 %, 34 %, 19206 MiB, 49140 MiB, 272.13 W, 60
2026/08/14 02:49:32.207, NVIDIA GeForce RTX 4090, 93 %, 54 %, 19206 MiB, 49140 MiB, 295.22 W, 65
2026/08/14 02:49:33.207, NVIDIA GeForce RTX 4090, 38 %, 17 %, 19206 MiB, 49140 MiB, 293.38 W, 62
2026/08/14 02:49:34.208, NVIDIA GeForce RTX 4090, 31 %, 11 %, 19206 MiB, 49140 MiB, 274.66 W, 60
2026/08/14 02:49:35.208, NVIDIA GeForce RTX 4090, 40 %, 13 %, 19206 MiB, 49140 MiB, 281.52 W, 59
2026/08/14 02:49:36.208, NVIDIA GeForce RTX 4090, 50 %, 19 %, 19206 MiB, 49140 MiB, 277.82 W, 59
2026/08/14 02:49:37.208, NVIDIA GeForce RTX 4090, 58 %, 32 %, 19206 MiB, 49140 MiB, 275.87 W, 61
2026/08/14 02:49:38.209, NVIDIA GeForce RTX 4090, 73 %, 44 %, 19206 MiB, 49140 MiB, 278.98 W, 65
2026/08/14 02:49:39.209, NVIDIA GeForce RTX 4090, 56 %, 28 %, 19206 MiB, 49140 MiB, 298.38 W, 63
2026/08/14 02:49:40.209, NVIDIA GeForce RTX 4090, 51 %, 19 %, 19206 MiB, 49140 MiB, 278.35 W, 62
2026/08/14 02:49:41.209, NVIDIA GeForce RTX 4090, 36 %, 13 %, 19206 MiB, 49140 MiB, 275.94 W, 59
2026/08/14 02:49:42.209, NVIDIA GeForce RTX 4090, 43 %, 15 %, 19206 MiB, 49140 MiB, 274.29 W, 60
2026/08/14 02:49:43.210, NVIDIA GeForce RTX 4090, 54 %, 28 %, 19206 MiB, 49140 MiB, 279.33 W, 66
2026/08/14 02:49:44.210, NVIDIA GeForce RTX 4090, 94 %, 55 %, 19206 MiB, 49140 MiB, 304.89 W, 63
2026/08/14 02:49:45.210, NVIDIA GeForce RTX 4090, 58 %, 26 %, 19206 MiB, 49140 MiB, 296.07 W, 60
2026/08/14 02:49:46.210, NVIDIA GeForce RTX 4090, 36 %, 13 %, 19206 MiB, 49140 MiB, 281.07 W, 59
2026/08/14 02:49:47.210, NVIDIA GeForce RTX 4090, 31 %, 10 %, 19206 MiB, 49140 MiB, 269.29 W, 59
2026/08/14 02:49:48.211, NVIDIA GeForce RTX 4090, 43 %, 16 %, 19206 MiB, 49140 MiB, 280.07 W, 59
2026/08/14 02:49:49.211, NVIDIA GeForce RTX 4090, 61 %, 32 %, 19206 MiB, 49140 MiB, 283.04 W, 67
2026/08/14 02:49:50.211, NVIDIA GeForce RTX 4090, 73 %, 44 %, 19206 MiB, 49140 MiB, 282.67 W, 66
2026/08/14 02:49:51.211, NVIDIA GeForce RTX 4090, 58 %, 29 %, 19206 MiB, 49140 MiB, 296.02 W, 62
2026/08/14 02:49:52.211, NVIDIA GeForce RTX 4090, 36 %, 13 %, 19206 MiB, 49140 MiB, 287.58 W, 59
2026/08/14 02:49:53.212, NVIDIA GeForce RTX 4090, 34 %, 12 %, 19206 MiB, 49140 MiB, 272.54 W, 59
2026/08/14 02:49:54.212, NVIDIA GeForce RTX 4090, 40 %, 14 %, 19206 MiB, 49140 MiB, 268.04 W, 60
2026/08/14 02:49:55.212, NVIDIA GeForce RTX 4090, 49 %, 23 %, 19206 MiB, 49140 MiB, 282.87 W, 67
2026/08/14 02:49:56.212, NVIDIA GeForce RTX 4090, 74 %, 43 %, 19206 MiB, 49140 MiB, 280.84 W, 65
2026/08/14 02:49:57.212, NVIDIA GeForce RTX 4090, 88 %, 47 %, 19206 MiB, 49140 MiB, 302.29 W, 64
2026/08/14 02:49:58.212, NVIDIA GeForce RTX 4090, 38 %, 13 %, 19206 MiB, 49140 MiB, 293.60 W, 60
2026/08/14 02:49:59.213, NVIDIA GeForce RTX 4090, 33 %, 12 %, 19206 MiB, 49140 MiB, 272.83 W, 59
2026/08/14 02:50:00.213, NVIDIA GeForce RTX 4090, 39 %, 14 %, 19206 MiB, 49140 MiB, 274.27 W, 66
2026/08/14 02:50:01.283, NVIDIA GeForce RTX 4090, 59 %, 31 %, 19206 MiB, 49140 MiB, 288.70 W, 67
2026/08/14 02:50:02.284, NVIDIA GeForce RTX 4090, 94 %, 55 %, 19206 MiB, 49140 MiB, 300.10 W, 64
2026/08/14 02:50:03.284, NVIDIA GeForce RTX 4090, 54 %, 20 %, 19206 MiB, 49140 MiB, 306.68 W, 60
2026/08/14 02:50:04.284, NVIDIA GeForce RTX 4090, 31 %, 11 %, 19206 MiB, 49140 MiB, 281.30 W, 60
2026/08/14 02:50:05.284, NVIDIA GeForce RTX 4090, 46 %, 17 %, 19206 MiB, 49140 MiB, 292.54 W, 60
2026/08/14 02:50:06.285, NVIDIA GeForce RTX 4090, 0 %, 0 %, 19206 MiB, 49140 MiB, 333.05 W, 57
2026/08/14 02:50:07.285, NVIDIA GeForce RTX 4090, 0 %, 0 %, 19206 MiB, 49140 MiB, 106.63 W, 54
2026/08/14 02:50:08.285, NVIDIA GeForce RTX 4090, 3 %, 0 %, 19206 MiB, 49140 MiB, 99.90 W, 53
2026/08/14 02:50:09.285, NVIDIA GeForce RTX 4090, 40 %, 16 %, 19206 MiB, 49140 MiB, 153.51 W, 57
2026/08/14 02:50:10.286, NVIDIA GeForce RTX 4090, 36 %, 12 %, 19206 MiB, 49140 MiB, 269.12 W, 58
2026/08/14 02:50:11.286, NVIDIA GeForce RTX 4090, 21 %, 7 %, 19206 MiB, 49140 MiB, 264.42 W, 57
2026/08/14 02:50:12.286, NVIDIA GeForce RTX 4090, 32 %, 11 %, 19206 MiB, 49140 MiB, 255.52 W, 59
2026/08/14 02:50:13.286, NVIDIA GeForce RTX 4090, 34 %, 12 %, 19206 MiB, 49140 MiB, 267.35 W, 58
2026/08/14 02:50:14.287, NVIDIA GeForce RTX 4090, 45 %, 16 %, 19206 MiB, 49140 MiB, 272.03 W, 59
2026/08/14 02:50:15.287, NVIDIA GeForce RTX 4090, 52 %, 20 %, 19206 MiB, 49140 MiB, 271.77 W, 62
2026/08/14 02:50:16.287, NVIDIA GeForce RTX 4090, 62 %, 32 %, 19206 MiB, 49140 MiB, 279.98 W, 65
2026/08/14 02:50:17.287, NVIDIA GeForce RTX 4090, 94 %, 54 %, 19206 MiB, 49140 MiB, 300.59 W, 66
2026/08/14 02:50:18.288, NVIDIA GeForce RTX 4090, 55 %, 21 %, 19206 MiB, 49140 MiB, 304.40 W, 60
2026/08/14 02:50:19.288, NVIDIA GeForce RTX 4090, 37 %, 13 %, 19206 MiB, 49140 MiB, 280.82 W, 60
2026/08/14 02:50:20.288, NVIDIA GeForce RTX 4090, 37 %, 12 %, 19206 MiB, 49140 MiB, 269.22 W, 59
2026/08/14 02:50:21.288, NVIDIA GeForce RTX 4090, 51 %, 20 %, 19206 MiB, 49140 MiB, 278.30 W, 63
2026/08/14 02:50:22.289, NVIDIA GeForce RTX 4090, 74 %, 41 %, 19206 MiB, 49140 MiB, 289.41 W, 65
2026/08/14 02:50:23.289, NVIDIA GeForce RTX 4090, 89 %, 44 %, 19206 MiB, 49140 MiB, 320.95 W, 62
2026/08/14 02:50:24.289, NVIDIA GeForce RTX 4090, 32 %, 11 %, 19206 MiB, 49140 MiB, 285.58 W, 58
2026/08/14 02:50:25.289, NVIDIA GeForce RTX 4090, 43 %, 14 %, 19206 MiB, 49140 MiB, 279.72 W, 60
2026/08/14 02:50:26.290, NVIDIA GeForce RTX 4090, 50 %, 19 %, 19206 MiB, 49140 MiB, 279.05 W, 63
2026/08/14 02:50:27.290, NVIDIA GeForce RTX 4090, 74 %, 39 %, 19206 MiB, 49140 MiB, 291.62 W, 65
2026/08/14 02:50:28.290, NVIDIA GeForce RTX 4090, 89 %, 46 %, 19206 MiB, 49140 MiB, 304.18 W, 64
2026/08/14 02:50:29.290, NVIDIA GeForce RTX 4090, 57 %, 27 %, 19206 MiB, 49140 MiB, 289.94 W, 60
2026/08/14 02:50:30.291, NVIDIA GeForce RTX 4090, 41 %, 14 %, 19206 MiB, 49140 MiB, 284.28 W, 60
2026/08/14 02:50:31.291, NVIDIA GeForce RTX 4090, 39 %, 14 %, 19206 MiB, 49140 MiB, 276.25 W, 61
2026/08/14 02:50:32.291, NVIDIA GeForce RTX 4090, 50 %, 19 %, 19206 MiB, 49140 MiB, 271.35 W, 64
2026/08/14 02:50:33.291, NVIDIA GeForce RTX 4090, 59 %, 29 %, 19206 MiB, 49140 MiB, 281.80 W, 66
2026/08/14 02:50:34.292, NVIDIA GeForce RTX 4090, 72 %, 40 %, 19206 MiB, 49140 MiB, 285.45 W, 66
2026/08/14 02:50:35.292, NVIDIA GeForce RTX 4090, 81 %, 44 %, 19206 MiB, 49140 MiB, 289.18 W, 65
2026/08/14 02:50:36.292, NVIDIA GeForce RTX 4090, 58 %, 27 %, 19206 MiB, 49140 MiB, 289.54 W, 60
2026/08/14 02:50:37.292, NVIDIA GeForce RTX 4090, 57 %, 21 %, 19206 MiB, 49140 MiB, 269.94 W, 60
2026/08/14 02:50:38.293, NVIDIA GeForce RTX 4090, 39 %, 14 %, 19206 MiB, 49140 MiB, 280.62 W, 60
2026/08/14 02:50:39.293, NVIDIA GeForce RTX 4090, 45 %, 16 %, 19206 MiB, 49140 MiB, 271.88 W, 61
2026/08/14 02:50:40.293, NVIDIA GeForce RTX 4090, 50 %, 19 %, 19206 MiB, 49140 MiB, 278.48 W, 64
2026/08/14 02:50:41.293, NVIDIA GeForce RTX 4090, 60 %, 29 %, 19206 MiB, 49140 MiB, 278.28 W, 65
2026/08/14 02:50:42.293, NVIDIA GeForce RTX 4090, 93 %, 52 %, 19206 MiB, 49140 MiB, 301.32 W, 67
2026/08/14 02:50:43.294, NVIDIA GeForce RTX 4090, 57 %, 21 %, 19206 MiB, 49140 MiB, 305.53 W, 61
2026/08/14 02:50:44.294, NVIDIA GeForce RTX 4090, 31 %, 12 %, 19206 MiB, 49140 MiB, 276.23 W, 60
2026/08/14 02:50:45.294, NVIDIA GeForce RTX 4090, 42 %, 14 %, 19206 MiB, 49140 MiB, 275.25 W, 61
2026/08/14 02:50:46.294, NVIDIA GeForce RTX 4090, 48 %, 19 %, 19206 MiB, 49140 MiB, 285.38 W, 65
2026/08/14 02:50:47.294, NVIDIA GeForce RTX 4090, 74 %, 42 %, 19206 MiB, 49140 MiB, 291.18 W, 66
2026/08/14 02:50:48.294, NVIDIA GeForce RTX 4090, 90 %, 47 %, 19206 MiB, 49140 MiB, 295.04 W, 66
2026/08/14 02:50:49.294, NVIDIA GeForce RTX 4090, 34 %, 13 %, 19206 MiB, 49140 MiB, 295.00 W, 59
2026/08/14 02:50:50.295, NVIDIA GeForce RTX 4090, 51 %, 18 %, 19206 MiB, 49140 MiB, 268.00 W, 61
2026/08/14 02:50:51.295, NVIDIA GeForce RTX 4090, 50 %, 18 %, 19206 MiB, 49140 MiB, 282.00 W, 61
2026/08/14 02:50:52.295, NVIDIA GeForce RTX 4090, 47 %, 19 %, 19206 MiB, 49140 MiB, 273.23 W, 65
2026/08/14 02:50:53.295, NVIDIA GeForce RTX 4090, 48 %, 23 %, 19206 MiB, 49140 MiB, 374.95 W, 62
2026/08/14 02:50:54.295, NVIDIA GeForce RTX 4090, 38 %, 14 %, 19206 MiB, 49140 MiB, 287.89 W, 61
2026/08/14 02:50:55.295, NVIDIA GeForce RTX 4090, 39 %, 13 %, 19206 MiB, 49140 MiB, 274.61 W, 62
2026/08/14 02:50:56.296, NVIDIA GeForce RTX 4090, 47 %, 19 %, 19206 MiB, 49140 MiB, 276.68 W, 66
2026/08/14 02:50:57.296, NVIDIA GeForce RTX 4090, 94 %, 54 %, 19206 MiB, 49140 MiB, 307.21 W, 67
2026/08/14 02:50:58.296, NVIDIA GeForce RTX 4090, 59 %, 27 %, 19206 MiB, 49140 MiB, 285.94 W, 62
2026/08/14 02:50:59.296, NVIDIA GeForce RTX 4090, 39 %, 14 %, 19206 MiB, 49140 MiB, 283.85 W, 62
2026/08/14 02:51:00.296, NVIDIA GeForce RTX 4090, 39 %, 13 %, 19206 MiB, 49140 MiB, 272.98 W, 63
2026/08/14 02:51:01.297, NVIDIA GeForce RTX 4090, 48 %, 20 %, 19206 MiB, 49140 MiB, 277.32 W, 66
2026/08/14 02:51:02.297, NVIDIA GeForce RTX 4090, 74 %, 42 %, 19206 MiB, 49140 MiB, 288.74 W, 66
2026/08/14 02:51:03.297, NVIDIA GeForce RTX 4090, 94 %, 51 %, 19206 MiB, 49140 MiB, 291.64 W, 67
2026/08/14 02:51:04.297, NVIDIA GeForce RTX 4090, 59 %, 23 %, 19206 MiB, 49140 MiB, 291.99 W, 62
2026/08/14 02:51:05.297, NVIDIA GeForce RTX 4090, 32 %, 12 %, 19206 MiB, 49140 MiB, 274.08 W, 60
2026/08/14 02:51:06.298, NVIDIA GeForce RTX 4090, 45 %, 15 %, 19206 MiB, 49140 MiB, 271.83 W, 60
2026/08/14 02:51:07.298, NVIDIA GeForce RTX 4090, 49 %, 19 %, 19206 MiB, 49140 MiB, 274.97 W, 65
2026/08/14 02:51:08.298, NVIDIA GeForce RTX 4090, 59 %, 30 %, 19206 MiB, 49140 MiB, 271.93 W, 66
2026/08/14 02:51:09.298, NVIDIA GeForce RTX 4090, 74 %, 42 %, 19206 MiB, 49140 MiB, 285.61 W, 65
2026/08/14 02:51:10.298, NVIDIA GeForce RTX 4090, 93 %, 51 %, 19206 MiB, 49140 MiB, 292.44 W, 66
2026/08/14 02:51:11.299, NVIDIA GeForce RTX 4090, 48 %, 18 %, 19206 MiB, 49140 MiB, 300.15 W, 62
2026/08/14 02:51:12.299, NVIDIA GeForce RTX 4090, 47 %, 16 %, 19206 MiB, 49140 MiB, 286.62 W, 63
2026/08/14 02:51:13.299, NVIDIA GeForce RTX 4090, 51 %, 20 %, 19206 MiB, 49140 MiB, 280.01 W, 66
2026/08/14 02:51:14.299, NVIDIA GeForce RTX 4090, 58 %, 29 %, 19206 MiB, 49140 MiB, 277.16 W, 66
2026/08/14 02:51:15.299, NVIDIA GeForce RTX 4090, 73 %, 40 %, 19206 MiB, 49140 MiB, 285.60 W, 65
2026/08/14 02:51:16.300, NVIDIA GeForce RTX 4090, 93 %, 51 %, 19206 MiB, 49140 MiB, 295.13 W, 67
2026/08/14 02:51:17.300, NVIDIA GeForce RTX 4090, 56 %, 24 %, 19206 MiB, 49140 MiB, 289.44 W, 63
2026/08/14 02:51:18.300, NVIDIA GeForce RTX 4090, 46 %, 16 %, 19206 MiB, 49140 MiB, 281.76 W, 62
2026/08/14 02:51:19.300, NVIDIA GeForce RTX 4090, 46 %, 16 %, 19206 MiB, 49140 MiB, 274.42 W, 61
2026/08/14 02:51:20.301, NVIDIA GeForce RTX 4090, 39 %, 13 %, 19206 MiB, 49140 MiB, 270.14 W, 63
2026/08/14 02:51:21.301, NVIDIA GeForce RTX 4090, 57 %, 22 %, 19206 MiB, 49140 MiB, 272.44 W, 66
2026/08/14 02:51:22.301, NVIDIA GeForce RTX 4090, 59 %, 29 %, 19206 MiB, 49140 MiB, 280.04 W, 66
2026/08/14 02:51:23.301, NVIDIA GeForce RTX 4090, 75 %, 43 %, 19206 MiB, 49140 MiB, 285.64 W, 66
2026/08/14 02:51:24.302, NVIDIA GeForce RTX 4090, 93 %, 52 %, 19206 MiB, 49140 MiB, 295.29 W, 66
2026/08/14 02:51:25.302, NVIDIA GeForce RTX 4090, 59 %, 26 %, 19206 MiB, 49140 MiB, 290.34 W, 61
2026/08/14 02:51:26.302, NVIDIA GeForce RTX 4090, 38 %, 14 %, 19206 MiB, 49140 MiB, 271.17 W, 60
2026/08/14 02:51:27.303, NVIDIA GeForce RTX 4090, 43 %, 15 %, 19206 MiB, 49140 MiB, 276.04 W, 62
2026/08/14 02:51:28.303, NVIDIA GeForce RTX 4090, 45 %, 15 %, 19206 MiB, 49140 MiB, 265.58 W, 63
2026/08/14 02:51:29.303, NVIDIA GeForce RTX 4090, 49 %, 18 %, 19206 MiB, 49140 MiB, 282.69 W, 65
2026/08/14 02:51:30.303, NVIDIA GeForce RTX 4090, 59 %, 29 %, 19206 MiB, 49140 MiB, 277.07 W, 66
2026/08/14 02:51:31.304, NVIDIA GeForce RTX 4090, 74 %, 41 %, 19206 MiB, 49140 MiB, 288.40 W, 66
2026/08/14 02:51:32.304, NVIDIA GeForce RTX 4090, 93 %, 54 %, 19206 MiB, 49140 MiB, 296.25 W, 66
2026/08/14 02:51:33.304, NVIDIA GeForce RTX 4090, 56 %, 26 %, 19206 MiB, 49140 MiB, 289.65 W, 61
2026/08/14 02:51:34.304, NVIDIA GeForce RTX 4090, 25 %, 9 %, 19206 MiB, 49140 MiB, 269.47 W, 62
2026/08/14 02:51:35.304, NVIDIA GeForce RTX 4090, 38 %, 14 %, 19206 MiB, 49140 MiB, 268.97 W, 60
2026/08/14 02:51:36.305, NVIDIA GeForce RTX 4090, 41 %, 14 %, 19206 MiB, 49140 MiB, 265.42 W, 62
2026/08/14 02:51:37.305, NVIDIA GeForce RTX 4090, 100 %, 52 %, 19206 MiB, 49140 MiB, 350.72 W, 64
2026/08/14 02:51:38.305, NVIDIA GeForce RTX 4090, 0 %, 0 %, 19206 MiB, 49140 MiB, 140.60 W, 54
2026/08/14 02:51:39.383, NVIDIA GeForce RTX 4090, 85 %, 45 %, 19206 MiB, 49140 MiB, 148.12 W, 59
2026/08/14 02:51:40.384, NVIDIA GeForce RTX 4090, 24 %, 9 %, 19206 MiB, 49140 MiB, 258.93 W, 63
2026/08/14 02:51:41.384, NVIDIA GeForce RTX 4090, 71 %, 35 %, 19206 MiB, 49140 MiB, 268.20 W, 67
2026/08/14 02:51:42.384, NVIDIA GeForce RTX 4090, 21 %, 8 %, 19206 MiB, 49140 MiB, 276.06 W, 61
2026/08/14 02:51:43.384, NVIDIA GeForce RTX 4090, 16 %, 6 %, 19206 MiB, 49140 MiB, 264.46 W, 58
2026/08/14 02:51:44.385, NVIDIA GeForce RTX 4090, 17 %, 6 %, 19206 MiB, 49140 MiB, 263.98 W, 61
2026/08/14 02:51:45.385, NVIDIA GeForce RTX 4090, 37 %, 13 %, 19206 MiB, 49140 MiB, 263.35 W, 62
2026/08/14 02:51:46.385, NVIDIA GeForce RTX 4090, 42 %, 17 %, 19206 MiB, 49140 MiB, 280.49 W, 64
2026/08/14 02:51:47.385, NVIDIA GeForce RTX 4090, 66 %, 36 %, 19206 MiB, 49140 MiB, 288.40 W, 65
2026/08/14 02:51:48.386, NVIDIA GeForce RTX 4090, 94 %, 54 %, 19206 MiB, 49140 MiB, 305.62 W, 65
2026/08/14 02:51:49.386, NVIDIA GeForce RTX 4090, 36 %, 14 %, 19206 MiB, 49140 MiB, 302.00 W, 63
2026/08/14 02:51:50.386, NVIDIA GeForce RTX 4090, 19 %, 7 %, 19206 MiB, 49140 MiB, 275.94 W, 63
2026/08/14 02:51:51.386, NVIDIA GeForce RTX 4090, 33 %, 12 %, 19206 MiB, 49140 MiB, 269.44 W, 65
2026/08/14 02:51:52.387, NVIDIA GeForce RTX 4090, 36 %, 14 %, 19206 MiB, 49140 MiB, 277.05 W, 65
2026/08/14 02:51:53.387, NVIDIA GeForce RTX 4090, 70 %, 38 %, 19206 MiB, 49140 MiB, 291.38 W, 64
2026/08/14 02:51:54.387, NVIDIA GeForce RTX 4090, 84 %, 44 %, 19206 MiB, 49140 MiB, 310.25 W, 61
2026/08/14 02:51:55.387, NVIDIA GeForce RTX 4090, 39 %, 14 %, 19206 MiB, 49140 MiB, 281.71 W, 62
2026/08/14 02:51:56.388, NVIDIA GeForce RTX 4090, 38 %, 13 %, 19206 MiB, 49140 MiB, 283.68 W, 66
2026/08/14 02:51:57.388, NVIDIA GeForce RTX 4090, 29 %, 11 %, 19206 MiB, 49140 MiB, 279.43 W, 65
2026/08/14 02:51:58.388, NVIDIA GeForce RTX 4090, 70 %, 37 %, 19206 MiB, 49140 MiB, 288.10 W, 66
2026/08/14 02:51:59.389, NVIDIA GeForce RTX 4090, 98 %, 57 %, 19206 MiB, 49140 MiB, 294.70 W, 66
2026/08/14 02:52:00.389, NVIDIA GeForce RTX 4090, 51 %, 24 %, 19206 MiB, 49140 MiB, 289.10 W, 64
2026/08/14 02:52:01.389, NVIDIA GeForce RTX 4090, 23 %, 8 %, 19206 MiB, 49140 MiB, 281.76 W, 64
2026/08/14 02:52:02.389, NVIDIA GeForce RTX 4090, 34 %, 11 %, 19206 MiB, 49140 MiB, 270.50 W, 65
2026/08/14 02:52:03.390, NVIDIA GeForce RTX 4090, 36 %, 14 %, 19206 MiB, 49140 MiB, 283.51 W, 64
2026/08/14 02:52:04.390, NVIDIA GeForce RTX 4090, 62 %, 35 %, 19206 MiB, 49140 MiB, 297.53 W, 64
2026/08/14 02:52:05.390, NVIDIA GeForce RTX 4090, 92 %, 53 %, 19206 MiB, 49140 MiB, 292.27 W, 64
2026/08/14 02:52:06.390, NVIDIA GeForce RTX 4090, 52 %, 25 %, 19206 MiB, 49140 MiB, 285.86 W, 60
2026/08/14 02:52:07.391, NVIDIA GeForce RTX 4090, 15 %, 5 %, 19206 MiB, 49140 MiB, 277.42 W, 62
2026/08/14 02:52:08.391, NVIDIA GeForce RTX 4090, 27 %, 9 %, 19206 MiB, 49140 MiB, 276.05 W, 65
2026/08/14 02:52:09.391, NVIDIA GeForce RTX 4090, 38 %, 14 %, 19206 MiB, 49140 MiB, 286.32 W, 65
2026/08/14 02:52:10.392, NVIDIA GeForce RTX 4090, 70 %, 37 %, 19206 MiB, 49140 MiB, 290.14 W, 64
2026/08/14 02:52:11.392, NVIDIA GeForce RTX 4090, 88 %, 48 %, 19206 MiB, 49140 MiB, 309.09 W, 66
2026/08/14 02:52:12.392, NVIDIA GeForce RTX 4090, 31 %, 11 %, 19206 MiB, 49140 MiB, 294.27 W, 66
2026/08/14 02:52:13.392, NVIDIA GeForce RTX 4090, 31 %, 10 %, 19206 MiB, 49140 MiB, 276.18 W, 65
2026/08/14 02:52:14.393, NVIDIA GeForce RTX 4090, 42 %, 16 %, 19206 MiB, 49140 MiB, 276.38 W, 65
2026/08/14 02:52:15.393, NVIDIA GeForce RTX 4090, 48 %, 21 %, 19206 MiB, 49140 MiB, 276.75 W, 65
2026/08/14 02:52:16.393, NVIDIA GeForce RTX 4090, 98 %, 58 %, 19206 MiB, 49140 MiB, 303.25 W, 65
2026/08/14 02:52:17.393, NVIDIA GeForce RTX 4090, 53 %, 26 %, 19206 MiB, 49140 MiB, 295.73 W, 66
2026/08/14 02:52:18.394, NVIDIA GeForce RTX 4090, 16 %, 5 %, 19206 MiB, 49140 MiB, 280.39 W, 64
2026/08/14 02:52:19.394, NVIDIA GeForce RTX 4090, 35 %, 12 %, 19206 MiB, 49140 MiB, 274.04 W, 64
2026/08/14 02:52:20.394, NVIDIA GeForce RTX 4090, 42 %, 15 %, 19206 MiB, 49140 MiB, 276.98 W, 65
2026/08/14 02:52:21.394, NVIDIA GeForce RTX 4090, 70 %, 35 %, 19206 MiB, 49140 MiB, 285.88 W, 66
2026/08/14 02:52:22.395, NVIDIA GeForce RTX 4090, 99 %, 52 %, 19206 MiB, 49140 MiB, 303.26 W, 67
2026/08/14 02:52:23.395, NVIDIA GeForce RTX 4090, 29 %, 10 %, 19206 MiB, 49140 MiB, 353.35 W, 66
2026/08/14 02:52:24.395, NVIDIA GeForce RTX 4090, 31 %, 11 %, 19206 MiB, 49140 MiB, 273.13 W, 66
2026/08/14 02:52:25.395, NVIDIA GeForce RTX 4090, 23 %, 9 %, 19206 MiB, 49140 MiB, 276.85 W, 65
2026/08/14 02:52:26.395, NVIDIA GeForce RTX 4090, 99 %, 58 %, 19206 MiB, 49140 MiB, 308.52 W, 64
2026/08/14 02:52:27.396, NVIDIA GeForce RTX 4090, 53 %, 26 %, 19206 MiB, 49140 MiB, 296.82 W, 61
2026/08/14 02:52:28.396, NVIDIA GeForce RTX 4090, 37 %, 14 %, 19206 MiB, 49140 MiB, 274.80 W, 66
2026/08/14 02:52:29.396, NVIDIA GeForce RTX 4090, 26 %, 9 %, 19206 MiB, 49140 MiB, 276.52 W, 66
2026/08/14 02:52:30.396, NVIDIA GeForce RTX 4090, 34 %, 12 %, 19206 MiB, 49140 MiB, 266.72 W, 65
2026/08/14 02:52:31.397, NVIDIA GeForce RTX 4090, 45 %, 16 %, 19206 MiB, 49140 MiB, 270.79 W, 66
2026/08/14 02:52:32.397, NVIDIA GeForce RTX 4090, 53 %, 21 %, 19206 MiB, 49140 MiB, 278.63 W, 65
2026/08/14 02:52:33.397, NVIDIA GeForce RTX 4090, 71 %, 39 %, 19206 MiB, 49140 MiB, 284.47 W, 64
2026/08/14 02:52:34.397, NVIDIA GeForce RTX 4090, 92 %, 53 %, 19206 MiB, 49140 MiB, 292.20 W, 64
2026/08/14 02:52:35.398, NVIDIA GeForce RTX 4090, 50 %, 25 %, 19206 MiB, 49140 MiB, 295.45 W, 66
2026/08/14 02:52:36.398, NVIDIA GeForce RTX 4090, 15 %, 5 %, 19206 MiB, 49140 MiB, 277.95 W, 66
2026/08/14 02:52:37.398, NVIDIA GeForce RTX 4090, 44 %, 15 %, 19206 MiB, 49140 MiB, 297.34 W, 66
2026/08/14 02:52:38.398, NVIDIA GeForce RTX 4090, 54 %, 21 %, 19206 MiB, 49140 MiB, 286.16 W, 64
2026/08/14 02:52:39.399, NVIDIA GeForce RTX 4090, 65 %, 33 %, 19206 MiB, 49140 MiB, 292.51 W, 64
2026/08/14 02:52:40.399, NVIDIA GeForce RTX 4090, 86 %, 44 %, 19206 MiB, 49140 MiB, 301.73 W, 67
2026/08/14 02:52:41.399, NVIDIA GeForce RTX 4090, 37 %, 14 %, 19206 MiB, 49140 MiB, 275.88 W, 64
2026/08/14 02:52:42.399, NVIDIA GeForce RTX 4090, 19 %, 7 %, 19206 MiB, 49140 MiB, 271.28 W, 66
2026/08/14 02:52:43.399, NVIDIA GeForce RTX 4090, 36 %, 12 %, 19206 MiB, 49140 MiB, 266.52 W, 65
2026/08/14 02:52:44.400, NVIDIA GeForce RTX 4090, 48 %, 17 %, 19206 MiB, 49140 MiB, 277.92 W, 65
2026/08/14 02:52:45.400, NVIDIA GeForce RTX 4090, 56 %, 22 %, 19206 MiB, 49140 MiB, 284.60 W, 64
2026/08/14 02:52:46.400, NVIDIA GeForce RTX 4090, 98 %, 58 %, 19206 MiB, 49140 MiB, 308.38 W, 63
2026/08/14 02:52:47.400, NVIDIA GeForce RTX 4090, 56 %, 29 %, 19206 MiB, 49140 MiB, 285.99 W, 65
2026/08/14 02:52:48.400, NVIDIA GeForce RTX 4090, 38 %, 14 %, 19206 MiB, 49140 MiB, 275.58 W, 64
2026/08/14 02:52:49.401, NVIDIA GeForce RTX 4090, 23 %, 8 %, 19206 MiB, 49140 MiB, 270.79 W, 65
2026/08/14 02:52:50.401, NVIDIA GeForce RTX 4090, 38 %, 13 %, 19206 MiB, 49140 MiB, 273.41 W, 65
2026/08/14 02:52:51.401, NVIDIA GeForce RTX 4090, 49 %, 17 %, 19206 MiB, 49140 MiB, 273.87 W, 65
2026/08/14 02:52:52.401, NVIDIA GeForce RTX 4090, 58 %, 22 %, 19206 MiB, 49140 MiB, 287.24 W, 64
2026/08/14 02:52:53.401, NVIDIA GeForce RTX 4090, 69 %, 36 %, 19206 MiB, 49140 MiB, 292.95 W, 64
2026/08/14 02:52:54.402, NVIDIA GeForce RTX 4090, 92 %, 53 %, 19206 MiB, 49140 MiB, 287.67 W, 67
2026/08/14 02:52:55.402, NVIDIA GeForce RTX 4090, 59 %, 31 %, 19206 MiB, 49140 MiB, 267.67 W, 63
2026/08/14 02:52:56.402, NVIDIA GeForce RTX 4090, 31 %, 13 %, 19206 MiB, 49140 MiB, 264.14 W, 64
2026/08/14 02:52:57.402, NVIDIA GeForce RTX 4090, 20 %, 7 %, 19206 MiB, 49140 MiB, 268.46 W, 63
2026/08/14 02:52:58.402, NVIDIA GeForce RTX 4090, 35 %, 12 %, 19206 MiB, 49140 MiB, 267.95 W, 65
2026/08/14 02:52:59.403, NVIDIA GeForce RTX 4090, 38 %, 13 %, 19206 MiB, 49140 MiB, 274.51 W, 64
2026/08/14 02:53:00.403, NVIDIA GeForce RTX 4090, 55 %, 22 %, 19206 MiB, 49140 MiB, 278.70 W, 65
2026/08/14 02:53:01.403, NVIDIA GeForce RTX 4090, 77 %, 37 %, 19206 MiB, 49140 MiB, 301.29 W, 64
2026/08/14 02:53:02.483, NVIDIA GeForce RTX 4090, 60 %, 33 %, 19206 MiB, 49140 MiB, 300.79 W, 67
2026/08/14 02:53:03.484, NVIDIA GeForce RTX 4090, 33 %, 11 %, 19206 MiB, 49140 MiB, 288.69 W, 67
2026/08/14 02:53:04.484, NVIDIA GeForce RTX 4090, 42 %, 15 %, 19206 MiB, 49140 MiB, 275.76 W, 65
2026/08/14 02:53:05.484, NVIDIA GeForce RTX 4090, 39 %, 13 %, 19206 MiB, 49140 MiB, 273.91 W, 63
2026/08/14 02:53:06.484, NVIDIA GeForce RTX 4090, 55 %, 22 %, 19206 MiB, 49140 MiB, 278.30 W, 64
2026/08/14 02:53:07.485, NVIDIA GeForce RTX 4090, 0 %, 0 %, 19206 MiB, 49140 MiB, 321.39 W, 56
2026/08/14 02:53:08.485, NVIDIA GeForce RTX 4090, 0 %, 0 %, 19206 MiB, 49140 MiB, 105.08 W, 54
2026/08/14 02:53:09.485, NVIDIA GeForce RTX 4090, 0 %, 0 %, 19206 MiB, 49140 MiB, 98.24 W, 52
2026/08/14 02:53:10.485, NVIDIA GeForce RTX 4090, 38 %, 13 %, 19206 MiB, 49140 MiB, 194.32 W, 61
2026/08/14 02:53:11.485, NVIDIA GeForce RTX 4090, 22 %, 8 %, 19206 MiB, 49140 MiB, 258.94 W, 61
2026/08/14 02:53:12.486, NVIDIA GeForce RTX 4090, 45 %, 16 %, 19206 MiB, 49140 MiB, 259.58 W, 62
2026/08/14 02:53:13.486, NVIDIA GeForce RTX 4090, 39 %, 13 %, 19206 MiB, 49140 MiB, 260.16 W, 62
2026/08/14 02:53:14.486, NVIDIA GeForce RTX 4090, 55 %, 22 %, 19206 MiB, 49140 MiB, 277.12 W, 63
2026/08/14 02:53:15.486, NVIDIA GeForce RTX 4090, 63 %, 25 %, 19206 MiB, 49140 MiB, 285.43 W, 63
2026/08/14 02:53:16.487, NVIDIA GeForce RTX 4090, 62 %, 34 %, 19206 MiB, 49140 MiB, 307.85 W, 65
2026/08/14 02:53:17.487, NVIDIA GeForce RTX 4090, 29 %, 12 %, 19206 MiB, 49140 MiB, 272.99 W, 64
2026/08/14 02:53:18.487, NVIDIA GeForce RTX 4090, 38 %, 14 %, 19206 MiB, 49140 MiB, 273.92 W, 63
2026/08/14 02:53:19.488, NVIDIA GeForce RTX 4090, 34 %, 11 %, 19206 MiB, 49140 MiB, 268.81 W, 63
2026/08/14 02:53:20.488, NVIDIA GeForce RTX 4090, 40 %, 15 %, 19206 MiB, 49140 MiB, 279.50 W, 62
2026/08/14 02:53:21.488, NVIDIA GeForce RTX 4090, 67 %, 37 %, 19206 MiB, 49140 MiB, 286.57 W, 62
2026/08/14 02:53:22.488, NVIDIA GeForce RTX 4090, 76 %, 43 %, 19206 MiB, 49140 MiB, 290.16 W, 63
2026/08/14 02:53:23.489, NVIDIA GeForce RTX 4090, 45 %, 21 %, 19206 MiB, 49140 MiB, 287.33 W, 62
2026/08/14 02:53:24.489, NVIDIA GeForce RTX 4090, 40 %, 14 %, 19206 MiB, 49140 MiB, 279.78 W, 64
2026/08/14 02:53:25.489, NVIDIA GeForce RTX 4090, 49 %, 17 %, 19206 MiB, 49140 MiB, 276.26 W, 63
2026/08/14 02:53:26.490, NVIDIA GeForce RTX 4090, 40 %, 15 %, 19206 MiB, 49140 MiB, 283.25 W, 62
2026/08/14 02:53:27.490, NVIDIA GeForce RTX 4090, 67 %, 38 %, 19206 MiB, 49140 MiB, 292.84 W, 62
2026/08/14 02:53:28.490, NVIDIA GeForce RTX 4090, 89 %, 48 %, 19206 MiB, 49140 MiB, 305.32 W, 65
2026/08/14 02:53:29.491, NVIDIA GeForce RTX 4090, 39 %, 15 %, 19206 MiB, 49140 MiB, 286.97 W, 63
2026/08/14 02:53:30.491, NVIDIA GeForce RTX 4090, 16 %, 6 %, 19206 MiB, 49140 MiB, 269.01 W, 61
2026/08/14 02:53:31.491, NVIDIA GeForce RTX 4090, 35 %, 12 %, 19206 MiB, 49140 MiB, 269.10 W, 62
2026/08/14 02:53:32.492, NVIDIA GeForce RTX 4090, 57 %, 21 %, 19206 MiB, 49140 MiB, 275.71 W, 61
2026/08/14 02:53:33.492, NVIDIA GeForce RTX 4090, 69 %, 33 %, 19206 MiB, 49140 MiB, 282.74 W, 62
2026/08/14 02:53:34.492, NVIDIA GeForce RTX 4090, 80 %, 46 %, 19206 MiB, 49140 MiB, 296.22 W, 63
2026/08/14 02:53:35.493, NVIDIA GeForce RTX 4090, 64 %, 34 %, 19206 MiB, 49140 MiB, 286.99 W, 64
2026/08/14 02:53:36.493, NVIDIA GeForce RTX 4090, 32 %, 11 %, 19206 MiB, 49140 MiB, 286.93 W, 63
2026/08/14 02:53:37.493, NVIDIA GeForce RTX 4090, 35 %, 13 %, 19206 MiB, 49140 MiB, 267.18 W, 60
2026/08/14 02:53:38.493, NVIDIA GeForce RTX 4090, 43 %, 15 %, 19206 MiB, 49140 MiB, 275.71 W, 61
2026/08/14 02:53:39.494, NVIDIA GeForce RTX 4090, 51 %, 18 %, 19206 MiB, 49140 MiB, 274.13 W, 61
2026/08/14 02:53:40.494, NVIDIA GeForce RTX 4090, 83 %, 51 %, 19206 MiB, 49140 MiB, 296.75 W, 62
2026/08/14 02:53:41.494, NVIDIA GeForce RTX 4090, 62 %, 33 %, 19206 MiB, 49140 MiB, 295.26 W, 61
2026/08/14 02:53:42.494, NVIDIA GeForce RTX 4090, 39 %, 15 %, 19206 MiB, 49140 MiB, 275.16 W, 62
2026/08/14 02:53:43.495, NVIDIA GeForce RTX 4090, 36 %, 13 %, 19206 MiB, 49140 MiB, 274.95 W, 61
2026/08/14 02:53:44.495, NVIDIA GeForce RTX 4090, 35 %, 12 %, 19206 MiB, 49140 MiB, 266.93 W, 60
2026/08/14 02:53:45.495, NVIDIA GeForce RTX 4090, 41 %, 16 %, 19206 MiB, 49140 MiB, 278.26 W, 61
2026/08/14 02:53:46.495, NVIDIA GeForce RTX 4090, 64 %, 25 %, 19206 MiB, 49140 MiB, 290.42 W, 60
2026/08/14 02:53:47.495, NVIDIA GeForce RTX 4090, 79 %, 46 %, 19206 MiB, 49140 MiB, 286.05 W, 61
2026/08/14 02:53:48.496, NVIDIA GeForce RTX 4090, 54 %, 23 %, 19206 MiB, 49140 MiB, 296.55 W, 65
2026/08/14 02:53:49.496, NVIDIA GeForce RTX 4090, 38 %, 13 %, 19206 MiB, 49140 MiB, 278.36 W, 60
2026/08/14 02:53:50.496, NVIDIA GeForce RTX 4090, 35 %, 12 %, 19206 MiB, 49140 MiB, 265.65 W, 60
2026/08/14 02:53:51.496, NVIDIA GeForce RTX 4090, 41 %, 15 %, 19206 MiB, 49140 MiB, 273.17 W, 60
2026/08/14 02:53:52.496, NVIDIA GeForce RTX 4090, 69 %, 33 %, 19206 MiB, 49140 MiB, 285.12 W, 60
2026/08/14 02:53:53.496, NVIDIA GeForce RTX 4090, 100 %, 53 %, 19206 MiB, 49140 MiB, 312.92 W, 62
2026/08/14 02:53:54.497, NVIDIA GeForce RTX 4090, 36 %, 12 %, 19206 MiB, 49140 MiB, 351.53 W, 59
2026/08/14 02:53:55.497, NVIDIA GeForce RTX 4090, 42 %, 15 %, 19206 MiB, 49140 MiB, 277.93 W, 61
2026/08/14 02:53:56.497, NVIDIA GeForce RTX 4090, 67 %, 32 %, 19206 MiB, 49140 MiB, 286.56 W, 60
2026/08/14 02:53:57.497, NVIDIA GeForce RTX 4090, 81 %, 49 %, 19206 MiB, 49140 MiB, 287.56 W, 60
2026/08/14 02:53:58.497, NVIDIA GeForce RTX 4090, 68 %, 35 %, 19206 MiB, 49140 MiB, 297.24 W, 63
2026/08/14 02:53:59.498, NVIDIA GeForce RTX 4090, 34 %, 13 %, 19206 MiB, 49140 MiB, 282.34 W, 60
2026/08/14 02:54:00.498, NVIDIA GeForce RTX 4090, 37 %, 13 %, 19206 MiB, 49140 MiB, 275.58 W, 58
2026/08/14 02:54:01.498, NVIDIA GeForce RTX 4090, 41 %, 16 %, 19206 MiB, 49140 MiB, 284.33 W, 61
2026/08/14 02:54:02.498, NVIDIA GeForce RTX 4090, 67 %, 37 %, 19206 MiB, 49140 MiB, 288.87 W, 59
2026/08/14 02:54:03.498, NVIDIA GeForce RTX 4090, 75 %, 39 %, 19206 MiB, 49140 MiB, 299.45 W, 64
2026/08/14 02:54:04.499, NVIDIA GeForce RTX 4090, 24 %, 10 %, 19206 MiB, 49140 MiB, 284.80 W, 62
2026/08/14 02:54:05.499, NVIDIA GeForce RTX 4090, 30 %, 11 %, 19206 MiB, 49140 MiB, 275.47 W, 62
2026/08/14 02:54:06.499, NVIDIA GeForce RTX 4090, 35 %, 12 %, 19206 MiB, 49140 MiB, 272.59 W, 61
2026/08/14 02:54:07.499, NVIDIA GeForce RTX 4090, 42 %, 15 %, 19206 MiB, 49140 MiB, 270.59 W, 61
2026/08/14 02:54:08.499, NVIDIA GeForce RTX 4090, 55 %, 22 %, 19206 MiB, 49140 MiB, 276.13 W, 61
2026/08/14 02:54:09.499, NVIDIA GeForce RTX 4090, 76 %, 46 %, 19206 MiB, 49140 MiB, 294.30 W, 61
2026/08/14 02:54:10.499, NVIDIA GeForce RTX 4090, 76 %, 39 %, 19206 MiB, 49140 MiB, 288.55 W, 64
2026/08/14 02:54:11.500, NVIDIA GeForce RTX 4090, 25 %, 13 %, 19206 MiB, 49140 MiB, 276.80 W, 58
2026/08/14 02:54:12.500, NVIDIA GeForce RTX 4090, 27 %, 9 %, 19206 MiB, 49140 MiB, 271.62 W, 59
2026/08/14 02:54:13.500, NVIDIA GeForce RTX 4090, 36 %, 13 %, 19206 MiB, 49140 MiB, 265.16 W, 59
2026/08/14 02:54:14.500, NVIDIA GeForce RTX 4090, 35 %, 12 %, 19206 MiB, 49140 MiB, 267.90 W, 60
2026/08/14 02:54:15.500, NVIDIA GeForce RTX 4090, 44 %, 16 %, 19206 MiB, 49140 MiB, 272.92 W, 61
2026/08/14 02:54:16.500, NVIDIA GeForce RTX 4090, 54 %, 22 %, 19206 MiB, 49140 MiB, 275.01 W, 60
2026/08/14 02:54:17.501, NVIDIA GeForce RTX 4090, 75 %, 46 %, 19206 MiB, 49140 MiB, 292.37 W, 61
2026/08/14 02:54:18.501, NVIDIA GeForce RTX 4090, 72 %, 36 %, 19206 MiB, 49140 MiB, 297.19 W, 61
2026/08/14 02:54:19.501, NVIDIA GeForce RTX 4090, 33 %, 11 %, 19206 MiB, 49140 MiB, 290.51 W, 59
2026/08/14 02:54:20.501, NVIDIA GeForce RTX 4090, 39 %, 13 %, 19206 MiB, 49140 MiB, 280.95 W, 60
2026/08/14 02:54:21.501, NVIDIA GeForce RTX 4090, 40 %, 15 %, 19206 MiB, 49140 MiB, 270.58 W, 60
2026/08/14 02:54:22.502, NVIDIA GeForce RTX 4090, 69 %, 38 %, 19206 MiB, 49140 MiB, 292.87 W, 60
2026/08/14 02:54:23.502, NVIDIA GeForce RTX 4090, 72 %, 45 %, 19206 MiB, 49140 MiB, 287.29 W, 64
2026/08/14 02:54:24.502, NVIDIA GeForce RTX 4090, 72 %, 37 %, 19206 MiB, 49140 MiB, 284.65 W, 60
2026/08/14 02:54:25.502, NVIDIA GeForce RTX 4090, 26 %, 9 %, 19206 MiB, 49140 MiB, 278.10 W, 58
2026/08/14 02:54:26.502, NVIDIA GeForce RTX 4090, 34 %, 12 %, 19206 MiB, 49140 MiB, 273.45 W, 58
2026/08/14 02:54:27.502, NVIDIA GeForce RTX 4090, 45 %, 16 %, 19206 MiB, 49140 MiB, 272.18 W, 58
2026/08/14 02:54:28.503, NVIDIA GeForce RTX 4090, 46 %, 18 %, 19206 MiB, 49140 MiB, 274.73 W, 58
2026/08/14 02:54:29.503, NVIDIA GeForce RTX 4090, 69 %, 39 %, 19206 MiB, 49140 MiB, 282.30 W, 59
2026/08/14 02:54:30.503, NVIDIA GeForce RTX 4090, 72 %, 45 %, 19206 MiB, 49140 MiB, 286.87 W, 64
2026/08/14 02:54:31.503, NVIDIA GeForce RTX 4090, 87 %, 43 %, 19206 MiB, 49140 MiB, 290.45 W, 62
2026/08/14 02:54:32.503, NVIDIA GeForce RTX 4090, 29 %, 10 %, 19206 MiB, 49140 MiB, 285.91 W, 59
2026/08/14 02:54:33.503, NVIDIA GeForce RTX 4090, 34 %, 12 %, 19206 MiB, 49140 MiB, 271.77 W, 59
2026/08/14 02:54:34.504, NVIDIA GeForce RTX 4090, 34 %, 11 %, 19206 MiB, 49140 MiB, 268.44 W, 58
2026/08/14 02:54:35.504, NVIDIA GeForce RTX 4090, 42 %, 15 %, 19206 MiB, 49140 MiB, 273.45 W, 58
2026/08/14 02:54:36.504, NVIDIA GeForce RTX 4090, 54 %, 21 %, 19206 MiB, 49140 MiB, 276.76 W, 57
2026/08/14 02:54:37.504, NVIDIA GeForce RTX 4090, 67 %, 37 %, 19206 MiB, 49140 MiB, 279.97 W, 58
2026/08/14 02:54:38.504, NVIDIA GeForce RTX 4090, 0 %, 0 %, 19206 MiB, 49140 MiB, 302.20 W, 54
2026/08/14 02:54:39.504, NVIDIA GeForce RTX 4090, 0 %, 0 %, 19206 MiB, 49140 MiB, 104.46 W, 52
2026/08/14 02:54:40.505, NVIDIA GeForce RTX 4090, 2 %, 0 %, 19206 MiB, 49140 MiB, 94.55 W, 51
2026/08/14 02:54:41.505, NVIDIA GeForce RTX 4090, 67 %, 38 %, 19206 MiB, 49140 MiB, 232.22 W, 57
2026/08/14 02:54:42.505, NVIDIA GeForce RTX 4090, 55 %, 34 %, 19206 MiB, 49140 MiB, 281.44 W, 64
2026/08/14 02:54:43.505, NVIDIA GeForce RTX 4090, 86 %, 47 %, 19206 MiB, 49140 MiB, 287.24 W, 59
2026/08/14 02:54:44.505, NVIDIA GeForce RTX 4090, 49 %, 21 %, 19206 MiB, 49140 MiB, 287.73 W, 59
2026/08/14 02:54:45.506, NVIDIA GeForce RTX 4090, 16 %, 5 %, 19206 MiB, 49140 MiB, 269.75 W, 55
2026/08/14 02:54:46.506, NVIDIA GeForce RTX 4090, 36 %, 13 %, 19206 MiB, 49140 MiB, 260.56 W, 55
2026/08/14 02:54:47.506, NVIDIA GeForce RTX 4090, 26 %, 10 %, 19206 MiB, 49140 MiB, 260.28 W, 55
2026/08/14 02:54:48.506, NVIDIA GeForce RTX 4090, 25 %, 9 %, 19206 MiB, 49140 MiB, 268.45 W, 55
2026/08/14 02:54:49.506, NVIDIA GeForce RTX 4090, 21 %, 7 %, 19206 MiB, 49140 MiB, 251.29 W, 54
2026/08/14 02:54:50.507, NVIDIA GeForce RTX 4090, 36 %, 12 %, 19206 MiB, 49140 MiB, 266.92 W, 55
2026/08/14 02:54:51.507, NVIDIA GeForce RTX 4090, 21 %, 8 %, 19206 MiB, 49140 MiB, 263.85 W, 55
2026/08/14 02:54:52.507, NVIDIA GeForce RTX 4090, 66 %, 32 %, 19206 MiB, 49140 MiB, 275.86 W, 58
2026/08/14 02:54:53.507, NVIDIA GeForce RTX 4090, 71 %, 40 %, 19206 MiB, 49140 MiB, 283.38 W, 64
2026/08/14 02:54:54.583, NVIDIA GeForce RTX 4090, 72 %, 43 %, 19206 MiB, 49140 MiB, 275.05 W, 59
2026/08/14 02:54:55.584, NVIDIA GeForce RTX 4090, 78 %, 40 %, 19206 MiB, 49140 MiB, 289.94 W, 58
2026/08/14 02:54:56.584, NVIDIA GeForce RTX 4090, 34 %, 13 %, 19206 MiB, 49140 MiB, 287.51 W, 56
2026/08/14 02:54:57.584, NVIDIA GeForce RTX 4090, 38 %, 13 %, 19206 MiB, 49140 MiB, 275.75 W, 56
2026/08/14 02:54:58.584, NVIDIA GeForce RTX 4090, 43 %, 15 %, 19206 MiB, 49140 MiB, 275.33 W, 56
2026/08/14 02:54:59.585, NVIDIA GeForce RTX 4090, 66 %, 32 %, 19206 MiB, 49140 MiB, 282.92 W, 58
2026/08/14 02:55:00.585, NVIDIA GeForce RTX 4090, 74 %, 42 %, 19206 MiB, 49140 MiB, 285.65 W, 66
2026/08/14 02:55:01.585, NVIDIA GeForce RTX 4090, 48 %, 23 %, 19206 MiB, 49140 MiB, 301.35 W, 58
2026/08/14 02:55:02.586, NVIDIA GeForce RTX 4090, 33 %, 11 %, 19206 MiB, 49140 MiB, 274.02 W, 56
2026/08/14 02:55:03.586, NVIDIA GeForce RTX 4090, 35 %, 12 %, 19206 MiB, 49140 MiB, 271.42 W, 56
2026/08/14 02:55:04.586, NVIDIA GeForce RTX 4090, 64 %, 23 %, 19206 MiB, 49140 MiB, 277.80 W, 58
2026/08/14 02:55:05.587, NVIDIA GeForce RTX 4090, 66 %, 37 %, 19206 MiB, 49140 MiB, 288.45 W, 59
2026/08/14 02:55:06.587, NVIDIA GeForce RTX 4090, 90 %, 47 %, 19206 MiB, 49140 MiB, 295.42 W, 65
2026/08/14 02:55:07.587, NVIDIA GeForce RTX 4090, 39 %, 15 %, 19206 MiB, 49140 MiB, 291.89 W, 57
2026/08/14 02:55:08.587, NVIDIA GeForce RTX 4090, 36 %, 13 %, 19206 MiB, 49140 MiB, 282.78 W, 57
2026/08/14 02:55:09.588, NVIDIA GeForce RTX 4090, 45 %, 16 %, 19206 MiB, 49140 MiB, 274.65 W, 56
2026/08/14 02:55:10.588, NVIDIA GeForce RTX 4090, 53 %, 21 %, 19206 MiB, 49140 MiB, 274.02 W, 57
2026/08/14 02:55:11.588, NVIDIA GeForce RTX 4090, 63 %, 37 %, 19206 MiB, 49140 MiB, 278.41 W, 59
2026/08/14 02:55:12.589, NVIDIA GeForce RTX 4090, 72 %, 43 %, 19206 MiB, 49140 MiB, 280.76 W, 62
2026/08/14 02:55:13.589, NVIDIA GeForce RTX 4090, 60 %, 28 %, 19206 MiB, 49140 MiB, 299.96 W, 57
2026/08/14 02:55:14.589, NVIDIA GeForce RTX 4090, 34 %, 12 %, 19206 MiB, 49140 MiB, 287.31 W, 57
2026/08/14 02:55:15.589, NVIDIA GeForce RTX 4090, 41 %, 15 %, 19206 MiB, 49140 MiB, 280.25 W, 57
2026/08/14 02:55:16.590, NVIDIA GeForce RTX 4090, 63 %, 31 %, 19206 MiB, 49140 MiB, 282.78 W, 59
2026/08/14 02:55:17.590, NVIDIA GeForce RTX 4090, 89 %, 48 %, 19206 MiB, 49140 MiB, 309.68 W, 59
2026/08/14 02:55:18.590, NVIDIA GeForce RTX 4090, 39 %, 15 %, 19206 MiB, 49140 MiB, 281.15 W, 57
2026/08/14 02:55:19.590, NVIDIA GeForce RTX 4090, 33 %, 11 %, 19206 MiB, 49140 MiB, 268.09 W, 56
2026/08/14 02:55:20.590, NVIDIA GeForce RTX 4090, 35 %, 12 %, 19206 MiB, 49140 MiB, 275.59 W, 56
2026/08/14 02:55:21.590, NVIDIA GeForce RTX 4090, 40 %, 14 %, 19206 MiB, 49140 MiB, 272.65 W, 57
2026/08/14 02:55:22.591, NVIDIA GeForce RTX 4090, 53 %, 21 %, 19206 MiB, 49140 MiB, 271.98 W, 58
2026/08/14 02:55:23.591, NVIDIA GeForce RTX 4090, 61 %, 36 %, 19206 MiB, 49140 MiB, 280.23 W, 60
2026/08/14 02:55:24.591, NVIDIA GeForce RTX 4090, 72 %, 39 %, 19206 MiB, 49140 MiB, 284.43 W, 66
2026/08/14 02:55:25.591, NVIDIA GeForce RTX 4090, 32 %, 11 %, 19206 MiB, 49140 MiB, 357.79 W, 57
2026/08/14 02:55:26.591, NVIDIA GeForce RTX 4090, 24 %, 8 %, 19206 MiB, 49140 MiB, 266.57 W, 58
2026/08/14 02:55:27.592, NVIDIA GeForce RTX 4090, 43 %, 15 %, 19206 MiB, 49140 MiB, 275.22 W, 57
2026/08/14 02:55:28.592, NVIDIA GeForce RTX 4090, 48 %, 19 %, 19206 MiB, 49140 MiB, 278.21 W, 58
2026/08/14 02:55:29.592, NVIDIA GeForce RTX 4090, 61 %, 36 %, 19206 MiB, 49140 MiB, 280.62 W, 60
2026/08/14 02:55:30.592, NVIDIA GeForce RTX 4090, 92 %, 50 %, 19206 MiB, 49140 MiB, 303.07 W, 66
2026/08/14 02:55:31.592, NVIDIA GeForce RTX 4090, 31 %, 11 %, 19206 MiB, 49140 MiB, 298.28 W, 57
2026/08/14 02:55:32.593, NVIDIA GeForce RTX 4090, 38 %, 14 %, 19206 MiB, 49140 MiB, 279.78 W, 57
2026/08/14 02:55:33.593, NVIDIA GeForce RTX 4090, 43 %, 15 %, 19206 MiB, 49140 MiB, 279.10 W, 57
2026/08/14 02:55:34.593, NVIDIA GeForce RTX 4090, 59 %, 30 %, 19206 MiB, 49140 MiB, 281.48 W, 60
2026/08/14 02:55:35.593, NVIDIA GeForce RTX 4090, 73 %, 43 %, 19206 MiB, 49140 MiB, 294.62 W, 63
2026/08/14 02:55:36.593, NVIDIA GeForce RTX 4090, 74 %, 32 %, 19206 MiB, 49140 MiB, 303.87 W, 59
2026/08/14 02:55:37.593, NVIDIA GeForce RTX 4090, 23 %, 8 %, 19206 MiB, 49140 MiB, 280.37 W, 56
2026/08/14 02:55:38.594, NVIDIA GeForce RTX 4090, 34 %, 11 %, 19206 MiB, 49140 MiB, 271.49 W, 57
2026/08/14 02:55:39.594, NVIDIA GeForce RTX 4090, 44 %, 16 %, 19206 MiB, 49140 MiB, 274.37 W, 58
2026/08/14 02:55:40.594, NVIDIA GeForce RTX 4090, 59 %, 30 %, 19206 MiB, 49140 MiB, 282.80 W, 60
2026/08/14 02:55:41.594, NVIDIA GeForce RTX 4090, 93 %, 51 %, 19206 MiB, 49140 MiB, 303.63 W, 65
2026/08/14 02:55:42.595, NVIDIA GeForce RTX 4090, 46 %, 17 %, 19206 MiB, 49140 MiB, 295.17 W, 58
2026/08/14 02:55:43.595, NVIDIA GeForce RTX 4090, 39 %, 14 %, 19206 MiB, 49140 MiB, 283.72 W, 58
2026/08/14 02:55:44.595, NVIDIA GeForce RTX 4090, 43 %, 15 %, 19206 MiB, 49140 MiB, 277.76 W, 58
2026/08/14 02:55:45.595, NVIDIA GeForce RTX 4090, 77 %, 44 %, 19206 MiB, 49140 MiB, 303.56 W, 65
2026/08/14 02:55:46.595, NVIDIA GeForce RTX 4090, 89 %, 47 %, 19206 MiB, 49140 MiB, 300.55 W, 60
2026/08/14 02:55:47.595, NVIDIA GeForce RTX 4090, 47 %, 18 %, 19206 MiB, 49140 MiB, 287.54 W, 58
2026/08/14 02:55:48.595, NVIDIA GeForce RTX 4090, 37 %, 13 %, 19206 MiB, 49140 MiB, 283.00 W, 58
2026/08/14 02:55:49.595, NVIDIA GeForce RTX 4090, 40 %, 14 %, 19206 MiB, 49140 MiB, 275.58 W, 58
2026/08/14 02:55:50.596, NVIDIA GeForce RTX 4090, 56 %, 29 %, 19206 MiB, 49140 MiB, 275.87 W, 61
2026/08/14 02:55:51.596, NVIDIA GeForce RTX 4090, 72 %, 43 %, 19206 MiB, 49140 MiB, 289.34 W, 64
2026/08/14 02:55:52.596, NVIDIA GeForce RTX 4090, 92 %, 53 %, 19206 MiB, 49140 MiB, 282.73 W, 65
2026/08/14 02:55:53.596, NVIDIA GeForce RTX 4090, 32 %, 11 %, 19206 MiB, 49140 MiB, 306.98 W, 58
2026/08/14 02:55:54.597, NVIDIA GeForce RTX 4090, 39 %, 14 %, 19206 MiB, 49140 MiB, 263.57 W, 57
2026/08/14 02:55:55.597, NVIDIA GeForce RTX 4090, 43 %, 15 %, 19206 MiB, 49140 MiB, 275.39 W, 58
2026/08/14 02:55:56.597, NVIDIA GeForce RTX 4090, 58 %, 29 %, 19206 MiB, 49140 MiB, 279.57 W, 62
2026/08/14 02:55:57.597, NVIDIA GeForce RTX 4090, 93 %, 52 %, 19206 MiB, 49140 MiB, 309.19 W, 61
2026/08/14 02:55:58.597, NVIDIA GeForce RTX 4090, 35 %, 13 %, 19206 MiB, 49140 MiB, 294.89 W, 58
2026/08/14 02:55:59.598, NVIDIA GeForce RTX 4090, 27 %, 9 %, 19206 MiB, 49140 MiB, 272.60 W, 58
2026/08/14 02:56:00.598, NVIDIA GeForce RTX 4090, 38 %, 13 %, 19206 MiB, 49140 MiB, 273.02 W, 58
2026/08/14 02:56:01.598, NVIDIA GeForce RTX 4090, 45 %, 16 %, 19206 MiB, 49140 MiB, 278.51 W, 58
2026/08/14 02:56:02.598, NVIDIA GeForce RTX 4090, 53 %, 21 %, 19206 MiB, 49140 MiB, 274.36 W, 59
2026/08/14 02:56:03.598, NVIDIA GeForce RTX 4090, 61 %, 34 %, 19206 MiB, 49140 MiB, 276.49 W, 62
2026/08/14 02:56:04.598, NVIDIA GeForce RTX 4090, 93 %, 53 %, 19206 MiB, 49140 MiB, 300.26 W, 65
2026/08/14 02:56:05.598, NVIDIA GeForce RTX 4090, 27 %, 10 %, 19206 MiB, 49140 MiB, 294.52 W, 57
2026/08/14 02:56:06.599, NVIDIA GeForce RTX 4090, 31 %, 11 %, 19206 MiB, 49140 MiB, 273.00 W, 58
2026/08/14 02:56:07.599, NVIDIA GeForce RTX 4090, 40 %, 13 %, 19206 MiB, 49140 MiB, 277.15 W, 58
2026/08/14 02:56:08.599, NVIDIA GeForce RTX 4090, 23 %, 14 %, 19206 MiB, 49140 MiB, 342.13 W, 57
2026/08/14 02:56:09.599, NVIDIA GeForce RTX 4090, 0 %, 0 %, 19206 MiB, 49140 MiB, 112.26 W, 53
2026/08/14 02:56:10.600, NVIDIA GeForce RTX 4090, 0 %, 0 %, 19206 MiB, 49140 MiB, 101.03 W, 52
2026/08/14 02:56:11.600, NVIDIA GeForce RTX 4090, 28 %, 10 %, 19206 MiB, 49140 MiB, 155.89 W, 55
2026/08/14 02:56:12.600, NVIDIA GeForce RTX 4090, 36 %, 13 %, 19206 MiB, 49140 MiB, 266.43 W, 56
2026/08/14 02:56:13.600, NVIDIA GeForce RTX 4090, 34 %, 11 %, 19206 MiB, 49140 MiB, 271.25 W, 57
2026/08/14 02:56:14.600, NVIDIA GeForce RTX 4090, 44 %, 15 %, 19206 MiB, 49140 MiB, 265.70 W, 57
2026/08/14 02:56:15.601, NVIDIA GeForce RTX 4090, 51 %, 26 %, 19206 MiB, 49140 MiB, 281.62 W, 62
2026/08/14 02:56:16.601, NVIDIA GeForce RTX 4090, 93 %, 54 %, 19206 MiB, 49140 MiB, 307.38 W, 61
2026/08/14 02:56:17.601, NVIDIA GeForce RTX 4090, 46 %, 21 %, 19206 MiB, 49140 MiB, 296.79 W, 58
2026/08/14 02:56:18.601, NVIDIA GeForce RTX 4090, 36 %, 13 %, 19206 MiB, 49140 MiB, 279.81 W, 57
2026/08/14 02:56:19.601, NVIDIA GeForce RTX 4090, 40 %, 13 %, 19206 MiB, 49140 MiB, 273.07 W, 57
2026/08/14 02:56:20.601, NVIDIA GeForce RTX 4090, 47 %, 19 %, 19206 MiB, 49140 MiB, 278.23 W, 59
2026/08/14 02:56:21.602, NVIDIA GeForce RTX 4090, 73 %, 42 %, 19206 MiB, 49140 MiB, 290.95 W, 64
2026/08/14 02:56:22.602, NVIDIA GeForce RTX 4090, 58 %, 28 %, 19206 MiB, 49140 MiB, 309.98 W, 60
2026/08/14 02:56:23.602, NVIDIA GeForce RTX 4090, 33 %, 13 %, 19206 MiB, 49140 MiB, 276.78 W, 58
2026/08/14 02:56:24.602, NVIDIA GeForce RTX 4090, 34 %, 12 %, 19206 MiB, 49140 MiB, 272.96 W, 58
2026/08/14 02:56:25.603, NVIDIA GeForce RTX 4090, 42 %, 15 %, 19206 MiB, 49140 MiB, 276.83 W, 58
2026/08/14 02:56:26.603, NVIDIA GeForce RTX 4090, 49 %, 20 %, 19206 MiB, 49140 MiB, 266.38 W, 59
2026/08/14 02:56:27.603, NVIDIA GeForce RTX 4090, 74 %, 42 %, 19206 MiB, 49140 MiB, 286.20 W, 64
2026/08/14 02:56:28.603, NVIDIA GeForce RTX 4090, 94 %, 54 %, 19206 MiB, 49140 MiB, 290.23 W, 65
2026/08/14 02:56:29.604, NVIDIA GeForce RTX 4090, 55 %, 24 %, 19206 MiB, 49140 MiB, 296.84 W, 59
2026/08/14 02:56:30.604, NVIDIA GeForce RTX 4090, 38 %, 13 %, 19206 MiB, 49140 MiB, 278.34 W, 58
2026/08/14 02:56:31.604, NVIDIA GeForce RTX 4090, 39 %, 13 %, 19206 MiB, 49140 MiB, 272.55 W, 59
2026/08/14 02:56:32.604, NVIDIA GeForce RTX 4090, 53 %, 21 %, 19206 MiB, 49140 MiB, 277.82 W, 60
2026/08/14 02:56:33.605, NVIDIA GeForce RTX 4090, 73 %, 42 %, 19206 MiB, 49140 MiB, 286.40 W, 64
2026/08/14 02:56:34.605, NVIDIA GeForce RTX 4090, 86 %, 45 %, 19206 MiB, 49140 MiB, 300.83 W, 62
2026/08/14 02:56:35.605, NVIDIA GeForce RTX 4090, 57 %, 25 %, 19206 MiB, 49140 MiB, 288.32 W, 59
2026/08/14 02:56:36.605, NVIDIA GeForce RTX 4090, 36 %, 13 %, 19206 MiB, 49140 MiB, 281.05 W, 59
2026/08/14 02:56:37.606, NVIDIA GeForce RTX 4090, 34 %, 11 %, 19206 MiB, 49140 MiB, 269.14 W, 58
2026/08/14 02:56:38.606, NVIDIA GeForce RTX 4090, 51 %, 20 %, 19206 MiB, 49140 MiB, 280.81 W, 60
2026/08/14 02:56:39.606, NVIDIA GeForce RTX 4090, 75 %, 44 %, 19206 MiB, 49140 MiB, 290.01 W, 64
2026/08/14 02:56:40.606, NVIDIA GeForce RTX 4090, 91 %, 54 %, 19206 MiB, 49140 MiB, 291.85 W, 63
2026/08/14 02:56:41.607, NVIDIA GeForce RTX 4090, 42 %, 16 %, 19206 MiB, 49140 MiB, 305.91 W, 59
2026/08/14 02:56:42.607, NVIDIA GeForce RTX 4090, 39 %, 14 %, 19206 MiB, 49140 MiB, 280.69 W, 59
2026/08/14 02:56:43.607, NVIDIA GeForce RTX 4090, 29 %, 9 %, 19206 MiB, 49140 MiB, 262.31 W, 57
2026/08/14 02:56:44.608, NVIDIA GeForce RTX 4090, 46 %, 17 %, 19206 MiB, 49140 MiB, 274.85 W, 59
2026/08/14 02:56:45.608, NVIDIA GeForce RTX 4090, 60 %, 32 %, 19206 MiB, 49140 MiB, 282.76 W, 66
2026/08/14 02:56:46.608, NVIDIA GeForce RTX 4090, 75 %, 45 %, 19206 MiB, 49140 MiB, 276.79 W, 67
2026/08/14 02:56:47.608, NVIDIA GeForce RTX 4090, 89 %, 48 %, 19206 MiB, 49140 MiB, 289.06 W, 63
2026/08/14 02:56:48.609, NVIDIA GeForce RTX 4090, 55 %, 21 %, 19206 MiB, 49140 MiB, 296.37 W, 59
2026/08/14 02:56:49.609, NVIDIA GeForce RTX 4090, 43 %, 14 %, 19206 MiB, 49140 MiB, 294.91 W, 60
2026/08/14 02:56:50.609, NVIDIA GeForce RTX 4090, 52 %, 20 %, 19206 MiB, 49140 MiB, 278.73 W, 62
2026/08/14 02:56:51.609, NVIDIA GeForce RTX 4090, 74 %, 43 %, 19206 MiB, 49140 MiB, 288.07 W, 65
2026/08/14 02:56:52.609, NVIDIA GeForce RTX 4090, 90 %, 50 %, 19206 MiB, 49140 MiB, 301.73 W, 64
2026/08/14 02:56:53.609, NVIDIA GeForce RTX 4090, 53 %, 20 %, 19206 MiB, 49140 MiB, 286.62 W, 59
2026/08/14 02:56:54.610, NVIDIA GeForce RTX 4090, 100 %, 52 %, 19206 MiB, 49140 MiB, 323.21 W, 68
2026/08/14 02:56:55.610, NVIDIA GeForce RTX 4090, 54 %, 26 %, 19206 MiB, 49140 MiB, 308.81 W, 66
2026/08/14 02:56:56.610, NVIDIA GeForce RTX 4090, 74 %, 45 %, 19206 MiB, 49140 MiB, 290.89 W, 67
2026/08/14 02:56:57.610, NVIDIA GeForce RTX 4090, 67 %, 30 %, 19206 MiB, 49140 MiB, 309.85 W, 61
2026/08/14 02:56:58.610, NVIDIA GeForce RTX 4090, 39 %, 13 %, 19206 MiB, 49140 MiB, 289.89 W, 60
2026/08/14 02:56:59.611, NVIDIA GeForce RTX 4090, 39 %, 14 %, 19206 MiB, 49140 MiB, 273.91 W, 61
2026/08/14 02:57:00.611, NVIDIA GeForce RTX 4090, 65 %, 25 %, 19206 MiB, 49140 MiB, 275.38 W, 66
2026/08/14 02:57:01.611, NVIDIA GeForce RTX 4090, 74 %, 44 %, 19206 MiB, 49140 MiB, 300.38 W, 68
2026/08/14 02:57:02.683, NVIDIA GeForce RTX 4090, 90 %, 47 %, 19206 MiB, 49140 MiB, 292.23 W, 66
2026/08/14 02:57:03.683, NVIDIA GeForce RTX 4090, 45 %, 16 %, 19206 MiB, 49140 MiB, 295.61 W, 60
2026/08/14 02:57:04.684, NVIDIA GeForce RTX 4090, 45 %, 14 %, 19206 MiB, 49140 MiB, 283.52 W, 61
2026/08/14 02:57:05.684, NVIDIA GeForce RTX 4090, 52 %, 20 %, 19206 MiB, 49140 MiB, 285.41 W, 66
2026/08/14 02:57:06.684, NVIDIA GeForce RTX 4090, 94 %, 52 %, 19206 MiB, 49140 MiB, 310.26 W, 67
2026/08/14 02:57:07.684, NVIDIA GeForce RTX 4090, 33 %, 13 %, 19206 MiB, 49140 MiB, 295.99 W, 60
2026/08/14 02:57:08.684, NVIDIA GeForce RTX 4090, 46 %, 15 %, 19206 MiB, 49140 MiB, 281.66 W, 60
2026/08/14 02:57:09.685, NVIDIA GeForce RTX 4090, 52 %, 20 %, 19206 MiB, 49140 MiB, 286.01 W, 64
2026/08/14 02:57:10.685, NVIDIA GeForce RTX 4090, 73 %, 39 %, 19206 MiB, 49140 MiB, 302.98 W, 65
2026/08/14 02:57:11.685, NVIDIA GeForce RTX 4090, 89 %, 46 %, 19206 MiB, 49140 MiB, 298.85 W, 66
2026/08/14 02:57:12.686, NVIDIA GeForce RTX 4090, 44 %, 16 %, 19206 MiB, 49140 MiB, 302.79 W, 60
2026/08/14 02:57:13.686, NVIDIA GeForce RTX 4090, 34 %, 12 %, 19206 MiB, 49140 MiB, 270.15 W, 59
2026/08/14 02:57:14.686, NVIDIA GeForce RTX 4090, 43 %, 15 %, 19206 MiB, 49140 MiB, 276.18 W, 62
2026/08/14 02:57:15.686, NVIDIA GeForce RTX 4090, 45 %, 18 %, 19206 MiB, 49140 MiB, 298.09 W, 66
2026/08/14 02:57:16.687, NVIDIA GeForce RTX 4090, 94 %, 51 %, 19206 MiB, 49140 MiB, 300.10 W, 68
2026/08/14 02:57:17.687, NVIDIA GeForce RTX 4090, 55 %, 26 %, 19206 MiB, 49140 MiB, 283.55 W, 62
2026/08/14 02:57:18.687, NVIDIA GeForce RTX 4090, 34 %, 12 %, 19206 MiB, 49140 MiB, 273.51 W, 60
2026/08/14 02:57:19.687, NVIDIA GeForce RTX 4090, 42 %, 16 %, 19206 MiB, 49140 MiB, 281.96 W, 62
2026/08/14 02:57:20.688, NVIDIA GeForce RTX 4090, 66 %, 39 %, 19206 MiB, 49140 MiB, 287.89 W, 66
2026/08/14 02:57:21.688, NVIDIA GeForce RTX 4090, 93 %, 50 %, 19206 MiB, 49140 MiB, 303.11 W, 66
2026/08/14 02:57:22.688, NVIDIA GeForce RTX 4090, 50 %, 19 %, 19206 MiB, 49140 MiB, 283.87 W, 67
2026/08/14 02:57:23.688, NVIDIA GeForce RTX 4090, 24 %, 8 %, 19206 MiB, 49140 MiB, 266.29 W, 59
2026/08/14 02:57:24.689, NVIDIA GeForce RTX 4090, 36 %, 12 %, 19206 MiB, 49140 MiB, 269.09 W, 61
2026/08/14 02:57:25.689, NVIDIA GeForce RTX 4090, 39 %, 14 %, 19206 MiB, 49140 MiB, 272.39 W, 62
2026/08/14 02:57:26.689, NVIDIA GeForce RTX 4090, 70 %, 39 %, 19206 MiB, 49140 MiB, 290.99 W, 66
2026/08/14 02:57:27.689, NVIDIA GeForce RTX 4090, 53 %, 31 %, 19206 MiB, 49140 MiB, 308.13 W, 66
2026/08/14 02:57:28.690, NVIDIA GeForce RTX 4090, 24 %, 9 %, 19206 MiB, 49140 MiB, 278.95 W, 61
2026/08/14 02:57:29.690, NVIDIA GeForce RTX 4090, 22 %, 8 %, 19206 MiB, 49140 MiB, 262.86 W, 60
2026/08/14 02:57:30.690, NVIDIA GeForce RTX 4090, 38 %, 13 %, 19206 MiB, 49140 MiB, 279.11 W, 62
2026/08/14 02:57:31.690, NVIDIA GeForce RTX 4090, 44 %, 16 %, 19206 MiB, 49140 MiB, 276.79 W, 63
2026/08/14 02:57:32.691, NVIDIA GeForce RTX 4090, 69 %, 39 %, 19206 MiB, 49140 MiB, 285.70 W, 66
2026/08/14 02:57:33.691, NVIDIA GeForce RTX 4090, 88 %, 45 %, 19206 MiB, 49140 MiB, 320.33 W, 66
2026/08/14 02:57:34.691, NVIDIA GeForce RTX 4090, 23 %, 8 %, 19206 MiB, 49140 MiB, 288.58 W, 59
2026/08/14 02:57:35.691, NVIDIA GeForce RTX 4090, 32 %, 11 %, 19206 MiB, 49140 MiB, 268.69 W, 62
2026/08/14 02:57:36.691, NVIDIA GeForce RTX 4090, 45 %, 17 %, 19206 MiB, 49140 MiB, 275.09 W, 63
2026/08/14 02:57:37.692, NVIDIA GeForce RTX 4090, 0 %, 0 %, 19206 MiB, 49140 MiB, 330.67 W, 58
2026/08/14 02:57:38.692, NVIDIA GeForce RTX 4090, 0 %, 0 %, 19206 MiB, 49140 MiB, 106.43 W, 54
2026/08/14 02:57:39.692, NVIDIA GeForce RTX 4090, 0 %, 0 %, 19206 MiB, 49140 MiB, 101.92 W, 52
2026/08/14 02:57:40.693, NVIDIA GeForce RTX 4090, 37 %, 13 %, 19206 MiB, 49140 MiB, 187.87 W, 60
2026/08/14 02:57:41.693, NVIDIA GeForce RTX 4090, 20 %, 6 %, 19206 MiB, 49140 MiB, 264.83 W, 57
2026/08/14 02:57:42.693, NVIDIA GeForce RTX 4090, 44 %, 15 %, 19206 MiB, 49140 MiB, 262.80 W, 62
2026/08/14 02:57:43.693, NVIDIA GeForce RTX 4090, 35 %, 12 %, 19206 MiB, 49140 MiB, 259.07 W, 60
2026/08/14 02:57:44.694, NVIDIA GeForce RTX 4090, 24 %, 9 %, 19206 MiB, 49140 MiB, 260.04 W, 61
2026/08/14 02:57:45.694, NVIDIA GeForce RTX 4090, 70 %, 40 %, 19206 MiB, 49140 MiB, 293.30 W, 64
2026/08/14 02:57:46.694, NVIDIA GeForce RTX 4090, 99 %, 55 %, 19206 MiB, 49140 MiB, 294.98 W, 64
2026/08/14 02:57:47.694, NVIDIA GeForce RTX 4090, 19 %, 8 %, 19206 MiB, 49140 MiB, 293.97 W, 59
2026/08/14 02:57:48.695, NVIDIA GeForce RTX 4090, 26 %, 8 %, 19206 MiB, 49140 MiB, 277.65 W, 61
2026/08/14 02:57:49.695, NVIDIA GeForce RTX 4090, 38 %, 14 %, 19206 MiB, 49140 MiB, 275.36 W, 62
2026/08/14 02:57:50.695, NVIDIA GeForce RTX 4090, 36 %, 14 %, 19206 MiB, 49140 MiB, 270.78 W, 62
2026/08/14 02:57:51.695, NVIDIA GeForce RTX 4090, 63 %, 38 %, 19206 MiB, 49140 MiB, 295.08 W, 64
2026/08/14 02:57:52.696, NVIDIA GeForce RTX 4090, 48 %, 26 %, 19206 MiB, 49140 MiB, 298.60 W, 65
2026/08/14 02:57:53.696, NVIDIA GeForce RTX 4090, 31 %, 12 %, 19206 MiB, 49140 MiB, 278.52 W, 61
2026/08/14 02:57:54.696, NVIDIA GeForce RTX 4090, 33 %, 12 %, 19206 MiB, 49140 MiB, 280.19 W, 60
2026/08/14 02:57:55.696, NVIDIA GeForce RTX 4090, 23 %, 7 %, 19206 MiB, 49140 MiB, 265.06 W, 60
2026/08/14 02:57:56.697, NVIDIA GeForce RTX 4090, 36 %, 15 %, 19206 MiB, 49140 MiB, 279.48 W, 63
2026/08/14 02:57:57.697, NVIDIA GeForce RTX 4090, 71 %, 39 %, 19206 MiB, 49140 MiB, 289.80 W, 63
2026/08/14 02:57:58.697, NVIDIA GeForce RTX 4090, 83 %, 43 %, 19206 MiB, 49140 MiB, 309.07 W, 64
2026/08/14 02:57:59.697, NVIDIA GeForce RTX 4090, 26 %, 9 %, 19206 MiB, 49140 MiB, 288.43 W, 59
2026/08/14 02:58:00.698, NVIDIA GeForce RTX 4090, 35 %, 13 %, 19206 MiB, 49140 MiB, 272.93 W, 62
2026/08/14 02:58:01.698, NVIDIA GeForce RTX 4090, 43 %, 17 %, 19206 MiB, 49140 MiB, 283.36 W, 63
2026/08/14 02:58:02.699, NVIDIA GeForce RTX 4090, 58 %, 30 %, 19206 MiB, 49140 MiB, 284.08 W, 63
2026/08/14 02:58:03.699, NVIDIA GeForce RTX 4090, 93 %, 54 %, 19206 MiB, 49140 MiB, 305.31 W, 62
2026/08/14 02:58:04.699, NVIDIA GeForce RTX 4090, 52 %, 23 %, 19206 MiB, 49140 MiB, 293.66 W, 64
2026/08/14 02:58:05.700, NVIDIA GeForce RTX 4090, 21 %, 8 %, 19206 MiB, 49140 MiB, 279.93 W, 64
2026/08/14 02:58:06.700, NVIDIA GeForce RTX 4090, 33 %, 11 %, 19206 MiB, 49140 MiB, 276.92 W, 62
2026/08/14 02:58:07.700, NVIDIA GeForce RTX 4090, 36 %, 14 %, 19206 MiB, 49140 MiB, 276.80 W, 63
2026/08/14 02:58:08.700, NVIDIA GeForce RTX 4090, 72 %, 39 %, 19206 MiB, 49140 MiB, 291.58 W, 63
2026/08/14 02:58:09.701, NVIDIA GeForce RTX 4090, 84 %, 43 %, 19206 MiB, 49140 MiB, 309.79 W, 65
2026/08/14 02:58:10.701, NVIDIA GeForce RTX 4090, 39 %, 15 %, 19206 MiB, 49140 MiB, 280.86 W, 65
2026/08/14 02:58:11.701, NVIDIA GeForce RTX 4090, 37 %, 13 %, 19206 MiB, 49140 MiB, 276.37 W, 64
2026/08/14 02:58:12.701, NVIDIA GeForce RTX 4090, 24 %, 9 %, 19206 MiB, 49140 MiB, 277.51 W, 64
2026/08/14 02:58:13.702, NVIDIA GeForce RTX 4090, 74 %, 38 %, 19206 MiB, 49140 MiB, 294.19 W, 64
2026/08/14 02:58:14.702, NVIDIA GeForce RTX 4090, 92 %, 53 %, 19206 MiB, 49140 MiB, 301.80 W, 62
2026/08/14 02:58:15.702, NVIDIA GeForce RTX 4090, 30 %, 16 %, 19206 MiB, 49140 MiB, 278.61 W, 63
2026/08/14 02:58:16.702, NVIDIA GeForce RTX 4090, 20 %, 7 %, 19206 MiB, 49140 MiB, 278.49 W, 64
2026/08/14 02:58:17.703, NVIDIA GeForce RTX 4090, 31 %, 10 %, 19206 MiB, 49140 MiB, 273.09 W, 64
2026/08/14 02:58:18.703, NVIDIA GeForce RTX 4090, 36 %, 14 %, 19206 MiB, 49140 MiB, 275.27 W, 64
2026/08/14 02:58:19.703, NVIDIA GeForce RTX 4090, 62 %, 33 %, 19206 MiB, 49140 MiB, 289.86 W, 64
2026/08/14 02:58:20.703, NVIDIA GeForce RTX 4090, 84 %, 42 %, 19206 MiB, 49140 MiB, 308.09 W, 64
2026/08/14 02:58:21.704, NVIDIA GeForce RTX 4090, 39 %, 15 %, 19206 MiB, 49140 MiB, 278.01 W, 65
2026/08/14 02:58:22.704, NVIDIA GeForce RTX 4090, 33 %, 11 %, 19206 MiB, 49140 MiB, 278.36 W, 63
2026/08/14 02:58:23.704, NVIDIA GeForce RTX 4090, 100 %, 54 %, 19206 MiB, 49140 MiB, 347.84 W, 67
2026/08/14 02:58:24.704, NVIDIA GeForce RTX 4090, 98 %, 58 %, 19206 MiB, 49140 MiB, 303.88 W, 65
2026/08/14 02:58:25.704, NVIDIA GeForce RTX 4090, 51 %, 26 %, 19206 MiB, 49140 MiB, 302.17 W, 64
2026/08/14 02:58:26.705, NVIDIA GeForce RTX 4090, 21 %, 7 %, 19206 MiB, 49140 MiB, 274.99 W, 66
2026/08/14 02:58:27.705, NVIDIA GeForce RTX 4090, 31 %, 11 %, 19206 MiB, 49140 MiB, 275.50 W, 64
2026/08/14 02:58:28.705, NVIDIA GeForce RTX 4090, 62 %, 22 %, 19206 MiB, 49140 MiB, 276.40 W, 64
2026/08/14 02:58:29.705, NVIDIA GeForce RTX 4090, 53 %, 21 %, 19206 MiB, 49140 MiB, 276.16 W, 64
2026/08/14 02:58:30.705, NVIDIA GeForce RTX 4090, 99 %, 59 %, 19206 MiB, 49140 MiB, 301.53 W, 64
2026/08/14 02:58:31.706, NVIDIA GeForce RTX 4090, 72 %, 33 %, 19206 MiB, 49140 MiB, 302.94 W, 63
2026/08/14 02:58:32.706, NVIDIA GeForce RTX 4090, 32 %, 11 %, 19206 MiB, 49140 MiB, 285.06 W, 65
2026/08/14 02:58:33.706, NVIDIA GeForce RTX 4090, 22 %, 8 %, 19206 MiB, 49140 MiB, 269.39 W, 65
2026/08/14 02:58:34.707, NVIDIA GeForce RTX 4090, 46 %, 16 %, 19206 MiB, 49140 MiB, 277.79 W, 64
2026/08/14 02:58:35.707, NVIDIA GeForce RTX 4090, 71 %, 35 %, 19206 MiB, 49140 MiB, 288.09 W, 64
2026/08/14 02:58:36.707, NVIDIA GeForce RTX 4090, 93 %, 53 %, 19206 MiB, 49140 MiB, 301.29 W, 63
2026/08/14 02:58:37.707, NVIDIA GeForce RTX 4090, 48 %, 22 %, 19206 MiB, 49140 MiB, 293.30 W, 63
2026/08/14 02:58:38.708, NVIDIA GeForce RTX 4090, 37 %, 13 %, 19206 MiB, 49140 MiB, 282.79 W, 63
2026/08/14 02:58:39.708, NVIDIA GeForce RTX 4090, 34 %, 12 %, 19206 MiB, 49140 MiB, 270.84 W, 65
2026/08/14 02:58:40.708, NVIDIA GeForce RTX 4090, 32 %, 13 %, 19206 MiB, 49140 MiB, 270.54 W, 64
2026/08/14 02:58:41.708, NVIDIA GeForce RTX 4090, 73 %, 35 %, 19206 MiB, 49140 MiB, 287.52 W, 63
2026/08/14 02:58:42.709, NVIDIA GeForce RTX 4090, 93 %, 53 %, 19206 MiB, 49140 MiB, 302.82 W, 63
2026/08/14 02:58:43.709, NVIDIA GeForce RTX 4090, 41 %, 15 %, 19206 MiB, 49140 MiB, 301.79 W, 65
2026/08/14 02:58:44.709, NVIDIA GeForce RTX 4090, 32 %, 11 %, 19206 MiB, 49140 MiB, 275.04 W, 63
2026/08/14 02:58:45.709, NVIDIA GeForce RTX 4090, 38 %, 13 %, 19206 MiB, 49140 MiB, 265.95 W, 65
2026/08/14 02:58:46.709, NVIDIA GeForce RTX 4090, 49 %, 17 %, 19206 MiB, 49140 MiB, 273.41 W, 63
2026/08/14 02:58:47.710, NVIDIA GeForce RTX 4090, 73 %, 36 %, 19206 MiB, 49140 MiB, 290.61 W, 63
2026/08/14 02:58:48.710, NVIDIA GeForce RTX 4090, 59 %, 29 %, 19206 MiB, 49140 MiB, 313.31 W, 63
2026/08/14 02:58:49.710, NVIDIA GeForce RTX 4090, 22 %, 8 %, 19206 MiB, 49140 MiB, 276.87 W, 64
2026/08/14 02:58:50.710, NVIDIA GeForce RTX 4090, 35 %, 12 %, 19206 MiB, 49140 MiB, 272.04 W, 64
2026/08/14 02:58:51.711, NVIDIA GeForce RTX 4090, 38 %, 13 %, 19206 MiB, 49140 MiB, 278.98 W, 63
2026/08/14 02:58:52.711, NVIDIA GeForce RTX 4090, 59 %, 23 %, 19206 MiB, 49140 MiB, 289.01 W, 63
2026/08/14 02:58:53.711, NVIDIA GeForce RTX 4090, 78 %, 44 %, 19206 MiB, 49140 MiB, 284.78 W, 63
2026/08/14 02:58:54.712, NVIDIA GeForce RTX 4090, 40 %, 21 %, 19206 MiB, 49140 MiB, 301.30 W, 63
2026/08/14 02:58:55.712, NVIDIA GeForce RTX 4090, 43 %, 17 %, 19206 MiB, 49140 MiB, 277.17 W, 65
2026/08/14 02:58:56.712, NVIDIA GeForce RTX 4090, 42 %, 15 %, 19206 MiB, 49140 MiB, 276.33 W, 65
2026/08/14 02:58:57.712, NVIDIA GeForce RTX 4090, 45 %, 15 %, 19206 MiB, 49140 MiB, 277.00 W, 63
2026/08/14 02:58:58.713, NVIDIA GeForce RTX 4090, 62 %, 25 %, 19206 MiB, 49140 MiB, 283.51 W, 63
2026/08/14 02:58:59.713, NVIDIA GeForce RTX 4090, 98 %, 60 %, 19206 MiB, 49140 MiB, 298.68 W, 65
2026/08/14 02:59:00.713, NVIDIA GeForce RTX 4090, 63 %, 34 %, 19206 MiB, 49140 MiB, 299.87 W, 65
2026/08/14 02:59:01.713, NVIDIA GeForce RTX 4090, 30 %, 10 %, 19206 MiB, 49140 MiB, 283.70 W, 63
2026/08/14 02:59:02.714, NVIDIA GeForce RTX 4090, 39 %, 13 %, 19206 MiB, 49140 MiB, 282.19 W, 63
2026/08/14 02:59:03.714, NVIDIA GeForce RTX 4090, 67 %, 24 %, 19206 MiB, 49140 MiB, 277.82 W, 63
2026/08/14 02:59:04.714, NVIDIA GeForce RTX 4090, 61 %, 24 %, 19206 MiB, 49140 MiB, 271.17 W, 63
2026/08/14 02:59:05.714, NVIDIA GeForce RTX 4090, 75 %, 42 %, 19206 MiB, 49140 MiB, 287.05 W, 63
2026/08/14 02:59:06.714, NVIDIA GeForce RTX 4090, 100 %, 57 %, 19206 MiB, 49140 MiB, 319.96 W, 65
2026/08/14 02:59:07.715, NVIDIA GeForce RTX 4090, 0 %, 0 %, 19206 MiB, 49140 MiB, 259.58 W, 54
2026/08/14 02:59:08.715, NVIDIA GeForce RTX 4090, 0 %, 0 %, 19206 MiB, 49140 MiB, 105.80 W, 53
2026/08/14 02:59:09.715, NVIDIA GeForce RTX 4090, 0 %, 0 %, 19206 MiB, 49140 MiB, 94.22 W, 51
2026/08/14 02:59:10.716, NVIDIA GeForce RTX 4090, 0 %, 0 %, 19206 MiB, 49140 MiB, 87.40 W, 51
2026/08/14 02:59:11.716, NVIDIA GeForce RTX 4090, 0 %, 0 %, 19206 MiB, 49140 MiB, 85.85 W, 50
2026/08/14 02:59:12.716, NVIDIA GeForce RTX 4090, 0 %, 0 %, 19206 MiB, 49140 MiB, 86.10 W, 50
2026/08/14 02:59:13.717, NVIDIA GeForce RTX 4090, 0 %, 0 %, 19206 MiB, 49140 MiB, 86.52 W, 50
2026/08/14 02:59:14.717, NVIDIA GeForce RTX 4090, 0 %, 0 %, 19206 MiB, 49140 MiB, 86.53 W, 49
2026/08/14 02:59:15.717, NVIDIA GeForce RTX 4090, 0 %, 0 %, 19206 MiB, 49140 MiB, 85.89 W, 49
2026/08/14 02:59:16.717, NVIDIA GeForce RTX 4090, 0 %, 0 %, 19206 MiB, 49140 MiB, 84.83 W, 49
2026/08/14 02:59:17.718, NVIDIA GeForce RTX 4090, 0 %, 0 %, 19206 MiB, 49140 MiB, 84.10 W, 48
2026/08/14 02:59:18.718, NVIDIA GeForce RTX 4090, 0 %, 0 %, 19206 MiB, 49140 MiB, 83.35 W, 48
2026/08/14 02:59:19.718, NVIDIA GeForce RTX 4090, 0 %, 0 %, 19206 MiB, 49140 MiB, 82.77 W, 48
2026/08/14 02:59:20.718, NVIDIA GeForce RTX 4090, 0 %, 0 %, 19206 MiB, 49140 MiB, 82.20 W, 47
2026/08/14 02:59:21.718, NVIDIA GeForce RTX 4090, 0 %, 0 %, 19206 MiB, 49140 MiB, 81.08 W, 47
2026/08/14 02:59:22.719, NVIDIA GeForce RTX 4090, 0 %, 0 %, 19206 MiB, 49140 MiB, 80.43 W, 47
2026/08/14 02:59:23.719, NVIDIA GeForce RTX 4090, 0 %, 0 %, 19206 MiB, 49140 MiB, 79.63 W, 47
2026/08/14 02:59:24.719, NVIDIA GeForce RTX 4090, 0 %, 0 %, 19206 MiB, 49140 MiB, 78.15 W, 47
2026/08/14 02:59:25.720, NVIDIA GeForce RTX 4090, 0 %, 0 %, 19206 MiB, 49140 MiB, 77.30 W, 46
2026/08/14 02:59:26.720, NVIDIA GeForce RTX 4090, 0 %, 0 %, 19206 MiB, 49140 MiB, 77.06 W, 46
