timestamp, name, utilization.gpu [%], utilization.memory [%], memory.used [MiB], memory.total [MiB], power.draw [W], temperature.gpu
2026/08/14 00:39:05.493, NVIDIA GeForce RTX 4090, 0 %, 0 %, 1 MiB, 49140 MiB, 102.18 W, 49
2026/08/14 00:39:06.500, NVIDIA GeForce RTX 4090, 0 %, 0 %, 1 MiB, 49140 MiB, 102.18 W, 49
2026/08/14 00:39:07.500, NVIDIA GeForce RTX 4090, 0 %, 0 %, 1 MiB, 49140 MiB, 94.49 W, 47
2026/08/14 00:39:08.500, NVIDIA GeForce RTX 4090, 0 %, 0 %, 1 MiB, 49140 MiB, 71.44 W, 47
2026/08/14 00:39:09.500, NVIDIA GeForce RTX 4090, 0 %, 0 %, 1 MiB, 49140 MiB, 46.45 W, 46
2026/08/14 00:39:10.501, NVIDIA GeForce RTX 4090, 0 %, 0 %, 4 MiB, 49140 MiB, 39.19 W, 46
2026/08/14 00:39:11.501, NVIDIA GeForce RTX 4090, 0 %, 0 %, 4 MiB, 49140 MiB, 38.88 W, 45
2026/08/14 00:39:12.501, NVIDIA GeForce RTX 4090, 0 %, 0 %, 4 MiB, 49140 MiB, 37.49 W, 45
2026/08/14 00:39:13.501, NVIDIA GeForce RTX 4090, 0 %, 0 %, 4 MiB, 49140 MiB, 37.01 W, 45
2026/08/14 00:39:14.502, NVIDIA GeForce RTX 4090, 0 %, 0 %, 4 MiB, 49140 MiB, 36.20 W, 45
2026/08/14 00:39:15.502, NVIDIA GeForce RTX 4090, 0 %, 0 %, 4 MiB, 49140 MiB, 35.33 W, 45
2026/08/14 00:39:16.502, NVIDIA GeForce RTX 4090, 0 %, 0 %, 4 MiB, 49140 MiB, 34.52 W, 44
2026/08/14 00:39:17.502, NVIDIA GeForce RTX 4090, 0 %, 0 %, 4 MiB, 49140 MiB, 33.97 W, 44
2026/08/14 00:39:18.503, NVIDIA GeForce RTX 4090, 0 %, 0 %, 4 MiB, 49140 MiB, 33.76 W, 44
2026/08/14 00:39:19.503, NVIDIA GeForce RTX 4090, 0 %, 0 %, 4 MiB, 49140 MiB, 33.75 W, 44
2026/08/14 00:39:20.503, NVIDIA GeForce RTX 4090, 0 %, 0 %, 4 MiB, 49140 MiB, 33.44 W, 44
2026/08/14 00:39:21.504, NVIDIA GeForce RTX 4090, 0 %, 0 %, 4 MiB, 49140 MiB, 32.93 W, 44
2026/08/14 00:39:22.504, NVIDIA GeForce RTX 4090, 0 %, 0 %, 4 MiB, 49140 MiB, 32.72 W, 43
2026/08/14 00:39:23.504, NVIDIA GeForce RTX 4090, 0 %, 0 %, 4 MiB, 49140 MiB, 32.58 W, 43
2026/08/14 00:39:24.504, NVIDIA GeForce RTX 4090, 0 %, 0 %, 4 MiB, 49140 MiB, 32.26 W, 43
2026/08/14 00:39:25.504, NVIDIA GeForce RTX 4090, 0 %, 0 %, 4 MiB, 49140 MiB, 32.23 W, 43
2026/08/14 00:39:26.505, NVIDIA GeForce RTX 4090, 0 %, 0 %, 4 MiB, 49140 MiB, 32.27 W, 43
2026/08/14 00:39:27.505, NVIDIA GeForce RTX 4090, 0 %, 0 %, 4 MiB, 49140 MiB, 31.89 W, 43
2026/08/14 00:39:28.505, NVIDIA GeForce RTX 4090, 0 %, 0 %, 4 MiB, 49140 MiB, 31.32 W, 43
2026/08/14 00:39:29.505, NVIDIA GeForce RTX 4090, 0 %, 0 %, 4 MiB, 49140 MiB, 30.88 W, 43
2026/08/14 00:39:30.505, NVIDIA GeForce RTX 4090, 0 %, 0 %, 4 MiB, 49140 MiB, 30.79 W, 42
2026/08/14 00:39:31.506, NVIDIA GeForce RTX 4090, 0 %, 0 %, 4 MiB, 49140 MiB, 30.75 W, 42
2026/08/14 00:39:32.506, NVIDIA GeForce RTX 4090, 0 %, 0 %, 4 MiB, 49140 MiB, 30.61 W, 42
2026/08/14 00:39:33.506, NVIDIA GeForce RTX 4090, 0 %, 0 %, 4 MiB, 49140 MiB, 30.53 W, 42
2026/08/14 00:39:34.506, NVIDIA GeForce RTX 4090, 0 %, 0 %, 4 MiB, 49140 MiB, 30.51 W, 42
2026/08/14 00:39:35.506, NVIDIA GeForce RTX 4090, 0 %, 0 %, 4 MiB, 49140 MiB, 30.44 W, 42
2026/08/14 00:39:36.506, NVIDIA GeForce RTX 4090, 0 %, 0 %, 4 MiB, 49140 MiB, 30.47 W, 42
2026/08/14 00:39:37.507, NVIDIA GeForce RTX 4090, 0 %, 0 %, 4 MiB, 49140 MiB, 30.59 W, 42
2026/08/14 00:39:38.507, NVIDIA GeForce RTX 4090, 0 %, 0 %, 4 MiB, 49140 MiB, 30.53 W, 42
2026/08/14 00:39:39.507, NVIDIA GeForce RTX 4090, 0 %, 0 %, 4 MiB, 49140 MiB, 30.49 W, 42
2026/08/14 00:39:40.507, NVIDIA GeForce RTX 4090, 0 %, 0 %, 4 MiB, 49140 MiB, 30.62 W, 42
2026/08/14 00:39:41.507, NVIDIA GeForce RTX 4090, 0 %, 0 %, 4 MiB, 49140 MiB, 30.54 W, 41
2026/08/14 00:39:42.507, NVIDIA GeForce RTX 4090, 0 %, 0 %, 4 MiB, 49140 MiB, 30.09 W, 41
2026/08/14 00:39:43.508, NVIDIA GeForce RTX 4090, 0 %, 0 %, 4 MiB, 49140 MiB, 29.88 W, 41
2026/08/14 00:39:44.508, NVIDIA GeForce RTX 4090, 0 %, 0 %, 4 MiB, 49140 MiB, 29.75 W, 41
2026/08/14 00:39:45.508, NVIDIA GeForce RTX 4090, 0 %, 0 %, 4 MiB, 49140 MiB, 29.68 W, 41
2026/08/14 00:39:46.508, NVIDIA GeForce RTX 4090, 0 %, 0 %, 4 MiB, 49140 MiB, 29.70 W, 41
2026/08/14 00:39:47.508, NVIDIA GeForce RTX 4090, 0 %, 0 %, 4 MiB, 49140 MiB, 29.63 W, 41
2026/08/14 00:39:48.508, NVIDIA GeForce RTX 4090, 0 %, 0 %, 4 MiB, 49140 MiB, 29.47 W, 41
2026/08/14 00:39:49.509, NVIDIA GeForce RTX 4090, 0 %, 0 %, 4 MiB, 49140 MiB, 29.31 W, 41
2026/08/14 00:39:50.509, NVIDIA GeForce RTX 4090, 0 %, 0 %, 4 MiB, 49140 MiB, 29.38 W, 41
2026/08/14 00:39:51.509, NVIDIA GeForce RTX 4090, 0 %, 0 %, 4 MiB, 49140 MiB, 29.28 W, 41
2026/08/14 00:39:52.509, NVIDIA GeForce RTX 4090, 0 %, 0 %, 4 MiB, 49140 MiB, 28.94 W, 41
2026/08/14 00:39:53.509, NVIDIA GeForce RTX 4090, 23 %, 0 %, 2238 MiB, 49140 MiB, 38.28 W, 42
2026/08/14 00:39:54.509, NVIDIA GeForce RTX 4090, 41 %, 1 %, 7390 MiB, 49140 MiB, 76.07 W, 43
2026/08/14 00:39:55.510, NVIDIA GeForce RTX 4090, 48 %, 1 %, 14522 MiB, 49140 MiB, 90.42 W, 43
2026/08/14 00:39:56.510, NVIDIA GeForce RTX 4090, 58 %, 26 %, 18998 MiB, 49140 MiB, 119.69 W, 46
2026/08/14 00:39:57.510, NVIDIA GeForce RTX 4090, 42 %, 17 %, 19200 MiB, 49140 MiB, 277.24 W, 55
2026/08/14 00:39:58.510, NVIDIA GeForce RTX 4090, 34 %, 11 %, 19204 MiB, 49140 MiB, 264.68 W, 53
2026/08/14 00:39:59.583, NVIDIA GeForce RTX 4090, 68 %, 25 %, 19204 MiB, 49140 MiB, 269.77 W, 54
2026/08/14 00:40:00.584, NVIDIA GeForce RTX 4090, 91 %, 56 %, 19204 MiB, 49140 MiB, 298.43 W, 57
2026/08/14 00:40:01.584, NVIDIA GeForce RTX 4090, 86 %, 43 %, 19204 MiB, 49140 MiB, 294.36 W, 59
2026/08/14 00:40:02.584, NVIDIA GeForce RTX 4090, 35 %, 12 %, 19204 MiB, 49140 MiB, 273.20 W, 57
2026/08/14 00:40:03.584, NVIDIA GeForce RTX 4090, 39 %, 13 %, 19204 MiB, 49140 MiB, 262.49 W, 56
2026/08/14 00:40:04.584, NVIDIA GeForce RTX 4090, 78 %, 38 %, 19204 MiB, 49140 MiB, 290.23 W, 56
2026/08/14 00:40:05.584, NVIDIA GeForce RTX 4090, 90 %, 52 %, 19204 MiB, 49140 MiB, 291.22 W, 57
2026/08/14 00:40:06.584, NVIDIA GeForce RTX 4090, 66 %, 37 %, 19204 MiB, 49140 MiB, 275.73 W, 60
2026/08/14 00:40:07.585, NVIDIA GeForce RTX 4090, 34 %, 13 %, 19204 MiB, 49140 MiB, 270.28 W, 58
2026/08/14 00:40:08.585, NVIDIA GeForce RTX 4090, 40 %, 14 %, 19204 MiB, 49140 MiB, 259.13 W, 57
2026/08/14 00:40:09.585, NVIDIA GeForce RTX 4090, 38 %, 13 %, 19204 MiB, 49140 MiB, 257.75 W, 57
2026/08/14 00:40:10.585, NVIDIA GeForce RTX 4090, 48 %, 18 %, 19204 MiB, 49140 MiB, 266.91 W, 56
2026/08/14 00:40:11.585, NVIDIA GeForce RTX 4090, 80 %, 45 %, 19204 MiB, 49140 MiB, 279.72 W, 59
2026/08/14 00:40:12.585, NVIDIA GeForce RTX 4090, 69 %, 34 %, 19204 MiB, 49140 MiB, 291.48 W, 62
2026/08/14 00:40:13.586, NVIDIA GeForce RTX 4090, 39 %, 15 %, 19204 MiB, 49140 MiB, 284.41 W, 59
2026/08/14 00:40:14.586, NVIDIA GeForce RTX 4090, 39 %, 13 %, 19204 MiB, 49140 MiB, 271.12 W, 58
2026/08/14 00:40:15.586, NVIDIA GeForce RTX 4090, 52 %, 18 %, 19204 MiB, 49140 MiB, 262.37 W, 57
2026/08/14 00:40:16.586, NVIDIA GeForce RTX 4090, 89 %, 46 %, 19204 MiB, 49140 MiB, 279.59 W, 62
2026/08/14 00:40:17.587, NVIDIA GeForce RTX 4090, 71 %, 36 %, 19204 MiB, 49140 MiB, 305.64 W, 55
2026/08/14 00:40:18.587, NVIDIA GeForce RTX 4090, 35 %, 14 %, 19204 MiB, 49140 MiB, 280.17 W, 61
2026/08/14 00:40:19.587, NVIDIA GeForce RTX 4090, 36 %, 12 %, 19204 MiB, 49140 MiB, 261.51 W, 59
2026/08/14 00:40:20.587, NVIDIA GeForce RTX 4090, 46 %, 15 %, 19204 MiB, 49140 MiB, 275.93 W, 59
2026/08/14 00:40:21.587, NVIDIA GeForce RTX 4090, 61 %, 25 %, 19204 MiB, 49140 MiB, 277.05 W, 60
2026/08/14 00:40:22.588, NVIDIA GeForce RTX 4090, 86 %, 53 %, 19204 MiB, 49140 MiB, 289.74 W, 63
2026/08/14 00:40:23.588, NVIDIA GeForce RTX 4090, 68 %, 36 %, 19204 MiB, 49140 MiB, 292.10 W, 63
2026/08/14 00:40:24.588, NVIDIA GeForce RTX 4090, 38 %, 14 %, 19204 MiB, 49140 MiB, 279.03 W, 61
2026/08/14 00:40:25.588, NVIDIA GeForce RTX 4090, 42 %, 15 %, 19204 MiB, 49140 MiB, 264.16 W, 60
2026/08/14 00:40:26.588, NVIDIA GeForce RTX 4090, 38 %, 13 %, 19204 MiB, 49140 MiB, 267.65 W, 60
2026/08/14 00:40:27.589, NVIDIA GeForce RTX 4090, 61 %, 24 %, 19204 MiB, 49140 MiB, 283.34 W, 60
2026/08/14 00:40:28.589, NVIDIA GeForce RTX 4090, 87 %, 53 %, 19204 MiB, 49140 MiB, 286.80 W, 64
2026/08/14 00:40:29.589, NVIDIA GeForce RTX 4090, 69 %, 37 %, 19204 MiB, 49140 MiB, 295.19 W, 62
2026/08/14 00:40:30.589, NVIDIA GeForce RTX 4090, 36 %, 13 %, 19204 MiB, 49140 MiB, 281.66 W, 62
2026/08/14 00:40:31.590, NVIDIA GeForce RTX 4090, 44 %, 15 %, 19204 MiB, 49140 MiB, 272.65 W, 61
2026/08/14 00:40:32.590, NVIDIA GeForce RTX 4090, 47 %, 18 %, 19204 MiB, 49140 MiB, 277.61 W, 60
2026/08/14 00:40:33.590, NVIDIA GeForce RTX 4090, 99 %, 61 %, 19204 MiB, 49140 MiB, 297.78 W, 65
2026/08/14 00:40:34.590, NVIDIA GeForce RTX 4090, 73 %, 38 %, 19204 MiB, 49140 MiB, 303.31 W, 62
2026/08/14 00:40:35.591, NVIDIA GeForce RTX 4090, 37 %, 14 %, 19204 MiB, 49140 MiB, 285.79 W, 61
2026/08/14 00:40:36.591, NVIDIA GeForce RTX 4090, 42 %, 15 %, 19204 MiB, 49140 MiB, 274.62 W, 60
2026/08/14 00:40:37.591, NVIDIA GeForce RTX 4090, 44 %, 15 %, 19204 MiB, 49140 MiB, 268.02 W, 59
2026/08/14 00:40:38.591, NVIDIA GeForce RTX 4090, 49 %, 19 %, 19204 MiB, 49140 MiB, 271.49 W, 59
2026/08/14 00:40:39.592, NVIDIA GeForce RTX 4090, 68 %, 37 %, 19204 MiB, 49140 MiB, 372.07 W, 61
2026/08/14 00:40:40.592, NVIDIA GeForce RTX 4090, 38 %, 14 %, 19204 MiB, 49140 MiB, 278.36 W, 60
2026/08/14 00:40:41.592, NVIDIA GeForce RTX 4090, 41 %, 15 %, 19204 MiB, 49140 MiB, 268.02 W, 60
2026/08/14 00:40:42.593, NVIDIA GeForce RTX 4090, 46 %, 15 %, 19204 MiB, 49140 MiB, 277.63 W, 60
2026/08/14 00:40:43.593, NVIDIA GeForce RTX 4090, 63 %, 25 %, 19204 MiB, 49140 MiB, 282.14 W, 60
2026/08/14 00:40:44.593, NVIDIA GeForce RTX 4090, 89 %, 54 %, 19204 MiB, 49140 MiB, 294.23 W, 66
2026/08/14 00:40:45.593, NVIDIA GeForce RTX 4090, 89 %, 46 %, 19204 MiB, 49140 MiB, 292.93 W, 64
2026/08/14 00:40:46.593, NVIDIA GeForce RTX 4090, 38 %, 14 %, 19204 MiB, 49140 MiB, 295.92 W, 59
2026/08/14 00:40:47.594, NVIDIA GeForce RTX 4090, 42 %, 15 %, 19204 MiB, 49140 MiB, 272.36 W, 58
2026/08/14 00:40:48.594, NVIDIA GeForce RTX 4090, 47 %, 16 %, 19204 MiB, 49140 MiB, 276.51 W, 59
2026/08/14 00:40:49.594, NVIDIA GeForce RTX 4090, 63 %, 25 %, 19204 MiB, 49140 MiB, 283.83 W, 58
2026/08/14 00:40:50.595, NVIDIA GeForce RTX 4090, 77 %, 46 %, 19204 MiB, 49140 MiB, 292.87 W, 67
2026/08/14 00:40:51.595, NVIDIA GeForce RTX 4090, 83 %, 43 %, 19206 MiB, 49140 MiB, 290.96 W, 59
2026/08/14 00:40:52.595, NVIDIA GeForce RTX 4090, 53 %, 25 %, 19206 MiB, 49140 MiB, 283.97 W, 58
2026/08/14 00:40:53.595, NVIDIA GeForce RTX 4090, 29 %, 10 %, 19206 MiB, 49140 MiB, 271.47 W, 57
2026/08/14 00:40:54.595, NVIDIA GeForce RTX 4090, 44 %, 15 %, 19206 MiB, 49140 MiB, 279.79 W, 58
2026/08/14 00:40:55.596, NVIDIA GeForce RTX 4090, 49 %, 17 %, 19206 MiB, 49140 MiB, 278.72 W, 58
2026/08/14 00:40:56.596, NVIDIA GeForce RTX 4090, 72 %, 35 %, 19206 MiB, 49140 MiB, 286.91 W, 60
2026/08/14 00:40:57.596, NVIDIA GeForce RTX 4090, 73 %, 46 %, 19206 MiB, 49140 MiB, 297.11 W, 64
2026/08/14 00:40:58.596, NVIDIA GeForce RTX 4090, 52 %, 25 %, 19206 MiB, 49140 MiB, 297.35 W, 58
2026/08/14 00:40:59.597, NVIDIA GeForce RTX 4090, 42 %, 16 %, 19206 MiB, 49140 MiB, 272.59 W, 58
2026/08/14 00:41:00.597, NVIDIA GeForce RTX 4090, 42 %, 15 %, 19206 MiB, 49140 MiB, 272.04 W, 57
2026/08/14 00:41:01.597, NVIDIA GeForce RTX 4090, 46 %, 15 %, 19206 MiB, 49140 MiB, 273.96 W, 57
2026/08/14 00:41:02.597, NVIDIA GeForce RTX 4090, 45 %, 17 %, 19206 MiB, 49140 MiB, 272.75 W, 57
2026/08/14 00:41:03.597, NVIDIA GeForce RTX 4090, 72 %, 42 %, 19206 MiB, 49140 MiB, 290.03 W, 60
2026/08/14 00:41:04.598, NVIDIA GeForce RTX 4090, 70 %, 45 %, 19206 MiB, 49140 MiB, 283.95 W, 64
2026/08/14 00:41:05.598, NVIDIA GeForce RTX 4090, 83 %, 42 %, 19206 MiB, 49140 MiB, 290.32 W, 64
2026/08/14 00:41:06.598, NVIDIA GeForce RTX 4090, 38 %, 14 %, 19206 MiB, 49140 MiB, 287.04 W, 58
2026/08/14 00:41:07.598, NVIDIA GeForce RTX 4090, 41 %, 14 %, 19206 MiB, 49140 MiB, 273.11 W, 57
2026/08/14 00:41:08.598, NVIDIA GeForce RTX 4090, 45 %, 15 %, 19206 MiB, 49140 MiB, 273.51 W, 57
2026/08/14 00:41:09.598, NVIDIA GeForce RTX 4090, 68 %, 35 %, 19206 MiB, 49140 MiB, 292.19 W, 60
2026/08/14 00:41:10.598, NVIDIA GeForce RTX 4090, 70 %, 45 %, 19206 MiB, 49140 MiB, 293.14 W, 65
2026/08/14 00:41:11.598, NVIDIA GeForce RTX 4090, 84 %, 43 %, 19206 MiB, 49140 MiB, 292.09 W, 60
2026/08/14 00:41:12.599, NVIDIA GeForce RTX 4090, 34 %, 12 %, 19206 MiB, 49140 MiB, 286.18 W, 57
2026/08/14 00:41:13.599, NVIDIA GeForce RTX 4090, 44 %, 16 %, 19206 MiB, 49140 MiB, 265.90 W, 57
2026/08/14 00:41:14.599, NVIDIA GeForce RTX 4090, 38 %, 13 %, 19206 MiB, 49140 MiB, 267.02 W, 57
2026/08/14 00:41:15.599, NVIDIA GeForce RTX 4090, 76 %, 30 %, 19206 MiB, 49140 MiB, 287.73 W, 59
2026/08/14 00:41:16.599, NVIDIA GeForce RTX 4090, 70 %, 42 %, 19206 MiB, 49140 MiB, 290.48 W, 67
2026/08/14 00:41:17.600, NVIDIA GeForce RTX 4090, 92 %, 49 %, 19206 MiB, 49140 MiB, 291.75 W, 60
2026/08/14 00:41:18.600, NVIDIA GeForce RTX 4090, 52 %, 25 %, 19206 MiB, 49140 MiB, 285.52 W, 59
2026/08/14 00:41:19.600, NVIDIA GeForce RTX 4090, 18 %, 6 %, 19206 MiB, 49140 MiB, 272.95 W, 57
2026/08/14 00:41:20.600, NVIDIA GeForce RTX 4090, 42 %, 15 %, 19206 MiB, 49140 MiB, 262.04 W, 57
2026/08/14 00:41:21.600, NVIDIA GeForce RTX 4090, 38 %, 13 %, 19206 MiB, 49140 MiB, 267.77 W, 57
2026/08/14 00:41:22.600, NVIDIA GeForce RTX 4090, 57 %, 22 %, 19206 MiB, 49140 MiB, 278.40 W, 58
2026/08/14 00:41:23.600, NVIDIA GeForce RTX 4090, 0 %, 0 %, 19206 MiB, 49140 MiB, 329.55 W, 56
2026/08/14 00:41:24.601, NVIDIA GeForce RTX 4090, 0 %, 0 %, 19206 MiB, 49140 MiB, 105.99 W, 54
2026/08/14 00:41:25.601, NVIDIA GeForce RTX 4090, 0 %, 0 %, 19206 MiB, 49140 MiB, 100.88 W, 53
2026/08/14 00:41:26.601, NVIDIA GeForce RTX 4090, 70 %, 28 %, 19206 MiB, 49140 MiB, 209.21 W, 58
2026/08/14 00:41:27.601, NVIDIA GeForce RTX 4090, 69 %, 39 %, 19206 MiB, 49140 MiB, 286.42 W, 66
2026/08/14 00:41:28.601, NVIDIA GeForce RTX 4090, 54 %, 26 %, 19206 MiB, 49140 MiB, 309.68 W, 59
2026/08/14 00:41:29.601, NVIDIA GeForce RTX 4090, 49 %, 19 %, 19206 MiB, 49140 MiB, 274.49 W, 58
2026/08/14 00:41:30.602, NVIDIA GeForce RTX 4090, 41 %, 15 %, 19206 MiB, 49140 MiB, 268.04 W, 57
2026/08/14 00:41:31.602, NVIDIA GeForce RTX 4090, 38 %, 13 %, 19206 MiB, 49140 MiB, 270.63 W, 57
2026/08/14 00:41:32.602, NVIDIA GeForce RTX 4090, 51 %, 18 %, 19206 MiB, 49140 MiB, 272.34 W, 57
2026/08/14 00:41:33.602, NVIDIA GeForce RTX 4090, 61 %, 24 %, 19206 MiB, 49140 MiB, 273.19 W, 58
2026/08/14 00:41:34.602, NVIDIA GeForce RTX 4090, 58 %, 36 %, 19206 MiB, 49140 MiB, 274.81 W, 61
2026/08/14 00:41:35.602, NVIDIA GeForce RTX 4090, 92 %, 53 %, 19206 MiB, 49140 MiB, 301.24 W, 60
2026/08/14 00:41:36.603, NVIDIA GeForce RTX 4090, 53 %, 25 %, 19206 MiB, 49140 MiB, 287.65 W, 59
2026/08/14 00:41:37.603, NVIDIA GeForce RTX 4090, 35 %, 12 %, 19206 MiB, 49140 MiB, 281.50 W, 58
2026/08/14 00:41:38.603, NVIDIA GeForce RTX 4090, 42 %, 15 %, 19206 MiB, 49140 MiB, 268.68 W, 57
2026/08/14 00:41:39.603, NVIDIA GeForce RTX 4090, 44 %, 14 %, 19206 MiB, 49140 MiB, 287.46 W, 58
2026/08/14 00:41:40.604, NVIDIA GeForce RTX 4090, 29 %, 10 %, 19206 MiB, 49140 MiB, 272.86 W, 58
2026/08/14 00:41:41.604, NVIDIA GeForce RTX 4090, 36 %, 13 %, 19206 MiB, 49140 MiB, 267.60 W, 58
2026/08/14 00:41:42.604, NVIDIA GeForce RTX 4090, 35 %, 12 %, 19206 MiB, 49140 MiB, 270.88 W, 58
2026/08/14 00:41:43.604, NVIDIA GeForce RTX 4090, 40 %, 15 %, 19206 MiB, 49140 MiB, 278.00 W, 58
2026/08/14 00:41:44.604, NVIDIA GeForce RTX 4090, 59 %, 34 %, 19206 MiB, 49140 MiB, 286.56 W, 62
2026/08/14 00:41:45.604, NVIDIA GeForce RTX 4090, 72 %, 42 %, 19206 MiB, 49140 MiB, 284.54 W, 66
2026/08/14 00:41:46.604, NVIDIA GeForce RTX 4090, 89 %, 47 %, 19206 MiB, 49140 MiB, 291.18 W, 61
2026/08/14 00:41:47.605, NVIDIA GeForce RTX 4090, 35 %, 14 %, 19206 MiB, 49140 MiB, 284.38 W, 58
2026/08/14 00:41:48.605, NVIDIA GeForce RTX 4090, 29 %, 11 %, 19206 MiB, 49140 MiB, 268.84 W, 58
2026/08/14 00:41:49.605, NVIDIA GeForce RTX 4090, 37 %, 13 %, 19206 MiB, 49140 MiB, 268.69 W, 58
2026/08/14 00:41:50.605, NVIDIA GeForce RTX 4090, 40 %, 13 %, 19206 MiB, 49140 MiB, 275.06 W, 59
2026/08/14 00:41:51.605, NVIDIA GeForce RTX 4090, 52 %, 21 %, 19206 MiB, 49140 MiB, 280.64 W, 59
2026/08/14 00:41:52.605, NVIDIA GeForce RTX 4090, 61 %, 34 %, 19206 MiB, 49140 MiB, 276.93 W, 63
2026/08/14 00:41:53.605, NVIDIA GeForce RTX 4090, 73 %, 43 %, 19206 MiB, 49140 MiB, 285.19 W, 67
2026/08/14 00:41:54.606, NVIDIA GeForce RTX 4090, 89 %, 48 %, 19206 MiB, 49140 MiB, 292.00 W, 62
2026/08/14 00:41:55.606, NVIDIA GeForce RTX 4090, 37 %, 13 %, 19206 MiB, 49140 MiB, 294.74 W, 59
2026/08/14 00:41:56.606, NVIDIA GeForce RTX 4090, 37 %, 13 %, 19206 MiB, 49140 MiB, 269.46 W, 58
2026/08/14 00:41:57.606, NVIDIA GeForce RTX 4090, 35 %, 12 %, 19206 MiB, 49140 MiB, 266.89 W, 58
2026/08/14 00:41:58.607, NVIDIA GeForce RTX 4090, 40 %, 13 %, 19206 MiB, 49140 MiB, 265.84 W, 58
2026/08/14 00:41:59.607, NVIDIA GeForce RTX 4090, 48 %, 19 %, 19206 MiB, 49140 MiB, 280.27 W, 60
2026/08/14 00:42:00.607, NVIDIA GeForce RTX 4090, 74 %, 42 %, 19206 MiB, 49140 MiB, 289.33 W, 65
2026/08/14 00:42:01.607, NVIDIA GeForce RTX 4090, 88 %, 48 %, 19206 MiB, 49140 MiB, 296.88 W, 62
2026/08/14 00:42:02.607, NVIDIA GeForce RTX 4090, 30 %, 13 %, 19206 MiB, 49140 MiB, 282.45 W, 58
2026/08/14 00:42:03.607, NVIDIA GeForce RTX 4090, 27 %, 9 %, 19206 MiB, 49140 MiB, 268.33 W, 58
2026/08/14 00:42:04.607, NVIDIA GeForce RTX 4090, 36 %, 13 %, 19206 MiB, 49140 MiB, 267.74 W, 58
2026/08/14 00:42:05.608, NVIDIA GeForce RTX 4090, 40 %, 13 %, 19206 MiB, 49140 MiB, 273.72 W, 59
2026/08/14 00:42:06.608, NVIDIA GeForce RTX 4090, 36 %, 14 %, 19206 MiB, 49140 MiB, 272.19 W, 59
2026/08/14 00:42:07.608, NVIDIA GeForce RTX 4090, 51 %, 26 %, 19206 MiB, 49140 MiB, 272.92 W, 64
2026/08/14 00:42:08.608, NVIDIA GeForce RTX 4090, 73 %, 44 %, 19206 MiB, 49140 MiB, 287.93 W, 65
2026/08/14 00:42:09.608, NVIDIA GeForce RTX 4090, 100 %, 53 %, 19206 MiB, 49140 MiB, 309.71 W, 69
2026/08/14 00:42:10.609, NVIDIA GeForce RTX 4090, 34 %, 11 %, 19206 MiB, 49140 MiB, 344.63 W, 59
2026/08/14 00:42:11.609, NVIDIA GeForce RTX 4090, 41 %, 16 %, 19206 MiB, 49140 MiB, 276.21 W, 59
2026/08/14 00:42:12.609, NVIDIA GeForce RTX 4090, 61 %, 34 %, 19206 MiB, 49140 MiB, 279.43 W, 64
2026/08/14 00:42:13.609, NVIDIA GeForce RTX 4090, 72 %, 43 %, 19206 MiB, 49140 MiB, 280.64 W, 67
2026/08/14 00:42:14.610, NVIDIA GeForce RTX 4090, 89 %, 48 %, 19206 MiB, 49140 MiB, 290.58 W, 62
2026/08/14 00:42:15.610, NVIDIA GeForce RTX 4090, 46 %, 21 %, 19206 MiB, 49140 MiB, 275.61 W, 59
2026/08/14 00:42:16.610, NVIDIA GeForce RTX 4090, 23 %, 8 %, 19206 MiB, 49140 MiB, 269.94 W, 58
2026/08/14 00:42:17.610, NVIDIA GeForce RTX 4090, 39 %, 14 %, 19206 MiB, 49140 MiB, 269.87 W, 59
2026/08/14 00:42:18.611, NVIDIA GeForce RTX 4090, 43 %, 15 %, 19206 MiB, 49140 MiB, 275.08 W, 65
2026/08/14 00:42:19.611, NVIDIA GeForce RTX 4090, 48 %, 23 %, 19206 MiB, 49140 MiB, 274.18 W, 66
2026/08/14 00:42:20.611, NVIDIA GeForce RTX 4090, 73 %, 44 %, 19206 MiB, 49140 MiB, 286.96 W, 66
2026/08/14 00:42:21.611, NVIDIA GeForce RTX 4090, 88 %, 46 %, 19206 MiB, 49140 MiB, 287.85 W, 63
2026/08/14 00:42:22.612, NVIDIA GeForce RTX 4090, 56 %, 25 %, 19206 MiB, 49140 MiB, 288.13 W, 60
2026/08/14 00:42:23.612, NVIDIA GeForce RTX 4090, 31 %, 11 %, 19206 MiB, 49140 MiB, 281.11 W, 60
2026/08/14 00:42:24.612, NVIDIA GeForce RTX 4090, 35 %, 12 %, 19206 MiB, 49140 MiB, 270.13 W, 59
2026/08/14 00:42:25.613, NVIDIA GeForce RTX 4090, 41 %, 14 %, 19206 MiB, 49140 MiB, 270.89 W, 60
2026/08/14 00:42:26.613, NVIDIA GeForce RTX 4090, 65 %, 26 %, 19206 MiB, 49140 MiB, 276.04 W, 67
2026/08/14 00:42:27.613, NVIDIA GeForce RTX 4090, 73 %, 45 %, 19206 MiB, 49140 MiB, 298.02 W, 67
2026/08/14 00:42:28.614, NVIDIA GeForce RTX 4090, 47 %, 24 %, 19206 MiB, 49140 MiB, 297.81 W, 60
2026/08/14 00:42:29.614, NVIDIA GeForce RTX 4090, 53 %, 20 %, 19206 MiB, 49140 MiB, 276.34 W, 60
2026/08/14 00:42:30.614, NVIDIA GeForce RTX 4090, 31 %, 11 %, 19206 MiB, 49140 MiB, 276.37 W, 60
2026/08/14 00:42:31.614, NVIDIA GeForce RTX 4090, 35 %, 12 %, 19206 MiB, 49140 MiB, 268.44 W, 59
2026/08/14 00:42:32.614, NVIDIA GeForce RTX 4090, 39 %, 14 %, 19206 MiB, 49140 MiB, 267.89 W, 61
2026/08/14 00:42:33.614, NVIDIA GeForce RTX 4090, 52 %, 20 %, 19206 MiB, 49140 MiB, 268.82 W, 61
2026/08/14 00:42:34.615, NVIDIA GeForce RTX 4090, 61 %, 32 %, 19206 MiB, 49140 MiB, 277.86 W, 66
2026/08/14 00:42:35.615, NVIDIA GeForce RTX 4090, 74 %, 45 %, 19206 MiB, 49140 MiB, 281.09 W, 67
2026/08/14 00:42:36.615, NVIDIA GeForce RTX 4090, 88 %, 48 %, 19206 MiB, 49140 MiB, 291.28 W, 64
2026/08/14 00:42:37.615, NVIDIA GeForce RTX 4090, 60 %, 29 %, 19206 MiB, 49140 MiB, 291.44 W, 61
2026/08/14 00:42:38.615, NVIDIA GeForce RTX 4090, 55 %, 21 %, 19206 MiB, 49140 MiB, 269.82 W, 60
2026/08/14 00:42:39.616, NVIDIA GeForce RTX 4090, 27 %, 10 %, 19206 MiB, 49140 MiB, 277.83 W, 58
2026/08/14 00:42:40.616, NVIDIA GeForce RTX 4090, 45 %, 15 %, 19206 MiB, 49140 MiB, 272.48 W, 60
2026/08/14 00:42:41.616, NVIDIA GeForce RTX 4090, 52 %, 20 %, 19206 MiB, 49140 MiB, 277.50 W, 62
2026/08/14 00:42:42.616, NVIDIA GeForce RTX 4090, 59 %, 29 %, 19206 MiB, 49140 MiB, 277.26 W, 62
2026/08/14 00:42:43.616, NVIDIA GeForce RTX 4090, 94 %, 54 %, 19206 MiB, 49140 MiB, 302.27 W, 66
2026/08/14 00:42:44.617, NVIDIA GeForce RTX 4090, 22 %, 8 %, 19206 MiB, 49140 MiB, 305.12 W, 59
2026/08/14 00:42:45.617, NVIDIA GeForce RTX 4090, 34 %, 12 %, 19206 MiB, 49140 MiB, 266.32 W, 62
2026/08/14 00:42:46.617, NVIDIA GeForce RTX 4090, 61 %, 20 %, 19206 MiB, 49140 MiB, 274.56 W, 61
2026/08/14 00:42:47.617, NVIDIA GeForce RTX 4090, 51 %, 20 %, 19206 MiB, 49140 MiB, 285.87 W, 64
2026/08/14 00:42:48.618, NVIDIA GeForce RTX 4090, 74 %, 41 %, 19206 MiB, 49140 MiB, 289.17 W, 66
2026/08/14 00:42:49.618, NVIDIA GeForce RTX 4090, 52 %, 28 %, 19206 MiB, 49140 MiB, 309.07 W, 60
2026/08/14 00:42:50.618, NVIDIA GeForce RTX 4090, 27 %, 10 %, 19206 MiB, 49140 MiB, 283.10 W, 59
2026/08/14 00:42:51.618, NVIDIA GeForce RTX 4090, 40 %, 14 %, 19206 MiB, 49140 MiB, 270.48 W, 60
2026/08/14 00:42:52.618, NVIDIA GeForce RTX 4090, 40 %, 14 %, 19206 MiB, 49140 MiB, 280.93 W, 61
2026/08/14 00:42:53.619, NVIDIA GeForce RTX 4090, 47 %, 18 %, 19206 MiB, 49140 MiB, 277.67 W, 66
2026/08/14 00:42:54.619, NVIDIA GeForce RTX 4090, 0 %, 0 %, 19206 MiB, 49140 MiB, 320.19 W, 56
2026/08/14 00:42:55.619, NVIDIA GeForce RTX 4090, 0 %, 0 %, 19206 MiB, 49140 MiB, 105.43 W, 54
2026/08/14 00:42:56.619, NVIDIA GeForce RTX 4090, 0 %, 0 %, 19206 MiB, 49140 MiB, 98.78 W, 53
2026/08/14 00:42:57.620, NVIDIA GeForce RTX 4090, 45 %, 18 %, 19206 MiB, 49140 MiB, 211.29 W, 65
2026/08/14 00:42:58.620, NVIDIA GeForce RTX 4090, 93 %, 51 %, 19206 MiB, 49140 MiB, 306.83 W, 67
2026/08/14 00:42:59.620, NVIDIA GeForce RTX 4090, 72 %, 33 %, 19206 MiB, 49140 MiB, 286.75 W, 60
2026/08/14 00:43:00.620, NVIDIA GeForce RTX 4090, 39 %, 14 %, 19206 MiB, 49140 MiB, 277.16 W, 60
2026/08/14 00:43:01.620, NVIDIA GeForce RTX 4090, 58 %, 21 %, 19206 MiB, 49140 MiB, 285.45 W, 62
2026/08/14 00:43:02.621, NVIDIA GeForce RTX 4090, 99 %, 56 %, 19206 MiB, 49140 MiB, 307.58 W, 66
2026/08/14 00:43:03.621, NVIDIA GeForce RTX 4090, 60 %, 33 %, 19206 MiB, 49140 MiB, 298.18 W, 65
2026/08/14 00:43:04.621, NVIDIA GeForce RTX 4090, 41 %, 15 %, 19206 MiB, 49140 MiB, 284.18 W, 60
2026/08/14 00:43:05.621, NVIDIA GeForce RTX 4090, 40 %, 13 %, 19206 MiB, 49140 MiB, 267.44 W, 60
2026/08/14 00:43:06.621, NVIDIA GeForce RTX 4090, 50 %, 19 %, 19206 MiB, 49140 MiB, 289.24 W, 65
2026/08/14 00:43:07.621, NVIDIA GeForce RTX 4090, 60 %, 29 %, 19206 MiB, 49140 MiB, 281.14 W, 67
2026/08/14 00:43:08.621, NVIDIA GeForce RTX 4090, 93 %, 52 %, 19206 MiB, 49140 MiB, 300.25 W, 67
2026/08/14 00:43:09.622, NVIDIA GeForce RTX 4090, 56 %, 32 %, 19206 MiB, 49140 MiB, 275.98 W, 66
2026/08/14 00:43:10.622, NVIDIA GeForce RTX 4090, 32 %, 12 %, 19206 MiB, 49140 MiB, 270.75 W, 59
2026/08/14 00:43:11.622, NVIDIA GeForce RTX 4090, 33 %, 12 %, 19206 MiB, 49140 MiB, 264.86 W, 60
2026/08/14 00:43:12.622, NVIDIA GeForce RTX 4090, 41 %, 14 %, 19206 MiB, 49140 MiB, 267.90 W, 60
2026/08/14 00:43:13.622, NVIDIA GeForce RTX 4090, 44 %, 16 %, 19206 MiB, 49140 MiB, 272.10 W, 62
2026/08/14 00:43:14.622, NVIDIA GeForce RTX 4090, 52 %, 26 %, 19206 MiB, 49140 MiB, 273.84 W, 66
2026/08/14 00:43:15.623, NVIDIA GeForce RTX 4090, 70 %, 39 %, 19206 MiB, 49140 MiB, 275.27 W, 66
2026/08/14 00:43:16.623, NVIDIA GeForce RTX 4090, 92 %, 51 %, 19206 MiB, 49140 MiB, 291.75 W, 66
2026/08/14 00:43:17.623, NVIDIA GeForce RTX 4090, 69 %, 31 %, 19206 MiB, 49140 MiB, 284.86 W, 63
2026/08/14 00:43:18.623, NVIDIA GeForce RTX 4090, 32 %, 11 %, 19206 MiB, 49140 MiB, 287.67 W, 60
2026/08/14 00:43:19.623, NVIDIA GeForce RTX 4090, 34 %, 11 %, 19206 MiB, 49140 MiB, 280.94 W, 60
2026/08/14 00:43:20.623, NVIDIA GeForce RTX 4090, 41 %, 14 %, 19206 MiB, 49140 MiB, 262.51 W, 61
2026/08/14 00:43:21.624, NVIDIA GeForce RTX 4090, 52 %, 27 %, 19206 MiB, 49140 MiB, 280.77 W, 66
2026/08/14 00:43:22.624, NVIDIA GeForce RTX 4090, 70 %, 38 %, 19206 MiB, 49140 MiB, 275.32 W, 66
2026/08/14 00:43:23.624, NVIDIA GeForce RTX 4090, 94 %, 50 %, 19206 MiB, 49140 MiB, 293.95 W, 66
2026/08/14 00:43:24.624, NVIDIA GeForce RTX 4090, 40 %, 15 %, 19206 MiB, 49140 MiB, 299.79 W, 64
2026/08/14 00:43:25.625, NVIDIA GeForce RTX 4090, 26 %, 9 %, 19206 MiB, 49140 MiB, 271.06 W, 59
2026/08/14 00:43:26.625, NVIDIA GeForce RTX 4090, 39 %, 13 %, 19206 MiB, 49140 MiB, 286.44 W, 62
2026/08/14 00:43:27.625, NVIDIA GeForce RTX 4090, 53 %, 27 %, 19206 MiB, 49140 MiB, 282.38 W, 65
2026/08/14 00:43:28.625, NVIDIA GeForce RTX 4090, 98 %, 54 %, 19206 MiB, 49140 MiB, 301.42 W, 66
2026/08/14 00:43:29.626, NVIDIA GeForce RTX 4090, 52 %, 29 %, 19206 MiB, 49140 MiB, 278.82 W, 66
2026/08/14 00:43:30.626, NVIDIA GeForce RTX 4090, 22 %, 8 %, 19206 MiB, 49140 MiB, 281.91 W, 61
2026/08/14 00:43:31.626, NVIDIA GeForce RTX 4090, 32 %, 11 %, 19206 MiB, 49140 MiB, 269.95 W, 61
2026/08/14 00:43:32.626, NVIDIA GeForce RTX 4090, 38 %, 13 %, 19206 MiB, 49140 MiB, 282.99 W, 61
2026/08/14 00:43:33.627, NVIDIA GeForce RTX 4090, 23 %, 10 %, 19206 MiB, 49140 MiB, 275.31 W, 62
2026/08/14 00:43:34.627, NVIDIA GeForce RTX 4090, 99 %, 55 %, 19206 MiB, 49140 MiB, 309.20 W, 67
2026/08/14 00:43:35.627, NVIDIA GeForce RTX 4090, 52 %, 24 %, 19206 MiB, 49140 MiB, 294.00 W, 66
2026/08/14 00:43:36.627, NVIDIA GeForce RTX 4090, 39 %, 15 %, 19206 MiB, 49140 MiB, 276.37 W, 65
2026/08/14 00:43:37.628, NVIDIA GeForce RTX 4090, 20 %, 7 %, 19206 MiB, 49140 MiB, 270.51 W, 62
2026/08/14 00:43:38.628, NVIDIA GeForce RTX 4090, 27 %, 9 %, 19206 MiB, 49140 MiB, 276.64 W, 62
2026/08/14 00:43:39.628, NVIDIA GeForce RTX 4090, 36 %, 14 %, 19206 MiB, 49140 MiB, 277.04 W, 64
2026/08/14 00:43:40.629, NVIDIA GeForce RTX 4090, 42 %, 23 %, 19206 MiB, 49140 MiB, 386.47 W, 68
2026/08/14 00:43:41.629, NVIDIA GeForce RTX 4090, 33 %, 11 %, 19206 MiB, 49140 MiB, 276.55 W, 63
2026/08/14 00:43:42.629, NVIDIA GeForce RTX 4090, 35 %, 12 %, 19206 MiB, 49140 MiB, 276.72 W, 63
2026/08/14 00:43:43.629, NVIDIA GeForce RTX 4090, 42 %, 17 %, 19206 MiB, 49140 MiB, 279.43 W, 66
2026/08/14 00:43:44.630, NVIDIA GeForce RTX 4090, 66 %, 38 %, 19206 MiB, 49140 MiB, 303.37 W, 66
2026/08/14 00:43:45.630, NVIDIA GeForce RTX 4090, 92 %, 52 %, 19206 MiB, 49140 MiB, 293.54 W, 65
2026/08/14 00:43:46.630, NVIDIA GeForce RTX 4090, 38 %, 14 %, 19206 MiB, 49140 MiB, 302.10 W, 66
2026/08/14 00:43:47.630, NVIDIA GeForce RTX 4090, 18 %, 6 %, 19206 MiB, 49140 MiB, 276.35 W, 63
2026/08/14 00:43:48.631, NVIDIA GeForce RTX 4090, 41 %, 15 %, 19206 MiB, 49140 MiB, 277.47 W, 66
2026/08/14 00:43:49.631, NVIDIA GeForce RTX 4090, 70 %, 38 %, 19206 MiB, 49140 MiB, 294.37 W, 66
2026/08/14 00:43:50.631, NVIDIA GeForce RTX 4090, 93 %, 53 %, 19206 MiB, 49140 MiB, 307.85 W, 65
2026/08/14 00:43:51.632, NVIDIA GeForce RTX 4090, 69 %, 35 %, 19206 MiB, 49140 MiB, 289.88 W, 67
2026/08/14 00:43:52.683, NVIDIA GeForce RTX 4090, 13 %, 5 %, 19206 MiB, 49140 MiB, 285.84 W, 61
2026/08/14 00:43:53.683, NVIDIA GeForce RTX 4090, 36 %, 13 %, 19206 MiB, 49140 MiB, 266.88 W, 63
2026/08/14 00:43:54.684, NVIDIA GeForce RTX 4090, 26 %, 9 %, 19206 MiB, 49140 MiB, 278.48 W, 66
2026/08/14 00:43:55.684, NVIDIA GeForce RTX 4090, 70 %, 38 %, 19206 MiB, 49140 MiB, 295.99 W, 66
2026/08/14 00:43:56.684, NVIDIA GeForce RTX 4090, 46 %, 23 %, 19206 MiB, 49140 MiB, 310.27 W, 67
2026/08/14 00:43:57.685, NVIDIA GeForce RTX 4090, 28 %, 11 %, 19206 MiB, 49140 MiB, 284.27 W, 63
2026/08/14 00:43:58.685, NVIDIA GeForce RTX 4090, 27 %, 9 %, 19206 MiB, 49140 MiB, 282.04 W, 66
2026/08/14 00:43:59.685, NVIDIA GeForce RTX 4090, 45 %, 17 %, 19206 MiB, 49140 MiB, 281.22 W, 66
2026/08/14 00:44:00.685, NVIDIA GeForce RTX 4090, 70 %, 37 %, 19206 MiB, 49140 MiB, 288.62 W, 66
2026/08/14 00:44:01.686, NVIDIA GeForce RTX 4090, 47 %, 23 %, 19206 MiB, 49140 MiB, 310.92 W, 67
2026/08/14 00:44:02.686, NVIDIA GeForce RTX 4090, 38 %, 14 %, 19206 MiB, 49140 MiB, 283.36 W, 67
2026/08/14 00:44:03.686, NVIDIA GeForce RTX 4090, 38 %, 13 %, 19206 MiB, 49140 MiB, 283.20 W, 66
2026/08/14 00:44:04.687, NVIDIA GeForce RTX 4090, 42 %, 16 %, 19206 MiB, 49140 MiB, 283.81 W, 66
2026/08/14 00:44:05.687, NVIDIA GeForce RTX 4090, 48 %, 22 %, 19206 MiB, 49140 MiB, 277.87 W, 66
2026/08/14 00:44:06.687, NVIDIA GeForce RTX 4090, 99 %, 58 %, 19206 MiB, 49140 MiB, 304.98 W, 66
2026/08/14 00:44:07.687, NVIDIA GeForce RTX 4090, 53 %, 26 %, 19206 MiB, 49140 MiB, 298.25 W, 64
2026/08/14 00:44:08.688, NVIDIA GeForce RTX 4090, 11 %, 4 %, 19206 MiB, 49140 MiB, 271.35 W, 64
2026/08/14 00:44:09.688, NVIDIA GeForce RTX 4090, 36 %, 13 %, 19206 MiB, 49140 MiB, 275.95 W, 65
2026/08/14 00:44:10.688, NVIDIA GeForce RTX 4090, 33 %, 11 %, 19206 MiB, 49140 MiB, 268.98 W, 65
2026/08/14 00:44:11.688, NVIDIA GeForce RTX 4090, 40 %, 15 %, 19206 MiB, 49140 MiB, 278.66 W, 66
2026/08/14 00:44:12.689, NVIDIA GeForce RTX 4090, 66 %, 35 %, 19206 MiB, 49140 MiB, 293.36 W, 66
2026/08/14 00:44:13.689, NVIDIA GeForce RTX 4090, 91 %, 51 %, 19206 MiB, 49140 MiB, 292.46 W, 64
2026/08/14 00:44:14.689, NVIDIA GeForce RTX 4090, 37 %, 14 %, 19206 MiB, 49140 MiB, 299.59 W, 68
2026/08/14 00:44:15.689, NVIDIA GeForce RTX 4090, 18 %, 6 %, 19206 MiB, 49140 MiB, 275.58 W, 65
2026/08/14 00:44:16.690, NVIDIA GeForce RTX 4090, 34 %, 11 %, 19206 MiB, 49140 MiB, 268.43 W, 65
2026/08/14 00:44:17.690, NVIDIA GeForce RTX 4090, 37 %, 13 %, 19206 MiB, 49140 MiB, 279.15 W, 66
2026/08/14 00:44:18.690, NVIDIA GeForce RTX 4090, 70 %, 38 %, 19206 MiB, 49140 MiB, 296.63 W, 66
2026/08/14 00:44:19.690, NVIDIA GeForce RTX 4090, 91 %, 51 %, 19206 MiB, 49140 MiB, 290.56 W, 64
2026/08/14 00:44:20.690, NVIDIA GeForce RTX 4090, 49 %, 24 %, 19206 MiB, 49140 MiB, 287.09 W, 64
2026/08/14 00:44:21.691, NVIDIA GeForce RTX 4090, 28 %, 10 %, 19206 MiB, 49140 MiB, 268.88 W, 65
2026/08/14 00:44:22.691, NVIDIA GeForce RTX 4090, 3 %, 1 %, 19206 MiB, 49140 MiB, 263.34 W, 63
2026/08/14 00:44:23.691, NVIDIA GeForce RTX 4090, 100 %, 51 %, 19206 MiB, 49140 MiB, 331.26 W, 68
2026/08/14 00:44:24.691, NVIDIA GeForce RTX 4090, 3 %, 0 %, 19206 MiB, 49140 MiB, 171.93 W, 55
2026/08/14 00:44:25.691, NVIDIA GeForce RTX 4090, 0 %, 0 %, 19206 MiB, 49140 MiB, 103.91 W, 54
2026/08/14 00:44:26.692, NVIDIA GeForce RTX 4090, 37 %, 14 %, 19206 MiB, 49140 MiB, 145.23 W, 65
2026/08/14 00:44:27.692, NVIDIA GeForce RTX 4090, 20 %, 7 %, 19206 MiB, 49140 MiB, 253.26 W, 62
2026/08/14 00:44:28.692, NVIDIA GeForce RTX 4090, 20 %, 8 %, 19206 MiB, 49140 MiB, 259.31 W, 61
2026/08/14 00:44:29.692, NVIDIA GeForce RTX 4090, 0 %, 0 %, 19206 MiB, 49140 MiB, 258.53 W, 61
2026/08/14 00:44:30.693, NVIDIA GeForce RTX 4090, 37 %, 13 %, 19206 MiB, 49140 MiB, 263.98 W, 62
2026/08/14 00:44:31.693, NVIDIA GeForce RTX 4090, 35 %, 12 %, 19206 MiB, 49140 MiB, 271.14 W, 65
2026/08/14 00:44:32.693, NVIDIA GeForce RTX 4090, 47 %, 16 %, 19206 MiB, 49140 MiB, 273.22 W, 63
2026/08/14 00:44:33.693, NVIDIA GeForce RTX 4090, 52 %, 20 %, 19206 MiB, 49140 MiB, 278.94 W, 64
2026/08/14 00:44:34.693, NVIDIA GeForce RTX 4090, 72 %, 39 %, 19206 MiB, 49140 MiB, 286.27 W, 64
2026/08/14 00:44:35.694, NVIDIA GeForce RTX 4090, 80 %, 48 %, 19206 MiB, 49140 MiB, 292.05 W, 62
2026/08/14 00:44:36.694, NVIDIA GeForce RTX 4090, 36 %, 13 %, 19206 MiB, 49140 MiB, 296.44 W, 64
2026/08/14 00:44:37.694, NVIDIA GeForce RTX 4090, 26 %, 9 %, 19206 MiB, 49140 MiB, 268.54 W, 64
2026/08/14 00:44:38.694, NVIDIA GeForce RTX 4090, 38 %, 13 %, 19206 MiB, 49140 MiB, 269.44 W, 65
2026/08/14 00:44:39.694, NVIDIA GeForce RTX 4090, 43 %, 14 %, 19206 MiB, 49140 MiB, 271.88 W, 66
2026/08/14 00:44:40.695, NVIDIA GeForce RTX 4090, 53 %, 21 %, 19206 MiB, 49140 MiB, 284.30 W, 65
2026/08/14 00:44:41.695, NVIDIA GeForce RTX 4090, 74 %, 40 %, 19206 MiB, 49140 MiB, 284.85 W, 63
2026/08/14 00:44:42.695, NVIDIA GeForce RTX 4090, 58 %, 28 %, 19206 MiB, 49140 MiB, 302.39 W, 64
2026/08/14 00:44:43.696, NVIDIA GeForce RTX 4090, 14 %, 6 %, 19206 MiB, 49140 MiB, 282.98 W, 65
2026/08/14 00:44:44.696, NVIDIA GeForce RTX 4090, 40 %, 14 %, 19206 MiB, 49140 MiB, 275.79 W, 66
2026/08/14 00:44:45.696, NVIDIA GeForce RTX 4090, 47 %, 15 %, 19206 MiB, 49140 MiB, 277.74 W, 65
2026/08/14 00:44:46.696, NVIDIA GeForce RTX 4090, 44 %, 16 %, 19206 MiB, 49140 MiB, 272.60 W, 62
2026/08/14 00:44:47.697, NVIDIA GeForce RTX 4090, 77 %, 43 %, 19206 MiB, 49140 MiB, 289.81 W, 64
2026/08/14 00:44:48.697, NVIDIA GeForce RTX 4090, 87 %, 50 %, 19206 MiB, 49140 MiB, 293.64 W, 65
2026/08/14 00:44:49.697, NVIDIA GeForce RTX 4090, 61 %, 33 %, 19206 MiB, 49140 MiB, 290.82 W, 64
2026/08/14 00:44:50.697, NVIDIA GeForce RTX 4090, 22 %, 9 %, 19206 MiB, 49140 MiB, 275.66 W, 64
2026/08/14 00:44:51.697, NVIDIA GeForce RTX 4090, 41 %, 15 %, 19206 MiB, 49140 MiB, 275.42 W, 66
2026/08/14 00:44:52.698, NVIDIA GeForce RTX 4090, 39 %, 13 %, 19206 MiB, 49140 MiB, 272.78 W, 63
2026/08/14 00:44:53.698, NVIDIA GeForce RTX 4090, 50 %, 18 %, 19206 MiB, 49140 MiB, 273.20 W, 64
2026/08/14 00:44:54.698, NVIDIA GeForce RTX 4090, 62 %, 24 %, 19206 MiB, 49140 MiB, 279.19 W, 63
2026/08/14 00:44:55.698, NVIDIA GeForce RTX 4090, 79 %, 44 %, 19206 MiB, 49140 MiB, 285.75 W, 63
2026/08/14 00:44:56.699, NVIDIA GeForce RTX 4090, 87 %, 46 %, 19206 MiB, 49140 MiB, 307.49 W, 67
2026/08/14 00:44:57.699, NVIDIA GeForce RTX 4090, 35 %, 13 %, 19206 MiB, 49140 MiB, 288.66 W, 65
2026/08/14 00:44:58.699, NVIDIA GeForce RTX 4090, 42 %, 15 %, 19206 MiB, 49140 MiB, 277.34 W, 64
2026/08/14 00:44:59.699, NVIDIA GeForce RTX 4090, 47 %, 15 %, 19206 MiB, 49140 MiB, 278.06 W, 63
2026/08/14 00:45:00.699, NVIDIA GeForce RTX 4090, 61 %, 24 %, 19206 MiB, 49140 MiB, 284.76 W, 63
2026/08/14 00:45:01.700, NVIDIA GeForce RTX 4090, 98 %, 59 %, 19206 MiB, 49140 MiB, 300.16 W, 64
2026/08/14 00:45:02.700, NVIDIA GeForce RTX 4090, 52 %, 25 %, 19206 MiB, 49140 MiB, 300.91 W, 63
2026/08/14 00:45:03.700, NVIDIA GeForce RTX 4090, 35 %, 12 %, 19206 MiB, 49140 MiB, 278.43 W, 63
2026/08/14 00:45:04.700, NVIDIA GeForce RTX 4090, 30 %, 10 %, 19206 MiB, 49140 MiB, 273.33 W, 62
2026/08/14 00:45:05.700, NVIDIA GeForce RTX 4090, 47 %, 18 %, 19206 MiB, 49140 MiB, 279.55 W, 62
2026/08/14 00:45:06.700, NVIDIA GeForce RTX 4090, 78 %, 44 %, 19206 MiB, 49140 MiB, 291.37 W, 63
2026/08/14 00:45:07.700, NVIDIA GeForce RTX 4090, 89 %, 52 %, 19206 MiB, 49140 MiB, 284.62 W, 64
2026/08/14 00:45:08.701, NVIDIA GeForce RTX 4090, 60 %, 30 %, 19206 MiB, 49140 MiB, 289.24 W, 63
2026/08/14 00:45:09.701, NVIDIA GeForce RTX 4090, 35 %, 14 %, 19206 MiB, 49140 MiB, 272.83 W, 63
2026/08/14 00:45:10.701, NVIDIA GeForce RTX 4090, 100 %, 52 %, 19206 MiB, 49140 MiB, 309.89 W, 66
2026/08/14 00:45:11.701, NVIDIA GeForce RTX 4090, 42 %, 15 %, 19206 MiB, 49140 MiB, 314.18 W, 61
2026/08/14 00:45:12.702, NVIDIA GeForce RTX 4090, 76 %, 43 %, 19206 MiB, 49140 MiB, 291.34 W, 63
2026/08/14 00:45:13.702, NVIDIA GeForce RTX 4090, 89 %, 52 %, 19206 MiB, 49140 MiB, 292.64 W, 64
2026/08/14 00:45:14.702, NVIDIA GeForce RTX 4090, 53 %, 25 %, 19206 MiB, 49140 MiB, 285.06 W, 62
2026/08/14 00:45:15.702, NVIDIA GeForce RTX 4090, 32 %, 11 %, 19206 MiB, 49140 MiB, 270.31 W, 61
2026/08/14 00:45:16.703, NVIDIA GeForce RTX 4090, 42 %, 15 %, 19206 MiB, 49140 MiB, 265.88 W, 62
2026/08/14 00:45:17.703, NVIDIA GeForce RTX 4090, 39 %, 13 %, 19206 MiB, 49140 MiB, 267.46 W, 61
2026/08/14 00:45:18.703, NVIDIA GeForce RTX 4090, 64 %, 25 %, 19206 MiB, 49140 MiB, 291.01 W, 61
2026/08/14 00:45:19.703, NVIDIA GeForce RTX 4090, 76 %, 42 %, 19206 MiB, 49140 MiB, 282.99 W, 62
2026/08/14 00:45:20.703, NVIDIA GeForce RTX 4090, 73 %, 37 %, 19206 MiB, 49140 MiB, 299.90 W, 61
2026/08/14 00:45:21.704, NVIDIA GeForce RTX 4090, 43 %, 17 %, 19206 MiB, 49140 MiB, 279.81 W, 62
2026/08/14 00:45:22.704, NVIDIA GeForce RTX 4090, 42 %, 15 %, 19206 MiB, 49140 MiB, 271.82 W, 61
2026/08/14 00:45:23.704, NVIDIA GeForce RTX 4090, 50 %, 16 %, 19206 MiB, 49140 MiB, 273.88 W, 61
2026/08/14 00:45:24.704, NVIDIA GeForce RTX 4090, 63 %, 25 %, 19206 MiB, 49140 MiB, 280.51 W, 61
2026/08/14 00:45:25.705, NVIDIA GeForce RTX 4090, 98 %, 57 %, 19206 MiB, 49140 MiB, 305.26 W, 64
2026/08/14 00:45:26.705, NVIDIA GeForce RTX 4090, 55 %, 26 %, 19206 MiB, 49140 MiB, 291.11 W, 64
2026/08/14 00:45:27.705, NVIDIA GeForce RTX 4090, 43 %, 15 %, 19206 MiB, 49140 MiB, 275.30 W, 59
2026/08/14 00:45:28.706, NVIDIA GeForce RTX 4090, 44 %, 15 %, 19206 MiB, 49140 MiB, 283.74 W, 61
2026/08/14 00:45:29.706, NVIDIA GeForce RTX 4090, 63 %, 25 %, 19206 MiB, 49140 MiB, 282.59 W, 61
2026/08/14 00:45:30.706, NVIDIA GeForce RTX 4090, 82 %, 46 %, 19206 MiB, 49140 MiB, 282.68 W, 62
2026/08/14 00:45:31.706, NVIDIA GeForce RTX 4090, 84 %, 50 %, 19206 MiB, 49140 MiB, 286.90 W, 65
2026/08/14 00:45:32.707, NVIDIA GeForce RTX 4090, 58 %, 24 %, 19206 MiB, 49140 MiB, 298.48 W, 63
2026/08/14 00:45:33.707, NVIDIA GeForce RTX 4090, 42 %, 15 %, 19206 MiB, 49140 MiB, 281.98 W, 62
2026/08/14 00:45:34.707, NVIDIA GeForce RTX 4090, 45 %, 15 %, 19206 MiB, 49140 MiB, 277.74 W, 61
2026/08/14 00:45:35.708, NVIDIA GeForce RTX 4090, 63 %, 25 %, 19206 MiB, 49140 MiB, 283.32 W, 60
2026/08/14 00:45:36.708, NVIDIA GeForce RTX 4090, 94 %, 58 %, 19206 MiB, 49140 MiB, 293.96 W, 64
2026/08/14 00:45:37.708, NVIDIA GeForce RTX 4090, 70 %, 37 %, 19206 MiB, 49140 MiB, 298.20 W, 62
2026/08/14 00:45:38.708, NVIDIA GeForce RTX 4090, 43 %, 17 %, 19206 MiB, 49140 MiB, 278.75 W, 63
2026/08/14 00:45:39.709, NVIDIA GeForce RTX 4090, 42 %, 15 %, 19206 MiB, 49140 MiB, 279.65 W, 62
2026/08/14 00:45:40.709, NVIDIA GeForce RTX 4090, 50 %, 16 %, 19206 MiB, 49140 MiB, 275.66 W, 61
2026/08/14 00:45:41.709, NVIDIA GeForce RTX 4090, 63 %, 25 %, 19206 MiB, 49140 MiB, 279.99 W, 61
2026/08/14 00:45:42.709, NVIDIA GeForce RTX 4090, 78 %, 44 %, 19206 MiB, 49140 MiB, 284.84 W, 62
2026/08/14 00:45:43.709, NVIDIA GeForce RTX 4090, 76 %, 37 %, 19206 MiB, 49140 MiB, 302.22 W, 58
2026/08/14 00:45:44.710, NVIDIA GeForce RTX 4090, 23 %, 9 %, 19206 MiB, 49140 MiB, 283.88 W, 59
2026/08/14 00:45:45.710, NVIDIA GeForce RTX 4090, 35 %, 12 %, 19206 MiB, 49140 MiB, 269.14 W, 59
2026/08/14 00:45:46.710, NVIDIA GeForce RTX 4090, 38 %, 13 %, 19206 MiB, 49140 MiB, 280.12 W, 60
2026/08/14 00:45:47.710, NVIDIA GeForce RTX 4090, 45 %, 17 %, 19206 MiB, 49140 MiB, 278.84 W, 60
2026/08/14 00:45:48.711, NVIDIA GeForce RTX 4090, 75 %, 42 %, 19206 MiB, 49140 MiB, 293.20 W, 62
2026/08/14 00:45:49.711, NVIDIA GeForce RTX 4090, 78 %, 50 %, 19206 MiB, 49140 MiB, 289.57 W, 65
2026/08/14 00:45:50.711, NVIDIA GeForce RTX 4090, 52 %, 25 %, 19206 MiB, 49140 MiB, 296.20 W, 61
2026/08/14 00:45:51.711, NVIDIA GeForce RTX 4090, 43 %, 15 %, 19206 MiB, 49140 MiB, 277.55 W, 60
2026/08/14 00:45:52.711, NVIDIA GeForce RTX 4090, 38 %, 13 %, 19206 MiB, 49140 MiB, 276.55 W, 61
2026/08/14 00:45:53.711, NVIDIA GeForce RTX 4090, 49 %, 17 %, 19206 MiB, 49140 MiB, 275.80 W, 60
2026/08/14 00:45:54.712, NVIDIA GeForce RTX 4090, 0 %, 0 %, 19206 MiB, 49140 MiB, 336.94 W, 56
2026/08/14 00:45:55.712, NVIDIA GeForce RTX 4090, 0 %, 0 %, 19206 MiB, 49140 MiB, 105.51 W, 53
2026/08/14 00:45:56.712, NVIDIA GeForce RTX 4090, 0 %, 0 %, 19206 MiB, 49140 MiB, 100.22 W, 52
2026/08/14 00:45:57.712, NVIDIA GeForce RTX 4090, 43 %, 15 %, 19206 MiB, 49140 MiB, 194.24 W, 56
2026/08/14 00:45:58.712, NVIDIA GeForce RTX 4090, 65 %, 26 %, 19206 MiB, 49140 MiB, 277.02 W, 57
2026/08/14 00:45:59.713, NVIDIA GeForce RTX 4090, 55 %, 28 %, 19206 MiB, 49140 MiB, 285.37 W, 57
2026/08/14 00:46:00.713, NVIDIA GeForce RTX 4090, 81 %, 52 %, 19206 MiB, 49140 MiB, 281.99 W, 61
2026/08/14 00:46:01.713, NVIDIA GeForce RTX 4090, 84 %, 43 %, 19206 MiB, 49140 MiB, 290.31 W, 58
2026/08/14 00:46:02.713, NVIDIA GeForce RTX 4090, 43 %, 17 %, 19206 MiB, 49140 MiB, 282.16 W, 57
2026/08/14 00:46:03.713, NVIDIA GeForce RTX 4090, 31 %, 11 %, 19206 MiB, 49140 MiB, 266.46 W, 57
2026/08/14 00:46:04.713, NVIDIA GeForce RTX 4090, 49 %, 17 %, 19206 MiB, 49140 MiB, 269.30 W, 58
2026/08/14 00:46:05.713, NVIDIA GeForce RTX 4090, 49 %, 16 %, 19206 MiB, 49140 MiB, 270.47 W, 57
2026/08/14 00:46:06.714, NVIDIA GeForce RTX 4090, 46 %, 18 %, 19206 MiB, 49140 MiB, 269.86 W, 57
2026/08/14 00:46:07.714, NVIDIA GeForce RTX 4090, 92 %, 53 %, 19206 MiB, 49140 MiB, 287.54 W, 60
2026/08/14 00:46:08.714, NVIDIA GeForce RTX 4090, 85 %, 44 %, 19206 MiB, 49140 MiB, 300.99 W, 58
2026/08/14 00:46:09.714, NVIDIA GeForce RTX 4090, 38 %, 14 %, 19206 MiB, 49140 MiB, 297.04 W, 57
2026/08/14 00:46:10.714, NVIDIA GeForce RTX 4090, 40 %, 14 %, 19206 MiB, 49140 MiB, 281.48 W, 56
2026/08/14 00:46:11.714, NVIDIA GeForce RTX 4090, 51 %, 18 %, 19206 MiB, 49140 MiB, 266.54 W, 57
2026/08/14 00:46:12.714, NVIDIA GeForce RTX 4090, 76 %, 38 %, 19206 MiB, 49140 MiB, 285.06 W, 59
2026/08/14 00:46:13.714, NVIDIA GeForce RTX 4090, 71 %, 45 %, 19206 MiB, 49140 MiB, 296.65 W, 64
2026/08/14 00:46:14.715, NVIDIA GeForce RTX 4090, 84 %, 46 %, 19206 MiB, 49140 MiB, 290.60 W, 58
2026/08/14 00:46:15.715, NVIDIA GeForce RTX 4090, 39 %, 14 %, 19206 MiB, 49140 MiB, 286.58 W, 57
2026/08/14 00:46:16.715, NVIDIA GeForce RTX 4090, 40 %, 14 %, 19206 MiB, 49140 MiB, 268.76 W, 56
2026/08/14 00:46:17.715, NVIDIA GeForce RTX 4090, 38 %, 13 %, 19206 MiB, 49140 MiB, 269.85 W, 56
2026/08/14 00:46:18.715, NVIDIA GeForce RTX 4090, 51 %, 18 %, 19206 MiB, 49140 MiB, 269.75 W, 57
2026/08/14 00:46:19.716, NVIDIA GeForce RTX 4090, 74 %, 38 %, 19206 MiB, 49140 MiB, 284.80 W, 59
2026/08/14 00:46:20.716, NVIDIA GeForce RTX 4090, 68 %, 43 %, 19206 MiB, 49140 MiB, 296.16 W, 64
2026/08/14 00:46:21.716, NVIDIA GeForce RTX 4090, 86 %, 48 %, 19206 MiB, 49140 MiB, 290.27 W, 59
2026/08/14 00:46:22.716, NVIDIA GeForce RTX 4090, 34 %, 14 %, 19206 MiB, 49140 MiB, 279.39 W, 57
2026/08/14 00:46:23.716, NVIDIA GeForce RTX 4090, 35 %, 12 %, 19206 MiB, 49140 MiB, 268.06 W, 57
2026/08/14 00:46:24.717, NVIDIA GeForce RTX 4090, 49 %, 16 %, 19206 MiB, 49140 MiB, 281.53 W, 57
2026/08/14 00:46:25.717, NVIDIA GeForce RTX 4090, 77 %, 39 %, 19206 MiB, 49140 MiB, 290.71 W, 62
2026/08/14 00:46:26.717, NVIDIA GeForce RTX 4090, 67 %, 42 %, 19206 MiB, 49140 MiB, 293.14 W, 62
2026/08/14 00:46:27.717, NVIDIA GeForce RTX 4090, 73 %, 34 %, 19206 MiB, 49140 MiB, 303.98 W, 58
2026/08/14 00:46:28.717, NVIDIA GeForce RTX 4090, 42 %, 15 %, 19206 MiB, 49140 MiB, 282.51 W, 57
2026/08/14 00:46:29.718, NVIDIA GeForce RTX 4090, 45 %, 15 %, 19206 MiB, 49140 MiB, 275.83 W, 57
2026/08/14 00:46:30.718, NVIDIA GeForce RTX 4090, 62 %, 24 %, 19206 MiB, 49140 MiB, 283.21 W, 58
2026/08/14 00:46:31.718, NVIDIA GeForce RTX 4090, 69 %, 42 %, 19206 MiB, 49140 MiB, 290.61 W, 66
2026/08/14 00:46:32.718, NVIDIA GeForce RTX 4090, 92 %, 50 %, 19206 MiB, 49140 MiB, 291.93 W, 59
2026/08/14 00:46:33.718, NVIDIA GeForce RTX 4090, 33 %, 13 %, 19206 MiB, 49140 MiB, 286.13 W, 57
2026/08/14 00:46:34.718, NVIDIA GeForce RTX 4090, 30 %, 11 %, 19206 MiB, 49140 MiB, 263.77 W, 57
2026/08/14 00:46:35.718, NVIDIA GeForce RTX 4090, 42 %, 15 %, 19206 MiB, 49140 MiB, 268.63 W, 57
2026/08/14 00:46:36.719, NVIDIA GeForce RTX 4090, 38 %, 13 %, 19206 MiB, 49140 MiB, 267.79 W, 57
2026/08/14 00:46:37.719, NVIDIA GeForce RTX 4090, 50 %, 18 %, 19206 MiB, 49140 MiB, 268.18 W, 57
2026/08/14 00:46:38.719, NVIDIA GeForce RTX 4090, 66 %, 34 %, 19206 MiB, 49140 MiB, 282.15 W, 60
2026/08/14 00:46:39.719, NVIDIA GeForce RTX 4090, 70 %, 45 %, 19206 MiB, 49140 MiB, 293.67 W, 62
2026/08/14 00:46:40.719, NVIDIA GeForce RTX 4090, 100 %, 55 %, 19206 MiB, 49140 MiB, 311.69 W, 66
2026/08/14 00:46:41.719, NVIDIA GeForce RTX 4090, 48 %, 16 %, 19206 MiB, 49140 MiB, 347.18 W, 58
2026/08/14 00:46:42.720, NVIDIA GeForce RTX 4090, 77 %, 30 %, 19206 MiB, 49140 MiB, 279.59 W, 58
2026/08/14 00:46:43.720, NVIDIA GeForce RTX 4090, 69 %, 40 %, 19206 MiB, 49140 MiB, 286.31 W, 66
2026/08/14 00:46:44.720, NVIDIA GeForce RTX 4090, 68 %, 33 %, 19206 MiB, 49140 MiB, 298.01 W, 62
2026/08/14 00:46:45.720, NVIDIA GeForce RTX 4090, 43 %, 17 %, 19206 MiB, 49140 MiB, 285.49 W, 58
2026/08/14 00:46:46.721, NVIDIA GeForce RTX 4090, 47 %, 17 %, 19206 MiB, 49140 MiB, 277.86 W, 58
2026/08/14 00:46:47.721, NVIDIA GeForce RTX 4090, 29 %, 10 %, 19206 MiB, 49140 MiB, 269.92 W, 57
2026/08/14 00:46:48.721, NVIDIA GeForce RTX 4090, 61 %, 24 %, 19206 MiB, 49140 MiB, 282.17 W, 59
2026/08/14 00:46:49.721, NVIDIA GeForce RTX 4090, 75 %, 45 %, 19206 MiB, 49140 MiB, 290.23 W, 65
2026/08/14 00:46:50.722, NVIDIA GeForce RTX 4090, 54 %, 26 %, 19206 MiB, 49140 MiB, 310.60 W, 59
2026/08/14 00:46:51.722, NVIDIA GeForce RTX 4090, 47 %, 16 %, 19206 MiB, 49140 MiB, 280.87 W, 58
2026/08/14 00:46:52.722, NVIDIA GeForce RTX 4090, 46 %, 15 %, 19206 MiB, 49140 MiB, 281.47 W, 58
2026/08/14 00:46:53.722, NVIDIA GeForce RTX 4090, 67 %, 26 %, 19206 MiB, 49140 MiB, 282.27 W, 59
2026/08/14 00:46:54.723, NVIDIA GeForce RTX 4090, 69 %, 39 %, 19206 MiB, 49140 MiB, 289.98 W, 65
2026/08/14 00:46:55.723, NVIDIA GeForce RTX 4090, 88 %, 47 %, 19206 MiB, 49140 MiB, 301.93 W, 60
2026/08/14 00:46:56.723, NVIDIA GeForce RTX 4090, 37 %, 13 %, 19206 MiB, 49140 MiB, 298.50 W, 58
2026/08/14 00:46:57.723, NVIDIA GeForce RTX 4090, 38 %, 13 %, 19206 MiB, 49140 MiB, 276.46 W, 58
2026/08/14 00:46:58.724, NVIDIA GeForce RTX 4090, 46 %, 18 %, 19206 MiB, 49140 MiB, 274.55 W, 58
2026/08/14 00:46:59.724, NVIDIA GeForce RTX 4090, 69 %, 39 %, 19206 MiB, 49140 MiB, 295.68 W, 65
2026/08/14 00:47:00.724, NVIDIA GeForce RTX 4090, 89 %, 47 %, 19206 MiB, 49140 MiB, 303.12 W, 60
2026/08/14 00:47:01.725, NVIDIA GeForce RTX 4090, 41 %, 15 %, 19206 MiB, 49140 MiB, 292.00 W, 58
2026/08/14 00:47:02.725, NVIDIA GeForce RTX 4090, 41 %, 14 %, 19206 MiB, 49140 MiB, 276.43 W, 58
2026/08/14 00:47:03.725, NVIDIA GeForce RTX 4090, 49 %, 17 %, 19206 MiB, 49140 MiB, 277.11 W, 58
2026/08/14 00:47:04.726, NVIDIA GeForce RTX 4090, 57 %, 24 %, 19206 MiB, 49140 MiB, 274.26 W, 59
2026/08/14 00:47:05.726, NVIDIA GeForce RTX 4090, 69 %, 38 %, 19206 MiB, 49140 MiB, 288.62 W, 65
2026/08/14 00:47:06.726, NVIDIA GeForce RTX 4090, 89 %, 48 %, 19206 MiB, 49140 MiB, 301.95 W, 60
2026/08/14 00:47:07.727, NVIDIA GeForce RTX 4090, 40 %, 15 %, 19206 MiB, 49140 MiB, 293.64 W, 58
2026/08/14 00:47:08.727, NVIDIA GeForce RTX 4090, 44 %, 15 %, 19206 MiB, 49140 MiB, 278.33 W, 58
2026/08/14 00:47:09.727, NVIDIA GeForce RTX 4090, 46 %, 18 %, 19206 MiB, 49140 MiB, 284.42 W, 58
2026/08/14 00:47:10.727, NVIDIA GeForce RTX 4090, 67 %, 41 %, 19206 MiB, 49140 MiB, 283.74 W, 62
2026/08/14 00:47:11.728, NVIDIA GeForce RTX 4090, 67 %, 39 %, 19206 MiB, 49140 MiB, 280.76 W, 67
2026/08/14 00:47:12.728, NVIDIA GeForce RTX 4090, 75 %, 33 %, 19206 MiB, 49140 MiB, 306.09 W, 59
2026/08/14 00:47:13.728, NVIDIA GeForce RTX 4090, 25 %, 9 %, 19206 MiB, 49140 MiB, 274.99 W, 57
2026/08/14 00:47:14.728, NVIDIA GeForce RTX 4090, 52 %, 17 %, 19206 MiB, 49140 MiB, 278.46 W, 59
2026/08/14 00:47:15.729, NVIDIA GeForce RTX 4090, 53 %, 22 %, 19206 MiB, 49140 MiB, 276.81 W, 59
2026/08/14 00:47:16.729, NVIDIA GeForce RTX 4090, 70 %, 38 %, 19206 MiB, 49140 MiB, 284.05 W, 65
2026/08/14 00:47:17.729, NVIDIA GeForce RTX 4090, 75 %, 37 %, 19206 MiB, 49140 MiB, 299.53 W, 63
2026/08/14 00:47:18.729, NVIDIA GeForce RTX 4090, 44 %, 16 %, 19206 MiB, 49140 MiB, 292.89 W, 59
2026/08/14 00:47:19.730, NVIDIA GeForce RTX 4090, 42 %, 15 %, 19206 MiB, 49140 MiB, 269.88 W, 58
2026/08/14 00:47:20.730, NVIDIA GeForce RTX 4090, 46 %, 18 %, 19206 MiB, 49140 MiB, 286.49 W, 59
2026/08/14 00:47:21.730, NVIDIA GeForce RTX 4090, 56 %, 33 %, 19206 MiB, 49140 MiB, 283.39 W, 63
2026/08/14 00:47:22.730, NVIDIA GeForce RTX 4090, 92 %, 53 %, 19206 MiB, 49140 MiB, 303.29 W, 62
2026/08/14 00:47:23.731, NVIDIA GeForce RTX 4090, 100 %, 51 %, 19206 MiB, 49140 MiB, 309.17 W, 67
2026/08/14 00:47:24.731, NVIDIA GeForce RTX 4090, 0 %, 0 %, 19206 MiB, 49140 MiB, 243.36 W, 55
2026/08/14 00:47:25.731, NVIDIA GeForce RTX 4090, 0 %, 0 %, 19206 MiB, 49140 MiB, 105.87 W, 54
2026/08/14 00:47:26.731, NVIDIA GeForce RTX 4090, 35 %, 13 %, 19206 MiB, 49140 MiB, 170.30 W, 57
2026/08/14 00:47:27.732, NVIDIA GeForce RTX 4090, 20 %, 7 %, 19206 MiB, 49140 MiB, 263.18 W, 56
2026/08/14 00:47:28.732, NVIDIA GeForce RTX 4090, 52 %, 17 %, 19206 MiB, 49140 MiB, 263.45 W, 58
2026/08/14 00:47:29.732, NVIDIA GeForce RTX 4090, 33 %, 13 %, 19206 MiB, 49140 MiB, 269.06 W, 57
2026/08/14 00:47:30.732, NVIDIA GeForce RTX 4090, 65 %, 27 %, 19206 MiB, 49140 MiB, 268.49 W, 65
2026/08/14 00:47:31.733, NVIDIA GeForce RTX 4090, 63 %, 39 %, 19206 MiB, 49140 MiB, 289.61 W, 65
2026/08/14 00:47:32.733, NVIDIA GeForce RTX 4090, 88 %, 46 %, 19206 MiB, 49140 MiB, 287.94 W, 61
2026/08/14 00:47:33.733, NVIDIA GeForce RTX 4090, 57 %, 24 %, 19206 MiB, 49140 MiB, 285.53 W, 59
2026/08/14 00:47:34.733, NVIDIA GeForce RTX 4090, 42 %, 15 %, 19206 MiB, 49140 MiB, 278.58 W, 58
2026/08/14 00:47:35.734, NVIDIA GeForce RTX 4090, 51 %, 17 %, 19206 MiB, 49140 MiB, 271.99 W, 58
2026/08/14 00:47:36.734, NVIDIA GeForce RTX 4090, 47 %, 21 %, 19206 MiB, 49140 MiB, 290.86 W, 63
2026/08/14 00:47:37.734, NVIDIA GeForce RTX 4090, 69 %, 41 %, 19206 MiB, 49140 MiB, 299.71 W, 65
2026/08/14 00:47:38.734, NVIDIA GeForce RTX 4090, 77 %, 39 %, 19206 MiB, 49140 MiB, 282.38 W, 65
2026/08/14 00:47:39.735, NVIDIA GeForce RTX 4090, 59 %, 25 %, 19206 MiB, 49140 MiB, 272.90 W, 58
2026/08/14 00:47:40.735, NVIDIA GeForce RTX 4090, 36 %, 12 %, 19206 MiB, 49140 MiB, 274.45 W, 58
2026/08/14 00:47:41.735, NVIDIA GeForce RTX 4090, 39 %, 13 %, 19206 MiB, 49140 MiB, 272.38 W, 58
2026/08/14 00:47:42.735, NVIDIA GeForce RTX 4090, 59 %, 24 %, 19206 MiB, 49140 MiB, 284.27 W, 59
2026/08/14 00:47:43.736, NVIDIA GeForce RTX 4090, 92 %, 50 %, 19206 MiB, 49140 MiB, 294.58 W, 65
2026/08/14 00:47:44.736, NVIDIA GeForce RTX 4090, 52 %, 25 %, 19206 MiB, 49140 MiB, 303.40 W, 61
2026/08/14 00:47:45.736, NVIDIA GeForce RTX 4090, 29 %, 10 %, 19206 MiB, 49140 MiB, 272.88 W, 57
2026/08/14 00:47:46.736, NVIDIA GeForce RTX 4090, 40 %, 14 %, 19206 MiB, 49140 MiB, 274.38 W, 58
2026/08/14 00:47:47.737, NVIDIA GeForce RTX 4090, 40 %, 15 %, 19206 MiB, 49140 MiB, 277.46 W, 59
2026/08/14 00:47:48.737, NVIDIA GeForce RTX 4090, 41 %, 18 %, 19206 MiB, 49140 MiB, 289.53 W, 66
2026/08/14 00:47:49.737, NVIDIA GeForce RTX 4090, 71 %, 43 %, 19206 MiB, 49140 MiB, 302.01 W, 67
2026/08/14 00:47:50.737, NVIDIA GeForce RTX 4090, 88 %, 45 %, 19206 MiB, 49140 MiB, 292.23 W, 62
2026/08/14 00:47:51.738, NVIDIA GeForce RTX 4090, 52 %, 22 %, 19206 MiB, 49140 MiB, 275.27 W, 58
2026/08/14 00:47:52.738, NVIDIA GeForce RTX 4090, 18 %, 6 %, 19206 MiB, 49140 MiB, 267.44 W, 57
2026/08/14 00:47:53.738, NVIDIA GeForce RTX 4090, 39 %, 14 %, 19206 MiB, 49140 MiB, 269.52 W, 58
2026/08/14 00:47:54.738, NVIDIA GeForce RTX 4090, 38 %, 14 %, 19206 MiB, 49140 MiB, 273.60 W, 59
2026/08/14 00:47:55.738, NVIDIA GeForce RTX 4090, 45 %, 17 %, 19206 MiB, 49140 MiB, 278.08 W, 62
2026/08/14 00:47:56.739, NVIDIA GeForce RTX 4090, 56 %, 28 %, 19206 MiB, 49140 MiB, 280.35 W, 65
2026/08/14 00:47:57.739, NVIDIA GeForce RTX 4090, 68 %, 39 %, 19206 MiB, 49140 MiB, 292.03 W, 66
2026/08/14 00:47:58.739, NVIDIA GeForce RTX 4090, 50 %, 23 %, 19206 MiB, 49140 MiB, 293.38 W, 58
2026/08/14 00:47:59.739, NVIDIA GeForce RTX 4090, 39 %, 14 %, 19206 MiB, 49140 MiB, 271.29 W, 59
2026/08/14 00:48:00.739, NVIDIA GeForce RTX 4090, 37 %, 12 %, 19206 MiB, 49140 MiB, 281.22 W, 59
2026/08/14 00:48:01.739, NVIDIA GeForce RTX 4090, 66 %, 25 %, 19206 MiB, 49140 MiB, 296.01 W, 66
2026/08/14 00:48:02.740, NVIDIA GeForce RTX 4090, 69 %, 41 %, 19206 MiB, 49140 MiB, 303.23 W, 66
2026/08/14 00:48:03.740, NVIDIA GeForce RTX 4090, 72 %, 31 %, 19206 MiB, 49140 MiB, 289.61 W, 66
2026/08/14 00:48:04.740, NVIDIA GeForce RTX 4090, 33 %, 11 %, 19206 MiB, 49140 MiB, 279.60 W, 58
2026/08/14 00:48:05.740, NVIDIA GeForce RTX 4090, 41 %, 14 %, 19206 MiB, 49140 MiB, 273.02 W, 59
2026/08/14 00:48:06.741, NVIDIA GeForce RTX 4090, 49 %, 18 %, 19206 MiB, 49140 MiB, 279.67 W, 60
2026/08/14 00:48:07.741, NVIDIA GeForce RTX 4090, 59 %, 29 %, 19206 MiB, 49140 MiB, 281.97 W, 62
2026/08/14 00:48:08.741, NVIDIA GeForce RTX 4090, 93 %, 54 %, 19206 MiB, 49140 MiB, 301.32 W, 65
2026/08/14 00:48:09.741, NVIDIA GeForce RTX 4090, 100 %, 54 %, 19206 MiB, 49140 MiB, 310.79 W, 67
2026/08/14 00:48:10.741, NVIDIA GeForce RTX 4090, 34 %, 12 %, 19206 MiB, 49140 MiB, 339.62 W, 60
2026/08/14 00:48:11.783, NVIDIA GeForce RTX 4090, 50 %, 19 %, 19206 MiB, 49140 MiB, 283.14 W, 61
2026/08/14 00:48:12.784, NVIDIA GeForce RTX 4090, 60 %, 30 %, 19206 MiB, 49140 MiB, 278.38 W, 63
2026/08/14 00:48:13.784, NVIDIA GeForce RTX 4090, 93 %, 54 %, 19206 MiB, 49140 MiB, 296.78 W, 65
2026/08/14 00:48:14.784, NVIDIA GeForce RTX 4090, 37 %, 13 %, 19206 MiB, 49140 MiB, 309.08 W, 61
2026/08/14 00:48:15.784, NVIDIA GeForce RTX 4090, 40 %, 14 %, 19206 MiB, 49140 MiB, 274.79 W, 59
2026/08/14 00:48:16.784, NVIDIA GeForce RTX 4090, 47 %, 18 %, 19206 MiB, 49140 MiB, 283.53 W, 60
2026/08/14 00:48:17.785, NVIDIA GeForce RTX 4090, 80 %, 37 %, 19206 MiB, 49140 MiB, 280.27 W, 65
2026/08/14 00:48:18.785, NVIDIA GeForce RTX 4090, 95 %, 53 %, 19206 MiB, 49140 MiB, 303.83 W, 65
2026/08/14 00:48:19.785, NVIDIA GeForce RTX 4090, 55 %, 21 %, 19206 MiB, 49140 MiB, 306.16 W, 63
2026/08/14 00:48:20.786, NVIDIA GeForce RTX 4090, 40 %, 15 %, 19206 MiB, 49140 MiB, 279.06 W, 61
2026/08/14 00:48:21.786, NVIDIA GeForce RTX 4090, 45 %, 14 %, 19206 MiB, 49140 MiB, 272.50 W, 60
2026/08/14 00:48:22.786, NVIDIA GeForce RTX 4090, 43 %, 15 %, 19206 MiB, 49140 MiB, 266.15 W, 59
2026/08/14 00:48:23.786, NVIDIA GeForce RTX 4090, 47 %, 18 %, 19206 MiB, 49140 MiB, 279.42 W, 60
2026/08/14 00:48:24.787, NVIDIA GeForce RTX 4090, 74 %, 42 %, 19206 MiB, 49140 MiB, 290.65 W, 66
2026/08/14 00:48:25.787, NVIDIA GeForce RTX 4090, 90 %, 47 %, 19206 MiB, 49140 MiB, 293.98 W, 68
2026/08/14 00:48:26.787, NVIDIA GeForce RTX 4090, 31 %, 12 %, 19206 MiB, 49140 MiB, 296.24 W, 60
2026/08/14 00:48:27.788, NVIDIA GeForce RTX 4090, 39 %, 14 %, 19206 MiB, 49140 MiB, 270.05 W, 60
2026/08/14 00:48:28.788, NVIDIA GeForce RTX 4090, 41 %, 14 %, 19206 MiB, 49140 MiB, 273.68 W, 60
2026/08/14 00:48:29.788, NVIDIA GeForce RTX 4090, 48 %, 19 %, 19206 MiB, 49140 MiB, 273.79 W, 60
2026/08/14 00:48:30.789, NVIDIA GeForce RTX 4090, 75 %, 43 %, 19206 MiB, 49140 MiB, 285.00 W, 65
2026/08/14 00:48:31.789, NVIDIA GeForce RTX 4090, 88 %, 45 %, 19206 MiB, 49140 MiB, 306.43 W, 67
2026/08/14 00:48:32.789, NVIDIA GeForce RTX 4090, 40 %, 14 %, 19206 MiB, 49140 MiB, 280.98 W, 61
2026/08/14 00:48:33.789, NVIDIA GeForce RTX 4090, 36 %, 12 %, 19206 MiB, 49140 MiB, 266.16 W, 59
2026/08/14 00:48:34.790, NVIDIA GeForce RTX 4090, 48 %, 17 %, 19206 MiB, 49140 MiB, 275.78 W, 61
2026/08/14 00:48:35.790, NVIDIA GeForce RTX 4090, 64 %, 32 %, 19206 MiB, 49140 MiB, 282.90 W, 66
2026/08/14 00:48:36.790, NVIDIA GeForce RTX 4090, 75 %, 42 %, 19206 MiB, 49140 MiB, 282.13 W, 65
2026/08/14 00:48:37.791, NVIDIA GeForce RTX 4090, 57 %, 32 %, 19206 MiB, 49140 MiB, 290.63 W, 66
2026/08/14 00:48:38.791, NVIDIA GeForce RTX 4090, 39 %, 15 %, 19206 MiB, 49140 MiB, 280.43 W, 60
2026/08/14 00:48:39.791, NVIDIA GeForce RTX 4090, 42 %, 14 %, 19206 MiB, 49140 MiB, 280.47 W, 60
2026/08/14 00:48:40.792, NVIDIA GeForce RTX 4090, 39 %, 13 %, 19206 MiB, 49140 MiB, 268.70 W, 60
2026/08/14 00:48:41.792, NVIDIA GeForce RTX 4090, 52 %, 20 %, 19206 MiB, 49140 MiB, 269.56 W, 61
2026/08/14 00:48:42.792, NVIDIA GeForce RTX 4090, 61 %, 30 %, 19206 MiB, 49140 MiB, 277.02 W, 66
2026/08/14 00:48:43.792, NVIDIA GeForce RTX 4090, 75 %, 42 %, 19206 MiB, 49140 MiB, 283.19 W, 65
2026/08/14 00:48:44.792, NVIDIA GeForce RTX 4090, 93 %, 51 %, 19206 MiB, 49140 MiB, 287.79 W, 66
2026/08/14 00:48:45.793, NVIDIA GeForce RTX 4090, 56 %, 26 %, 19206 MiB, 49140 MiB, 285.99 W, 66
2026/08/14 00:48:46.793, NVIDIA GeForce RTX 4090, 24 %, 10 %, 19206 MiB, 49140 MiB, 266.09 W, 59
2026/08/14 00:48:47.793, NVIDIA GeForce RTX 4090, 34 %, 12 %, 19206 MiB, 49140 MiB, 257.78 W, 59
2026/08/14 00:48:48.793, NVIDIA GeForce RTX 4090, 43 %, 15 %, 19206 MiB, 49140 MiB, 272.02 W, 61
2026/08/14 00:48:49.794, NVIDIA GeForce RTX 4090, 51 %, 21 %, 19206 MiB, 49140 MiB, 284.85 W, 62
2026/08/14 00:48:50.794, NVIDIA GeForce RTX 4090, 75 %, 43 %, 19206 MiB, 49140 MiB, 291.75 W, 66
2026/08/14 00:48:51.794, NVIDIA GeForce RTX 4090, 93 %, 51 %, 19206 MiB, 49140 MiB, 293.64 W, 66
2026/08/14 00:48:52.794, NVIDIA GeForce RTX 4090, 92 %, 50 %, 19206 MiB, 49140 MiB, 286.07 W, 66
2026/08/14 00:48:53.794, NVIDIA GeForce RTX 4090, 100 %, 52 %, 19206 MiB, 49140 MiB, 304.63 W, 66
2026/08/14 00:48:54.795, NVIDIA GeForce RTX 4090, 0 %, 0 %, 19206 MiB, 49140 MiB, 222.18 W, 55
2026/08/14 00:48:55.795, NVIDIA GeForce RTX 4090, 0 %, 0 %, 19206 MiB, 49140 MiB, 104.70 W, 54
2026/08/14 00:48:56.795, NVIDIA GeForce RTX 4090, 44 %, 15 %, 19206 MiB, 49140 MiB, 164.27 W, 57
2026/08/14 00:48:57.795, NVIDIA GeForce RTX 4090, 50 %, 18 %, 19206 MiB, 49140 MiB, 287.10 W, 62
2026/08/14 00:48:58.795, NVIDIA GeForce RTX 4090, 75 %, 41 %, 19206 MiB, 49140 MiB, 293.66 W, 65
2026/08/14 00:48:59.795, NVIDIA GeForce RTX 4090, 93 %, 51 %, 19206 MiB, 49140 MiB, 303.89 W, 65
2026/08/14 00:49:00.796, NVIDIA GeForce RTX 4090, 36 %, 13 %, 19206 MiB, 49140 MiB, 289.83 W, 61
2026/08/14 00:49:01.796, NVIDIA GeForce RTX 4090, 44 %, 15 %, 19206 MiB, 49140 MiB, 282.57 W, 62
2026/08/14 00:49:02.796, NVIDIA GeForce RTX 4090, 52 %, 20 %, 19206 MiB, 49140 MiB, 278.66 W, 64
2026/08/14 00:49:03.797, NVIDIA GeForce RTX 4090, 64 %, 30 %, 19206 MiB, 49140 MiB, 276.26 W, 64
2026/08/14 00:49:04.797, NVIDIA GeForce RTX 4090, 96 %, 52 %, 19206 MiB, 49140 MiB, 302.03 W, 66
2026/08/14 00:49:05.797, NVIDIA GeForce RTX 4090, 73 %, 35 %, 19206 MiB, 49140 MiB, 298.01 W, 63
2026/08/14 00:49:06.797, NVIDIA GeForce RTX 4090, 47 %, 17 %, 19206 MiB, 49140 MiB, 287.65 W, 61
2026/08/14 00:49:07.798, NVIDIA GeForce RTX 4090, 39 %, 13 %, 19206 MiB, 49140 MiB, 275.60 W, 61
2026/08/14 00:49:08.798, NVIDIA GeForce RTX 4090, 51 %, 20 %, 19206 MiB, 49140 MiB, 273.17 W, 64
2026/08/14 00:49:09.798, NVIDIA GeForce RTX 4090, 59 %, 29 %, 19206 MiB, 49140 MiB, 279.25 W, 64
2026/08/14 00:49:10.798, NVIDIA GeForce RTX 4090, 76 %, 43 %, 19206 MiB, 49140 MiB, 282.67 W, 65
2026/08/14 00:49:11.798, NVIDIA GeForce RTX 4090, 86 %, 42 %, 19206 MiB, 49140 MiB, 309.75 W, 66
2026/08/14 00:49:12.799, NVIDIA GeForce RTX 4090, 34 %, 13 %, 19206 MiB, 49140 MiB, 279.02 W, 61
2026/08/14 00:49:13.799, NVIDIA GeForce RTX 4090, 27 %, 9 %, 19206 MiB, 49140 MiB, 264.24 W, 59
2026/08/14 00:49:14.799, NVIDIA GeForce RTX 4090, 28 %, 9 %, 19206 MiB, 49140 MiB, 273.46 W, 59
2026/08/14 00:49:15.799, NVIDIA GeForce RTX 4090, 48 %, 17 %, 19206 MiB, 49140 MiB, 274.96 W, 65
2026/08/14 00:49:16.800, NVIDIA GeForce RTX 4090, 60 %, 29 %, 19206 MiB, 49140 MiB, 280.88 W, 65
2026/08/14 00:49:17.800, NVIDIA GeForce RTX 4090, 98 %, 55 %, 19206 MiB, 49140 MiB, 301.84 W, 67
2026/08/14 00:49:18.800, NVIDIA GeForce RTX 4090, 69 %, 31 %, 19206 MiB, 49140 MiB, 301.70 W, 61
2026/08/14 00:49:19.800, NVIDIA GeForce RTX 4090, 22 %, 8 %, 19206 MiB, 49140 MiB, 280.67 W, 62
2026/08/14 00:49:20.800, NVIDIA GeForce RTX 4090, 49 %, 17 %, 19206 MiB, 49140 MiB, 276.14 W, 65
2026/08/14 00:49:21.801, NVIDIA GeForce RTX 4090, 49 %, 18 %, 19206 MiB, 49140 MiB, 274.53 W, 65
2026/08/14 00:49:22.801, NVIDIA GeForce RTX 4090, 75 %, 40 %, 19206 MiB, 49140 MiB, 286.66 W, 66
2026/08/14 00:49:23.801, NVIDIA GeForce RTX 4090, 93 %, 54 %, 19206 MiB, 49140 MiB, 304.93 W, 65
2026/08/14 00:49:24.802, NVIDIA GeForce RTX 4090, 50 %, 18 %, 19206 MiB, 49140 MiB, 302.14 W, 63
2026/08/14 00:49:25.802, NVIDIA GeForce RTX 4090, 43 %, 15 %, 19206 MiB, 49140 MiB, 277.16 W, 63
2026/08/14 00:49:26.802, NVIDIA GeForce RTX 4090, 48 %, 16 %, 19206 MiB, 49140 MiB, 276.61 W, 65
2026/08/14 00:49:27.802, NVIDIA GeForce RTX 4090, 66 %, 31 %, 19206 MiB, 49140 MiB, 282.42 W, 65
2026/08/14 00:49:28.803, NVIDIA GeForce RTX 4090, 75 %, 43 %, 19206 MiB, 49140 MiB, 285.58 W, 64
2026/08/14 00:49:29.803, NVIDIA GeForce RTX 4090, 77 %, 44 %, 19206 MiB, 49140 MiB, 290.69 W, 66
2026/08/14 00:49:30.803, NVIDIA GeForce RTX 4090, 58 %, 27 %, 19206 MiB, 49140 MiB, 289.61 W, 63
2026/08/14 00:49:31.803, NVIDIA GeForce RTX 4090, 39 %, 14 %, 19206 MiB, 49140 MiB, 279.94 W, 64
2026/08/14 00:49:32.803, NVIDIA GeForce RTX 4090, 41 %, 14 %, 19206 MiB, 49140 MiB, 274.08 W, 64
2026/08/14 00:49:33.804, NVIDIA GeForce RTX 4090, 47 %, 17 %, 19206 MiB, 49140 MiB, 285.30 W, 65
2026/08/14 00:49:34.804, NVIDIA GeForce RTX 4090, 99 %, 57 %, 19206 MiB, 49140 MiB, 307.14 W, 66
2026/08/14 00:49:35.804, NVIDIA GeForce RTX 4090, 55 %, 27 %, 19206 MiB, 49140 MiB, 301.01 W, 66
2026/08/14 00:49:36.804, NVIDIA GeForce RTX 4090, 33 %, 12 %, 19206 MiB, 49140 MiB, 281.44 W, 64
2026/08/14 00:49:37.804, NVIDIA GeForce RTX 4090, 45 %, 15 %, 19206 MiB, 49140 MiB, 274.08 W, 64
2026/08/14 00:49:38.804, NVIDIA GeForce RTX 4090, 52 %, 19 %, 19206 MiB, 49140 MiB, 277.26 W, 65
2026/08/14 00:49:39.805, NVIDIA GeForce RTX 4090, 48 %, 21 %, 19206 MiB, 49140 MiB, 392.37 W, 66
2026/08/14 00:49:40.805, NVIDIA GeForce RTX 4090, 39 %, 14 %, 19206 MiB, 49140 MiB, 276.60 W, 64
2026/08/14 00:49:41.805, NVIDIA GeForce RTX 4090, 47 %, 16 %, 19206 MiB, 49140 MiB, 269.44 W, 65
2026/08/14 00:49:42.805, NVIDIA GeForce RTX 4090, 50 %, 18 %, 19206 MiB, 49140 MiB, 289.29 W, 65
2026/08/14 00:49:43.805, NVIDIA GeForce RTX 4090, 60 %, 28 %, 19206 MiB, 49140 MiB, 276.92 W, 64
2026/08/14 00:49:44.805, NVIDIA GeForce RTX 4090, 99 %, 59 %, 19206 MiB, 49140 MiB, 299.45 W, 65
2026/08/14 00:49:45.805, NVIDIA GeForce RTX 4090, 61 %, 29 %, 19206 MiB, 49140 MiB, 299.14 W, 65
2026/08/14 00:49:46.806, NVIDIA GeForce RTX 4090, 45 %, 17 %, 19206 MiB, 49140 MiB, 273.37 W, 62
2026/08/14 00:49:47.806, NVIDIA GeForce RTX 4090, 44 %, 15 %, 19206 MiB, 49140 MiB, 274.35 W, 65
2026/08/14 00:49:48.806, NVIDIA GeForce RTX 4090, 56 %, 20 %, 19206 MiB, 49140 MiB, 273.71 W, 65
2026/08/14 00:49:49.806, NVIDIA GeForce RTX 4090, 74 %, 37 %, 19206 MiB, 49140 MiB, 298.81 W, 65
2026/08/14 00:49:50.807, NVIDIA GeForce RTX 4090, 93 %, 55 %, 19206 MiB, 49140 MiB, 304.16 W, 63
2026/08/14 00:49:51.807, NVIDIA GeForce RTX 4090, 57 %, 29 %, 19206 MiB, 49140 MiB, 289.05 W, 65
2026/08/14 00:49:52.807, NVIDIA GeForce RTX 4090, 46 %, 16 %, 19206 MiB, 49140 MiB, 280.71 W, 64
2026/08/14 00:49:53.808, NVIDIA GeForce RTX 4090, 41 %, 15 %, 19206 MiB, 49140 MiB, 268.24 W, 64
2026/08/14 00:49:54.808, NVIDIA GeForce RTX 4090, 50 %, 18 %, 19206 MiB, 49140 MiB, 273.19 W, 65
2026/08/14 00:49:55.808, NVIDIA GeForce RTX 4090, 74 %, 37 %, 19206 MiB, 49140 MiB, 291.44 W, 65
2026/08/14 00:49:56.808, NVIDIA GeForce RTX 4090, 93 %, 55 %, 19206 MiB, 49140 MiB, 299.34 W, 62
2026/08/14 00:49:57.808, NVIDIA GeForce RTX 4090, 56 %, 29 %, 19206 MiB, 49140 MiB, 286.38 W, 66
2026/08/14 00:49:58.809, NVIDIA GeForce RTX 4090, 42 %, 16 %, 19206 MiB, 49140 MiB, 281.42 W, 63
2026/08/14 00:49:59.809, NVIDIA GeForce RTX 4090, 41 %, 15 %, 19206 MiB, 49140 MiB, 265.33 W, 64
2026/08/14 00:50:00.809, NVIDIA GeForce RTX 4090, 39 %, 13 %, 19206 MiB, 49140 MiB, 269.55 W, 65
2026/08/14 00:50:01.809, NVIDIA GeForce RTX 4090, 47 %, 18 %, 19206 MiB, 49140 MiB, 280.05 W, 64
2026/08/14 00:50:02.810, NVIDIA GeForce RTX 4090, 77 %, 46 %, 19206 MiB, 49140 MiB, 291.37 W, 63
2026/08/14 00:50:03.810, NVIDIA GeForce RTX 4090, 80 %, 46 %, 19206 MiB, 49140 MiB, 284.87 W, 64
2026/08/14 00:50:04.810, NVIDIA GeForce RTX 4090, 64 %, 36 %, 19206 MiB, 49140 MiB, 289.40 W, 65
2026/08/14 00:50:05.810, NVIDIA GeForce RTX 4090, 41 %, 16 %, 19206 MiB, 49140 MiB, 276.97 W, 65
2026/08/14 00:50:06.811, NVIDIA GeForce RTX 4090, 42 %, 15 %, 19206 MiB, 49140 MiB, 276.34 W, 65
2026/08/14 00:50:07.811, NVIDIA GeForce RTX 4090, 48 %, 17 %, 19206 MiB, 49140 MiB, 275.87 W, 64
2026/08/14 00:50:08.811, NVIDIA GeForce RTX 4090, 57 %, 23 %, 19206 MiB, 49140 MiB, 283.84 W, 64
2026/08/14 00:50:09.811, NVIDIA GeForce RTX 4090, 96 %, 58 %, 19206 MiB, 49140 MiB, 303.04 W, 63
2026/08/14 00:50:10.812, NVIDIA GeForce RTX 4090, 49 %, 23 %, 19206 MiB, 49140 MiB, 305.28 W, 66
2026/08/14 00:50:11.812, NVIDIA GeForce RTX 4090, 40 %, 14 %, 19206 MiB, 49140 MiB, 275.40 W, 65
2026/08/14 00:50:12.812, NVIDIA GeForce RTX 4090, 38 %, 13 %, 19206 MiB, 49140 MiB, 276.34 W, 65
2026/08/14 00:50:13.812, NVIDIA GeForce RTX 4090, 48 %, 19 %, 19206 MiB, 49140 MiB, 280.44 W, 64
2026/08/14 00:50:14.813, NVIDIA GeForce RTX 4090, 71 %, 41 %, 19206 MiB, 49140 MiB, 295.67 W, 64
2026/08/14 00:50:15.813, NVIDIA GeForce RTX 4090, 89 %, 53 %, 19206 MiB, 49140 MiB, 292.11 W, 65
2026/08/14 00:50:16.813, NVIDIA GeForce RTX 4090, 57 %, 31 %, 19206 MiB, 49140 MiB, 288.64 W, 64
2026/08/14 00:50:17.813, NVIDIA GeForce RTX 4090, 30 %, 10 %, 19206 MiB, 49140 MiB, 283.66 W, 63
2026/08/14 00:50:18.813, NVIDIA GeForce RTX 4090, 23 %, 8 %, 19206 MiB, 49140 MiB, 267.74 W, 64
2026/08/14 00:50:19.813, NVIDIA GeForce RTX 4090, 44 %, 15 %, 19206 MiB, 49140 MiB, 270.39 W, 65
2026/08/14 00:50:20.813, NVIDIA GeForce RTX 4090, 54 %, 22 %, 19206 MiB, 49140 MiB, 286.01 W, 63
2026/08/14 00:50:21.813, NVIDIA GeForce RTX 4090, 70 %, 40 %, 19206 MiB, 49140 MiB, 283.74 W, 63
2026/08/14 00:50:22.814, NVIDIA GeForce RTX 4090, 100 %, 54 %, 19206 MiB, 49140 MiB, 308.64 W, 65
2026/08/14 00:50:23.814, NVIDIA GeForce RTX 4090, 0 %, 0 %, 19206 MiB, 49140 MiB, 266.18 W, 54
2026/08/14 00:50:24.814, NVIDIA GeForce RTX 4090, 2 %, 0 %, 19206 MiB, 49140 MiB, 105.54 W, 53
2026/08/14 00:50:25.814, NVIDIA GeForce RTX 4090, 66 %, 31 %, 19206 MiB, 49140 MiB, 140.88 W, 64
2026/08/14 00:50:26.883, NVIDIA GeForce RTX 4090, 35 %, 13 %, 19206 MiB, 49140 MiB, 272.88 W, 60
2026/08/14 00:50:27.884, NVIDIA GeForce RTX 4090, 16 %, 6 %, 19206 MiB, 49140 MiB, 262.16 W, 61
2026/08/14 00:50:28.884, NVIDIA GeForce RTX 4090, 34 %, 12 %, 19206 MiB, 49140 MiB, 262.59 W, 61
2026/08/14 00:50:29.884, NVIDIA GeForce RTX 4090, 21 %, 8 %, 19206 MiB, 49140 MiB, 251.97 W, 63
2026/08/14 00:50:30.884, NVIDIA GeForce RTX 4090, 36 %, 13 %, 19206 MiB, 49140 MiB, 257.59 W, 61
2026/08/14 00:50:31.884, NVIDIA GeForce RTX 4090, 35 %, 12 %, 19206 MiB, 49140 MiB, 263.65 W, 62
2026/08/14 00:50:32.884, NVIDIA GeForce RTX 4090, 41 %, 14 %, 19206 MiB, 49140 MiB, 267.54 W, 62
2026/08/14 00:50:33.884, NVIDIA GeForce RTX 4090, 40 %, 15 %, 19206 MiB, 49140 MiB, 272.77 W, 62
2026/08/14 00:50:34.885, NVIDIA GeForce RTX 4090, 68 %, 34 %, 19206 MiB, 49140 MiB, 281.08 W, 63
2026/08/14 00:50:35.885, NVIDIA GeForce RTX 4090, 66 %, 37 %, 19206 MiB, 49140 MiB, 271.31 W, 61
2026/08/14 00:50:36.885, NVIDIA GeForce RTX 4090, 69 %, 39 %, 19206 MiB, 49140 MiB, 267.67 W, 61
2026/08/14 00:50:37.885, NVIDIA GeForce RTX 4090, 78 %, 45 %, 19206 MiB, 49140 MiB, 291.98 W, 64
2026/08/14 00:50:38.885, NVIDIA GeForce RTX 4090, 79 %, 46 %, 19206 MiB, 49140 MiB, 258.98 W, 64
2026/08/14 00:50:39.886, NVIDIA GeForce RTX 4090, 63 %, 33 %, 19206 MiB, 49140 MiB, 288.37 W, 64
2026/08/14 00:50:40.886, NVIDIA GeForce RTX 4090, 45 %, 20 %, 19206 MiB, 49140 MiB, 271.89 W, 64
2026/08/14 00:50:41.886, NVIDIA GeForce RTX 4090, 30 %, 11 %, 19206 MiB, 49140 MiB, 269.36 W, 61
2026/08/14 00:50:42.886, NVIDIA GeForce RTX 4090, 16 %, 6 %, 19206 MiB, 49140 MiB, 261.00 W, 60
2026/08/14 00:50:43.887, NVIDIA GeForce RTX 4090, 30 %, 10 %, 19206 MiB, 49140 MiB, 268.58 W, 62
2026/08/14 00:50:44.887, NVIDIA GeForce RTX 4090, 44 %, 15 %, 19206 MiB, 49140 MiB, 261.89 W, 61
2026/08/14 00:50:45.887, NVIDIA GeForce RTX 4090, 54 %, 18 %, 19206 MiB, 49140 MiB, 257.56 W, 62
2026/08/14 00:50:46.887, NVIDIA GeForce RTX 4090, 39 %, 12 %, 19206 MiB, 49140 MiB, 257.58 W, 62
2026/08/14 00:50:47.887, NVIDIA GeForce RTX 4090, 53 %, 21 %, 19206 MiB, 49140 MiB, 283.12 W, 62
2026/08/14 00:50:48.887, NVIDIA GeForce RTX 4090, 65 %, 37 %, 19206 MiB, 49140 MiB, 285.30 W, 63
2026/08/14 00:50:49.887, NVIDIA GeForce RTX 4090, 73 %, 43 %, 19206 MiB, 49140 MiB, 283.02 W, 63
2026/08/14 00:50:50.888, NVIDIA GeForce RTX 4090, 71 %, 36 %, 19206 MiB, 49140 MiB, 287.85 W, 63
2026/08/14 00:50:51.888, NVIDIA GeForce RTX 4090, 40 %, 15 %, 19206 MiB, 49140 MiB, 279.76 W, 63
2026/08/14 00:50:52.888, NVIDIA GeForce RTX 4090, 16 %, 6 %, 19206 MiB, 49140 MiB, 264.33 W, 62
2026/08/14 00:50:53.888, NVIDIA GeForce RTX 4090, 36 %, 13 %, 19206 MiB, 49140 MiB, 262.23 W, 62
2026/08/14 00:50:54.888, NVIDIA GeForce RTX 4090, 18 %, 6 %, 19206 MiB, 49140 MiB, 262.17 W, 61
2026/08/14 00:50:55.888, NVIDIA GeForce RTX 4090, 29 %, 10 %, 19206 MiB, 49140 MiB, 256.85 W, 62
2026/08/14 00:50:56.889, NVIDIA GeForce RTX 4090, 41 %, 15 %, 19206 MiB, 49140 MiB, 273.92 W, 62
2026/08/14 00:50:57.889, NVIDIA GeForce RTX 4090, 40 %, 15 %, 19206 MiB, 49140 MiB, 264.36 W, 61
2026/08/14 00:50:58.889, NVIDIA GeForce RTX 4090, 55 %, 22 %, 19206 MiB, 49140 MiB, 267.80 W, 61
2026/08/14 00:50:59.889, NVIDIA GeForce RTX 4090, 69 %, 38 %, 19206 MiB, 49140 MiB, 278.98 W, 63
2026/08/14 00:51:00.889, NVIDIA GeForce RTX 4090, 69 %, 39 %, 19206 MiB, 49140 MiB, 264.99 W, 63
2026/08/14 00:51:01.889, NVIDIA GeForce RTX 4090, 65 %, 41 %, 19206 MiB, 49140 MiB, 283.04 W, 62
2026/08/14 00:51:02.890, NVIDIA GeForce RTX 4090, 84 %, 42 %, 19206 MiB, 49140 MiB, 283.12 W, 64
2026/08/14 00:51:03.890, NVIDIA GeForce RTX 4090, 39 %, 15 %, 19206 MiB, 49140 MiB, 281.15 W, 63
2026/08/14 00:51:04.890, NVIDIA GeForce RTX 4090, 35 %, 13 %, 19206 MiB, 49140 MiB, 264.53 W, 61
2026/08/14 00:51:05.890, NVIDIA GeForce RTX 4090, 18 %, 6 %, 19206 MiB, 49140 MiB, 263.52 W, 60
2026/08/14 00:51:06.890, NVIDIA GeForce RTX 4090, 36 %, 13 %, 19206 MiB, 49140 MiB, 259.58 W, 61
2026/08/14 00:51:07.891, NVIDIA GeForce RTX 4090, 39 %, 13 %, 19206 MiB, 49140 MiB, 269.85 W, 61
2026/08/14 00:51:08.891, NVIDIA GeForce RTX 4090, 21 %, 8 %, 19206 MiB, 49140 MiB, 261.18 W, 60
2026/08/14 00:51:09.891, NVIDIA GeForce RTX 4090, 55 %, 22 %, 19206 MiB, 49140 MiB, 268.90 W, 61
2026/08/14 00:51:10.891, NVIDIA GeForce RTX 4090, 80 %, 49 %, 19206 MiB, 49140 MiB, 294.49 W, 65
2026/08/14 00:51:11.891, NVIDIA GeForce RTX 4090, 100 %, 52 %, 19206 MiB, 49140 MiB, 293.15 W, 66
2026/08/14 00:51:12.892, NVIDIA GeForce RTX 4090, 37 %, 13 %, 19206 MiB, 49140 MiB, 353.14 W, 63
2026/08/14 00:51:13.892, NVIDIA GeForce RTX 4090, 40 %, 15 %, 19206 MiB, 49140 MiB, 282.82 W, 62
2026/08/14 00:51:14.892, NVIDIA GeForce RTX 4090, 67 %, 37 %, 19206 MiB, 49140 MiB, 291.88 W, 62
2026/08/14 00:51:15.892, NVIDIA GeForce RTX 4090, 73 %, 38 %, 19206 MiB, 49140 MiB, 300.87 W, 61
2026/08/14 00:51:16.892, NVIDIA GeForce RTX 4090, 27 %, 11 %, 19206 MiB, 49140 MiB, 286.95 W, 62
2026/08/14 00:51:17.892, NVIDIA GeForce RTX 4090, 39 %, 14 %, 19206 MiB, 49140 MiB, 272.84 W, 61
2026/08/14 00:51:18.893, NVIDIA GeForce RTX 4090, 24 %, 9 %, 19206 MiB, 49140 MiB, 266.71 W, 62
2026/08/14 00:51:19.893, NVIDIA GeForce RTX 4090, 40 %, 13 %, 19206 MiB, 49140 MiB, 272.51 W, 62
2026/08/14 00:51:20.893, NVIDIA GeForce RTX 4090, 54 %, 21 %, 19206 MiB, 49140 MiB, 284.15 W, 61
2026/08/14 00:51:21.894, NVIDIA GeForce RTX 4090, 67 %, 37 %, 19206 MiB, 49140 MiB, 283.69 W, 62
2026/08/14 00:51:22.894, NVIDIA GeForce RTX 4090, 76 %, 44 %, 19206 MiB, 49140 MiB, 288.11 W, 65
2026/08/14 00:51:23.894, NVIDIA GeForce RTX 4090, 41 %, 19 %, 19206 MiB, 49140 MiB, 297.63 W, 61
2026/08/14 00:51:24.894, NVIDIA GeForce RTX 4090, 30 %, 11 %, 19206 MiB, 49140 MiB, 277.09 W, 60
2026/08/14 00:51:25.895, NVIDIA GeForce RTX 4090, 35 %, 12 %, 19206 MiB, 49140 MiB, 273.22 W, 61
2026/08/14 00:51:26.895, NVIDIA GeForce RTX 4090, 43 %, 15 %, 19206 MiB, 49140 MiB, 271.34 W, 61
2026/08/14 00:51:27.895, NVIDIA GeForce RTX 4090, 68 %, 33 %, 19206 MiB, 49140 MiB, 289.98 W, 62
2026/08/14 00:51:28.895, NVIDIA GeForce RTX 4090, 76 %, 46 %, 19206 MiB, 49140 MiB, 288.46 W, 65
2026/08/14 00:51:29.896, NVIDIA GeForce RTX 4090, 71 %, 35 %, 19206 MiB, 49140 MiB, 299.01 W, 62
2026/08/14 00:51:30.896, NVIDIA GeForce RTX 4090, 29 %, 11 %, 19206 MiB, 49140 MiB, 278.10 W, 61
2026/08/14 00:51:31.896, NVIDIA GeForce RTX 4090, 34 %, 12 %, 19206 MiB, 49140 MiB, 281.76 W, 61
2026/08/14 00:51:32.897, NVIDIA GeForce RTX 4090, 26 %, 9 %, 19206 MiB, 49140 MiB, 269.70 W, 62
2026/08/14 00:51:33.897, NVIDIA GeForce RTX 4090, 39 %, 15 %, 19206 MiB, 49140 MiB, 275.90 W, 60
2026/08/14 00:51:34.897, NVIDIA GeForce RTX 4090, 67 %, 38 %, 19206 MiB, 49140 MiB, 290.16 W, 60
2026/08/14 00:51:35.898, NVIDIA GeForce RTX 4090, 88 %, 46 %, 19206 MiB, 49140 MiB, 299.76 W, 65
2026/08/14 00:51:36.898, NVIDIA GeForce RTX 4090, 34 %, 13 %, 19206 MiB, 49140 MiB, 294.63 W, 60
2026/08/14 00:51:37.898, NVIDIA GeForce RTX 4090, 37 %, 13 %, 19206 MiB, 49140 MiB, 269.90 W, 60
2026/08/14 00:51:38.898, NVIDIA GeForce RTX 4090, 42 %, 15 %, 19206 MiB, 49140 MiB, 281.69 W, 60
2026/08/14 00:51:39.898, NVIDIA GeForce RTX 4090, 55 %, 22 %, 19206 MiB, 49140 MiB, 277.50 W, 59
2026/08/14 00:51:40.899, NVIDIA GeForce RTX 4090, 57 %, 32 %, 19206 MiB, 49140 MiB, 285.39 W, 60
2026/08/14 00:51:41.899, NVIDIA GeForce RTX 4090, 89 %, 48 %, 19206 MiB, 49140 MiB, 298.89 W, 65
2026/08/14 00:51:42.899, NVIDIA GeForce RTX 4090, 39 %, 15 %, 19206 MiB, 49140 MiB, 287.98 W, 61
2026/08/14 00:51:43.899, NVIDIA GeForce RTX 4090, 37 %, 13 %, 19206 MiB, 49140 MiB, 281.87 W, 61
2026/08/14 00:51:44.900, NVIDIA GeForce RTX 4090, 40 %, 14 %, 19206 MiB, 49140 MiB, 278.38 W, 61
2026/08/14 00:51:45.900, NVIDIA GeForce RTX 4090, 65 %, 31 %, 19206 MiB, 49140 MiB, 283.88 W, 60
2026/08/14 00:51:46.900, NVIDIA GeForce RTX 4090, 73 %, 44 %, 19206 MiB, 49140 MiB, 298.23 W, 65
2026/08/14 00:51:47.900, NVIDIA GeForce RTX 4090, 76 %, 39 %, 19206 MiB, 49140 MiB, 289.90 W, 59
2026/08/14 00:51:48.901, NVIDIA GeForce RTX 4090, 40 %, 16 %, 19206 MiB, 49140 MiB, 279.21 W, 58
2026/08/14 00:51:49.901, NVIDIA GeForce RTX 4090, 35 %, 12 %, 19206 MiB, 49140 MiB, 281.27 W, 62
2026/08/14 00:51:50.901, NVIDIA GeForce RTX 4090, 39 %, 15 %, 19206 MiB, 49140 MiB, 279.42 W, 57
2026/08/14 00:51:51.901, NVIDIA GeForce RTX 4090, 74 %, 45 %, 19206 MiB, 49140 MiB, 300.35 W, 67
2026/08/14 00:51:52.901, NVIDIA GeForce RTX 4090, 78 %, 39 %, 19206 MiB, 49140 MiB, 298.36 W, 59
2026/08/14 00:51:53.901, NVIDIA GeForce RTX 4090, 27 %, 11 %, 19206 MiB, 49140 MiB, 278.71 W, 57
2026/08/14 00:51:54.902, NVIDIA GeForce RTX 4090, 27 %, 10 %, 19206 MiB, 49140 MiB, 264.59 W, 57
2026/08/14 00:51:55.902, NVIDIA GeForce RTX 4090, 100 %, 52 %, 19206 MiB, 49140 MiB, 323.13 W, 67
2026/08/14 00:51:56.902, NVIDIA GeForce RTX 4090, 0 %, 0 %, 19206 MiB, 49140 MiB, 181.33 W, 54
2026/08/14 00:51:57.902, NVIDIA GeForce RTX 4090, 0 %, 0 %, 19206 MiB, 49140 MiB, 105.33 W, 53
2026/08/14 00:51:58.902, NVIDIA GeForce RTX 4090, 35 %, 12 %, 19206 MiB, 49140 MiB, 179.78 W, 56
2026/08/14 00:51:59.903, NVIDIA GeForce RTX 4090, 42 %, 15 %, 19206 MiB, 49140 MiB, 275.28 W, 57
2026/08/14 00:52:00.903, NVIDIA GeForce RTX 4090, 53 %, 21 %, 19206 MiB, 49140 MiB, 275.94 W, 58
2026/08/14 00:52:01.903, NVIDIA GeForce RTX 4090, 58 %, 32 %, 19206 MiB, 49140 MiB, 279.22 W, 59
2026/08/14 00:52:02.903, NVIDIA GeForce RTX 4090, 67 %, 40 %, 19206 MiB, 49140 MiB, 283.52 W, 62
2026/08/14 00:52:03.903, NVIDIA GeForce RTX 4090, 85 %, 44 %, 19206 MiB, 49140 MiB, 290.46 W, 59
2026/08/14 00:52:04.904, NVIDIA GeForce RTX 4090, 41 %, 16 %, 19206 MiB, 49140 MiB, 283.49 W, 58
2026/08/14 00:52:05.904, NVIDIA GeForce RTX 4090, 17 %, 6 %, 19206 MiB, 49140 MiB, 265.38 W, 56
2026/08/14 00:52:06.904, NVIDIA GeForce RTX 4090, 19 %, 7 %, 19206 MiB, 49140 MiB, 256.30 W, 56
2026/08/14 00:52:07.904, NVIDIA GeForce RTX 4090, 27 %, 10 %, 19206 MiB, 49140 MiB, 263.55 W, 56
2026/08/14 00:52:08.904, NVIDIA GeForce RTX 4090, 40 %, 13 %, 19206 MiB, 49140 MiB, 274.08 W, 57
2026/08/14 00:52:09.904, NVIDIA GeForce RTX 4090, 41 %, 16 %, 19206 MiB, 49140 MiB, 271.74 W, 57
2026/08/14 00:52:10.904, NVIDIA GeForce RTX 4090, 66 %, 32 %, 19206 MiB, 49140 MiB, 275.34 W, 59
2026/08/14 00:52:11.905, NVIDIA GeForce RTX 4090, 72 %, 40 %, 19206 MiB, 49140 MiB, 292.79 W, 65
2026/08/14 00:52:12.983, NVIDIA GeForce RTX 4090, 79 %, 42 %, 19206 MiB, 49140 MiB, 280.63 W, 59
2026/08/14 00:52:13.983, NVIDIA GeForce RTX 4090, 77 %, 41 %, 19206 MiB, 49140 MiB, 258.87 W, 61
2026/08/14 00:52:14.984, NVIDIA GeForce RTX 4090, 88 %, 48 %, 19206 MiB, 49140 MiB, 257.16 W, 60
2026/08/14 00:52:15.984, NVIDIA GeForce RTX 4090, 67 %, 31 %, 19206 MiB, 49140 MiB, 272.05 W, 58
2026/08/14 00:52:16.984, NVIDIA GeForce RTX 4090, 17 %, 6 %, 19206 MiB, 49140 MiB, 260.55 W, 56
2026/08/14 00:52:17.984, NVIDIA GeForce RTX 4090, 37 %, 13 %, 19206 MiB, 49140 MiB, 268.17 W, 57
2026/08/14 00:52:18.985, NVIDIA GeForce RTX 4090, 34 %, 11 %, 19206 MiB, 49140 MiB, 267.41 W, 57
2026/08/14 00:52:19.985, NVIDIA GeForce RTX 4090, 40 %, 14 %, 19206 MiB, 49140 MiB, 274.81 W, 57
2026/08/14 00:52:20.985, NVIDIA GeForce RTX 4090, 69 %, 42 %, 19206 MiB, 49140 MiB, 282.71 W, 59
2026/08/14 00:52:21.985, NVIDIA GeForce RTX 4090, 54 %, 26 %, 19206 MiB, 49140 MiB, 309.91 W, 60
2026/08/14 00:52:22.985, NVIDIA GeForce RTX 4090, 37 %, 13 %, 19206 MiB, 49140 MiB, 277.49 W, 56
2026/08/14 00:52:23.986, NVIDIA GeForce RTX 4090, 45 %, 15 %, 19206 MiB, 49140 MiB, 283.26 W, 57
2026/08/14 00:52:24.986, NVIDIA GeForce RTX 4090, 62 %, 25 %, 19206 MiB, 49140 MiB, 283.12 W, 57
2026/08/14 00:52:25.986, NVIDIA GeForce RTX 4090, 69 %, 40 %, 19206 MiB, 49140 MiB, 289.54 W, 60
2026/08/14 00:52:26.986, NVIDIA GeForce RTX 4090, 52 %, 25 %, 19206 MiB, 49140 MiB, 310.91 W, 60
2026/08/14 00:52:27.987, NVIDIA GeForce RTX 4090, 35 %, 12 %, 19206 MiB, 49140 MiB, 281.33 W, 58
2026/08/14 00:52:28.987, NVIDIA GeForce RTX 4090, 45 %, 15 %, 19206 MiB, 49140 MiB, 283.42 W, 57
2026/08/14 00:52:29.987, NVIDIA GeForce RTX 4090, 77 %, 30 %, 19206 MiB, 49140 MiB, 281.91 W, 57
2026/08/14 00:52:30.987, NVIDIA GeForce RTX 4090, 70 %, 39 %, 19206 MiB, 49140 MiB, 291.68 W, 60
2026/08/14 00:52:31.987, NVIDIA GeForce RTX 4090, 87 %, 45 %, 19206 MiB, 49140 MiB, 301.48 W, 63
2026/08/14 00:52:32.988, NVIDIA GeForce RTX 4090, 44 %, 17 %, 19206 MiB, 49140 MiB, 281.93 W, 59
2026/08/14 00:52:33.988, NVIDIA GeForce RTX 4090, 31 %, 11 %, 19206 MiB, 49140 MiB, 265.73 W, 57
2026/08/14 00:52:34.988, NVIDIA GeForce RTX 4090, 40 %, 14 %, 19206 MiB, 49140 MiB, 272.03 W, 57
2026/08/14 00:52:35.988, NVIDIA GeForce RTX 4090, 49 %, 17 %, 19206 MiB, 49140 MiB, 277.99 W, 57
2026/08/14 00:52:36.988, NVIDIA GeForce RTX 4090, 60 %, 31 %, 19206 MiB, 49140 MiB, 282.96 W, 57
2026/08/14 00:52:37.989, NVIDIA GeForce RTX 4090, 68 %, 41 %, 19206 MiB, 49140 MiB, 292.16 W, 60
2026/08/14 00:52:38.989, NVIDIA GeForce RTX 4090, 88 %, 46 %, 19206 MiB, 49140 MiB, 292.49 W, 63
2026/08/14 00:52:39.989, NVIDIA GeForce RTX 4090, 43 %, 17 %, 19206 MiB, 49140 MiB, 282.94 W, 59
2026/08/14 00:52:40.989, NVIDIA GeForce RTX 4090, 47 %, 17 %, 19206 MiB, 49140 MiB, 284.24 W, 57
2026/08/14 00:52:41.990, NVIDIA GeForce RTX 4090, 54 %, 19 %, 19206 MiB, 49140 MiB, 279.41 W, 57
2026/08/14 00:52:42.990, NVIDIA GeForce RTX 4090, 90 %, 46 %, 19206 MiB, 49140 MiB, 366.55 W, 66
2026/08/14 00:52:43.990, NVIDIA GeForce RTX 4090, 88 %, 46 %, 19206 MiB, 49140 MiB, 285.39 W, 64
2026/08/14 00:52:44.990, NVIDIA GeForce RTX 4090, 34 %, 13 %, 19206 MiB, 49140 MiB, 284.79 W, 60
2026/08/14 00:52:45.990, NVIDIA GeForce RTX 4090, 30 %, 11 %, 19206 MiB, 49140 MiB, 266.96 W, 57
2026/08/14 00:52:46.991, NVIDIA GeForce RTX 4090, 44 %, 15 %, 19206 MiB, 49140 MiB, 271.13 W, 57
2026/08/14 00:52:47.991, NVIDIA GeForce RTX 4090, 57 %, 20 %, 19206 MiB, 49140 MiB, 273.53 W, 57
2026/08/14 00:52:48.991, NVIDIA GeForce RTX 4090, 60 %, 25 %, 19206 MiB, 49140 MiB, 274.51 W, 57
2026/08/14 00:52:49.991, NVIDIA GeForce RTX 4090, 55 %, 34 %, 19206 MiB, 49140 MiB, 278.02 W, 58
2026/08/14 00:52:50.992, NVIDIA GeForce RTX 4090, 68 %, 44 %, 19206 MiB, 49140 MiB, 280.95 W, 60
2026/08/14 00:52:51.992, NVIDIA GeForce RTX 4090, 54 %, 24 %, 19206 MiB, 49140 MiB, 296.07 W, 60
2026/08/14 00:52:52.992, NVIDIA GeForce RTX 4090, 35 %, 12 %, 19206 MiB, 49140 MiB, 282.78 W, 58
2026/08/14 00:52:53.992, NVIDIA GeForce RTX 4090, 39 %, 13 %, 19206 MiB, 49140 MiB, 277.88 W, 57
2026/08/14 00:52:54.993, NVIDIA GeForce RTX 4090, 52 %, 20 %, 19206 MiB, 49140 MiB, 276.65 W, 58
2026/08/14 00:52:55.993, NVIDIA GeForce RTX 4090, 55 %, 33 %, 19206 MiB, 49140 MiB, 281.63 W, 59
2026/08/14 00:52:56.993, NVIDIA GeForce RTX 4090, 70 %, 40 %, 19206 MiB, 49140 MiB, 283.24 W, 60
2026/08/14 00:52:57.993, NVIDIA GeForce RTX 4090, 59 %, 30 %, 19206 MiB, 49140 MiB, 298.02 W, 60
2026/08/14 00:52:58.994, NVIDIA GeForce RTX 4090, 25 %, 9 %, 19206 MiB, 49140 MiB, 277.63 W, 58
2026/08/14 00:52:59.994, NVIDIA GeForce RTX 4090, 47 %, 15 %, 19206 MiB, 49140 MiB, 286.50 W, 58
2026/08/14 00:53:00.994, NVIDIA GeForce RTX 4090, 51 %, 22 %, 19206 MiB, 49140 MiB, 278.93 W, 58
2026/08/14 00:53:01.995, NVIDIA GeForce RTX 4090, 59 %, 36 %, 19206 MiB, 49140 MiB, 277.42 W, 59
2026/08/14 00:53:02.995, NVIDIA GeForce RTX 4090, 93 %, 53 %, 19206 MiB, 49140 MiB, 301.64 W, 65
2026/08/14 00:53:03.995, NVIDIA GeForce RTX 4090, 48 %, 19 %, 19206 MiB, 49140 MiB, 297.63 W, 60
2026/08/14 00:53:04.995, NVIDIA GeForce RTX 4090, 52 %, 19 %, 19206 MiB, 49140 MiB, 277.09 W, 58
2026/08/14 00:53:05.996, NVIDIA GeForce RTX 4090, 48 %, 16 %, 19206 MiB, 49140 MiB, 272.91 W, 58
2026/08/14 00:53:06.996, NVIDIA GeForce RTX 4090, 51 %, 25 %, 19206 MiB, 49140 MiB, 283.62 W, 58
2026/08/14 00:53:07.996, NVIDIA GeForce RTX 4090, 93 %, 53 %, 19206 MiB, 49140 MiB, 307.90 W, 64
2026/08/14 00:53:08.996, NVIDIA GeForce RTX 4090, 42 %, 16 %, 19206 MiB, 49140 MiB, 295.06 W, 61
2026/08/14 00:53:09.997, NVIDIA GeForce RTX 4090, 37 %, 13 %, 19206 MiB, 49140 MiB, 274.77 W, 59
2026/08/14 00:53:10.997, NVIDIA GeForce RTX 4090, 46 %, 15 %, 19206 MiB, 49140 MiB, 282.03 W, 58
2026/08/14 00:53:11.997, NVIDIA GeForce RTX 4090, 62 %, 25 %, 19206 MiB, 49140 MiB, 279.40 W, 58
2026/08/14 00:53:12.997, NVIDIA GeForce RTX 4090, 55 %, 30 %, 19206 MiB, 49140 MiB, 272.81 W, 59
2026/08/14 00:53:13.998, NVIDIA GeForce RTX 4090, 93 %, 54 %, 19206 MiB, 49140 MiB, 302.48 W, 65
2026/08/14 00:53:14.998, NVIDIA GeForce RTX 4090, 86 %, 38 %, 19206 MiB, 49140 MiB, 296.23 W, 64
2026/08/14 00:53:15.998, NVIDIA GeForce RTX 4090, 46 %, 16 %, 19206 MiB, 49140 MiB, 291.19 W, 57
2026/08/14 00:53:16.999, NVIDIA GeForce RTX 4090, 48 %, 16 %, 19206 MiB, 49140 MiB, 273.26 W, 58
2026/08/14 00:53:17.999, NVIDIA GeForce RTX 4090, 49 %, 20 %, 19206 MiB, 49140 MiB, 276.66 W, 58
2026/08/14 00:53:18.999, NVIDIA GeForce RTX 4090, 64 %, 36 %, 19206 MiB, 49140 MiB, 281.19 W, 63
2026/08/14 00:53:19.999, NVIDIA GeForce RTX 4090, 88 %, 47 %, 19206 MiB, 49140 MiB, 300.55 W, 65
2026/08/14 00:53:21.000, NVIDIA GeForce RTX 4090, 40 %, 15 %, 19206 MiB, 49140 MiB, 294.35 W, 58
2026/08/14 00:53:22.000, NVIDIA GeForce RTX 4090, 42 %, 15 %, 19206 MiB, 49140 MiB, 272.70 W, 58
2026/08/14 00:53:23.000, NVIDIA GeForce RTX 4090, 52 %, 20 %, 19206 MiB, 49140 MiB, 282.82 W, 58
2026/08/14 00:53:24.000, NVIDIA GeForce RTX 4090, 50 %, 29 %, 19206 MiB, 49140 MiB, 282.66 W, 59
2026/08/14 00:53:25.000, NVIDIA GeForce RTX 4090, 93 %, 53 %, 19206 MiB, 49140 MiB, 298.31 W, 63
2026/08/14 00:53:26.001, NVIDIA GeForce RTX 4090, 100 %, 52 %, 19206 MiB, 49140 MiB, 308.41 W, 66
2026/08/14 00:53:27.001, NVIDIA GeForce RTX 4090, 0 %, 0 %, 19206 MiB, 49140 MiB, 243.90 W, 53
2026/08/14 00:53:28.001, NVIDIA GeForce RTX 4090, 0 %, 0 %, 19206 MiB, 49140 MiB, 106.17 W, 52
2026/08/14 00:53:29.001, NVIDIA GeForce RTX 4090, 40 %, 14 %, 19206 MiB, 49140 MiB, 176.38 W, 55
2026/08/14 00:53:30.001, NVIDIA GeForce RTX 4090, 40 %, 13 %, 19206 MiB, 49140 MiB, 266.91 W, 55
2026/08/14 00:53:31.002, NVIDIA GeForce RTX 4090, 39 %, 14 %, 19206 MiB, 49140 MiB, 261.50 W, 56
2026/08/14 00:53:32.002, NVIDIA GeForce RTX 4090, 45 %, 18 %, 19206 MiB, 49140 MiB, 270.65 W, 57
2026/08/14 00:53:33.002, NVIDIA GeForce RTX 4090, 48 %, 20 %, 19206 MiB, 49140 MiB, 266.12 W, 57
2026/08/14 00:53:34.002, NVIDIA GeForce RTX 4090, 56 %, 30 %, 19206 MiB, 49140 MiB, 269.04 W, 59
2026/08/14 00:53:35.002, NVIDIA GeForce RTX 4090, 58 %, 30 %, 19206 MiB, 49140 MiB, 262.73 W, 59
2026/08/14 00:53:36.003, NVIDIA GeForce RTX 4090, 69 %, 41 %, 19206 MiB, 49140 MiB, 281.96 W, 64
2026/08/14 00:53:37.003, NVIDIA GeForce RTX 4090, 89 %, 39 %, 19206 MiB, 49140 MiB, 306.26 W, 61
2026/08/14 00:53:38.003, NVIDIA GeForce RTX 4090, 44 %, 15 %, 19206 MiB, 49140 MiB, 293.59 W, 57
2026/08/14 00:53:39.003, NVIDIA GeForce RTX 4090, 40 %, 14 %, 19206 MiB, 49140 MiB, 274.77 W, 57
2026/08/14 00:53:40.004, NVIDIA GeForce RTX 4090, 52 %, 23 %, 19206 MiB, 49140 MiB, 280.84 W, 57
2026/08/14 00:53:41.004, NVIDIA GeForce RTX 4090, 70 %, 43 %, 19206 MiB, 49140 MiB, 290.27 W, 64
2026/08/14 00:53:42.004, NVIDIA GeForce RTX 4090, 87 %, 45 %, 19206 MiB, 49140 MiB, 287.31 W, 64
2026/08/14 00:53:43.004, NVIDIA GeForce RTX 4090, 31 %, 11 %, 19206 MiB, 49140 MiB, 292.76 W, 58
2026/08/14 00:53:44.005, NVIDIA GeForce RTX 4090, 38 %, 13 %, 19206 MiB, 49140 MiB, 269.18 W, 57
2026/08/14 00:53:45.005, NVIDIA GeForce RTX 4090, 42 %, 16 %, 19206 MiB, 49140 MiB, 282.39 W, 58
2026/08/14 00:53:46.005, NVIDIA GeForce RTX 4090, 70 %, 38 %, 19206 MiB, 49140 MiB, 294.07 W, 65
2026/08/14 00:53:47.005, NVIDIA GeForce RTX 4090, 49 %, 31 %, 19206 MiB, 49140 MiB, 277.34 W, 60
2026/08/14 00:53:48.005, NVIDIA GeForce RTX 4090, 54 %, 27 %, 19206 MiB, 49140 MiB, 280.60 W, 62
2026/08/14 00:53:49.006, NVIDIA GeForce RTX 4090, 55 %, 20 %, 19206 MiB, 49140 MiB, 279.58 W, 60
2026/08/14 00:53:50.006, NVIDIA GeForce RTX 4090, 37 %, 13 %, 19206 MiB, 49140 MiB, 279.91 W, 57
2026/08/14 00:53:51.006, NVIDIA GeForce RTX 4090, 43 %, 16 %, 19206 MiB, 49140 MiB, 273.70 W, 57
2026/08/14 00:53:52.006, NVIDIA GeForce RTX 4090, 40 %, 16 %, 19206 MiB, 49140 MiB, 271.90 W, 58
2026/08/14 00:53:53.006, NVIDIA GeForce RTX 4090, 54 %, 27 %, 19206 MiB, 49140 MiB, 277.64 W, 60
2026/08/14 00:53:54.007, NVIDIA GeForce RTX 4090, 93 %, 53 %, 19206 MiB, 49140 MiB, 297.40 W, 63
2026/08/14 00:53:55.007, NVIDIA GeForce RTX 4090, 55 %, 25 %, 19206 MiB, 49140 MiB, 297.51 W, 62
2026/08/14 00:53:56.007, NVIDIA GeForce RTX 4090, 35 %, 13 %, 19206 MiB, 49140 MiB, 287.50 W, 58
2026/08/14 00:53:57.007, NVIDIA GeForce RTX 4090, 36 %, 13 %, 19206 MiB, 49140 MiB, 280.33 W, 59
2026/08/14 00:53:58.007, NVIDIA GeForce RTX 4090, 41 %, 17 %, 19206 MiB, 49140 MiB, 271.60 W, 61
2026/08/14 00:53:59.008, NVIDIA GeForce RTX 4090, 71 %, 40 %, 19206 MiB, 49140 MiB, 286.86 W, 64
2026/08/14 00:54:00.008, NVIDIA GeForce RTX 4090, 87 %, 44 %, 19206 MiB, 49140 MiB, 303.96 W, 63
2026/08/14 00:54:01.008, NVIDIA GeForce RTX 4090, 46 %, 17 %, 19206 MiB, 49140 MiB, 286.97 W, 58
2026/08/14 00:54:02.009, NVIDIA GeForce RTX 4090, 34 %, 12 %, 19206 MiB, 49140 MiB, 278.18 W, 58
2026/08/14 00:54:03.009, NVIDIA GeForce RTX 4090, 34 %, 12 %, 19206 MiB, 49140 MiB, 273.30 W, 59
2026/08/14 00:54:04.009, NVIDIA GeForce RTX 4090, 44 %, 17 %, 19206 MiB, 49140 MiB, 278.37 W, 61
2026/08/14 00:54:05.009, NVIDIA GeForce RTX 4090, 53 %, 28 %, 19206 MiB, 49140 MiB, 278.77 W, 64
2026/08/14 00:54:06.009, NVIDIA GeForce RTX 4090, 92 %, 53 %, 19206 MiB, 49140 MiB, 299.10 W, 63
2026/08/14 00:54:07.010, NVIDIA GeForce RTX 4090, 56 %, 28 %, 19206 MiB, 49140 MiB, 295.85 W, 59
2026/08/14 00:54:08.010, NVIDIA GeForce RTX 4090, 34 %, 13 %, 19206 MiB, 49140 MiB, 281.69 W, 59
2026/08/14 00:54:09.010, NVIDIA GeForce RTX 4090, 36 %, 12 %, 19206 MiB, 49140 MiB, 270.35 W, 58
2026/08/14 00:54:10.010, NVIDIA GeForce RTX 4090, 34 %, 12 %, 19206 MiB, 49140 MiB, 267.50 W, 60
2026/08/14 00:54:11.010, NVIDIA GeForce RTX 4090, 44 %, 17 %, 19206 MiB, 49140 MiB, 278.33 W, 63
2026/08/14 00:54:12.010, NVIDIA GeForce RTX 4090, 54 %, 29 %, 19206 MiB, 49140 MiB, 277.59 W, 64
2026/08/14 00:54:13.011, NVIDIA GeForce RTX 4090, 31 %, 12 %, 19206 MiB, 49140 MiB, 365.26 W, 60
2026/08/14 00:54:14.011, NVIDIA GeForce RTX 4090, 33 %, 12 %, 19206 MiB, 49140 MiB, 271.48 W, 59
2026/08/14 00:54:15.011, NVIDIA GeForce RTX 4090, 38 %, 13 %, 19206 MiB, 49140 MiB, 274.27 W, 58
2026/08/14 00:54:16.011, NVIDIA GeForce RTX 4090, 40 %, 15 %, 19206 MiB, 49140 MiB, 278.44 W, 59
2026/08/14 00:54:17.011, NVIDIA GeForce RTX 4090, 52 %, 28 %, 19206 MiB, 49140 MiB, 278.88 W, 64
2026/08/14 00:54:18.012, NVIDIA GeForce RTX 4090, 70 %, 43 %, 19206 MiB, 49140 MiB, 283.95 W, 67
2026/08/14 00:54:19.012, NVIDIA GeForce RTX 4090, 89 %, 43 %, 19206 MiB, 49140 MiB, 305.38 W, 59
2026/08/14 00:54:20.012, NVIDIA GeForce RTX 4090, 31 %, 11 %, 19206 MiB, 49140 MiB, 281.96 W, 58
2026/08/14 00:54:21.013, NVIDIA GeForce RTX 4090, 36 %, 13 %, 19206 MiB, 49140 MiB, 267.64 W, 59
2026/08/14 00:54:22.013, NVIDIA GeForce RTX 4090, 36 %, 12 %, 19206 MiB, 49140 MiB, 280.96 W, 60
2026/08/14 00:54:23.013, NVIDIA GeForce RTX 4090, 40 %, 16 %, 19206 MiB, 49140 MiB, 275.76 W, 65
2026/08/14 00:54:24.013, NVIDIA GeForce RTX 4090, 71 %, 41 %, 19206 MiB, 49140 MiB, 290.86 W, 65
2026/08/14 00:54:25.013, NVIDIA GeForce RTX 4090, 89 %, 43 %, 19206 MiB, 49140 MiB, 306.40 W, 60
2026/08/14 00:54:26.014, NVIDIA GeForce RTX 4090, 32 %, 12 %, 19206 MiB, 49140 MiB, 283.10 W, 60
2026/08/14 00:54:27.014, NVIDIA GeForce RTX 4090, 29 %, 10 %, 19206 MiB, 49140 MiB, 268.73 W, 60
2026/08/14 00:54:28.014, NVIDIA GeForce RTX 4090, 31 %, 10 %, 19206 MiB, 49140 MiB, 274.07 W, 61
2026/08/14 00:54:29.015, NVIDIA GeForce RTX 4090, 38 %, 15 %, 19206 MiB, 49140 MiB, 275.01 W, 65
2026/08/14 00:54:30.015, NVIDIA GeForce RTX 4090, 70 %, 40 %, 19206 MiB, 49140 MiB, 292.48 W, 65
2026/08/14 00:54:31.015, NVIDIA GeForce RTX 4090, 58 %, 34 %, 19206 MiB, 49140 MiB, 297.63 W, 64
2026/08/14 00:54:32.016, NVIDIA GeForce RTX 4090, 33 %, 12 %, 19206 MiB, 49140 MiB, 284.00 W, 60
2026/08/14 00:54:33.016, NVIDIA GeForce RTX 4090, 37 %, 12 %, 19206 MiB, 49140 MiB, 275.07 W, 59
2026/08/14 00:54:34.016, NVIDIA GeForce RTX 4090, 41 %, 15 %, 19206 MiB, 49140 MiB, 275.74 W, 60
2026/08/14 00:54:35.016, NVIDIA GeForce RTX 4090, 38 %, 15 %, 19206 MiB, 49140 MiB, 271.22 W, 65
2026/08/14 00:54:36.017, NVIDIA GeForce RTX 4090, 71 %, 39 %, 19206 MiB, 49140 MiB, 293.97 W, 65
2026/08/14 00:54:37.017, NVIDIA GeForce RTX 4090, 93 %, 50 %, 19206 MiB, 49140 MiB, 292.93 W, 66
2026/08/14 00:54:38.017, NVIDIA GeForce RTX 4090, 52 %, 25 %, 19206 MiB, 49140 MiB, 284.62 W, 61
2026/08/14 00:54:39.018, NVIDIA GeForce RTX 4090, 34 %, 12 %, 19206 MiB, 49140 MiB, 280.06 W, 60
2026/08/14 00:54:40.018, NVIDIA GeForce RTX 4090, 27 %, 9 %, 19206 MiB, 49140 MiB, 273.41 W, 61
2026/08/14 00:54:41.018, NVIDIA GeForce RTX 4090, 44 %, 17 %, 19206 MiB, 49140 MiB, 277.09 W, 66
2026/08/14 00:54:42.018, NVIDIA GeForce RTX 4090, 70 %, 39 %, 19206 MiB, 49140 MiB, 287.50 W, 66
2026/08/14 00:54:43.083, NVIDIA GeForce RTX 4090, 93 %, 51 %, 19206 MiB, 49140 MiB, 301.38 W, 66
2026/08/14 00:54:44.084, NVIDIA GeForce RTX 4090, 21 %, 8 %, 19206 MiB, 49140 MiB, 292.06 W, 60
2026/08/14 00:54:45.084, NVIDIA GeForce RTX 4090, 29 %, 10 %, 19206 MiB, 49140 MiB, 267.57 W, 60
2026/08/14 00:54:46.084, NVIDIA GeForce RTX 4090, 31 %, 10 %, 19206 MiB, 49140 MiB, 280.66 W, 62
2026/08/14 00:54:47.085, NVIDIA GeForce RTX 4090, 30 %, 12 %, 19206 MiB, 49140 MiB, 276.77 W, 65
2026/08/14 00:54:48.085, NVIDIA GeForce RTX 4090, 68 %, 40 %, 19206 MiB, 49140 MiB, 291.66 W, 64
2026/08/14 00:54:49.085, NVIDIA GeForce RTX 4090, 68 %, 31 %, 19206 MiB, 49140 MiB, 308.60 W, 59
2026/08/14 00:54:50.085, NVIDIA GeForce RTX 4090, 38 %, 14 %, 19206 MiB, 49140 MiB, 274.15 W, 60
2026/08/14 00:54:51.087, NVIDIA GeForce RTX 4090, 35 %, 12 %, 19206 MiB, 49140 MiB, 276.55 W, 59
2026/08/14 00:54:52.088, NVIDIA GeForce RTX 4090, 38 %, 13 %, 19206 MiB, 49140 MiB, 275.81 W, 61
2026/08/14 00:54:53.088, NVIDIA GeForce RTX 4090, 54 %, 27 %, 19206 MiB, 49140 MiB, 286.33 W, 65
2026/08/14 00:54:54.088, NVIDIA GeForce RTX 4090, 98 %, 55 %, 19206 MiB, 49140 MiB, 302.08 W, 65
2026/08/14 00:54:55.088, NVIDIA GeForce RTX 4090, 50 %, 24 %, 19206 MiB, 49140 MiB, 298.74 W, 62
2026/08/14 00:54:56.089, NVIDIA GeForce RTX 4090, 100 %, 55 %, 19206 MiB, 49140 MiB, 320.40 W, 66
2026/08/14 00:54:57.090, NVIDIA GeForce RTX 4090, 3 %, 0 %, 19206 MiB, 49140 MiB, 204.80 W, 54
2026/08/14 00:54:58.090, NVIDIA GeForce RTX 4090, 0 %, 0 %, 19206 MiB, 49140 MiB, 105.12 W, 53
2026/08/14 00:54:59.090, NVIDIA GeForce RTX 4090, 32 %, 11 %, 19206 MiB, 49140 MiB, 165.12 W, 58
2026/08/14 00:55:00.090, NVIDIA GeForce RTX 4090, 19 %, 7 %, 19206 MiB, 49140 MiB, 247.06 W, 59
2026/08/14 00:55:01.090, NVIDIA GeForce RTX 4090, 29 %, 11 %, 19206 MiB, 49140 MiB, 254.65 W, 57
2026/08/14 00:55:02.091, NVIDIA GeForce RTX 4090, 38 %, 13 %, 19206 MiB, 49140 MiB, 264.65 W, 61
2026/08/14 00:55:03.091, NVIDIA GeForce RTX 4090, 33 %, 11 %, 19206 MiB, 49140 MiB, 269.05 W, 63
2026/08/14 00:55:04.091, NVIDIA GeForce RTX 4090, 45 %, 17 %, 19206 MiB, 49140 MiB, 273.63 W, 64
2026/08/14 00:55:05.091, NVIDIA GeForce RTX 4090, 54 %, 26 %, 19206 MiB, 49140 MiB, 280.27 W, 64
2026/08/14 00:55:06.091, NVIDIA GeForce RTX 4090, 70 %, 39 %, 19206 MiB, 49140 MiB, 275.00 W, 64
2026/08/14 00:55:07.092, NVIDIA GeForce RTX 4090, 98 %, 56 %, 19206 MiB, 49140 MiB, 295.99 W, 65
2026/08/14 00:55:08.092, NVIDIA GeForce RTX 4090, 53 %, 24 %, 19206 MiB, 49140 MiB, 298.03 W, 60
2026/08/14 00:55:09.092, NVIDIA GeForce RTX 4090, 47 %, 18 %, 19206 MiB, 49140 MiB, 267.67 W, 61
2026/08/14 00:55:10.092, NVIDIA GeForce RTX 4090, 35 %, 13 %, 19206 MiB, 49140 MiB, 279.54 W, 61
2026/08/14 00:55:11.094, NVIDIA GeForce RTX 4090, 23 %, 10 %, 19206 MiB, 49140 MiB, 285.49 W, 62
2026/08/14 00:55:12.094, NVIDIA GeForce RTX 4090, 70 %, 39 %, 19206 MiB, 49140 MiB, 292.48 W, 65
2026/08/14 00:55:13.094, NVIDIA GeForce RTX 4090, 98 %, 57 %, 19206 MiB, 49140 MiB, 293.88 W, 66
2026/08/14 00:55:14.094, NVIDIA GeForce RTX 4090, 51 %, 24 %, 19206 MiB, 49140 MiB, 286.78 W, 59
2026/08/14 00:55:15.095, NVIDIA GeForce RTX 4090, 30 %, 10 %, 19206 MiB, 49140 MiB, 274.72 W, 61
2026/08/14 00:55:16.095, NVIDIA GeForce RTX 4090, 34 %, 12 %, 19206 MiB, 49140 MiB, 275.88 W, 61
2026/08/14 00:55:17.095, NVIDIA GeForce RTX 4090, 45 %, 17 %, 19206 MiB, 49140 MiB, 284.67 W, 65
2026/08/14 00:55:18.095, NVIDIA GeForce RTX 4090, 63 %, 38 %, 19206 MiB, 49140 MiB, 290.90 W, 65
2026/08/14 00:55:19.096, NVIDIA GeForce RTX 4090, 92 %, 53 %, 19206 MiB, 49140 MiB, 303.06 W, 64
2026/08/14 00:55:20.096, NVIDIA GeForce RTX 4090, 52 %, 25 %, 19206 MiB, 49140 MiB, 287.70 W, 66
2026/08/14 00:55:21.097, NVIDIA GeForce RTX 4090, 36 %, 13 %, 19206 MiB, 49140 MiB, 280.55 W, 62
2026/08/14 00:55:22.097, NVIDIA GeForce RTX 4090, 26 %, 9 %, 19206 MiB, 49140 MiB, 270.07 W, 61
2026/08/14 00:55:23.097, NVIDIA GeForce RTX 4090, 41 %, 15 %, 19206 MiB, 49140 MiB, 276.95 W, 65
2026/08/14 00:55:24.098, NVIDIA GeForce RTX 4090, 92 %, 47 %, 19206 MiB, 49140 MiB, 293.58 W, 66
2026/08/14 00:55:25.098, NVIDIA GeForce RTX 4090, 98 %, 61 %, 19206 MiB, 49140 MiB, 291.67 W, 66
2026/08/14 00:55:26.099, NVIDIA GeForce RTX 4090, 53 %, 24 %, 19206 MiB, 49140 MiB, 304.94 W, 62
2026/08/14 00:55:27.099, NVIDIA GeForce RTX 4090, 34 %, 12 %, 19206 MiB, 49140 MiB, 273.32 W, 64
2026/08/14 00:55:28.099, NVIDIA GeForce RTX 4090, 33 %, 12 %, 19206 MiB, 49140 MiB, 268.98 W, 63
2026/08/14 00:55:29.099, NVIDIA GeForce RTX 4090, 52 %, 20 %, 19206 MiB, 49140 MiB, 288.57 W, 65
2026/08/14 00:55:30.100, NVIDIA GeForce RTX 4090, 52 %, 24 %, 19206 MiB, 49140 MiB, 277.74 W, 64
2026/08/14 00:55:31.100, NVIDIA GeForce RTX 4090, 98 %, 58 %, 19206 MiB, 49140 MiB, 302.80 W, 65
2026/08/14 00:55:32.100, NVIDIA GeForce RTX 4090, 52 %, 25 %, 19206 MiB, 49140 MiB, 297.94 W, 66
2026/08/14 00:55:33.100, NVIDIA GeForce RTX 4090, 31 %, 11 %, 19206 MiB, 49140 MiB, 280.86 W, 65
2026/08/14 00:55:34.100, NVIDIA GeForce RTX 4090, 31 %, 11 %, 19206 MiB, 49140 MiB, 283.02 W, 65
2026/08/14 00:55:35.101, NVIDIA GeForce RTX 4090, 54 %, 24 %, 19206 MiB, 49140 MiB, 295.46 W, 64
2026/08/14 00:55:36.101, NVIDIA GeForce RTX 4090, 99 %, 58 %, 19206 MiB, 49140 MiB, 302.15 W, 66
2026/08/14 00:55:37.101, NVIDIA GeForce RTX 4090, 48 %, 23 %, 19206 MiB, 49140 MiB, 299.17 W, 63
2026/08/14 00:55:38.101, NVIDIA GeForce RTX 4090, 31 %, 11 %, 19206 MiB, 49140 MiB, 284.45 W, 65
2026/08/14 00:55:39.101, NVIDIA GeForce RTX 4090, 15 %, 6 %, 19206 MiB, 49140 MiB, 276.87 W, 65
2026/08/14 00:55:40.101, NVIDIA GeForce RTX 4090, 39 %, 15 %, 19206 MiB, 49140 MiB, 273.83 W, 64
2026/08/14 00:55:41.101, NVIDIA GeForce RTX 4090, 71 %, 39 %, 19206 MiB, 49140 MiB, 288.54 W, 64
2026/08/14 00:55:42.102, NVIDIA GeForce RTX 4090, 99 %, 53 %, 19206 MiB, 49140 MiB, 295.65 W, 66
2026/08/14 00:55:43.102, NVIDIA GeForce RTX 4090, 19 %, 7 %, 19206 MiB, 49140 MiB, 353.56 W, 65
2026/08/14 00:55:44.102, NVIDIA GeForce RTX 4090, 27 %, 9 %, 19206 MiB, 49140 MiB, 275.54 W, 66
2026/08/14 00:55:45.102, NVIDIA GeForce RTX 4090, 44 %, 16 %, 19206 MiB, 49140 MiB, 270.45 W, 66
2026/08/14 00:55:46.103, NVIDIA GeForce RTX 4090, 42 %, 18 %, 19206 MiB, 49140 MiB, 277.96 W, 65
2026/08/14 00:55:47.103, NVIDIA GeForce RTX 4090, 99 %, 59 %, 19206 MiB, 49140 MiB, 302.35 W, 65
2026/08/14 00:55:48.103, NVIDIA GeForce RTX 4090, 53 %, 26 %, 19206 MiB, 49140 MiB, 302.54 W, 67
2026/08/14 00:55:49.103, NVIDIA GeForce RTX 4090, 32 %, 11 %, 19206 MiB, 49140 MiB, 282.38 W, 66
2026/08/14 00:55:50.103, NVIDIA GeForce RTX 4090, 43 %, 14 %, 19206 MiB, 49140 MiB, 275.74 W, 61
2026/08/14 00:55:51.104, NVIDIA GeForce RTX 4090, 38 %, 14 %, 19206 MiB, 49140 MiB, 272.47 W, 65
2026/08/14 00:55:52.104, NVIDIA GeForce RTX 4090, 71 %, 39 %, 19206 MiB, 49140 MiB, 290.50 W, 64
2026/08/14 00:55:53.105, NVIDIA GeForce RTX 4090, 90 %, 50 %, 19206 MiB, 49140 MiB, 286.05 W, 64
2026/08/14 00:55:54.105, NVIDIA GeForce RTX 4090, 29 %, 11 %, 19206 MiB, 49140 MiB, 297.90 W, 66
2026/08/14 00:55:55.105, NVIDIA GeForce RTX 4090, 22 %, 8 %, 19206 MiB, 49140 MiB, 262.43 W, 64
2026/08/14 00:55:56.105, NVIDIA GeForce RTX 4090, 38 %, 14 %, 19206 MiB, 49140 MiB, 269.88 W, 65
2026/08/14 00:55:57.105, NVIDIA GeForce RTX 4090, 45 %, 16 %, 19206 MiB, 49140 MiB, 275.50 W, 66
2026/08/14 00:55:58.106, NVIDIA GeForce RTX 4090, 70 %, 34 %, 19206 MiB, 49140 MiB, 288.25 W, 65
2026/08/14 00:55:59.106, NVIDIA GeForce RTX 4090, 54 %, 26 %, 19206 MiB, 49140 MiB, 313.69 W, 65
2026/08/14 00:56:00.106, NVIDIA GeForce RTX 4090, 23 %, 9 %, 19206 MiB, 49140 MiB, 281.45 W, 65
2026/08/14 00:56:01.106, NVIDIA GeForce RTX 4090, 34 %, 12 %, 19206 MiB, 49140 MiB, 274.19 W, 65
2026/08/14 00:56:02.183, NVIDIA GeForce RTX 4090, 52 %, 25 %, 19206 MiB, 49140 MiB, 294.20 W, 66
2026/08/14 00:56:03.184, NVIDIA GeForce RTX 4090, 38 %, 13 %, 19206 MiB, 49140 MiB, 278.99 W, 66
2026/08/14 00:56:04.184, NVIDIA GeForce RTX 4090, 44 %, 16 %, 19206 MiB, 49140 MiB, 270.75 W, 65
2026/08/14 00:56:05.184, NVIDIA GeForce RTX 4090, 56 %, 21 %, 19206 MiB, 49140 MiB, 279.63 W, 66
2026/08/14 00:56:06.184, NVIDIA GeForce RTX 4090, 72 %, 36 %, 19206 MiB, 49140 MiB, 290.97 W, 65
2026/08/14 00:56:07.185, NVIDIA GeForce RTX 4090, 91 %, 54 %, 19206 MiB, 49140 MiB, 303.96 W, 65
2026/08/14 00:56:08.185, NVIDIA GeForce RTX 4090, 50 %, 24 %, 19206 MiB, 49140 MiB, 295.12 W, 67
2026/08/14 00:56:09.185, NVIDIA GeForce RTX 4090, 48 %, 17 %, 19206 MiB, 49140 MiB, 276.50 W, 65
2026/08/14 00:56:10.186, NVIDIA GeForce RTX 4090, 36 %, 12 %, 19206 MiB, 49140 MiB, 278.78 W, 65
2026/08/14 00:56:11.186, NVIDIA GeForce RTX 4090, 44 %, 17 %, 19206 MiB, 49140 MiB, 281.37 W, 64
2026/08/14 00:56:12.186, NVIDIA GeForce RTX 4090, 75 %, 44 %, 19206 MiB, 49140 MiB, 294.16 W, 64
2026/08/14 00:56:13.186, NVIDIA GeForce RTX 4090, 78 %, 46 %, 19206 MiB, 49140 MiB, 285.75 W, 65
2026/08/14 00:56:14.187, NVIDIA GeForce RTX 4090, 33 %, 13 %, 19206 MiB, 49140 MiB, 296.85 W, 66
2026/08/14 00:56:15.187, NVIDIA GeForce RTX 4090, 38 %, 14 %, 19206 MiB, 49140 MiB, 277.54 W, 66
2026/08/14 00:56:16.187, NVIDIA GeForce RTX 4090, 49 %, 17 %, 19206 MiB, 49140 MiB, 277.99 W, 65
2026/08/14 00:56:17.188, NVIDIA GeForce RTX 4090, 71 %, 36 %, 19206 MiB, 49140 MiB, 298.15 W, 65
2026/08/14 00:56:18.188, NVIDIA GeForce RTX 4090, 90 %, 54 %, 19206 MiB, 49140 MiB, 302.90 W, 66
2026/08/14 00:56:19.188, NVIDIA GeForce RTX 4090, 62 %, 31 %, 19206 MiB, 49140 MiB, 289.19 W, 63
2026/08/14 00:56:20.188, NVIDIA GeForce RTX 4090, 39 %, 15 %, 19206 MiB, 49140 MiB, 277.47 W, 66
2026/08/14 00:56:21.189, NVIDIA GeForce RTX 4090, 38 %, 14 %, 19206 MiB, 49140 MiB, 275.42 W, 65
2026/08/14 00:56:22.189, NVIDIA GeForce RTX 4090, 35 %, 12 %, 19206 MiB, 49140 MiB, 269.34 W, 64
2026/08/14 00:56:23.189, NVIDIA GeForce RTX 4090, 41 %, 16 %, 19206 MiB, 49140 MiB, 279.66 W, 63
2026/08/14 00:56:24.190, NVIDIA GeForce RTX 4090, 70 %, 40 %, 19206 MiB, 49140 MiB, 295.53 W, 64
2026/08/14 00:56:25.190, NVIDIA GeForce RTX 4090, 100 %, 54 %, 19206 MiB, 49140 MiB, 309.50 W, 65
2026/08/14 00:56:26.190, NVIDIA GeForce RTX 4090, 0 %, 0 %, 19206 MiB, 49140 MiB, 266.79 W, 55
2026/08/14 00:56:27.190, NVIDIA GeForce RTX 4090, 2 %, 0 %, 19206 MiB, 49140 MiB, 105.98 W, 54
2026/08/14 00:56:28.190, NVIDIA GeForce RTX 4090, 0 %, 0 %, 19206 MiB, 49140 MiB, 93.43 W, 52
2026/08/14 00:56:29.190, NVIDIA GeForce RTX 4090, 0 %, 0 %, 19206 MiB, 49140 MiB, 88.18 W, 52
2026/08/14 00:56:30.190, NVIDIA GeForce RTX 4090, 0 %, 0 %, 19206 MiB, 49140 MiB, 87.75 W, 52
2026/08/14 00:56:31.191, NVIDIA GeForce RTX 4090, 0 %, 0 %, 19206 MiB, 49140 MiB, 87.50 W, 51
2026/08/14 00:56:32.191, NVIDIA GeForce RTX 4090, 0 %, 0 %, 19206 MiB, 49140 MiB, 87.23 W, 51
2026/08/14 00:56:33.191, NVIDIA GeForce RTX 4090, 0 %, 0 %, 19206 MiB, 49140 MiB, 87.33 W, 50
2026/08/14 00:56:34.191, NVIDIA GeForce RTX 4090, 0 %, 0 %, 19206 MiB, 49140 MiB, 87.09 W, 50
2026/08/14 00:56:35.191, NVIDIA GeForce RTX 4090, 0 %, 0 %, 19206 MiB, 49140 MiB, 86.62 W, 49
2026/08/14 00:56:36.191, NVIDIA GeForce RTX 4090, 0 %, 0 %, 19206 MiB, 49140 MiB, 86.14 W, 49
2026/08/14 00:56:37.192, NVIDIA GeForce RTX 4090, 0 %, 0 %, 19206 MiB, 49140 MiB, 85.29 W, 48
2026/08/14 00:56:38.192, NVIDIA GeForce RTX 4090, 0 %, 0 %, 19206 MiB, 49140 MiB, 84.22 W, 48
2026/08/14 00:56:39.192, NVIDIA GeForce RTX 4090, 0 %, 0 %, 19206 MiB, 49140 MiB, 83.16 W, 48
2026/08/14 00:56:40.192, NVIDIA GeForce RTX 4090, 0 %, 0 %, 19206 MiB, 49140 MiB, 82.51 W, 47
2026/08/14 00:56:41.193, NVIDIA GeForce RTX 4090, 0 %, 0 %, 19206 MiB, 49140 MiB, 82.12 W, 47
2026/08/14 00:56:42.193, NVIDIA GeForce RTX 4090, 0 %, 0 %, 19206 MiB, 49140 MiB, 80.18 W, 47
